{
	"data": {
		"title": [
			"ĐH FPT TP.HCM qua góc nhìn của SV Thiết kế mỹ thuật số - Trường Đại học FPT"
		],
		"div": [
			"›\n\n›",
			"© 2024 Bản quyền thuộc về Trường Đại học FPT.",
			"Đăng ký tư vấn"
		],
		"a": [
			"Trường Đại học FPT",
			"Vietnamese",
			"English",
			"Trang chủ",
			"Giới thiệu",
			"Lịch sử thành lập",
			"Tập đoàn FPT",
			"Tổ chức giáo dục FPT",
			"Triết lý đào tạo",
			"Các giải thưởng và thành tích",
			"Ban lãnh đạo",
			"Gắn kết cộng đồng",
			"Tin tức",
			"Tin tức chung",
			"Hoạt động sinh viên",
			"Sự kiện",
			"Tuyển dụng",
			"Hướng nghiệp",
			"Ngành học",
			"Công nghệ thông tin",
			"Công nghệ ô tô số",
			"Kỹ thuật phần mềm",
			"Hệ thống thông tin",
			"Trí tuệ nhân tạo",
			"An toàn thông tin",
			"Thiết kế Mỹ thuật số",
			"Quản trị kinh doanh",
			"Tài chính",
			"Digital Marketing",
			"Kinh doanh quốc tế",
			"Quản lý Logistics & Chuỗi cung ứng toàn cầu",
			"Quản trị khách sạn",
			"Quản trị Du lịch và Lữ hành",
			"Công nghệ truyền thông",
			"Quản trị truyền thông đa phương tiện",
			"Quan hệ công chúng",
			"Ngôn ngữ Anh",
			"Ngôn ngữ Nhật",
			"Ngôn ngữ Hàn Quốc",
			"Ngôn ngữ Trung Quốc (Dự kiến)",
			"Đời sống sinh viên",
			"Một ngày tại Đại học FPT",
			"Vì sao nên học tại Đại học FPT",
			"Sự hài lòng của sinh viên",
			"Môi trường học tập",
			"Chương trình học linh hoạt",
			"Đời sống sinh viên",
			"Ký túc xá",
			"Các CLB & Cộng đồng sinh viên",
			"Các hoạt động thể thao trong trường",
			"Dịch vụ hỗ trợ",
			"Định hướng và khởi đầu",
			"Tốt nghiệp",
			"Câu chuyện sinh viên",
			"Hợp tác",
			"Ngành công nghiệp và doanh nghiệp",
			"Chương trình trao đổi sinh viên",
			"Chương trình học tập tại nước ngoài",
			"Hợp tác quốc tế",
			"Trao đổi sinh viên",
			"Học kỳ nước ngoài",
			"Các trường đại học đối tác",
			"Cựu sinh viên",
			"Cộng đồng cựu sinh viên",
			"Họ đang làm việc tại đâu",
			"Tuyển sinh",
			"Đề án tuyển sinh",
			"Tin tuyển sinh",
			"Liên hệ",
			"Đăng nhập",
			"Quỳnh",
			"Nữ sinh trường F trong tà áo dài ngày Xuân",
			"Gặp gỡ đội tuyển NGT’s OPEN ROBOT trước giải đấu FIRST Tech Challenge Vietnam",
			"Tỏa sáng với nghiên cứu khoa học, nữ sinh ĐH FPT khẳng định bản lĩnh và tài năng",
			"Phim ngắn “Thoi vàng chỉ ngọc” của SV ĐH FPT tại Cần Thơ được công chiếu ở Lotte Cinema",
			"SV trường ĐH FPT Hà Nội đón “tết trên bản” 2024",
			"Vietnamese",
			"English",
			"Facebook",
			"Youtube",
			"Tik Tok",
			"Hotline: (024)/(028) 73001866 - (0236)/(0292) 7301866"
		],
		"img": [
			"cropped cropped 2021 FPTU Long",
			"cropped cropped 2021 FPTU Long",
			"DH FPT 1",
			"DH FPT 1",
			"320350912 6464299210273871 7803237790009307103 n",
			"320350912 6464299210273871 7803237790009307103 n",
			"338326933 1280316832562188 4184765302540400275 n",
			"338326933 1280316832562188 4184765302540400275 n",
			"338347910 1342198996324282 3028265868767523514 n",
			"338347910 1342198996324282 3028265868767523514 n",
			"338347964 746399990203870 7145918267398032229 n",
			"338347964 746399990203870 7145918267398032229 n",
			"338342753 882510149492686 6022339465383205131 n",
			"338342753 882510149492686 6022339465383205131 n",
			"338333810 1067354851252675 9110266451985635547 n",
			"338333810 1067354851252675 9110266451985635547 n",
			"338350413 914214129705417 3213458698699314864 n",
			"338350413 914214129705417 3213458698699314864 n",
			"338402085 3379120845676895 6097444256812347769 n",
			"338402085 3379120845676895 6097444256812347769 n",
			"338410488 952925492531022 7135924556226102569 n",
			"338410488 952925492531022 7135924556226102569 n",
			"338442126 5709878595806008 8214717558419931654 n",
			"338442126 5709878595806008 8214717558419931654 n",
			"sinh vien dai hoc fpt 8",
			"sinh vien dai hoc fpt 8",
			"dai hoc fpt 1",
			"dai hoc fpt 1",
			"my duyen",
			"my duyen",
			"fpt 5",
			"fpt 5",
			"dai hoc fpt 1",
			"dai hoc fpt 1",
			"thông báo tuyển bổ sung",
			"thông báo tuyển bổ sung"
		],
		"p": [
			"Trang thông tin tuyển sinh chính thức của Trường Đại học FPT",
			"Đây là sản phẩm môn Khoa học màu sắc của sinh viên ngành Thiết kế Mỹ thuật số Đại học FPT. Những bức hình được thực hiện ngay từ học kỳ 2 chuyên ngành. Ngoài việc cung cấp những kiến thức nền tảng, các thuật ngữ thường dùng, môn học là cơ hội để các bạn sinh viên có thêm nhiều trải nghiệm trong việc điều phối màu sắc nhằm vận dụng vào các kì đồ án sau.",
			"Ở học kỳ 2 chuyên ngành, các bạn sinh viên ngành Thiết kế Mỹ thuật số tại Đại học FPT HCM có một bài tập khá đặc biệt: Vẽ tranh “Phong cảnh trường ĐH FPT TP.HCM”. Với kiến trúc đẹp – độc – lạ và quang cảnh yên bình, nơi đây là không gian lý tưởng để các bạn trẻ học tập và ghi dấu những năm tháng thanh xuân bên bạn bè, trường lớp. Dù ở vị trí nào trong tòa nhà cũng có thể thấy được vẻ đẹp đầy hoa cỏ nên thơ, khối nhà như một phần gia hòa với thiên nhiên. Các bạn sinh viên sẽ cảm nhận và chọn góc mình thích để thực hiện bài vẽ của mình.",
			"Để đi đến sản phẩm hoàn thiện, các bạn sẽ trải qua các công đoạn: lên ý tưởng, phác thảo, chỉnh sửa bố cục, phân cấp chính phụ, xử lý sắc độ… và quan trọng là tìm ra bảng màu cũng như phối màu sao cho hiệu quả, bắt mắt.",
			"Đây là một trong những bài tập của môn học CAD – Khoa học màu sắc. Ngoài việc cung cấp những kiến thức nền tảng, các thuật ngữ thường dùng, môn học là cơ hội để các bạn sinh viên có thêm nhiều trải nghiệm trong việc điều phối màu sắc nhằm vận dụng vào các kì đồ án sau.",
			"Mời các bạn thưởng thức một số sản phẩm của các bạn sinh viên ngành Thiết kế Mỹ thuật số trường Đại học FPT TP.HCM trong học kỳ Spring 2023 vừa rồi. Thông qua những bức tranh Phong cảnh trường FPT”, chúng ta cũng có thể thấy được vẻ đẹp kiến trúc độc lạ của trường FPT.",
			"Khu Giáo dục và Đào tạo – Khu Công nghệ cao Hòa Lạc – Km29 Đại lộ Thăng Long, H. Thạch Thất,\nTP. Hà Nội",
			"Điện thoại: 024 7300 1866",
			"Email: daihocfpt@fpt.edu.vn",
			"Lô E2a-7, Đường D1 Khu Công nghệ cao, P. Long Thạnh Mỹ, TP. Thủ Đức, TP. Hồ Chí Minh",
			"Điện thoại: 028 7300 1866",
			"Email: daihocfpt@fpt.edu.vn",
			"Khu đô thị công nghệ FPT Đà Nẵng, P. Hoà Hải, Q. Ngũ Hành Sơn, TP. Đà Nẵng",
			"Điện thoại: 0236 730 1866",
			"Email: daihocfpt@fpt.edu.vn",
			"Số 600 Đường Nguyễn Văn Cừ (nối dài), P. An Bình, Q. Ninh Kiều, TP. Cần Thơ",
			"Điện thoại: 0292 730 1866",
			"Email: daihocfpt@fpt.edu.vn",
			"Khu đô thị mới An Phú Thịnh, Phường Nhơn Bình & Phường Đống Đa, TP. Quy\nNhơn, Bình Định",
			"Điện thoại: 0256 730 1866 /0256 7300 999",
			"Email: daihocfpt@fpt.edu.vn"
		],
		"label": [
			"Tìm kiếm",
			"Tìm kiếm"
		],
		"button": [
			"×",
			"Đăng ký",
			"Đóng"
		],
		"span": [
			"Trang chủ",
			"Tin nổi bật (Trang chủ)",
			"ĐH FPT TP.HCM qua góc nhìn của SV Thiết kế mỹ thuật số",
			"bởi",
			"Bài trước",
			"Bài trước:",
			"← Denis Đặng: Phù thuỷ Manip của nghệ thuật sáng tạo là khách mời tại TEDxFPTU2023",
			"Bài tiếp",
			"Bài tiếp:",
			"Dàn khách mời “cực chất” tại sự kiện TEDxFPTUniversityHCM2023 chủ đề “With or Without?” →"
		],
		"h1": [
			"ĐH FPT TP.HCM qua góc nhìn của SV Thiết kế mỹ thuật số"
		],
		"time": [
			"Thứ Ba, ngày 28 tháng 03 năm 2023",
			"28/03/2023",
			"05/02/2024",
			"05/02/2024",
			"05/02/2024",
			"02/02/2024",
			"01/02/2024"
		],
		"figcaption": [
			"338410488 952925492531022 7135924556226102569 n",
			"Theo"
		],
		"strong": [
			"Digital Art & Design – FPT Uni HCM"
		],
		"h2": [
			"Điều hướng bài viết"
		],
		"h4": [
			"HÀ NỘI",
			"TP. HỒ CHÍ MINH",
			"ĐÀ NẴNG",
			"CẦN THƠ",
			"Quy Nhơn"
		],
		"h3": [
			"Đăng ký tư vấn"
		],
		"b": [
			"Hãy để lại SĐT để cán bộ nhà trường hỗ trợ bạn sớm nhất nhé"
		],
		"option": [
			"Tỉnh / Thành phố *",
			"An Giang",
			"Bà Rịa-Vũng Tàu",
			"Bắc Giang",
			"Bắc Kạn",
			"Bạc Liêu",
			"Bắc Ninh",
			"Bến Tre",
			"Bình Dương",
			"Bình Định",
			"Bình Phước",
			"Bình Thuận",
			"Cà Mau",
			"Cần Thơ",
			"Cao Bằng",
			"Cục Cảnh sát ĐKQL cư trú và DLQG về dân cư",
			"Cục Cảnh sát quản lý hành chính về trật tự xã hội",
			"Đà Nẵng",
			"Đắk Lắk",
			"Đăk Nông",
			"Điện Biên",
			"Đồng Nai",
			"Đồng Tháp",
			"Gia Lai",
			"Hà Giang",
			"Hà Nam",
			"Hà Tĩnh",
			"Hải Dương",
			"Hải Phòng",
			"Hậu Giang",
			"Hoà Bình",
			"Hưng Yên",
			"Khánh Hoà",
			"Kiên Giang",
			"Kon Tum",
			"Lai Châu",
			"Lâm Đồng",
			"Lạng Sơn",
			"Lào Cai",
			"Long An",
			"Nam Định",
			"Nghệ An",
			"Ninh Bình",
			"Ninh Thuận",
			"Phú Thọ",
			"Phú Yên",
			"Quảng Bình",
			"Quảng Nam",
			"Quảng Ngãi",
			"Quảng Ninh",
			"Quảng Trị",
			"Sóc Trăng",
			"Sơn La",
			"Tây Ninh",
			"Thái Bình",
			"Thái Nguyên",
			"Thanh Hoá",
			"Thừa Thiên - Huế",
			"Tiền Giang",
			"Trà Vinh",
			"Tuyên Quang",
			"Vĩnh Long",
			"Vĩnh Phúc",
			"Yên Bái",
			"Hà Nội",
			"TP. Hồ Chí Minh"
		]
	},
	"url": "https://daihoc.fpt.edu.vn/dh-fpt-tp-hcm-qua-goc-nhin-cua-sv-thiet-ke-my-thuat-so/"
}