{
	"data": {
		"title": [
			"SV trường ĐH FPT Hà Nội đón \"tết trên bản\" 2024 - Trường Đại học FPT"
		],
		"div": [
			"Sân khấu hoành tráng, những màn trình diễn sôi động cùng hàng loạt cuộc thi, trò chơi,.. đã đổ bộ và “thiêu đốt” đường 30m ngay trong khuôn viên trường.",
			"Hàng loạt trò chơi mang đậm dấu ấn các dân tộc như: tó má lẹ, tak pơ ching, bắn súng phốc,… đổ bộ trường F và những phút giây chạy đua thời gian để tìm ra người chiến thắng cuộc thi “giã bánh giày” đã “đá bay” giá rét và biến đường 30m thành “chảo lửa”.",
			"Hóa thân thành “người bản chất”, được trải nghiệm hàng loạt gian hàng dân tộc, hòa mình vào bầu không khí luôn “rực lửa” thì trời có mưa, gió có lạnh cũng không thể làm giảm đi sức nóng của Tết trên bản 2024.",
			"Những giai điệu mang âm hưởng miền núi, những động tác vũ đạo bắt mắt trên sân khấu xứng tầm số 1 Hola làm không khí của chợ Phiên hội làng thêm “nảy lửa”.",
			"Sau những giây phút công phá hàng loạt trò chơi và chìm đắm vào các tiết mục hoành tráng, bầu không khí tại Tết trên bản càng bùng nổ hơn nữa khi siêu phẩm big game “bắt vợ” chính thức “lên sóng”.",
			"© 2024 Bản quyền thuộc về Trường Đại học FPT.",
			"Đăng ký tư vấn"
		],
		"a": [
			"Trường Đại học FPT",
			"Vietnamese",
			"English",
			"Trang chủ",
			"Giới thiệu",
			"Lịch sử thành lập",
			"Tập đoàn FPT",
			"Tổ chức giáo dục FPT",
			"Triết lý đào tạo",
			"Các giải thưởng và thành tích",
			"Ban lãnh đạo",
			"Gắn kết cộng đồng",
			"Tin tức",
			"Tin tức chung",
			"Hoạt động sinh viên",
			"Sự kiện",
			"Tuyển dụng",
			"Hướng nghiệp",
			"Ngành học",
			"Công nghệ thông tin",
			"Công nghệ ô tô số",
			"Kỹ thuật phần mềm",
			"Hệ thống thông tin",
			"Trí tuệ nhân tạo",
			"An toàn thông tin",
			"Thiết kế Mỹ thuật số",
			"Quản trị kinh doanh",
			"Tài chính",
			"Digital Marketing",
			"Kinh doanh quốc tế",
			"Quản lý Logistics & Chuỗi cung ứng toàn cầu",
			"Quản trị khách sạn",
			"Quản trị Du lịch và Lữ hành",
			"Công nghệ truyền thông",
			"Quản trị truyền thông đa phương tiện",
			"Quan hệ công chúng",
			"Ngôn ngữ Anh",
			"Ngôn ngữ Nhật",
			"Ngôn ngữ Hàn Quốc",
			"Ngôn ngữ Trung Quốc (Dự kiến)",
			"Đời sống sinh viên",
			"Một ngày tại Đại học FPT",
			"Vì sao nên học tại Đại học FPT",
			"Sự hài lòng của sinh viên",
			"Môi trường học tập",
			"Chương trình học linh hoạt",
			"Đời sống sinh viên",
			"Ký túc xá",
			"Các CLB & Cộng đồng sinh viên",
			"Các hoạt động thể thao trong trường",
			"Dịch vụ hỗ trợ",
			"Định hướng và khởi đầu",
			"Tốt nghiệp",
			"Câu chuyện sinh viên",
			"Hợp tác",
			"Ngành công nghiệp và doanh nghiệp",
			"Chương trình trao đổi sinh viên",
			"Chương trình học tập tại nước ngoài",
			"Hợp tác quốc tế",
			"Trao đổi sinh viên",
			"Học kỳ nước ngoài",
			"Các trường đại học đối tác",
			"Cựu sinh viên",
			"Cộng đồng cựu sinh viên",
			"Họ đang làm việc tại đâu",
			"Tuyển sinh",
			"Đề án tuyển sinh",
			"Tin tuyển sinh",
			"Liên hệ",
			"Đăng nhập",
			"Quỳnh",
			"Môi trường khởi nghiệp năng động của sinh viên Đại học FPT tại Cần Thơ",
			"Tìm hiểu văn hoá Nhật Bản qua workshop Đạo trong kiếm",
			"Lê Phát Tài – chàng sinh viên Truyền thông và niềm đam mê với Vovinam",
			"Nữ sinh trường F trong tà áo dài ngày Xuân",
			"Gặp gỡ đội tuyển NGT’s OPEN ROBOT trước giải đấu FIRST Tech Challenge Vietnam",
			"Tỏa sáng với nghiên cứu khoa học, nữ sinh ĐH FPT khẳng định bản lĩnh và tài năng",
			"Phim ngắn “Thoi vàng chỉ ngọc” của SV ĐH FPT tại Cần Thơ được công chiếu ở Lotte Cinema",
			"SV trường ĐH FPT Hà Nội đón “tết trên bản” 2024",
			"Vietnamese",
			"English",
			"Facebook",
			"Youtube",
			"Tik Tok",
			"Hotline: (024)/(028) 73001866 - (0236)/(0292) 7301866"
		],
		"img": [
			"cropped cropped 2021 FPTU Long",
			"cropped cropped 2021 FPTU Long",
			"dai hoc fpt 4",
			"dai hoc fpt 4",
			"dai hoc fpt 1",
			"dai hoc fpt 1",
			"dai hoc fpt 2",
			"dai hoc fpt 2",
			"dai hoc fpt 3",
			"dai hoc fpt 3",
			"dai hoc fpt 5",
			"dai hoc fpt 5",
			"dai hoc fpt 6",
			"dai hoc fpt 6",
			"dai hoc fpt 7",
			"dai hoc fpt 7",
			"dai hoc fpt 12",
			"dai hoc fpt 12",
			"dai hoc fpt 10",
			"dai hoc fpt 10",
			"dai hoc fpt 1",
			"dai hoc fpt 1",
			"dai hoc fpt 2",
			"dai hoc fpt 2",
			"dai hoc fpt 5",
			"dai hoc fpt 5",
			"dai hoc fpt 3",
			"dai hoc fpt 3",
			"dai hoc fpt 8",
			"dai hoc fpt 8",
			"dai hoc fpt 7",
			"dai hoc fpt 7",
			"dai hoc fpt 9",
			"dai hoc fpt 9",
			"1",
			"1",
			"3",
			"3",
			"4",
			"4",
			"6",
			"6",
			"2",
			"2",
			"sinh vien dai hoc fpt 8",
			"sinh vien dai hoc fpt 8",
			"dai hoc fpt 1",
			"dai hoc fpt 1",
			"my duyen",
			"my duyen",
			"fpt 5",
			"fpt 5",
			"dai hoc fpt 1",
			"dai hoc fpt 1",
			"thông báo tuyển bổ sung",
			"thông báo tuyển bổ sung"
		],
		"p": [
			"Trang thông tin tuyển sinh chính thức của Trường Đại học FPT",
			"Tại Hola Fest 2024, các bạn học sinh, sinh viên được hoà mình vào không gian lễ hội ở “Tết dân gian 2024” – sự kiện thường niên của Trường Đại học FPT campus Hà Nội vào mỗi dịp tết đến xuân về. Với chủ đề “Sắc màu tết dân tộc”, “Tết Giáp Thìn 2024: Tết Trên Bản” đưa bạn hóa thân thành “người miền núi chất”.",
			"Ngay tại campus Hoà Lạc, các bạn được chiêm ngưỡng cảnh sắc núi rừng thu nhỏ với từng gác bếp, nếp nhà rông hay những bộ trang phục dân tộc độc đáo. Bùng nổ vị giác cùng các gian hàng ẩm thực đậm đà hương vị. Hít hà bầu không khí đầu xuân và giao lưu, mua sắm nhộn nhịp tại phiên chợ cuối năm. Cùng với đó là hàng loạt trò chơi, cuộc thi cùng các gian hàng trải nghiệm đậm nét văn hóa Tết cổ truyền Việt Nam.",
			"Sau Big Game “kéo co ngồi” – trò chơi xứng tầm di sản, thách thức sức mạnh của các “đô sĩ”, không khí tại đường 30m lại càng bùng nổ hơn nữa vì sự xuất hiện của Big Game “hái lộc đầu năm”- “spotlight” lộ diện cuối cùng tại hội làng hôm nay.",
			"Trong những năm gần đây, khởi nghiệp đang trở thành xu hướng của giới trẻ. Thay vì lựa chọn công việc ổn định, nhiều bạn mong muốn được làm chủ bản thân, thay đổi xu thế xã hội. Đồng hành cùng Gen Z, Đại học FPT đã mạnh...",
			"Sinh viên ĐH FPT tại phân hiệu TP.HCM đã có buổi trải nghiệm nhiều thú vị trong buổi workshop Kendo- Đạo trong kiếm do Japan Style Club kết hợp cùng Saigon Kendo Club thực hiện. Sự kiện nhằm mang lại cho sinh viên cơ hội tìm hiểu về văn hoá...",
			"Nhắc đến Lê Phát Tài – chàng sinh viên Truyền thông đa phương tiện của Trường Đại học FPT Cần Thơ, chúng ta thường nghĩ đến hình ảnh một chàng trai thân thiện, dễ gần và có khiếu hài hước với nickname “Tài Tếu”. Bên...",
			"Khu Giáo dục và Đào tạo – Khu Công nghệ cao Hòa Lạc – Km29 Đại lộ Thăng Long, H. Thạch Thất,\nTP. Hà Nội",
			"Điện thoại: 024 7300 1866",
			"Email: daihocfpt@fpt.edu.vn",
			"Lô E2a-7, Đường D1 Khu Công nghệ cao, P. Long Thạnh Mỹ, TP. Thủ Đức, TP. Hồ Chí Minh",
			"Điện thoại: 028 7300 1866",
			"Email: daihocfpt@fpt.edu.vn",
			"Khu đô thị công nghệ FPT Đà Nẵng, P. Hoà Hải, Q. Ngũ Hành Sơn, TP. Đà Nẵng",
			"Điện thoại: 0236 730 1866",
			"Email: daihocfpt@fpt.edu.vn",
			"Số 600 Đường Nguyễn Văn Cừ (nối dài), P. An Bình, Q. Ninh Kiều, TP. Cần Thơ",
			"Điện thoại: 0292 730 1866",
			"Email: daihocfpt@fpt.edu.vn",
			"Khu đô thị mới An Phú Thịnh, Phường Nhơn Bình & Phường Đống Đa, TP. Quy\nNhơn, Bình Định",
			"Điện thoại: 0256 730 1866 /0256 7300 999",
			"Email: daihocfpt@fpt.edu.vn"
		],
		"label": [
			"Tìm kiếm",
			"Tìm kiếm"
		],
		"button": [
			"×",
			"Đăng ký",
			"Đóng"
		],
		"span": [
			"Trang chủ",
			"bởi",
			"Bài trước",
			"Bài trước:",
			"← Môi trường khởi nghiệp năng động của sinh viên Đại học FPT tại Cần Thơ",
			"Bài tiếp",
			"Bài tiếp:",
			"Phim ngắn “Thoi vàng chỉ ngọc” của SV ĐH FPT tại Cần Thơ được công chiếu ở Lotte Cinema →"
		],
		"h1": [
			"SV trường ĐH FPT Hà Nội đón “tết trên bản” 2024"
		],
		"time": [
			"Thứ Năm, ngày 01 tháng 02 năm 2024",
			"05/02/2024",
			"05/02/2024",
			"05/02/2024",
			"02/02/2024",
			"01/02/2024"
		],
		"strong": [
			"“Tết Giáp Thìn 2024: Tết trên bản” nằm trong chuỗi sự kiện Hola Fest 2024 đã mang lại không khí, trải nghiệm độc đáo của chợ phiên, hội làng, Tết bản về ngay tại Đại học FPT Hà Nội.",
			"Ảnh: IC – PDP Hà Nội"
		],
		"h2": [
			"Bài viết liên quan",
			"Điều hướng bài viết"
		],
		"h3": [
			"Đăng ký tư vấn"
		],
		"h4": [
			"HÀ NỘI",
			"TP. HỒ CHÍ MINH",
			"ĐÀ NẴNG",
			"CẦN THƠ",
			"Quy Nhơn"
		],
		"b": [
			"Hãy để lại SĐT để cán bộ nhà trường hỗ trợ bạn sớm nhất nhé"
		],
		"option": [
			"Tỉnh / Thành phố *",
			"An Giang",
			"Bà Rịa-Vũng Tàu",
			"Bắc Giang",
			"Bắc Kạn",
			"Bạc Liêu",
			"Bắc Ninh",
			"Bến Tre",
			"Bình Dương",
			"Bình Định",
			"Bình Phước",
			"Bình Thuận",
			"Cà Mau",
			"Cần Thơ",
			"Cao Bằng",
			"Cục Cảnh sát ĐKQL cư trú và DLQG về dân cư",
			"Cục Cảnh sát quản lý hành chính về trật tự xã hội",
			"Đà Nẵng",
			"Đắk Lắk",
			"Đăk Nông",
			"Điện Biên",
			"Đồng Nai",
			"Đồng Tháp",
			"Gia Lai",
			"Hà Giang",
			"Hà Nam",
			"Hà Tĩnh",
			"Hải Dương",
			"Hải Phòng",
			"Hậu Giang",
			"Hoà Bình",
			"Hưng Yên",
			"Khánh Hoà",
			"Kiên Giang",
			"Kon Tum",
			"Lai Châu",
			"Lâm Đồng",
			"Lạng Sơn",
			"Lào Cai",
			"Long An",
			"Nam Định",
			"Nghệ An",
			"Ninh Bình",
			"Ninh Thuận",
			"Phú Thọ",
			"Phú Yên",
			"Quảng Bình",
			"Quảng Nam",
			"Quảng Ngãi",
			"Quảng Ninh",
			"Quảng Trị",
			"Sóc Trăng",
			"Sơn La",
			"Tây Ninh",
			"Thái Bình",
			"Thái Nguyên",
			"Thanh Hoá",
			"Thừa Thiên - Huế",
			"Tiền Giang",
			"Trà Vinh",
			"Tuyên Quang",
			"Vĩnh Long",
			"Vĩnh Phúc",
			"Yên Bái",
			"Hà Nội",
			"TP. Hồ Chí Minh"
		]
	},
	"url": "https://daihoc.fpt.edu.vn/sv-truong-dh-fpt-ha-noi-don-tet-tren-ban-2024/"
}