{
	"data": {
		"title": [
			"Lộ diện Top 10 bước vào Chung kết FPTU Talent Show6 - Trường Đại học FPT"
		],
		"div": [
			"›\n\n›",
			"© 2024 Bản quyền thuộc về Trường Đại học FPT.",
			"Đăng ký tư vấn"
		],
		"a": [
			"Trường Đại học FPT",
			"Vietnamese",
			"English",
			"Trang chủ",
			"Giới thiệu",
			"Lịch sử thành lập",
			"Tập đoàn FPT",
			"Tổ chức giáo dục FPT",
			"Triết lý đào tạo",
			"Các giải thưởng và thành tích",
			"Ban lãnh đạo",
			"Gắn kết cộng đồng",
			"Tin tức",
			"Tin tức chung",
			"Hoạt động sinh viên",
			"Sự kiện",
			"Tuyển dụng",
			"Hướng nghiệp",
			"Ngành học",
			"Công nghệ thông tin",
			"Công nghệ ô tô số",
			"Kỹ thuật phần mềm",
			"Hệ thống thông tin",
			"Trí tuệ nhân tạo",
			"An toàn thông tin",
			"Thiết kế Mỹ thuật số",
			"Quản trị kinh doanh",
			"Tài chính",
			"Digital Marketing",
			"Kinh doanh quốc tế",
			"Quản lý Logistics & Chuỗi cung ứng toàn cầu",
			"Quản trị khách sạn",
			"Quản trị Du lịch và Lữ hành",
			"Công nghệ truyền thông",
			"Quản trị truyền thông đa phương tiện",
			"Quan hệ công chúng",
			"Ngôn ngữ Anh",
			"Ngôn ngữ Nhật",
			"Ngôn ngữ Hàn Quốc",
			"Ngôn ngữ Trung Quốc (Dự kiến)",
			"Đời sống sinh viên",
			"Một ngày tại Đại học FPT",
			"Vì sao nên học tại Đại học FPT",
			"Sự hài lòng của sinh viên",
			"Môi trường học tập",
			"Chương trình học linh hoạt",
			"Đời sống sinh viên",
			"Ký túc xá",
			"Các CLB & Cộng đồng sinh viên",
			"Các hoạt động thể thao trong trường",
			"Dịch vụ hỗ trợ",
			"Định hướng và khởi đầu",
			"Tốt nghiệp",
			"Câu chuyện sinh viên",
			"Hợp tác",
			"Ngành công nghiệp và doanh nghiệp",
			"Chương trình trao đổi sinh viên",
			"Chương trình học tập tại nước ngoài",
			"Hợp tác quốc tế",
			"Trao đổi sinh viên",
			"Học kỳ nước ngoài",
			"Các trường đại học đối tác",
			"Cựu sinh viên",
			"Cộng đồng cựu sinh viên",
			"Họ đang làm việc tại đâu",
			"Tuyển sinh",
			"Đề án tuyển sinh",
			"Tin tuyển sinh",
			"Liên hệ",
			"Đăng nhập",
			"Phạm Thị Phương",
			"Nữ sinh trường F trong tà áo dài ngày Xuân",
			"Gặp gỡ đội tuyển NGT’s OPEN ROBOT trước giải đấu FIRST Tech Challenge Vietnam",
			"Tỏa sáng với nghiên cứu khoa học, nữ sinh ĐH FPT khẳng định bản lĩnh và tài năng",
			"Phim ngắn “Thoi vàng chỉ ngọc” của SV ĐH FPT tại Cần Thơ được công chiếu ở Lotte Cinema",
			"SV trường ĐH FPT Hà Nội đón “tết trên bản” 2024",
			"Vietnamese",
			"English",
			"Facebook",
			"Youtube",
			"Tik Tok",
			"Hotline: (024)/(028) 73001866 - (0236)/(0292) 7301866"
		],
		"img": [
			"cropped cropped 2021 FPTU Long",
			"cropped cropped 2021 FPTU Long",
			"sinh vien dai hoc fpt 8",
			"sinh vien dai hoc fpt 8",
			"dai hoc fpt 1",
			"dai hoc fpt 1",
			"my duyen",
			"my duyen",
			"fpt 5",
			"fpt 5",
			"dai hoc fpt 1",
			"dai hoc fpt 1",
			"thông báo tuyển bổ sung",
			"thông báo tuyển bổ sung"
		],
		"p": [
			"Trang thông tin tuyển sinh chính thức của Trường Đại học FPT",
			"Trải qua 4 vòng gay cấn (Vòng Đơn: 1/9/2019 – 15/9/2019; Vòng Sơ Khảo: 23/9/2019 – 25/9/2019; Talent Online: 1/10/2019; Vòng Bán Kết: 9/10/2019), cạnh tranh khốc liệt với hơn 100 đơn đăng ký, 10 thí sinh xuất sắc nhất của FPTU Talent Show đã lộ diện. Họ sẽ chính thức bước vào vòng Chung kết sẽ diễn ra vào tháng 11 tới đây.",
			"FTS là cuộc thi tài năng quy mô toàn Tổ chức Giáo dục FPT, do Đại học FPT đăng cai tổ chức. Trưởng BTC – An Du cho biết: “Mình nhận thấy FTS6 năm nay thành công trong việc thu hút nhiều thí sinh tham dự. Từ cấp Tiểu học đến Đại Học, thí sinh từ các campus Hà Nội, Đà Nẵng, Cần Thơ, đến HCM đều hào hứng đăng ký tham gia. Quy mô giải thưởng cũng như tổ chức cũng đã được nâng lên rất nhiều. BTC hi vọng các thí sinh có cơ hội toả sáng ở 1 cuộc thi lớn cũng như giúp cho các Tài năng của Khối giáo dục FPT được lan toả đến cộng đồng.",
			"Top 10 FTS6 năm nay là những thí sinh nổi bật nhất qua 2 vòng loại. Họ có tiềm năng và những màu sắc khác nhau không ai giống ai. BGK chắc hẳn sẽ rất đau đầu để tìm ra vị trí Quán quân danh giá.”",
			"Trưởng BTC cũng bật mí: “Điểm hấp dẫn đáng mong chờ ở Đêm chung Kết là Top 10 sẽ phải bốc thăm chất liệu BTC đưa ra để lồng ghép vào bài thi của mình. Điều này hứa hẹn các tiết mục sẽ được gây dựng đầu tư hơn. Bên cạnh đó BTC còn có đội ngũ chuyên gia cố vấn về các chuyên môn khác nhau như: biên đạo, thanh nhạc, dàn dựng sân khấu… giúp các thí sinh hoàn thành phần thi của mình tốt nhất.",
			"Những nỗ lực của cả thí sinh và BTC hứa hẹn 1 đêm Chung Kết hấp dẫn, đem lại sự mãn nhãn và những cảm xúc thăng hoa cho khán giả.",
			"Hãy cùng chờ đón sự tỏa sáng của Top 10 thí sinh tại Đêm Chung Kết FTS6.",
			"Khu Giáo dục và Đào tạo – Khu Công nghệ cao Hòa Lạc – Km29 Đại lộ Thăng Long, H. Thạch Thất,\nTP. Hà Nội",
			"Điện thoại: 024 7300 1866",
			"Email: daihocfpt@fpt.edu.vn",
			"Lô E2a-7, Đường D1 Khu Công nghệ cao, P. Long Thạnh Mỹ, TP. Thủ Đức, TP. Hồ Chí Minh",
			"Điện thoại: 028 7300 1866",
			"Email: daihocfpt@fpt.edu.vn",
			"Khu đô thị công nghệ FPT Đà Nẵng, P. Hoà Hải, Q. Ngũ Hành Sơn, TP. Đà Nẵng",
			"Điện thoại: 0236 730 1866",
			"Email: daihocfpt@fpt.edu.vn",
			"Số 600 Đường Nguyễn Văn Cừ (nối dài), P. An Bình, Q. Ninh Kiều, TP. Cần Thơ",
			"Điện thoại: 0292 730 1866",
			"Email: daihocfpt@fpt.edu.vn",
			"Khu đô thị mới An Phú Thịnh, Phường Nhơn Bình & Phường Đống Đa, TP. Quy\nNhơn, Bình Định",
			"Điện thoại: 0256 730 1866 /0256 7300 999",
			"Email: daihocfpt@fpt.edu.vn"
		],
		"label": [
			"Tìm kiếm",
			"Tìm kiếm"
		],
		"button": [
			"×",
			"Đăng ký",
			"Đóng"
		],
		"span": [
			"Trang chủ",
			"Hoạt động sinh viên",
			"Lộ diện Top 10 bước vào Chung kết FPTU Talent Show6",
			"bởi",
			"Bài trước",
			"Bài trước:",
			"← Xuân Hoà 2019 – Một mảnh ghép thanh xuân rực rỡ của K15",
			"Bài tiếp",
			"Bài tiếp:",
			"Đại học FPT chính thức kiểm định ACBSP cho ngành Quản trị kinh doanh →"
		],
		"h1": [
			"Lộ diện Top 10 bước vào Chung kết FPTU Talent Show6"
		],
		"time": [
			"Thứ Hai, ngày 14 tháng 10 năm 2019",
			"14/10/2019",
			"05/02/2024",
			"05/02/2024",
			"05/02/2024",
			"02/02/2024",
			"01/02/2024"
		],
		"strong": [
			"Mới đây, BTC chương trình FPTU Talent Show (FTS) đã chính thức công bố Top 10 bước vào vòng Chung kết tranh ngôi vị quán quân và giành các giải thưởng giá trị.",
			"Nâu Đá"
		],
		"em": [
			"Danh sách Top 10",
			"Với tinh thần chiến đấu mãnh liệt của các thí sinh khiến sân Khấu FTS6 chưa bao giờ giảm nhiệt."
		],
		"h2": [
			"Điều hướng bài viết"
		],
		"h4": [
			"HÀ NỘI",
			"TP. HỒ CHÍ MINH",
			"ĐÀ NẴNG",
			"CẦN THƠ",
			"Quy Nhơn"
		],
		"h3": [
			"Đăng ký tư vấn"
		],
		"b": [
			"Hãy để lại SĐT để cán bộ nhà trường hỗ trợ bạn sớm nhất nhé"
		],
		"option": [
			"Tỉnh / Thành phố *",
			"An Giang",
			"Bà Rịa-Vũng Tàu",
			"Bắc Giang",
			"Bắc Kạn",
			"Bạc Liêu",
			"Bắc Ninh",
			"Bến Tre",
			"Bình Dương",
			"Bình Định",
			"Bình Phước",
			"Bình Thuận",
			"Cà Mau",
			"Cần Thơ",
			"Cao Bằng",
			"Cục Cảnh sát ĐKQL cư trú và DLQG về dân cư",
			"Cục Cảnh sát quản lý hành chính về trật tự xã hội",
			"Đà Nẵng",
			"Đắk Lắk",
			"Đăk Nông",
			"Điện Biên",
			"Đồng Nai",
			"Đồng Tháp",
			"Gia Lai",
			"Hà Giang",
			"Hà Nam",
			"Hà Tĩnh",
			"Hải Dương",
			"Hải Phòng",
			"Hậu Giang",
			"Hoà Bình",
			"Hưng Yên",
			"Khánh Hoà",
			"Kiên Giang",
			"Kon Tum",
			"Lai Châu",
			"Lâm Đồng",
			"Lạng Sơn",
			"Lào Cai",
			"Long An",
			"Nam Định",
			"Nghệ An",
			"Ninh Bình",
			"Ninh Thuận",
			"Phú Thọ",
			"Phú Yên",
			"Quảng Bình",
			"Quảng Nam",
			"Quảng Ngãi",
			"Quảng Ninh",
			"Quảng Trị",
			"Sóc Trăng",
			"Sơn La",
			"Tây Ninh",
			"Thái Bình",
			"Thái Nguyên",
			"Thanh Hoá",
			"Thừa Thiên - Huế",
			"Tiền Giang",
			"Trà Vinh",
			"Tuyên Quang",
			"Vĩnh Long",
			"Vĩnh Phúc",
			"Yên Bái",
			"Hà Nội",
			"TP. Hồ Chí Minh"
		]
	},
	"url": "https://daihoc.fpt.edu.vn/lo-dien-top-10-buoc-vao-chung-ket-fptu-talent-show6/"
}