{
	"data": {
		"title": [
			"Lộ diện nhân tố bí ẩn trong đêm chung kết FGC X Factor 2019 - Trường Đại học FPT"
		],
		"div": [
			"›\n\n›",
			"© 2024 Bản quyền thuộc về Trường Đại học FPT.",
			"Đăng ký tư vấn"
		],
		"a": [
			"Trường Đại học FPT",
			"Vietnamese",
			"English",
			"Trang chủ",
			"Giới thiệu",
			"Lịch sử thành lập",
			"Tập đoàn FPT",
			"Tổ chức giáo dục FPT",
			"Triết lý đào tạo",
			"Các giải thưởng và thành tích",
			"Ban lãnh đạo",
			"Gắn kết cộng đồng",
			"Tin tức",
			"Tin tức chung",
			"Hoạt động sinh viên",
			"Sự kiện",
			"Tuyển dụng",
			"Hướng nghiệp",
			"Ngành học",
			"Công nghệ thông tin",
			"Công nghệ ô tô số",
			"Kỹ thuật phần mềm",
			"Hệ thống thông tin",
			"Trí tuệ nhân tạo",
			"An toàn thông tin",
			"Thiết kế Mỹ thuật số",
			"Quản trị kinh doanh",
			"Tài chính",
			"Digital Marketing",
			"Kinh doanh quốc tế",
			"Quản lý Logistics & Chuỗi cung ứng toàn cầu",
			"Quản trị khách sạn",
			"Quản trị Du lịch và Lữ hành",
			"Công nghệ truyền thông",
			"Quản trị truyền thông đa phương tiện",
			"Quan hệ công chúng",
			"Ngôn ngữ Anh",
			"Ngôn ngữ Nhật",
			"Ngôn ngữ Hàn Quốc",
			"Ngôn ngữ Trung Quốc (Dự kiến)",
			"Đời sống sinh viên",
			"Một ngày tại Đại học FPT",
			"Vì sao nên học tại Đại học FPT",
			"Sự hài lòng của sinh viên",
			"Môi trường học tập",
			"Chương trình học linh hoạt",
			"Đời sống sinh viên",
			"Ký túc xá",
			"Các CLB & Cộng đồng sinh viên",
			"Các hoạt động thể thao trong trường",
			"Dịch vụ hỗ trợ",
			"Định hướng và khởi đầu",
			"Tốt nghiệp",
			"Câu chuyện sinh viên",
			"Hợp tác",
			"Ngành công nghiệp và doanh nghiệp",
			"Chương trình trao đổi sinh viên",
			"Chương trình học tập tại nước ngoài",
			"Hợp tác quốc tế",
			"Trao đổi sinh viên",
			"Học kỳ nước ngoài",
			"Các trường đại học đối tác",
			"Cựu sinh viên",
			"Cộng đồng cựu sinh viên",
			"Họ đang làm việc tại đâu",
			"Tuyển sinh",
			"Đề án tuyển sinh",
			"Tin tuyển sinh",
			"Liên hệ",
			"Đăng nhập",
			"Phạm Thị Phương",
			"Nữ sinh trường F trong tà áo dài ngày Xuân",
			"Gặp gỡ đội tuyển NGT’s OPEN ROBOT trước giải đấu FIRST Tech Challenge Vietnam",
			"Tỏa sáng với nghiên cứu khoa học, nữ sinh ĐH FPT khẳng định bản lĩnh và tài năng",
			"Phim ngắn “Thoi vàng chỉ ngọc” của SV ĐH FPT tại Cần Thơ được công chiếu ở Lotte Cinema",
			"SV trường ĐH FPT Hà Nội đón “tết trên bản” 2024",
			"Vietnamese",
			"English",
			"Facebook",
			"Youtube",
			"Tik Tok",
			"Hotline: (024)/(028) 73001866 - (0236)/(0292) 7301866"
		],
		"img": [
			"cropped cropped 2021 FPTU Long",
			"cropped cropped 2021 FPTU Long",
			"sinh vien dai hoc fpt 8",
			"sinh vien dai hoc fpt 8",
			"dai hoc fpt 1",
			"dai hoc fpt 1",
			"my duyen",
			"my duyen",
			"fpt 5",
			"fpt 5",
			"dai hoc fpt 1",
			"dai hoc fpt 1",
			"thông báo tuyển bổ sung",
			"thông báo tuyển bổ sung"
		],
		"p": [
			"Trang thông tin tuyển sinh chính thức của Trường Đại học FPT",
			"– chương trình được Câu lạc bộ Guitar trường Đại học FPT (FGC) tổ chức thường niên nhằm tạo sân chơi cho các thành viên cùng những ai yêu thích nhạc guitar điện tử, đồng thời tìm kiếm nhân tố mới, nuôi dưỡng, phát triển khả năng chuyên môn của câu lạc bộ. FGC X Factor 2019 được FGC phối hợp với Phòng IC-Pdp Trường Đại học FPT tổ chức công phu và chuyên nghiệp, tạo nên một sân chơi đúng nghĩa cho sinh viên trường F và những người yêu âm nhạc.",
			"Đúng 19h, ngày 04/03, tại sảnh giảng đường Beta – Trường Đại học FPT (Km29, Khu CNC Hòa Lạc), chương trình diễn ra với sự hưởng ứng của đông đảo các bạn sinh viên trong và ngoài Đại học FPT. Ngoài việc được thưởng thức các tiết mục có sự chuẩn bị công phu đến từ các thí sinh dự thi, khán giả đến với chương trình còn được tận hưởng không gian âm nhạc nhiều màu sắc đến từ các Câu lạc bộ Guitar khách mời từ Đại học Phương Đông, Đại học Điện Lực và Đại học Thương Mại.",
			"Sau gần 3 giờ đồng hồ diễn ra vô cùng sôi động với những phần trình diễn vô cùng đặc sắc, chương trình đã tìm ra các nhân tố bí ẩn mới trong  lần này. Điều đáng nói Nhiều thí sinh bước ra từ cuộc thi Học bổng Tài năng – FPT University Talent như Trần Hồng Diệu Linh, Đỗ Hải Băng, Khánh Linh, Phạm Chi… đã làm khuynh đảo bảng giải thưởng của FGC X Factor 2019.",
			"Giây phút hồi hộp nhất đã đến khi chủ nhân  đã gọi tên hai bạn Phạm Chi (Sinh viên K14 – ĐH FPT) và Đậu Đức (Sinh viên K13 – ĐH FPT) với tiết mục mashup vô cùng ấn tượng.",
			"Chúc cho FGC sẽ ngày một phát triển và có những cuộc thi âm nhạc tuyệt vời hơn nữa dành cho các bạn sinh viên trường F nhà mình nhé!",
			"Khu Giáo dục và Đào tạo – Khu Công nghệ cao Hòa Lạc – Km29 Đại lộ Thăng Long, H. Thạch Thất,\nTP. Hà Nội",
			"Điện thoại: 024 7300 1866",
			"Email: daihocfpt@fpt.edu.vn",
			"Lô E2a-7, Đường D1 Khu Công nghệ cao, P. Long Thạnh Mỹ, TP. Thủ Đức, TP. Hồ Chí Minh",
			"Điện thoại: 028 7300 1866",
			"Email: daihocfpt@fpt.edu.vn",
			"Khu đô thị công nghệ FPT Đà Nẵng, P. Hoà Hải, Q. Ngũ Hành Sơn, TP. Đà Nẵng",
			"Điện thoại: 0236 730 1866",
			"Email: daihocfpt@fpt.edu.vn",
			"Số 600 Đường Nguyễn Văn Cừ (nối dài), P. An Bình, Q. Ninh Kiều, TP. Cần Thơ",
			"Điện thoại: 0292 730 1866",
			"Email: daihocfpt@fpt.edu.vn",
			"Khu đô thị mới An Phú Thịnh, Phường Nhơn Bình & Phường Đống Đa, TP. Quy\nNhơn, Bình Định",
			"Điện thoại: 0256 730 1866 /0256 7300 999",
			"Email: daihocfpt@fpt.edu.vn"
		],
		"label": [
			"Tìm kiếm",
			"Tìm kiếm"
		],
		"button": [
			"×",
			"Đăng ký",
			"Đóng"
		],
		"span": [
			"Trang chủ",
			"Hoạt động sinh viên",
			"Lộ diện nhân tố bí ẩn trong đêm chung kết FGC X Factor 2019",
			"bởi",
			"Bài trước",
			"Bài trước:",
			"← Lễ ký kết hợp tác giữa Đại học FPT và Japan Fintech Centre",
			"Bài tiếp",
			"Bài tiếp:",
			"FPT đồng hành cùng Bộ Giáo dục và đào tạo đẩy mạnh công nghệ thông tin →"
		],
		"h1": [
			"Lộ diện nhân tố bí ẩn trong đêm chung kết FGC X Factor 2019"
		],
		"time": [
			"Thứ Năm, ngày 07 tháng 03 năm 2019",
			"11/03/2019",
			"05/02/2024",
			"05/02/2024",
			"05/02/2024",
			"02/02/2024",
			"01/02/2024"
		],
		"strong": [
			"Nhiều thí sinh bước ra từ cuộc thi Học bổng Tài năng – FPT University Talent vừa qua như Trần Hồng Diệu Linh, Đỗ Hải Băng, Khánh Linh, Phạm Chi… đã làm khuynh đảo bảng giải thưởng của FGC X Factor 2019.",
			"FGC X Factor",
			"FGC X Factor 2019",
			"Giải X-factor",
			"Phương Thảo"
		],
		"figcaption": [
			"Chương trình nhận được sự ủng hộ của đông đảo các bạn sinh viên Đại học FPT và những tín đồ nhạc guitar điện tử",
			"Các tiết mục với sự chuẩn bị công phu lần lượt được biểu diễn trong chương trình",
			"Giải Vocal xuất sắc 1 đã thuộc về bạn Trần Hồng Diệu Linh (Sinh viên K14 – Đại học FPT)",
			"Giải Vocal xuất sắc 2 thuộc về bạn Đỗ Hải Băng (Sinh viên K14 – Đại học FPT)",
			"Giải Guitarist triển vọng thuộc về bạn Bùi Tiến Dũng (Sinh viên K14 – ĐH FPT)",
			"Giải Tiết mục ấn tượng (Do khán giả bình chọn) thuộc về hai bạn Khánh Linh và Quốc Phong (Sinh viên K13 – ĐH FPT)",
			"FGC X Factor 2019 đã diễn ra thành công và để lại những ấn tượng đẹp trong lòng khán giả tham dự chương trình."
		],
		"h2": [
			"Điều hướng bài viết"
		],
		"h4": [
			"HÀ NỘI",
			"TP. HỒ CHÍ MINH",
			"ĐÀ NẴNG",
			"CẦN THƠ",
			"Quy Nhơn"
		],
		"h3": [
			"Đăng ký tư vấn"
		],
		"b": [
			"Hãy để lại SĐT để cán bộ nhà trường hỗ trợ bạn sớm nhất nhé"
		],
		"option": [
			"Tỉnh / Thành phố *",
			"An Giang",
			"Bà Rịa-Vũng Tàu",
			"Bắc Giang",
			"Bắc Kạn",
			"Bạc Liêu",
			"Bắc Ninh",
			"Bến Tre",
			"Bình Dương",
			"Bình Định",
			"Bình Phước",
			"Bình Thuận",
			"Cà Mau",
			"Cần Thơ",
			"Cao Bằng",
			"Cục Cảnh sát ĐKQL cư trú và DLQG về dân cư",
			"Cục Cảnh sát quản lý hành chính về trật tự xã hội",
			"Đà Nẵng",
			"Đắk Lắk",
			"Đăk Nông",
			"Điện Biên",
			"Đồng Nai",
			"Đồng Tháp",
			"Gia Lai",
			"Hà Giang",
			"Hà Nam",
			"Hà Tĩnh",
			"Hải Dương",
			"Hải Phòng",
			"Hậu Giang",
			"Hoà Bình",
			"Hưng Yên",
			"Khánh Hoà",
			"Kiên Giang",
			"Kon Tum",
			"Lai Châu",
			"Lâm Đồng",
			"Lạng Sơn",
			"Lào Cai",
			"Long An",
			"Nam Định",
			"Nghệ An",
			"Ninh Bình",
			"Ninh Thuận",
			"Phú Thọ",
			"Phú Yên",
			"Quảng Bình",
			"Quảng Nam",
			"Quảng Ngãi",
			"Quảng Ninh",
			"Quảng Trị",
			"Sóc Trăng",
			"Sơn La",
			"Tây Ninh",
			"Thái Bình",
			"Thái Nguyên",
			"Thanh Hoá",
			"Thừa Thiên - Huế",
			"Tiền Giang",
			"Trà Vinh",
			"Tuyên Quang",
			"Vĩnh Long",
			"Vĩnh Phúc",
			"Yên Bái",
			"Hà Nội",
			"TP. Hồ Chí Minh"
		]
	},
	"url": "https://daihoc.fpt.edu.vn/lo-dien-nhan-to-bi-an-trong-dem-chung-ket-fgc-x-factor-2019/"
}