{
	"data": {
		"title": [
			"Trường Đại học FPT tái hiện sắc màu văn hoá Việt Nam qua các thời kỳ - Trường Đại học FPT"
		],
		"div": [
			"›\n\n›",
			"© 2024 Bản quyền thuộc về Trường Đại học FPT.",
			"Đăng ký tư vấn"
		],
		"a": [
			"Trường Đại học FPT",
			"Vietnamese",
			"English",
			"Trang chủ",
			"Giới thiệu",
			"Lịch sử thành lập",
			"Tập đoàn FPT",
			"Tổ chức giáo dục FPT",
			"Triết lý đào tạo",
			"Các giải thưởng và thành tích",
			"Ban lãnh đạo",
			"Gắn kết cộng đồng",
			"Tin tức",
			"Tin tức chung",
			"Hoạt động sinh viên",
			"Sự kiện",
			"Tuyển dụng",
			"Hướng nghiệp",
			"Ngành học",
			"Công nghệ thông tin",
			"Công nghệ ô tô số",
			"Kỹ thuật phần mềm",
			"Hệ thống thông tin",
			"Trí tuệ nhân tạo",
			"An toàn thông tin",
			"Thiết kế Mỹ thuật số",
			"Quản trị kinh doanh",
			"Tài chính",
			"Digital Marketing",
			"Kinh doanh quốc tế",
			"Quản lý Logistics & Chuỗi cung ứng toàn cầu",
			"Quản trị khách sạn",
			"Quản trị Du lịch và Lữ hành",
			"Công nghệ truyền thông",
			"Quản trị truyền thông đa phương tiện",
			"Quan hệ công chúng",
			"Ngôn ngữ Anh",
			"Ngôn ngữ Nhật",
			"Ngôn ngữ Hàn Quốc",
			"Ngôn ngữ Trung Quốc (Dự kiến)",
			"Đời sống sinh viên",
			"Một ngày tại Đại học FPT",
			"Vì sao nên học tại Đại học FPT",
			"Sự hài lòng của sinh viên",
			"Môi trường học tập",
			"Chương trình học linh hoạt",
			"Đời sống sinh viên",
			"Ký túc xá",
			"Các CLB & Cộng đồng sinh viên",
			"Các hoạt động thể thao trong trường",
			"Dịch vụ hỗ trợ",
			"Định hướng và khởi đầu",
			"Tốt nghiệp",
			"Câu chuyện sinh viên",
			"Hợp tác",
			"Ngành công nghiệp và doanh nghiệp",
			"Chương trình trao đổi sinh viên",
			"Chương trình học tập tại nước ngoài",
			"Hợp tác quốc tế",
			"Trao đổi sinh viên",
			"Học kỳ nước ngoài",
			"Các trường đại học đối tác",
			"Cựu sinh viên",
			"Cộng đồng cựu sinh viên",
			"Họ đang làm việc tại đâu",
			"Tuyển sinh",
			"Đề án tuyển sinh",
			"Tin tuyển sinh",
			"Liên hệ",
			"Đăng nhập",
			"Nguyễn Thị Hồng Yến",
			"Trải nghiệm cực xịn của SV quản trị dịch vụ du lịch và lữ hành, quản trị khách sạn ĐH FPT",
			"Sinh viên Đại Học FPT hòa mình cùng Lễ Hội Văn Hóa Hàn Quốc – Hola Daebak Festival 2023",
			"Toàn cảnh khuôn viên ĐH FPT ngập tràn văn hoá truyền thống tại Hội làng “Mùa Hẹn”",
			"Nữ sinh trường F trong tà áo dài ngày Xuân",
			"Gặp gỡ đội tuyển NGT’s OPEN ROBOT trước giải đấu FIRST Tech Challenge Vietnam",
			"Tỏa sáng với nghiên cứu khoa học, nữ sinh ĐH FPT khẳng định bản lĩnh và tài năng",
			"Phim ngắn “Thoi vàng chỉ ngọc” của SV ĐH FPT tại Cần Thơ được công chiếu ở Lotte Cinema",
			"SV trường ĐH FPT Hà Nội đón “tết trên bản” 2024",
			"Vietnamese",
			"English",
			"Facebook",
			"Youtube",
			"Tik Tok",
			"Hotline: (024)/(028) 73001866 - (0236)/(0292) 7301866"
		],
		"img": [
			"cropped cropped 2021 FPTU Long",
			"cropped cropped 2021 FPTU Long",
			"sac mau van hoa viet nam dh fpt 4",
			"sac mau van hoa viet nam dh fpt 4",
			"sac mau van hoa viet nam dh fpt 2",
			"sac mau van hoa viet nam dh fpt 2",
			"sac mau van hoa viet nam dh fpt 7",
			"sac mau van hoa viet nam dh fpt 7",
			"sac mau van hoa viet nam dh fpt",
			"sac mau van hoa viet nam dh fpt",
			"sac mau van hoa viet nam dh fpt 1",
			"sac mau van hoa viet nam dh fpt 1",
			"sac mau van hoa viet nam dh fpt 5",
			"sac mau van hoa viet nam dh fpt 5",
			"sinh vien dai hoc fpt 8",
			"sinh vien dai hoc fpt 8",
			"dai hoc fpt 1",
			"dai hoc fpt 1",
			"my duyen",
			"my duyen",
			"fpt 5",
			"fpt 5",
			"dai hoc fpt 1",
			"dai hoc fpt 1",
			"thông báo tuyển bổ sung",
			"thông báo tuyển bổ sung"
		],
		"p": [
			"Trang thông tin tuyển sinh chính thức của Trường Đại học FPT",
			"Bên cạnh đó, sinh viên còn được dạo quanh các quầy ẩm thực của Sắc màu văn hoá Việt Nam, xem phim và nghe nhạc cách mạng. Thưởng thức múa rối nước cây nhà lá vườn do sinh viên ĐH FPT biểu diễn, dạo quanh Bảo tàng Lịch sử di động, nghe diễn giả Phan Khắc Huy chia sẻ về Tư duy Lịch sử…",
			"Đây chắc hẳn là những trải nghiệm thú vị và ý nghĩa đối với những ai tham gia, giúp chúng ta hiểu hơn về bối cảnh cũng nhưng những nét văn hoá ngày xưa thông qua những tái hiện thú vị do chính giảng viên, sinh viên FPT thực hiện, để chúng ta càng thêm yêu và tự hào về văn hoá dân tộc qua bao nhiêu lịch sử hào hùng.",
			"Vừa qua, các bạn sinh viên chuyên ngành Quản trị dịch vụ du lịch và lữ hành, quản trị khách sạn, Đại học FPT đã có chuyến Field Trip về pha chế rượu, cocktail tại Time Bar. Chuyến đi thực tế tới Time Bar là một buổi học theo đúng...",
			"Vừa qua, sự kiện Hola Daebak Festival 2023 đã mang tới những trải nghiệm không thể nào quên về một “Little Korea” ngay tại trường Đại học FPT Hà Nội. Rất nhiều hoạt động trải nghiệm văn hóa hấp dẫn đã thu hút đông đảo sinh viên...",
			"Hội làng “Mùa hẹn” với sự góp mặt của Thạc sĩ – nghệ sĩ Ngọc Cần và các nghệ nhân Đờn ca tài tử Bạc Liêu, CLB Quan họ Tỉnh Bắc Sông Cầu NVH Thể thao Quận Tân Bình đã khép lại với những tiết mục biểu diễn vô cùng...",
			"Khu Giáo dục và Đào tạo – Khu Công nghệ cao Hòa Lạc – Km29 Đại lộ Thăng Long, H. Thạch Thất,\nTP. Hà Nội",
			"Điện thoại: 024 7300 1866",
			"Email: daihocfpt@fpt.edu.vn",
			"Lô E2a-7, Đường D1 Khu Công nghệ cao, P. Long Thạnh Mỹ, TP. Thủ Đức, TP. Hồ Chí Minh",
			"Điện thoại: 028 7300 1866",
			"Email: daihocfpt@fpt.edu.vn",
			"Khu đô thị công nghệ FPT Đà Nẵng, P. Hoà Hải, Q. Ngũ Hành Sơn, TP. Đà Nẵng",
			"Điện thoại: 0236 730 1866",
			"Email: daihocfpt@fpt.edu.vn",
			"Số 600 Đường Nguyễn Văn Cừ (nối dài), P. An Bình, Q. Ninh Kiều, TP. Cần Thơ",
			"Điện thoại: 0292 730 1866",
			"Email: daihocfpt@fpt.edu.vn",
			"Khu đô thị mới An Phú Thịnh, Phường Nhơn Bình & Phường Đống Đa, TP. Quy\nNhơn, Bình Định",
			"Điện thoại: 0256 730 1866 /0256 7300 999",
			"Email: daihocfpt@fpt.edu.vn"
		],
		"label": [
			"Tìm kiếm",
			"Tìm kiếm"
		],
		"button": [
			"×",
			"Đăng ký",
			"Đóng"
		],
		"span": [
			"Trang chủ",
			"Tin tức chung",
			"Trường Đại học FPT tái hiện sắc màu văn hoá Việt Nam qua các thời kỳ",
			"bởi",
			"Bài trước",
			"Bài trước:",
			"← Điểm danh những kiểu “học bá” cực xịn ở Đại học FPT",
			"Bài tiếp",
			"Bài tiếp:",
			"Khai mạc sự kiện THE NEXT TOP MODEL MÙA 2 với chủ đề I AM A BRAND →"
		],
		"h1": [
			"Trường Đại học FPT tái hiện sắc màu văn hoá Việt Nam qua các thời kỳ"
		],
		"time": [
			"Thứ Bảy, ngày 01 tháng 07 năm 2023",
			"30/06/2023",
			"05/02/2024",
			"05/02/2024",
			"05/02/2024",
			"02/02/2024",
			"01/02/2024"
		],
		"strong": [
			"Trường Đại học FPT TP.HCM được tạo dựng những bối cảnh mang nét đẹp văn hoá nhiều thời kỳ. Sinh viên sẽ lạc vào thế giới chợ phiên miền Bắc – Nam thời Pháp thuộc và văn hoá kháng chiến hào hùng. Đặc biệt, tại cánh cửa bước vào thế giới đậm đà nét đẹp truyền thống Việt Nam sẽ chẳng thể bỏ qua phần trình diễn nghệ thuật múa rối nước.",
			"Theo FPT Around"
		],
		"figcaption": [
			"Sắc màu văn hoá Việt Nam",
			"Giảng viên ĐH FPT chia sẻ cảm xúc trong chương trình",
			"Các bạn sinh viên háo hức trải nghiệm các nét văn hoá xưa",
			"Sinh viên trường F biểu diễn nghệ thuật múa rối nước",
			"Hát nhạc cách mạng",
			"Và thêu thùa, may vá…"
		],
		"h2": [
			"Bài viết liên quan",
			"Điều hướng bài viết"
		],
		"h3": [
			"Đăng ký tư vấn"
		],
		"h4": [
			"HÀ NỘI",
			"TP. HỒ CHÍ MINH",
			"ĐÀ NẴNG",
			"CẦN THƠ",
			"Quy Nhơn"
		],
		"b": [
			"Hãy để lại SĐT để cán bộ nhà trường hỗ trợ bạn sớm nhất nhé"
		],
		"option": [
			"Tỉnh / Thành phố *",
			"An Giang",
			"Bà Rịa-Vũng Tàu",
			"Bắc Giang",
			"Bắc Kạn",
			"Bạc Liêu",
			"Bắc Ninh",
			"Bến Tre",
			"Bình Dương",
			"Bình Định",
			"Bình Phước",
			"Bình Thuận",
			"Cà Mau",
			"Cần Thơ",
			"Cao Bằng",
			"Cục Cảnh sát ĐKQL cư trú và DLQG về dân cư",
			"Cục Cảnh sát quản lý hành chính về trật tự xã hội",
			"Đà Nẵng",
			"Đắk Lắk",
			"Đăk Nông",
			"Điện Biên",
			"Đồng Nai",
			"Đồng Tháp",
			"Gia Lai",
			"Hà Giang",
			"Hà Nam",
			"Hà Tĩnh",
			"Hải Dương",
			"Hải Phòng",
			"Hậu Giang",
			"Hoà Bình",
			"Hưng Yên",
			"Khánh Hoà",
			"Kiên Giang",
			"Kon Tum",
			"Lai Châu",
			"Lâm Đồng",
			"Lạng Sơn",
			"Lào Cai",
			"Long An",
			"Nam Định",
			"Nghệ An",
			"Ninh Bình",
			"Ninh Thuận",
			"Phú Thọ",
			"Phú Yên",
			"Quảng Bình",
			"Quảng Nam",
			"Quảng Ngãi",
			"Quảng Ninh",
			"Quảng Trị",
			"Sóc Trăng",
			"Sơn La",
			"Tây Ninh",
			"Thái Bình",
			"Thái Nguyên",
			"Thanh Hoá",
			"Thừa Thiên - Huế",
			"Tiền Giang",
			"Trà Vinh",
			"Tuyên Quang",
			"Vĩnh Long",
			"Vĩnh Phúc",
			"Yên Bái",
			"Hà Nội",
			"TP. Hồ Chí Minh"
		]
	},
	"url": "https://daihoc.fpt.edu.vn/truong-dai-hoc-fpt-tai-hien-sac-mau-van-hoa-viet-nam-qua-cac-thoi-ky/"
}