{
	"data": {
		"title": [
			"Chương trình học linh hoạt - Trường Đại học FPT"
		],
		"div": [
			"© 2024 Bản quyền thuộc về Trường Đại học FPT.",
			"Đăng ký tư vấn"
		],
		"a": [
			"Trường Đại học FPT",
			"Vietnamese",
			"English",
			"Trang chủ",
			"Giới thiệu",
			"Lịch sử thành lập",
			"Tập đoàn FPT",
			"Tổ chức giáo dục FPT",
			"Triết lý đào tạo",
			"Các giải thưởng và thành tích",
			"Ban lãnh đạo",
			"Gắn kết cộng đồng",
			"Tin tức",
			"Tin tức chung",
			"Hoạt động sinh viên",
			"Sự kiện",
			"Tuyển dụng",
			"Hướng nghiệp",
			"Ngành học",
			"Công nghệ thông tin",
			"Công nghệ ô tô số",
			"Kỹ thuật phần mềm",
			"Hệ thống thông tin",
			"Trí tuệ nhân tạo",
			"An toàn thông tin",
			"Thiết kế Mỹ thuật số",
			"Quản trị kinh doanh",
			"Tài chính",
			"Digital Marketing",
			"Kinh doanh quốc tế",
			"Quản lý Logistics & Chuỗi cung ứng toàn cầu",
			"Quản trị khách sạn",
			"Quản trị Du lịch và Lữ hành",
			"Công nghệ truyền thông",
			"Quản trị truyền thông đa phương tiện",
			"Quan hệ công chúng",
			"Ngôn ngữ Anh",
			"Ngôn ngữ Nhật",
			"Ngôn ngữ Hàn Quốc",
			"Ngôn ngữ Trung Quốc (Dự kiến)",
			"Đời sống sinh viên",
			"Một ngày tại Đại học FPT",
			"Vì sao nên học tại Đại học FPT",
			"Sự hài lòng của sinh viên",
			"Môi trường học tập",
			"Chương trình học linh hoạt",
			"Đời sống sinh viên",
			"Ký túc xá",
			"Các CLB & Cộng đồng sinh viên",
			"Các hoạt động thể thao trong trường",
			"Dịch vụ hỗ trợ",
			"Định hướng và khởi đầu",
			"Tốt nghiệp",
			"Câu chuyện sinh viên",
			"Hợp tác",
			"Ngành công nghiệp và doanh nghiệp",
			"Chương trình trao đổi sinh viên",
			"Chương trình học tập tại nước ngoài",
			"Hợp tác quốc tế",
			"Trao đổi sinh viên",
			"Học kỳ nước ngoài",
			"Các trường đại học đối tác",
			"Cựu sinh viên",
			"Cộng đồng cựu sinh viên",
			"Họ đang làm việc tại đâu",
			"Tuyển sinh",
			"Đề án tuyển sinh",
			"Tin tuyển sinh",
			"Liên hệ",
			"Đăng nhập",
			"Cơ hội việc làm ngành Ngôn ngữ Nhật trong thời kỳ 4.0?",
			"Nguyễn Thị Mơ",
			"Miễn phí Khoá học quản lý cảm xúc cho sinh viên Đại học FPT",
			"Phạm Thị Phương",
			"3 MC hàng đầu VTV truyền nghề cho sinh viên Đại học FPT",
			"Phạm Thị Phương",
			"Khám phá “lăng kính” cùng sinh viên Đại học FPT",
			"Phạm Thị Phương",
			"Hành trình YOLO JOURNEY tại Trung Hoa có gì hấp dẫn?",
			"Phạm Thị Phương",
			"Hè này FPTers lạc trôi Phượng Hoàng cổ trấn thôi nào!",
			"Phạm Thị Phương",
			"Vũ điệu K-Pop bùng cháy sân khấu Đại học FPT",
			"Phạm Thị Phương",
			"Hành trình đáng sống của sinh viên Đại học FPT",
			"Phạm Thị Phương",
			"Sau The Voice, Noo Phước Thịnh bất ngờ ngồi ghế nóng cuộc thi tài năng sinh viên",
			"Phạm Thị Phương",
			"2",
			"3",
			"Facebook",
			"Youtube",
			"Tik Tok",
			"Hotline: (024)/(028) 73001866 - (0236)/(0292) 7301866"
		],
		"img": [
			"cropped cropped 2021 FPTU Long",
			"cropped cropped 2021 FPTU Long",
			"Cơ hội việc làm ngành Ngôn ngữ Nhật trong thời kỳ 4.0?",
			"Cơ hội việc làm ngành Ngôn ngữ Nhật trong thời kỳ 4.0?",
			"Miễn phí Khoá học quản lý cảm xúc cho sinh viên Đại học FPT",
			"Miễn phí Khoá học quản lý cảm xúc cho sinh viên Đại học FPT",
			"3 MC hàng đầu VTV truyền nghề cho sinh viên Đại học FPT",
			"3 MC hàng đầu VTV truyền nghề cho sinh viên Đại học FPT",
			"Khám phá “lăng kính” cùng sinh viên Đại học FPT",
			"Khám phá “lăng kính” cùng sinh viên Đại học FPT",
			"Hành trình YOLO JOURNEY tại Trung Hoa có gì hấp dẫn?",
			"Hành trình YOLO JOURNEY tại Trung Hoa có gì hấp dẫn?",
			"Hè này FPTers lạc trôi Phượng Hoàng cổ trấn thôi nào!",
			"Hè này FPTers lạc trôi Phượng Hoàng cổ trấn thôi nào!",
			"Vũ điệu K-Pop bùng cháy sân khấu Đại học FPT",
			"Vũ điệu K-Pop bùng cháy sân khấu Đại học FPT",
			"Hành trình đáng sống của sinh viên Đại học FPT",
			"Hành trình đáng sống của sinh viên Đại học FPT",
			"Sau The Voice, Noo Phước Thịnh bất ngờ ngồi ghế nóng cuộc thi tài năng sinh viên",
			"Sau The Voice, Noo Phước Thịnh bất ngờ ngồi ghế nóng cuộc thi tài năng sinh viên",
			"thông báo tuyển bổ sung",
			"thông báo tuyển bổ sung"
		],
		"p": [
			"Trang thông tin tuyển sinh chính thức của Trường Đại học FPT",
			"Khu Giáo dục và Đào tạo – Khu Công nghệ cao Hòa Lạc – Km29 Đại lộ Thăng Long, H. Thạch Thất,\nTP. Hà Nội",
			"Điện thoại: 024 7300 1866",
			"Email: daihocfpt@fpt.edu.vn",
			"Lô E2a-7, Đường D1 Khu Công nghệ cao, P. Long Thạnh Mỹ, TP. Thủ Đức, TP. Hồ Chí Minh",
			"Điện thoại: 028 7300 1866",
			"Email: daihocfpt@fpt.edu.vn",
			"Khu đô thị công nghệ FPT Đà Nẵng, P. Hoà Hải, Q. Ngũ Hành Sơn, TP. Đà Nẵng",
			"Điện thoại: 0236 730 1866",
			"Email: daihocfpt@fpt.edu.vn",
			"Số 600 Đường Nguyễn Văn Cừ (nối dài), P. An Bình, Q. Ninh Kiều, TP. Cần Thơ",
			"Điện thoại: 0292 730 1866",
			"Email: daihocfpt@fpt.edu.vn",
			"Khu đô thị mới An Phú Thịnh, Phường Nhơn Bình & Phường Đống Đa, TP. Quy\nNhơn, Bình Định",
			"Điện thoại: 0256 730 1866 /0256 7300 999",
			"Email: daihocfpt@fpt.edu.vn"
		],
		"label": [
			"Tìm kiếm"
		],
		"button": [
			"×",
			"Đăng ký",
			"Đóng"
		],
		"h1": [
			"Chương trình học linh hoạt"
		],
		"h3": [
			"Đăng ký tư vấn"
		],
		"span": [
			"bởi",
			"bởi",
			"bởi",
			"bởi",
			"bởi",
			"bởi",
			"bởi",
			"bởi",
			"bởi",
			"1"
		],
		"time": [
			"17/04/2020",
			"02/05/2020",
			"22/08/2019",
			"27/04/2022",
			"09/07/2019",
			"27/04/2022",
			"03/06/2019",
			"27/04/2022",
			"30/05/2019",
			"27/04/2022",
			"29/05/2019",
			"27/04/2022",
			"25/05/2019",
			"27/04/2022",
			"18/05/2019",
			"27/04/2022",
			"10/05/2019",
			"27/04/2022"
		],
		"h2": [
			"Điều hướng bài viết"
		],
		"h4": [
			"HÀ NỘI",
			"TP. HỒ CHÍ MINH",
			"ĐÀ NẴNG",
			"CẦN THƠ",
			"Quy Nhơn"
		],
		"b": [
			"Hãy để lại SĐT để cán bộ nhà trường hỗ trợ bạn sớm nhất nhé"
		],
		"option": [
			"Tỉnh / Thành phố *",
			"An Giang",
			"Bà Rịa-Vũng Tàu",
			"Bắc Giang",
			"Bắc Kạn",
			"Bạc Liêu",
			"Bắc Ninh",
			"Bến Tre",
			"Bình Dương",
			"Bình Định",
			"Bình Phước",
			"Bình Thuận",
			"Cà Mau",
			"Cần Thơ",
			"Cao Bằng",
			"Cục Cảnh sát ĐKQL cư trú và DLQG về dân cư",
			"Cục Cảnh sát quản lý hành chính về trật tự xã hội",
			"Đà Nẵng",
			"Đắk Lắk",
			"Đăk Nông",
			"Điện Biên",
			"Đồng Nai",
			"Đồng Tháp",
			"Gia Lai",
			"Hà Giang",
			"Hà Nam",
			"Hà Tĩnh",
			"Hải Dương",
			"Hải Phòng",
			"Hậu Giang",
			"Hoà Bình",
			"Hưng Yên",
			"Khánh Hoà",
			"Kiên Giang",
			"Kon Tum",
			"Lai Châu",
			"Lâm Đồng",
			"Lạng Sơn",
			"Lào Cai",
			"Long An",
			"Nam Định",
			"Nghệ An",
			"Ninh Bình",
			"Ninh Thuận",
			"Phú Thọ",
			"Phú Yên",
			"Quảng Bình",
			"Quảng Nam",
			"Quảng Ngãi",
			"Quảng Ninh",
			"Quảng Trị",
			"Sóc Trăng",
			"Sơn La",
			"Tây Ninh",
			"Thái Bình",
			"Thái Nguyên",
			"Thanh Hoá",
			"Thừa Thiên - Huế",
			"Tiền Giang",
			"Trà Vinh",
			"Tuyên Quang",
			"Vĩnh Long",
			"Vĩnh Phúc",
			"Yên Bái",
			"Hà Nội",
			"TP. Hồ Chí Minh"
		]
	},
	"url": "https://daihoc.fpt.edu.vn/chuyen-muc/cuoc-song-tai-dai-hoc-fpt/tai-sao-nen-hoc-tai-dai-hoc-fpt/chuong-trinh-hoc-linh-hoat/"
}