{
	"data": {
		"title": [
			"Đáp án gợi ý môn Tiếng Anh kỳ thi THPT 2023 - Trường Đại học FPT"
		],
		"div": [
			"© 2024 Bản quyền thuộc về Trường Đại học FPT.",
			"Đăng ký tư vấn"
		],
		"a": [
			"Trường Đại học FPT",
			"Vietnamese",
			"English",
			"Trang chủ",
			"Giới thiệu",
			"Lịch sử thành lập",
			"Tập đoàn FPT",
			"Tổ chức giáo dục FPT",
			"Triết lý đào tạo",
			"Các giải thưởng và thành tích",
			"Ban lãnh đạo",
			"Gắn kết cộng đồng",
			"Tin tức",
			"Tin tức chung",
			"Hoạt động sinh viên",
			"Sự kiện",
			"Tuyển dụng",
			"Hướng nghiệp",
			"Ngành học",
			"Công nghệ thông tin",
			"Công nghệ ô tô số",
			"Kỹ thuật phần mềm",
			"Hệ thống thông tin",
			"Trí tuệ nhân tạo",
			"An toàn thông tin",
			"Thiết kế Mỹ thuật số",
			"Quản trị kinh doanh",
			"Tài chính",
			"Digital Marketing",
			"Kinh doanh quốc tế",
			"Quản lý Logistics & Chuỗi cung ứng toàn cầu",
			"Quản trị khách sạn",
			"Quản trị Du lịch và Lữ hành",
			"Công nghệ truyền thông",
			"Quản trị truyền thông đa phương tiện",
			"Quan hệ công chúng",
			"Ngôn ngữ Anh",
			"Ngôn ngữ Nhật",
			"Ngôn ngữ Hàn Quốc",
			"Ngôn ngữ Trung Quốc (Dự kiến)",
			"Đời sống sinh viên",
			"Một ngày tại Đại học FPT",
			"Vì sao nên học tại Đại học FPT",
			"Sự hài lòng của sinh viên",
			"Môi trường học tập",
			"Chương trình học linh hoạt",
			"Đời sống sinh viên",
			"Ký túc xá",
			"Các CLB & Cộng đồng sinh viên",
			"Các hoạt động thể thao trong trường",
			"Dịch vụ hỗ trợ",
			"Định hướng và khởi đầu",
			"Tốt nghiệp",
			"Câu chuyện sinh viên",
			"Hợp tác",
			"Ngành công nghiệp và doanh nghiệp",
			"Chương trình trao đổi sinh viên",
			"Chương trình học tập tại nước ngoài",
			"Hợp tác quốc tế",
			"Trao đổi sinh viên",
			"Học kỳ nước ngoài",
			"Các trường đại học đối tác",
			"Cựu sinh viên",
			"Cộng đồng cựu sinh viên",
			"Họ đang làm việc tại đâu",
			"Tuyển sinh",
			"Đề án tuyển sinh",
			"Tin tuyển sinh",
			"Liên hệ",
			"Đăng nhập",
			"Nguyễn Thị Hồng Yến",
			"Đáp án tham khảo đề thi tổ hợp môn KHTN – Lý, Hoá, Sinh kỳ thi THPT 2023",
			"Gợi ý đáp án đầy đủ 24 mã đề Toán thi tốt nghiệp THPT năm 2023",
			"Đề thi và gợi ý đáp án đề thi Văn tốt nghiệp THPT 2023",
			"Nữ sinh trường F trong tà áo dài ngày Xuân",
			"Gặp gỡ đội tuyển NGT’s OPEN ROBOT trước giải đấu FIRST Tech Challenge Vietnam",
			"Tỏa sáng với nghiên cứu khoa học, nữ sinh ĐH FPT khẳng định bản lĩnh và tài năng",
			"Phim ngắn “Thoi vàng chỉ ngọc” của SV ĐH FPT tại Cần Thơ được công chiếu ở Lotte Cinema",
			"SV trường ĐH FPT Hà Nội đón “tết trên bản” 2024",
			"Vietnamese",
			"English",
			"Facebook",
			"Youtube",
			"Tik Tok",
			"Hotline: (024)/(028) 73001866 - (0236)/(0292) 7301866"
		],
		"img": [
			"cropped cropped 2021 FPTU Long",
			"cropped cropped 2021 FPTU Long",
			"sinh vien dai hoc fpt 8",
			"sinh vien dai hoc fpt 8",
			"dai hoc fpt 1",
			"dai hoc fpt 1",
			"my duyen",
			"my duyen",
			"fpt 5",
			"fpt 5",
			"dai hoc fpt 1",
			"dai hoc fpt 1",
			"thông báo tuyển bổ sung",
			"thông báo tuyển bổ sung"
		],
		"p": [
			"Trang thông tin tuyển sinh chính thức của Trường Đại học FPT",
			"Thí sinh sẽ được lựa chọn một trong số những bài thi như sau: Tiếng Anh, Tiếng Nga, Tiếng Pháp, Tiếng Trung Quốc, Tiếng Đức, Tiếng Nhật và Tiếng Hàn tùy theo nguyện vọng đăng ký. Tuy nhiên, theo thống kê cho thấy số lượng thí sinh môn tiếng Anh năm nào cũng chiếm ưu thế.",
			"Đề thi môn tiếng Anh trong kỳ thi tốt nghiệp THPT 2023 sẽ bao gồm 50 câu hỏi trắc nghiệm khách quan. Quy định thời gian làm bài tương ứng trong vòng 60 phút.",
			"Gợi ý đáp án đề thi tốt nghiệp THPT 2023 môn tiếng Anh tất cả các mã đề để quý phụ huynh và các em học sinh tham khảo, đối chiếu với bài đã làm. Nguồn tham khảo Tuyensinh247.",
			"Sáng 29/6, hơn 330.000 trên tổng một triệu thí sinh thi bài tổ hợp Khoa học tự nhiên. Bài thi này gồm ba môn Vật lý, Hóa học và Sinh học, mỗi môn có 40 câu hỏi trắc nghiệm, thời gian làm bài 50 phút. Các giáo viên dự đoán điểm thi môn...",
			"Chiều ngày 28.6.2023, thí sinh cả nước đã bước vào môn thi thứ 2 Toán kỳ thi tốt nghiệp THPT 2023. Đề Toán thi tốt nghiệp THPT gồm 50 câu hỏi trắc nghiệm, được đánh giá có độ phân hóa mạnh. Đề thi Toán có khoảng 30 câu ở mức độ...",
			"Sáng ngày 28/6/2023, hơn một triệu thí sinh trong cả nước đã hoàn thành bài thi Văn tốt nghiệp THPT năm 2023. Trái với mong muốn của nhiều học sinh về tác phẩm Người lái đò sông Đà hay Vợ chồng A Phủ, tác phẩm Vợ nhặt của nhà văn Kim...",
			"Khu Giáo dục và Đào tạo – Khu Công nghệ cao Hòa Lạc – Km29 Đại lộ Thăng Long, H. Thạch Thất,\nTP. Hà Nội",
			"Điện thoại: 024 7300 1866",
			"Email: daihocfpt@fpt.edu.vn",
			"Lô E2a-7, Đường D1 Khu Công nghệ cao, P. Long Thạnh Mỹ, TP. Thủ Đức, TP. Hồ Chí Minh",
			"Điện thoại: 028 7300 1866",
			"Email: daihocfpt@fpt.edu.vn",
			"Khu đô thị công nghệ FPT Đà Nẵng, P. Hoà Hải, Q. Ngũ Hành Sơn, TP. Đà Nẵng",
			"Điện thoại: 0236 730 1866",
			"Email: daihocfpt@fpt.edu.vn",
			"Số 600 Đường Nguyễn Văn Cừ (nối dài), P. An Bình, Q. Ninh Kiều, TP. Cần Thơ",
			"Điện thoại: 0292 730 1866",
			"Email: daihocfpt@fpt.edu.vn",
			"Khu đô thị mới An Phú Thịnh, Phường Nhơn Bình & Phường Đống Đa, TP. Quy\nNhơn, Bình Định",
			"Điện thoại: 0256 730 1866 /0256 7300 999",
			"Email: daihocfpt@fpt.edu.vn"
		],
		"label": [
			"Tìm kiếm",
			"Tìm kiếm"
		],
		"button": [
			"×",
			"Đăng ký",
			"Đóng"
		],
		"span": [
			"Trang chủ",
			"bởi",
			"Bài trước",
			"Bài trước:",
			"← Sinh viên trường F choáng ngợp trước “Bộ sưu tập” nút bạc, nút vàng, nút kim cương tại Sconnect Việt Nam",
			"Bài tiếp",
			"Bài tiếp:",
			"Những “Hot Face ĐH FPT” đầy tài năng khuynh đảo MXH →"
		],
		"h1": [
			"Đáp án gợi ý môn Tiếng Anh kỳ thi THPT 2023"
		],
		"time": [
			"Thứ Năm, ngày 29 tháng 06 năm 2023",
			"29/06/2023",
			"05/02/2024",
			"05/02/2024",
			"05/02/2024",
			"02/02/2024",
			"01/02/2024"
		],
		"strong": [
			"Chiều ngày 29/6/2023, các sĩ tử sẽ tiếp tục dự thi môn Ngoại ngữ trong kỳ thi tốt nghiệp THPT năm 2023 và đây cũng là môn thi cuối cùng.",
			"Tiếng Anh – Mã 401",
			"Tiếng Anh – Mã 402",
			"Tiếng Anh – Mã 403",
			"Tiếng Anh – Mã 404",
			"Tiếng Anh – Mã 405",
			"Tiếng Anh – Mã 411",
			"Tiếng Anh – Mã 412",
			"Tiếng Anh – Mã 413",
			"Tiếng Anh – Mã 419",
			"Tiếng Anh – Mã 420",
			"Tiếng Anh – Mã 421",
			"Tiếng Anh – Mã 422",
			"Đang cập nhật …"
		],
		"td": [
			"1.D",
			"2.A",
			"3.C",
			"4.A",
			"5.D",
			"6.D",
			"7.C",
			"8.C",
			"9.A",
			"10.C",
			"11.D",
			"12.A",
			"13.B",
			"14.C",
			"15.C",
			"16.D",
			"17.C",
			"18.D",
			"19.B",
			"20.A",
			"21.D",
			"22.B",
			"23.A",
			"24.D",
			"25.A",
			"26.D",
			"27.B",
			"28.A",
			"29.D",
			"30.C",
			"31.C",
			"32.C",
			"33.A",
			"34.B",
			"35.B",
			"36.D",
			"37.C",
			"38.C",
			"39.B",
			"40.C",
			"41.C",
			"42.B",
			"43.D",
			"44.B",
			"45.B",
			"46.D",
			"47.D",
			"48.B",
			"49.C",
			"50.B",
			"1.D",
			"2.B",
			"3. A",
			"4.C",
			"5.A",
			"6.C",
			"7.D",
			"8.A",
			"9.B",
			"10.A",
			"11.C",
			"12.C",
			"13.D",
			"14.B",
			"15.C",
			"16.A",
			"17.D",
			"18.C",
			"19.A",
			"20.B",
			"21.C",
			"22.A",
			"23.C",
			"24.A",
			"25.D",
			"26.A",
			"27.A",
			"28.D",
			"29.D",
			"30.C",
			"31.C",
			"32.C",
			"33.D",
			"34.C",
			"35.D",
			"36.A",
			"37.A",
			"38.D",
			"39.C",
			"40.A",
			"41.A",
			"42.D",
			"43.C",
			"44. C",
			"45.D",
			"46.C",
			"47.C",
			"48.A",
			"49.D",
			"50.D",
			"1.C",
			"2.C",
			"3.B",
			"4.B",
			"5.A",
			"6.D",
			"7.B",
			"8.C",
			"9.D",
			"10.A",
			"11.D",
			"12.A",
			"13.C",
			"14.B",
			"15.D",
			"16.D",
			"17.C",
			"18.A",
			"19.C",
			"20.A",
			"21.B",
			"22.B",
			"23.A",
			"24.B",
			"25.C",
			"26.D",
			"27.A",
			"28.D",
			"29.A",
			"30.D",
			"31.D",
			"32.B",
			"33.C",
			"34.D",
			"35.B",
			"36.B",
			"37.B",
			"38.C",
			"39.A",
			"40.A",
			"41.D",
			"42.C",
			"43.C",
			"44. B",
			"45.A",
			"46.C",
			"47.A",
			"48.D",
			"49.D",
			"50.C",
			"1.C",
			"2.D",
			"3.B",
			"4.B",
			"5.D",
			"6.B",
			"7.C",
			"8.B",
			"9.C",
			"10.D",
			"11.D",
			"12.B",
			"13.A",
			"14.C",
			"15.C",
			"16.C",
			"17.B",
			"18.B",
			"19.B",
			"20.A",
			"21.C",
			"22.A",
			"23.D",
			"24.C",
			"25.C",
			"26.C",
			"27.A",
			"28.D",
			"29.B",
			"30.C",
			"31.B",
			"32.A",
			"33.B",
			"34.D",
			"35.D",
			"36.A",
			"37.D",
			"38.A",
			"39.C",
			"40.C",
			"41.A",
			"42.D",
			"43.D",
			"44. D",
			"45.A",
			"46.D",
			"47.C",
			"48.A",
			"49.D",
			"50.D",
			"1.C",
			"2.D",
			"3.D",
			"4.B",
			"5.B",
			"6.B",
			"7.C",
			"8.D",
			"9.C",
			"10.A",
			"11.A",
			"12.B",
			"13.C",
			"14.D",
			"15.B",
			"16.C",
			"17.C",
			"18.D",
			"19.C",
			"20.B",
			"21.A",
			"22.B",
			"23.C",
			"24.B",
			"25.A",
			"26.A",
			"27.C",
			"28.B",
			"29.A",
			"30.C",
			"31.C",
			"32.D",
			"33.A",
			"34.A",
			"35.A",
			"36.D",
			"37.C",
			"38.D",
			"39.C",
			"40.B",
			"41.B",
			"42.D",
			"43.D",
			"44. D",
			"45.B",
			"46.C",
			"47.D",
			"48.A",
			"49.D",
			"50.B",
			"1.A",
			"2.A",
			"3.B",
			"4.C",
			"5.D",
			"6.C",
			"7.D",
			"8.B",
			"9.B",
			"10.C",
			"11.C",
			"12.C",
			"13.D",
			"14.B",
			"15.B",
			"16.A",
			"17.B",
			"18.C",
			"19.C",
			"20.C",
			"21.B",
			"22. C",
			"23.D",
			"24.B",
			"25.B",
			"26.C",
			"27.B",
			"28.C",
			"29.A",
			"30.D",
			"31.C",
			"32.D",
			"33.B",
			"34.A",
			"35.C",
			"36.B",
			"37.B",
			"38.D",
			"39.D",
			"40.D",
			"41.A",
			"42.D",
			"43.A",
			"44. A",
			"45.D",
			"46.A",
			"47.D",
			"48.C",
			"49.D",
			"50.D",
			"1.D",
			"2.D",
			"3.B",
			"4.C",
			"5.D",
			"6.A",
			"7.D",
			"8.D",
			"9.A",
			"10.C",
			"11.B",
			"12.A",
			"13.C",
			"14.D",
			"15.B",
			"16.C",
			"17.D",
			"18.A",
			"19.D",
			"20.A",
			"21.A",
			"22.C",
			"23.D",
			"24.C",
			"25.B",
			"26.C",
			"27.D",
			"28.A",
			"29.A",
			"30.A",
			"31.C",
			"32.A",
			"33.C",
			"34.D",
			"35.D",
			"36.A",
			"37.A",
			"38.A",
			"39.C",
			"40.C",
			"41.C",
			"42.D",
			"43.A",
			"44. C",
			"45.D",
			"46.D",
			"47.D",
			"48.D",
			"49.C",
			"50.A",
			"1.C",
			"2.D",
			"3.B",
			"4.B",
			"5.A",
			"6.B",
			"7.C",
			"8.A",
			"9.A",
			"10.C",
			"11.B",
			"12.C",
			"13.D",
			"14.A",
			"15.D",
			"16.D",
			"17.B",
			"18.D",
			"19.C",
			"20.A",
			"21.C",
			"22. D",
			"23. B",
			"24. C",
			"25. A",
			"26. A",
			"27. C",
			"28. D",
			"29.D",
			"30.D",
			"31.B",
			"32.C",
			"33.B",
			"34.A",
			"35.D",
			"36.B",
			"37.A",
			"38.C",
			"39.D",
			"40.A",
			"41.B",
			"42.A",
			"43.B",
			"44.C",
			"45.B",
			"46.C",
			"47.B",
			"48.D",
			"49.C",
			"50.D",
			"1.D",
			"2.A",
			"3.D",
			"4.C",
			"5.B",
			"6.B",
			"7.B",
			"8.A",
			"9.A",
			"10.B",
			"11.B",
			"12.A",
			"13.D",
			"14.B",
			"15.C",
			"16.D",
			"17.D",
			"18.C",
			"19.C",
			"20.B",
			"21.B",
			"22.A",
			"23.A",
			"24.D",
			"25.B",
			"26.A",
			"27.B",
			"28.B",
			"29.A",
			"30.D",
			"31.B",
			"32.A",
			"33.D",
			"34.A",
			"35.A",
			"36.A",
			"37.D",
			"38.D",
			"39.B",
			"40.B",
			"41.A",
			"42.D",
			"43.A",
			"44. D",
			"45.D",
			"46.C",
			"47.A",
			"48.D",
			"49.D",
			"50.D",
			"1.B",
			"2.A",
			"3.B",
			"4.B",
			"5.A",
			"6.A",
			"7.C",
			"8.A",
			"9.C",
			"10.A",
			"11.D",
			"12.A",
			"13.C",
			"14.A",
			"15.C",
			"16.D",
			"17.B",
			"18.C",
			"19.A",
			"20.D",
			"21.C",
			"22.D",
			"23.B",
			"24.C",
			"25.C",
			"26.C",
			"27.A",
			"28.B",
			"29.A",
			"30.C",
			"31.C",
			"32.B",
			"33.A",
			"34.B",
			"35.A",
			"36.B",
			"37.D",
			"38.D",
			"39.D",
			"40.B",
			"41.B",
			"42.D",
			"43.B",
			"44. D",
			"45.D",
			"46.D",
			"47.C",
			"48.A",
			"49.D",
			"50.D",
			"1.A",
			"2.B",
			"3.B",
			"4.A",
			"5.D",
			"6.D",
			"7.A",
			"8.B",
			"9.B",
			"10.A",
			"11.D",
			"12.B",
			"13.B",
			"14.D",
			"15.D",
			"16.C",
			"17.C",
			"18.D",
			"19.C",
			"20.D",
			"21.D",
			"22.",
			"23.",
			"24.",
			"25.",
			"26.B",
			"27.D",
			"28.D",
			"29.C",
			"30.D",
			"31.B",
			"32.B",
			"33.D",
			"34.C",
			"35.C",
			"36.B",
			"37.D",
			"38.B",
			"39.B",
			"40.C",
			"41.B",
			"42.C",
			"43.C",
			"44. B",
			"45.C",
			"46.",
			"47.",
			"48.",
			"49.C",
			"50.B",
			"1.D",
			"2.B",
			"3.",
			"4.",
			"5.",
			"6.",
			"7.A",
			"8.D",
			"9.A",
			"10.A",
			"11.C",
			"12.B",
			"13.A",
			"14.A",
			"15.C",
			"16.A",
			"17.B",
			"18.B",
			"19.C",
			"20.B",
			"21.D",
			"22.C",
			"23.C",
			"24.D",
			"25.C",
			"26.B",
			"27.C",
			"28.B",
			"29.B",
			"30.D",
			"31.D",
			"32.A",
			"33.B",
			"34.B",
			"35.B",
			"36.C",
			"37.D",
			"38.C",
			"39.D",
			"40.D",
			"41.D",
			"42.C",
			"43.",
			"44.",
			"45.",
			"46.D",
			"47.D",
			"48.C",
			"49.D",
			"50.B"
		],
		"h2": [
			"Bài viết liên quan",
			"Điều hướng bài viết"
		],
		"h3": [
			"Đăng ký tư vấn"
		],
		"h4": [
			"HÀ NỘI",
			"TP. HỒ CHÍ MINH",
			"ĐÀ NẴNG",
			"CẦN THƠ",
			"Quy Nhơn"
		],
		"b": [
			"Hãy để lại SĐT để cán bộ nhà trường hỗ trợ bạn sớm nhất nhé"
		],
		"option": [
			"Tỉnh / Thành phố *",
			"An Giang",
			"Bà Rịa-Vũng Tàu",
			"Bắc Giang",
			"Bắc Kạn",
			"Bạc Liêu",
			"Bắc Ninh",
			"Bến Tre",
			"Bình Dương",
			"Bình Định",
			"Bình Phước",
			"Bình Thuận",
			"Cà Mau",
			"Cần Thơ",
			"Cao Bằng",
			"Cục Cảnh sát ĐKQL cư trú và DLQG về dân cư",
			"Cục Cảnh sát quản lý hành chính về trật tự xã hội",
			"Đà Nẵng",
			"Đắk Lắk",
			"Đăk Nông",
			"Điện Biên",
			"Đồng Nai",
			"Đồng Tháp",
			"Gia Lai",
			"Hà Giang",
			"Hà Nam",
			"Hà Tĩnh",
			"Hải Dương",
			"Hải Phòng",
			"Hậu Giang",
			"Hoà Bình",
			"Hưng Yên",
			"Khánh Hoà",
			"Kiên Giang",
			"Kon Tum",
			"Lai Châu",
			"Lâm Đồng",
			"Lạng Sơn",
			"Lào Cai",
			"Long An",
			"Nam Định",
			"Nghệ An",
			"Ninh Bình",
			"Ninh Thuận",
			"Phú Thọ",
			"Phú Yên",
			"Quảng Bình",
			"Quảng Nam",
			"Quảng Ngãi",
			"Quảng Ninh",
			"Quảng Trị",
			"Sóc Trăng",
			"Sơn La",
			"Tây Ninh",
			"Thái Bình",
			"Thái Nguyên",
			"Thanh Hoá",
			"Thừa Thiên - Huế",
			"Tiền Giang",
			"Trà Vinh",
			"Tuyên Quang",
			"Vĩnh Long",
			"Vĩnh Phúc",
			"Yên Bái",
			"Hà Nội",
			"TP. Hồ Chí Minh"
		]
	},
	"url": "https://daihoc.fpt.edu.vn/dap-an-goi-y-mon-tieng-anh-ky-thi-thpt-2023/"
}