{
	"data": {
		"title": [
			"Sinh viên Kinh Tế Đại học FPT đang háo hức thực tập tại khách sạn hàng đầu Phillipines - Trường Đại học FPT"
		],
		"div": [
			"›\n\n›\n\n›\n\n›",
			"© 2024 Bản quyền thuộc về Trường Đại học FPT.",
			"Đăng ký tư vấn"
		],
		"a": [
			"Trường Đại học FPT",
			"Vietnamese",
			"English",
			"Trang chủ",
			"Giới thiệu",
			"Lịch sử thành lập",
			"Tập đoàn FPT",
			"Tổ chức giáo dục FPT",
			"Triết lý đào tạo",
			"Các giải thưởng và thành tích",
			"Ban lãnh đạo",
			"Gắn kết cộng đồng",
			"Tin tức",
			"Tin tức chung",
			"Hoạt động sinh viên",
			"Sự kiện",
			"Tuyển dụng",
			"Hướng nghiệp",
			"Ngành học",
			"Công nghệ thông tin",
			"Công nghệ ô tô số",
			"Kỹ thuật phần mềm",
			"Hệ thống thông tin",
			"Trí tuệ nhân tạo",
			"An toàn thông tin",
			"Thiết kế Mỹ thuật số",
			"Quản trị kinh doanh",
			"Tài chính",
			"Digital Marketing",
			"Kinh doanh quốc tế",
			"Quản lý Logistics & Chuỗi cung ứng toàn cầu",
			"Quản trị khách sạn",
			"Quản trị Du lịch và Lữ hành",
			"Công nghệ truyền thông",
			"Quản trị truyền thông đa phương tiện",
			"Quan hệ công chúng",
			"Ngôn ngữ Anh",
			"Ngôn ngữ Nhật",
			"Ngôn ngữ Hàn Quốc",
			"Ngôn ngữ Trung Quốc (Dự kiến)",
			"Đời sống sinh viên",
			"Một ngày tại Đại học FPT",
			"Vì sao nên học tại Đại học FPT",
			"Sự hài lòng của sinh viên",
			"Môi trường học tập",
			"Chương trình học linh hoạt",
			"Đời sống sinh viên",
			"Ký túc xá",
			"Các CLB & Cộng đồng sinh viên",
			"Các hoạt động thể thao trong trường",
			"Dịch vụ hỗ trợ",
			"Định hướng và khởi đầu",
			"Tốt nghiệp",
			"Câu chuyện sinh viên",
			"Hợp tác",
			"Ngành công nghiệp và doanh nghiệp",
			"Chương trình trao đổi sinh viên",
			"Chương trình học tập tại nước ngoài",
			"Hợp tác quốc tế",
			"Trao đổi sinh viên",
			"Học kỳ nước ngoài",
			"Các trường đại học đối tác",
			"Cựu sinh viên",
			"Cộng đồng cựu sinh viên",
			"Họ đang làm việc tại đâu",
			"Tuyển sinh",
			"Đề án tuyển sinh",
			"Tin tuyển sinh",
			"Liên hệ",
			"Đăng nhập",
			"Nguyễn Thị Hồng Yến",
			"Nữ sinh trường F trong tà áo dài ngày Xuân",
			"Gặp gỡ đội tuyển NGT’s OPEN ROBOT trước giải đấu FIRST Tech Challenge Vietnam",
			"Tỏa sáng với nghiên cứu khoa học, nữ sinh ĐH FPT khẳng định bản lĩnh và tài năng",
			"Phim ngắn “Thoi vàng chỉ ngọc” của SV ĐH FPT tại Cần Thơ được công chiếu ở Lotte Cinema",
			"SV trường ĐH FPT Hà Nội đón “tết trên bản” 2024",
			"Vietnamese",
			"English",
			"Facebook",
			"Youtube",
			"Tik Tok",
			"Hotline: (024)/(028) 73001866 - (0236)/(0292) 7301866"
		],
		"img": [
			"cropped cropped 2021 FPTU Long",
			"cropped cropped 2021 FPTU Long",
			"sinh vien dai hoc fpt 8",
			"sinh vien dai hoc fpt 8",
			"dai hoc fpt 1",
			"dai hoc fpt 1",
			"my duyen",
			"my duyen",
			"fpt 5",
			"fpt 5",
			"dai hoc fpt 1",
			"dai hoc fpt 1",
			"thông báo tuyển bổ sung",
			"thông báo tuyển bổ sung"
		],
		"p": [
			"Trang thông tin tuyển sinh chính thức của Trường Đại học FPT",
			"Vừa kết thúc kỳ nghỉ Tết nguyên đán, hơn 20 sinh viên năm ba các ngành Quản Trị Kinh Doanh và Kinh Doanh Quốc Tế tại Đại học FPT đã đặt chân đến đất nước Philippines để bắt đầu kỳ OJT tại Astoria Plaza.",
			"Khách sạn  Astoria Plaza là một trong những khách sạn hàng đầu của Philipines. Các tiêu chí đều được đánh giá cao từ 8.0 trở lên theo . Từ phòng ngủ, hội nghị cho đến hồ bơi, nhà hàng, cả spa và phòng gym cơ sở vật chất đều được đánh giá rất cao. Nhưng điểm được đánh giá cao nhất của Astoria Plaza chính là hệ thống chăm sóc khách hàng.",
			"Đến với chuyến OJT lần này, sinh viên Đại học FPT được trải nghiệm công việc ở ba phòng ban khác nhau tại Astoria Plaza. Môi trường làm việc chuyên nghiệp tại đây giúp các bạn sinh viên cải thiện hơn về kiến thức chuyên ngành cũng như các kỹ năng mềm.",
			"Các bạn được hướng dẫn tận tình và được tham gia trực tiếp vào các công việc đòi hỏi kỹ năng và chuyên môn. Với kiến thức vững chắc và nhiều kỹ năng mềm được tích lũy trong khoảng thời gian học tập tại Đại học FPT, cũng như nhiều sự hỗ trợ từ phía nhà trường giúp các bạn sinh viên có một chuyến thực tập thật ý nghĩa và tràn ngập thú vị.",
			"Đối với nhiều bạn, sự khác biệt về văn hóa và thức ăn là một rào cản không nhỏ thế nên Astoria Plaza luôn tạo điều kiện cho thực tập sinh bằng việc nấu các món ăn mang hương vị Việt Nam. Sau khi thực tập ba tuần tại Astoria Plaza, các bạn đã hòa nhập được với văn hóa, khẩu vị nơi đây và cùng nhau thưởng thức những món ăn vặt nổi tiếng của Philippines.",
			"Không chỉ có các thực tập sinh đến từ Việt Nam mà Astoria Plaza còn nhận các thực tập sinh đến từ nhiều trường khác thế nên các sinh viên FPT cũng có cơ hội tiếp xúc với các thực tập sinh tại Philippines. Các thực tập sinh có thể cải thiện khả năng giao tiếp cũng như trao đổi văn hóa với nhau, mang văn hóa Việt Nam đến với nước bạn.",
			"Ngoại trừ thời gian làm việc từ thứ hai đến thứ sáu, các thực tập sinh còn được đi tham quan các danh lam thắng cảnh và địa điểm nổi tiếng tại Phillipines như Villa Escudero, National Museum Natural History, Old Town,… vào thứ bảy và chủ nhật hàng tuần. Đây quả thật là một trải nghiệm đáng nhớ đối với các thực tập sinh xa nhà.",
			"Bạn Nguyễn Thị Trúc Huyền – sinh viên năm ba ngành Quản Trị Kinh Doanh đã chia sẻ:",
			"Với rất nhiều sự hỗ trợ đến từ phía nhà trường, thực tập nước ngoài đã trở thành một lợi thế đối với sinh viên FPT. Đó sẽ là hành trang tốt giúp các bạn vươn xa trong công việc sau khi ra trường đi làm.",
			"Vẫn còn rất nhiều chương trình trao đổi văn hóa cũng như thực tập khác của Đại học FPT. Các Cóc hãy đón chờ vào thời gian sắp tới nhé.",
			"Khu Giáo dục và Đào tạo – Khu Công nghệ cao Hòa Lạc – Km29 Đại lộ Thăng Long, H. Thạch Thất,\nTP. Hà Nội",
			"Điện thoại: 024 7300 1866",
			"Email: daihocfpt@fpt.edu.vn",
			"Lô E2a-7, Đường D1 Khu Công nghệ cao, P. Long Thạnh Mỹ, TP. Thủ Đức, TP. Hồ Chí Minh",
			"Điện thoại: 028 7300 1866",
			"Email: daihocfpt@fpt.edu.vn",
			"Khu đô thị công nghệ FPT Đà Nẵng, P. Hoà Hải, Q. Ngũ Hành Sơn, TP. Đà Nẵng",
			"Điện thoại: 0236 730 1866",
			"Email: daihocfpt@fpt.edu.vn",
			"Số 600 Đường Nguyễn Văn Cừ (nối dài), P. An Bình, Q. Ninh Kiều, TP. Cần Thơ",
			"Điện thoại: 0292 730 1866",
			"Email: daihocfpt@fpt.edu.vn",
			"Khu đô thị mới An Phú Thịnh, Phường Nhơn Bình & Phường Đống Đa, TP. Quy\nNhơn, Bình Định",
			"Điện thoại: 0256 730 1866 /0256 7300 999",
			"Email: daihocfpt@fpt.edu.vn"
		],
		"label": [
			"Tìm kiếm",
			"Tìm kiếm"
		],
		"button": [
			"×",
			"Đăng ký",
			"Đóng"
		],
		"span": [
			"Trang chủ",
			"Cuộc sống tại đại học FPT",
			"Tại sao nên học tại Đại học FPT",
			"Chương trình học tập tại nước ngoài",
			"Sinh viên Kinh Tế Đại học FPT đang háo hức thực tập tại khách sạn hàng đầu Phillipines",
			"bởi",
			"Bài trước",
			"Bài trước:",
			"← Dạy học online mùa Covid-19, cô giáo tiếng Nhật xinh đẹp bỗng nổi tiếng",
			"Bài tiếp",
			"Bài tiếp:",
			"ICSCA 2020: Sinh viên ĐH FPT tham gia trình bày kết quả nghiên cứu về phương pháp phát hiện rỉ sắt trong ảnh →"
		],
		"h1": [
			"Sinh viên Kinh Tế Đại học FPT đang háo hức thực tập tại khách sạn hàng đầu Phillipines"
		],
		"time": [
			"Thứ Sáu, ngày 21 tháng 02 năm 2020",
			"21/02/2020",
			"05/02/2024",
			"05/02/2024",
			"05/02/2024",
			"02/02/2024",
			"01/02/2024"
		],
		"strong": [
			"VPH"
		],
		"em": [
			"Một khi bạn đã là sinh viên Đại học FPT thì việc bước chân ra nước ngoài và được thực tập ở những công ty lớn là điều dễ dàng. Hiện tại, các bạn sinh viên năm 3 trường F cũng đang có chuyến thực tập tại Phillipine đầy thú vị. Hãy cùng tìm hiểu xem họ đang làm gì nhé!",
			"Hình ảnh 23 thực tập sinh tham gia OJT tại Philippines.",
			"Astoria Plaza – nơi thực tập cũng như nghỉ ngơi của sinh viên FPT.",
			"Agoda.com",
			"Hình ảnh các bạn sinh viên thực tập tại Philippines.",
			"Thức ăn tại canteen và một số món ăn vặt nổi tiếng của Philippines.",
			"Hình ảnh sinh viên FPT và thực tập sinh Philippines.",
			"Hình ảnh Villa Escudero và National Museum Natural History",
			"“Ban đầu em cũng khá lo lắng khi chọn thực tập ở nước ngoài như Philippines. Sau khi qua đây, em mới cảm thấy mình lựa chọn chính xác, các anh chị hướng dẫn bên đây rất nhiệt tình giải thích các nhiệm vụ giao cho em cũng như cố gắng nói chuyện chậm hơn hoặc dùng những từ đồng nghĩa để giúp em hiểu rõ hơn về công việc. Mặc dù khoảng thời gian đầu hơi lạ lẫm, nhưng sau ba tuần làm việc em đã có thể quen với nhiều người bạn tại Philippines.”",
			"Bạn Trúc Huyền – hiện đang thực tập tại Astoria Plaza"
		],
		"h2": [
			"Điều hướng bài viết"
		],
		"h4": [
			"HÀ NỘI",
			"TP. HỒ CHÍ MINH",
			"ĐÀ NẴNG",
			"CẦN THƠ",
			"Quy Nhơn"
		],
		"h3": [
			"Đăng ký tư vấn"
		],
		"b": [
			"Hãy để lại SĐT để cán bộ nhà trường hỗ trợ bạn sớm nhất nhé"
		],
		"option": [
			"Tỉnh / Thành phố *",
			"An Giang",
			"Bà Rịa-Vũng Tàu",
			"Bắc Giang",
			"Bắc Kạn",
			"Bạc Liêu",
			"Bắc Ninh",
			"Bến Tre",
			"Bình Dương",
			"Bình Định",
			"Bình Phước",
			"Bình Thuận",
			"Cà Mau",
			"Cần Thơ",
			"Cao Bằng",
			"Cục Cảnh sát ĐKQL cư trú và DLQG về dân cư",
			"Cục Cảnh sát quản lý hành chính về trật tự xã hội",
			"Đà Nẵng",
			"Đắk Lắk",
			"Đăk Nông",
			"Điện Biên",
			"Đồng Nai",
			"Đồng Tháp",
			"Gia Lai",
			"Hà Giang",
			"Hà Nam",
			"Hà Tĩnh",
			"Hải Dương",
			"Hải Phòng",
			"Hậu Giang",
			"Hoà Bình",
			"Hưng Yên",
			"Khánh Hoà",
			"Kiên Giang",
			"Kon Tum",
			"Lai Châu",
			"Lâm Đồng",
			"Lạng Sơn",
			"Lào Cai",
			"Long An",
			"Nam Định",
			"Nghệ An",
			"Ninh Bình",
			"Ninh Thuận",
			"Phú Thọ",
			"Phú Yên",
			"Quảng Bình",
			"Quảng Nam",
			"Quảng Ngãi",
			"Quảng Ninh",
			"Quảng Trị",
			"Sóc Trăng",
			"Sơn La",
			"Tây Ninh",
			"Thái Bình",
			"Thái Nguyên",
			"Thanh Hoá",
			"Thừa Thiên - Huế",
			"Tiền Giang",
			"Trà Vinh",
			"Tuyên Quang",
			"Vĩnh Long",
			"Vĩnh Phúc",
			"Yên Bái",
			"Hà Nội",
			"TP. Hồ Chí Minh"
		]
	},
	"url": "https://daihoc.fpt.edu.vn/sinh-vien-kinh-te-dai-hoc-fpt-dang-hao-huc-thuc-tap-tai-khach-san-hang-dau-phillipines/"
}