{
	"data": {
		"title": [
			"Điểm danh những gương mặt \"hot face\" của trường F - Trường Đại học FPT"
		],
		"div": [
			"›\n\n›",
			"© 2024 Bản quyền thuộc về Trường Đại học FPT.",
			"Đăng ký tư vấn"
		],
		"a": [
			"Trường Đại học FPT",
			"Vietnamese",
			"English",
			"Trang chủ",
			"Giới thiệu",
			"Lịch sử thành lập",
			"Tập đoàn FPT",
			"Tổ chức giáo dục FPT",
			"Triết lý đào tạo",
			"Các giải thưởng và thành tích",
			"Ban lãnh đạo",
			"Gắn kết cộng đồng",
			"Tin tức",
			"Tin tức chung",
			"Hoạt động sinh viên",
			"Sự kiện",
			"Tuyển dụng",
			"Hướng nghiệp",
			"Ngành học",
			"Công nghệ thông tin",
			"Công nghệ ô tô số",
			"Kỹ thuật phần mềm",
			"Hệ thống thông tin",
			"Trí tuệ nhân tạo",
			"An toàn thông tin",
			"Thiết kế Mỹ thuật số",
			"Quản trị kinh doanh",
			"Tài chính",
			"Digital Marketing",
			"Kinh doanh quốc tế",
			"Quản lý Logistics & Chuỗi cung ứng toàn cầu",
			"Quản trị khách sạn",
			"Quản trị Du lịch và Lữ hành",
			"Công nghệ truyền thông",
			"Quản trị truyền thông đa phương tiện",
			"Quan hệ công chúng",
			"Ngôn ngữ Anh",
			"Ngôn ngữ Nhật",
			"Ngôn ngữ Hàn Quốc",
			"Ngôn ngữ Trung Quốc (Dự kiến)",
			"Đời sống sinh viên",
			"Một ngày tại Đại học FPT",
			"Vì sao nên học tại Đại học FPT",
			"Sự hài lòng của sinh viên",
			"Môi trường học tập",
			"Chương trình học linh hoạt",
			"Đời sống sinh viên",
			"Ký túc xá",
			"Các CLB & Cộng đồng sinh viên",
			"Các hoạt động thể thao trong trường",
			"Dịch vụ hỗ trợ",
			"Định hướng và khởi đầu",
			"Tốt nghiệp",
			"Câu chuyện sinh viên",
			"Hợp tác",
			"Ngành công nghiệp và doanh nghiệp",
			"Chương trình trao đổi sinh viên",
			"Chương trình học tập tại nước ngoài",
			"Hợp tác quốc tế",
			"Trao đổi sinh viên",
			"Học kỳ nước ngoài",
			"Các trường đại học đối tác",
			"Cựu sinh viên",
			"Cộng đồng cựu sinh viên",
			"Họ đang làm việc tại đâu",
			"Tuyển sinh",
			"Đề án tuyển sinh",
			"Tin tuyển sinh",
			"Liên hệ",
			"Đăng nhập",
			"Nguyễn Thị Hồng Yến",
			"Nữ sinh trường F trong tà áo dài ngày Xuân",
			"Gặp gỡ đội tuyển NGT’s OPEN ROBOT trước giải đấu FIRST Tech Challenge Vietnam",
			"Tỏa sáng với nghiên cứu khoa học, nữ sinh ĐH FPT khẳng định bản lĩnh và tài năng",
			"Phim ngắn “Thoi vàng chỉ ngọc” của SV ĐH FPT tại Cần Thơ được công chiếu ở Lotte Cinema",
			"SV trường ĐH FPT Hà Nội đón “tết trên bản” 2024",
			"Vietnamese",
			"English",
			"Facebook",
			"Youtube",
			"Tik Tok",
			"Hotline: (024)/(028) 73001866 - (0236)/(0292) 7301866"
		],
		"img": [
			"cropped cropped 2021 FPTU Long",
			"cropped cropped 2021 FPTU Long",
			"sinh vien dai hoc fpt 8",
			"sinh vien dai hoc fpt 8",
			"dai hoc fpt 1",
			"dai hoc fpt 1",
			"my duyen",
			"my duyen",
			"fpt 5",
			"fpt 5",
			"dai hoc fpt 1",
			"dai hoc fpt 1",
			"thông báo tuyển bổ sung",
			"thông báo tuyển bổ sung"
		],
		"p": [
			"Trang thông tin tuyển sinh chính thức của Trường Đại học FPT",
			"Khu Giáo dục và Đào tạo – Khu Công nghệ cao Hòa Lạc – Km29 Đại lộ Thăng Long, H. Thạch Thất,\nTP. Hà Nội",
			"Điện thoại: 024 7300 1866",
			"Email: daihocfpt@fpt.edu.vn",
			"Lô E2a-7, Đường D1 Khu Công nghệ cao, P. Long Thạnh Mỹ, TP. Thủ Đức, TP. Hồ Chí Minh",
			"Điện thoại: 028 7300 1866",
			"Email: daihocfpt@fpt.edu.vn",
			"Khu đô thị công nghệ FPT Đà Nẵng, P. Hoà Hải, Q. Ngũ Hành Sơn, TP. Đà Nẵng",
			"Điện thoại: 0236 730 1866",
			"Email: daihocfpt@fpt.edu.vn",
			"Số 600 Đường Nguyễn Văn Cừ (nối dài), P. An Bình, Q. Ninh Kiều, TP. Cần Thơ",
			"Điện thoại: 0292 730 1866",
			"Email: daihocfpt@fpt.edu.vn",
			"Khu đô thị mới An Phú Thịnh, Phường Nhơn Bình & Phường Đống Đa, TP. Quy\nNhơn, Bình Định",
			"Điện thoại: 0256 730 1866 /0256 7300 999",
			"Email: daihocfpt@fpt.edu.vn"
		],
		"label": [
			"Tìm kiếm",
			"Tìm kiếm"
		],
		"button": [
			"×",
			"Đăng ký",
			"Đóng"
		],
		"span": [
			"Trang chủ",
			"Tin tức chung",
			"Điểm danh những gương mặt “hot face” của trường F",
			"bởi",
			"Hãy cùng nhau điểm qua những gương mặt vàng trong làng “Hot face” của trường đại học FPT nhé! Các cô nàng không chỉ là gương mặt quen thuộc với hàng nghìn follow trên MXH mà còn là những thành viên năng nổ, tích cực trong các hoạt động của nhà F.",
			"Là một trong những gương mặt đang được yêu thích trong giới trẻ hiện nay – Nhật Quỳnh, cô nàng xinh đẹp với hàng trăm nghìn lượt theo dõi trên các trang mạng xã hội. Quỳnh hiện đang là sinh viên K16 ngành Thiết kế đồ họa của trường đại học FPT Đà Nẵng.",
			"Với nét đẹp đầy cá tính thể hiện qua nhiều phong cách thời trang khác nhau, mỗi bức ảnh của cô luôn thu hút được lượng lớn sự chú ý của các bạn trẻ khi sở hữu hàng ngàn lượt “like” trên mỗi bức hình.",
			"Nguyễn Minh Khuê – “nàng thơ” K15 ngành Digital Marketing FU Đà Nẵng. Cô gái nhỏ nhắn này hiện đang là thành viên của câu lạc bộ nhảy DfP Dance. Không những chăm chỉ trong học tập, Minh Khuê còn luôn năng nổ, nhiệt tình trong các hoạt động của trường, lớp.",
			"Trần Lan Hương, cô nàng với nét đẹp “sexy” thu hút mọi ánh nhìn. Sở hữu hàng chục nghìn lượt theo dõi trên các trang mạng xã hội, Lan Hương luôn “hút mắt” người nhìn với nét đẹp đầy cá tính và có phần lạnh lùng của mình. Cô nàng hiện đang theo học ngành Quản trị khách sạn tại trường đại học FPT Đà Nẵng.",
			"Như Lan – cô gái hoạt bát đầy năng động và tự tin. Là sinh viên K15 của trường F, Như Lan được biết đến với sự nhiệt tình của mình trong các hoạt động, sự kiện của trường. Vị “tiền bối” này luôn lan tỏa năng lượng tích cực và tinh thần tươi trẻ của mình cho các tân sinh viên khóa dưới trong những ngày đầu “chập chững” vào trường.",
			"Hồ Thị Lan Anh, sinh viên K16 ngành Marketing trường đại học FPT Đà Nẵng. Với nét đẹp dịu dàng, đằm thắm, Lan Anh được mệnh danh là một trong những gương mặt “vàng” của dàn trai xinh, gái đẹp trường F.",
			"Đại học FPT từ trước đến nay luôn là sự lựa chọn hàng đầu của các bạn trẻ yêu thích sự năng động, sáng tạo. Điều này được thể hiện rất rõ qua tinh thần tươi trẻ của các bạn sinh viên.  Các “cóc nhà F” không chỉ suất xắc trong việc học, mà còn xinh đẹp, tài năng, luôn mang trong mình năng lượng nhiệt huyết và đầy cá tính.",
			"Bài trước",
			"Bài trước:",
			"← Cùng cựu sinh viên ĐH FPT ôn lại kỷ niệm với cuộc thi “Reply FPTU”",
			"Bài tiếp",
			"Bài tiếp:",
			"Sunset Patio Show: Đón hoàng hôn cùng khu vườn âm nhạc cực chill tại ĐH FPT →"
		],
		"h1": [
			"Điểm danh những gương mặt “hot face” của trường F"
		],
		"time": [
			"Thứ Hai, ngày 14 tháng 06 năm 2021",
			"05/02/2024",
			"05/02/2024",
			"05/02/2024",
			"02/02/2024",
			"01/02/2024"
		],
		"strong": [
			"Nguyễn Loan"
		],
		"h2": [
			"Điều hướng bài viết"
		],
		"h4": [
			"HÀ NỘI",
			"TP. HỒ CHÍ MINH",
			"ĐÀ NẴNG",
			"CẦN THƠ",
			"Quy Nhơn"
		],
		"h3": [
			"Đăng ký tư vấn"
		],
		"b": [
			"Hãy để lại SĐT để cán bộ nhà trường hỗ trợ bạn sớm nhất nhé"
		],
		"option": [
			"Tỉnh / Thành phố *",
			"An Giang",
			"Bà Rịa-Vũng Tàu",
			"Bắc Giang",
			"Bắc Kạn",
			"Bạc Liêu",
			"Bắc Ninh",
			"Bến Tre",
			"Bình Dương",
			"Bình Định",
			"Bình Phước",
			"Bình Thuận",
			"Cà Mau",
			"Cần Thơ",
			"Cao Bằng",
			"Cục Cảnh sát ĐKQL cư trú và DLQG về dân cư",
			"Cục Cảnh sát quản lý hành chính về trật tự xã hội",
			"Đà Nẵng",
			"Đắk Lắk",
			"Đăk Nông",
			"Điện Biên",
			"Đồng Nai",
			"Đồng Tháp",
			"Gia Lai",
			"Hà Giang",
			"Hà Nam",
			"Hà Tĩnh",
			"Hải Dương",
			"Hải Phòng",
			"Hậu Giang",
			"Hoà Bình",
			"Hưng Yên",
			"Khánh Hoà",
			"Kiên Giang",
			"Kon Tum",
			"Lai Châu",
			"Lâm Đồng",
			"Lạng Sơn",
			"Lào Cai",
			"Long An",
			"Nam Định",
			"Nghệ An",
			"Ninh Bình",
			"Ninh Thuận",
			"Phú Thọ",
			"Phú Yên",
			"Quảng Bình",
			"Quảng Nam",
			"Quảng Ngãi",
			"Quảng Ninh",
			"Quảng Trị",
			"Sóc Trăng",
			"Sơn La",
			"Tây Ninh",
			"Thái Bình",
			"Thái Nguyên",
			"Thanh Hoá",
			"Thừa Thiên - Huế",
			"Tiền Giang",
			"Trà Vinh",
			"Tuyên Quang",
			"Vĩnh Long",
			"Vĩnh Phúc",
			"Yên Bái",
			"Hà Nội",
			"TP. Hồ Chí Minh"
		]
	},
	"url": "https://daihoc.fpt.edu.vn/diem-danh-nhung-guong-mat-hot-face-cua-truong-f/"
}