{
	"data": {
		"title": [
			"Cựu sinh viên ĐH FPT làm stylist, producer kiêm photographer cho loạt ngôi sao và tạp chí nổi tiếng - Trường Đại học FPT"
		],
		"div": [
			"›\n\n›",
			"© 2024 Bản quyền thuộc về Trường Đại học FPT.",
			"Đăng ký tư vấn"
		],
		"a": [
			"Trường Đại học FPT",
			"Vietnamese",
			"English",
			"Trang chủ",
			"Giới thiệu",
			"Lịch sử thành lập",
			"Tập đoàn FPT",
			"Tổ chức giáo dục FPT",
			"Triết lý đào tạo",
			"Các giải thưởng và thành tích",
			"Ban lãnh đạo",
			"Gắn kết cộng đồng",
			"Tin tức",
			"Tin tức chung",
			"Hoạt động sinh viên",
			"Sự kiện",
			"Tuyển dụng",
			"Hướng nghiệp",
			"Ngành học",
			"Công nghệ thông tin",
			"Công nghệ ô tô số",
			"Kỹ thuật phần mềm",
			"Hệ thống thông tin",
			"Trí tuệ nhân tạo",
			"An toàn thông tin",
			"Thiết kế Mỹ thuật số",
			"Quản trị kinh doanh",
			"Tài chính",
			"Digital Marketing",
			"Kinh doanh quốc tế",
			"Quản lý Logistics & Chuỗi cung ứng toàn cầu",
			"Quản trị khách sạn",
			"Quản trị Du lịch và Lữ hành",
			"Công nghệ truyền thông",
			"Quản trị truyền thông đa phương tiện",
			"Quan hệ công chúng",
			"Ngôn ngữ Anh",
			"Ngôn ngữ Nhật",
			"Ngôn ngữ Hàn Quốc",
			"Ngôn ngữ Trung Quốc (Dự kiến)",
			"Đời sống sinh viên",
			"Một ngày tại Đại học FPT",
			"Vì sao nên học tại Đại học FPT",
			"Sự hài lòng của sinh viên",
			"Môi trường học tập",
			"Chương trình học linh hoạt",
			"Đời sống sinh viên",
			"Ký túc xá",
			"Các CLB & Cộng đồng sinh viên",
			"Các hoạt động thể thao trong trường",
			"Dịch vụ hỗ trợ",
			"Định hướng và khởi đầu",
			"Tốt nghiệp",
			"Câu chuyện sinh viên",
			"Hợp tác",
			"Ngành công nghiệp và doanh nghiệp",
			"Chương trình trao đổi sinh viên",
			"Chương trình học tập tại nước ngoài",
			"Hợp tác quốc tế",
			"Trao đổi sinh viên",
			"Học kỳ nước ngoài",
			"Các trường đại học đối tác",
			"Cựu sinh viên",
			"Cộng đồng cựu sinh viên",
			"Họ đang làm việc tại đâu",
			"Tuyển sinh",
			"Đề án tuyển sinh",
			"Tin tuyển sinh",
			"Liên hệ",
			"Đăng nhập",
			"Nguyễn Thị Hồng Yến",
			"Nữ sinh trường F trong tà áo dài ngày Xuân",
			"Gặp gỡ đội tuyển NGT’s OPEN ROBOT trước giải đấu FIRST Tech Challenge Vietnam",
			"Tỏa sáng với nghiên cứu khoa học, nữ sinh ĐH FPT khẳng định bản lĩnh và tài năng",
			"Phim ngắn “Thoi vàng chỉ ngọc” của SV ĐH FPT tại Cần Thơ được công chiếu ở Lotte Cinema",
			"SV trường ĐH FPT Hà Nội đón “tết trên bản” 2024",
			"Vietnamese",
			"English",
			"Facebook",
			"Youtube",
			"Tik Tok",
			"Hotline: (024)/(028) 73001866 - (0236)/(0292) 7301866"
		],
		"img": [
			"cropped cropped 2021 FPTU Long",
			"cropped cropped 2021 FPTU Long",
			"sinh vien dai hoc fpt 8",
			"sinh vien dai hoc fpt 8",
			"dai hoc fpt 1",
			"dai hoc fpt 1",
			"my duyen",
			"my duyen",
			"fpt 5",
			"fpt 5",
			"dai hoc fpt 1",
			"dai hoc fpt 1",
			"thông báo tuyển bổ sung",
			"thông báo tuyển bổ sung"
		],
		"p": [
			"Trang thông tin tuyển sinh chính thức của Trường Đại học FPT",
			"Mới “chào sân” nhiếp ảnh chưa lâu nhưng Trịnh Trần đã ghi dấu cho mình khá nhiều thành tích ấn tượng. Thành công ở nhiều vị trí khác nhau nhưng ít ai biết anh chàng từng chật vật thế nào để theo đuổi đam mê và gắn bó với nghề từ những ngày “không ai biết mình là ai cả”.",
			"Đó là những câu hỏi mà Trịnh Trần hay nhận được từ người thân, bè bạn khi anh chàng trở thành sinh viên ngành Thiết kế đồ họa và luôn giữ tinh thần “học, học nữa, học mãi” theo cách chẳng giống ai. “Không phải xuất thân từ gia đình nghệ thuật nên việc theo đuổi con đường này với mình là một quyết định khó khăn và mạo hiểm. Bố mẹ mình cũng muốn con trai có một công việc ổn định hơn là làm nghệ thuật vì lo nghề này khó nuôi sống được bản thân. Tới tận khi nhập học ngành Thiết kế đồ họa ĐH FPT TP.HCM, nhiều người trong nhà vẫn hỏi mình “rồi đồ họa là cái gì”, không phải bác sĩ, kỹ sư hay dân công nghệ thông tin liệu ra trường có dễ tìm được việc…” – Trịnh Trần hài hước kể.",
			"Chọn con đường nghệ thuật nhưng đây lại là một thế giới quá rộng nên Trịnh Trần đã phải thử nghiệm rất nhiều để tìm được lĩnh vực phù hợp với bản thân. Từ phim ảnh, in ấn, thiết kế tới app design, cơ duyên nghề nghiệp chỉ thực sự đến với chàng trai tuổi 20 khi được học môn phụ có tên Nhiếp ảnh cơ bản. Càng tìm hiểu và tác nghiệp với chiếc máy ảnh, đặc biệt là chụp thời trang, chụp mẫu, Trịnh Trần càng say mê và nung nấu giấc mơ trở thành một nhiếp ảnh gia thời trang. Tuy nhiên, tại Việt Nam thời điểm đó chưa có một trường lớp chính quy nào dạy về nhiếp ảnh thời trang nên ngoài những kiến thức cơ bản được học ở trường, Trịnh Trần phải tự mày mò học thêm trên Internet, sách báo…",
			"Ngay cả những môn phụ như Lịch sử nghệ thuật, Triết học mỹ thuật anh chàng cũng đào sâu nghiên cứu khiến bạn bè cùng lớp phải “ố á” chẳng hiểu vì sao. Trịnh Trần bảo: “Tụi bạn hay thắc mắc chuyện môn phụ mà mình cũng học chăm nhưng đúng là không chỉ thời sinh viên mà đến tận bây giờ, mình vẫn say mê tìm đọc về lịch sử, triết học mỹ thuật. Đó đều là những kiến thức bổ trợ cho mình rất nhiều trong công việc và cả cuộc sống, giúp mình có cái nhìn rộng mở và bớt chủ quan hơn về cảm quan nghệ thuật, thời trang”.",
			"Đến với nhiếp ảnh thời trang bằng con đường tự thân vận động nên thời gian đầu lập nghiệp, Trịnh Trần không khỏi gặp khó khi “chẳng ai biết mình là ai, mượn đồ của các nhà thiết kế để stylist hay chụp thời trang đều bị từ chối”. Nhận ra đam mê và tự học thôi chưa đủ, anh chàng còn tham gia khóa đào tạo của những nhiếp ảnh gia nổi tiếng nhằm mở mang kiến thức, đầu tư loạt dự án cá nhân để khẳng định năng lực, dù chỉ là cậu sinh viên mới ra trường.",
			"Để mở rộng mối quan hệ và phát triển dự án cá nhân theo hướng cộng sinh, Trịnh Trần cũng không ngại chủ động bắt chuyện với mọi người và giới thiệu về mình tại các buổi tiệc, sự kiện thời trang lớn nhỏ. Nhiều bạn trẻ có thể ngại ngùng, gặp khó trong vấn đề giao tiếp nhưng vốn xuất thân từ ĐH FPT – Trường học của trải nghiệm nơi sinh viên nổi tiếng được trao dồi kỹ năng mềm rất tốt – nên Trịnh Trần có thể thực hiện điều đó một cách dễ dàng.",
			"Cũng nhờ những mối quan hệ này mà nhiều cơ hội tốt đã tìm đến với anh chàng, từ việc tham gia thực hiện các buổi chụp hình cho tạp chí thời trang L’Officiel Vietnam cho đến làm stylist Runway cho Umbrella Fashion, nghệ sĩ Táo, nghệ sĩ Thế Bảo. Các tác phẩm nhiếp ảnh made-by-9X còn vinh dự được triển lãm ở sự kiện Harper’s Bazaar hay UBUNTU Exhibition. Người đứng sau vai trò Film BTS cho MV Yêu Một Người Sao Buồn Đến Thế của Noo Phước Thịnh cũng chính là Trịnh Trần luôn đó!",
			"Những bức hình với màu sắc và phong cách gây ấn tượng cho người xem",
			"“Cũng có thể nói Nhiếp ảnh gia xịn = Máy ảnh xịn + Mối quan hệ xịn, vì mình đã gặp nhiều trường hợp như vậy rồi. Vấn đề nằm ở chỗ nếu bạn rất giỏi nhưng không ai biết đến bạn thì bạn sẽ không thể nào nhanh chóng thành công. Những người biết tự xây dựng thương hiệu cá nhân tốt, khiến mình nổi bật hơn nhờ gu thẩm mỹ, phong cách cá nhân, tính giải trí, tài giao tiếp, hoặc nổi tiếng ở một lĩnh vực khác rồi lấn sân… thường sẽ được nhiều người biết đến hơn và khi đó, họ nhận được nhiều giá trị cơ hội hơn, những mối quan hệ tốt giúp họ được làm nhiều dự án lớn.",
			"Trong thời đại mọi thứ đều nhanh chóng thì việc bạn tạo dựng tốt hình tượng bản thân và xây dựng mối quan hệ rộng là việc nhất định phải làm. Mình nghĩ điều này có thể được đặt ngang với kỹ thuật chuyên môn. Mình vẫn luôn tôn trọng những người tự biết quảng bá bản thân khiến mình nổi tiếng, được nhiều người biết đến, đó là một điều không hề dễ dàng, và mình cũng đang cố gắng để làm điều đó” – Trịnh Trần chia sẻ.",
			"Đánh giá cao kỹ năng mềm trong việc tạo dựng thành công nhưng cũng không thể phủ nhận, kỹ năng chuyên môn của một nhiếp ảnh gia trẻ tuổi như Trịnh Trần cũng là điều khiến nhiều người phải ngưỡng mộ",
			"Thế giới thời trang luôn thay đổi theo xu hướng, qua từng năm, từng mùa, thậm chí bất ngờ quay về phong cách xa xưa chỉ trong… phút mốt. Do đó giới nhiếp ảnh thời trang như Trịnh Trần phải là những người đặc biệt nhanh nhạy trong việc nắm bắt và tạo ra xu hướng, sáng tạo không ngừng để phù hợp với sự phát triển nhưng phải làm sao để vẫn giữ được dấu ấn của riêng mình. “Để tạo ra trending thì cần phải có kiến thức và việc nắm bắt xu hướng cũng vậy. Người làm nhiếp ảnh thời trang phải biết phán đoán xu hướng theo từng giai đoạn, có thể dựa trên những số liệu thống kê về thói quen, sở thích, lối sống, văn hoá, gen… để quyết định xem xu hướng tiếp theo là gì.",
			"Đôi khi xu hướng cũng là một yếu tố ảnh hưởng đến sự thay đổi trong các bộ hình của mình. Ngoài ra thì những yếu tố tác động khác có thể là do sự thay đổi về tuổi tác, lối suy nghĩ, ý tưởng, góc chụp… Tuy nhiên, điểm ‘cố định’ trong phong cách chụp cho các dự án cá nhân của mình trước giờ vẫn là khai thác nhân vật. Mình luôn để bản thân áp lực trong cuộc sống, nhưng là áp lực trong sự hạnh phúc. Bởi nếu không có áp lực thì bản thân sẽ dễ bằng lòng và không còn nhiệt huyết phấn đấu, dễ trở thành lạc hậu trong một thế giới mà tất cả mọi thứ đều phát triển nhanh chóng từng ngày” – Trịnh Trần cho biết.",
			"Bắt đầu sự nghiệp bằng đam mê nhưng Trịnh Trần không chỉ làm vì thích, làm cho vui mà luôn học hỏi không ngừng và đặt ra những nguyên tắc cho bản thân để làm việc một cách chỉn chu, hiệu quả nhất",
			"Kỹ năng mềm và sự chuyên nghiệp cũng là 2 trong số những từ khóa thành công của chàng nhiếp ảnh gia thời trang 9X. Theo Trịnh Trần, chuyên nghiệp trong giờ giấc, sự chuẩn bị chu đáo, tinh tế trong cách giải quyết tình huống, hành xử là những thứ cũng quan trọng không kém kỹ năng chuyên môn. “Ví dụ như nếu mình rất giỏi trong việc làm nhiếp ảnh nhưng sự chuyên nghiệp của mình không có, hay cách mình giao tiếp, ứng xử, kiểm soát cảm xúc mình không tốt thì nó cũng ảnh hưởng phần lớn đến khách hàng, ekip của mình, khiến họ không mấy thiện cảm. Các bạn cũng nên học về kỹ năng mềm vì từ trải nghiệm của bản thân, mình thấy nó cực kỳ quan trọng. Nhờ nó mà mình có cơ hội được trải nghiệm và phát triển bản thân nhiều hơn, có được các mối quan hệ xã hội tốt hơn”.",
			"Những bức hình ấn tượng được thực hiện bởi Trịnh Trần",
			"Học không bao giờ là thiếu sót, chỉ có cái tôi cao khiến mình chết dần",
			"Thành công nổi bật ở nhiều vị trí, lĩnh vực nhưng với Trịnh Trần, mỗi công việc lại mang đến cho anh chàng những giá trị riêng thú vị và vì thế, 9X sẵn sàng “học, học nữa, học mãi” chỉ cần có thời gian. “Việc phát sinh những vai trò khác của mình nằm ở việc mình thích trải nghiệm và học hỏi, ban đầu là mình thích thời trang, về cái đẹp, nên luôn học hỏi và tìm tòi các phong cách thời trang khác nhau để ứng dụng lên bản thân, làm mình đẹp hơn cũng như tìm kiếm một style phù hợp trong từng giai đoạn.",
			"Khi bắt đầu đam mê với nhiếp ảnh, nhất là về mảng thời trang thì mình càng thấy các vai trò trên đều có sự liên kết chặt chẽ với nhau. Vì thế mình muốn học càng nhiều, trải nghiệm càng nhiều thì khi làm việc mọi thứ mình đều có thể kiểm soát tốt, hoặc khi làm chung với một team thì dù trong vai trò nào thì mình cũng sẽ dễ thảo luận để đưa ra quyết định nhanh chóng” – Trịnh Trần chia sẻ.",
			"Với Trịnh Trần, học không bao giờ là đủ, và phải luôn học không ngừng nghỉ, không học cái này thì học cái khác, mục đích là để bản thân mình hoàn thiện hơn. Quan điểm của anh chàng là dù bạn có chụp ở bất cứ mảng nào (thương mại, sự kiện, chân dung, cưới, thời trang…) nhưng nếu bạn không cập nhật kiến thức cho bản thân mỗi ngày thì cũng đến lúc bạn sẽ bị lạc hậu, và sẽ không ai chi tiền để thưởng thức một tác phẩm mang giá trị thấp.",
			"“Nhấn một cái, bạn đã có ngay một bức ảnh, vậy ai cũng có thể trở thành nhiếp ảnh gia? Một xã hội ngày càng phát triển, đồng nghĩa với nhu cầu thẩm mỹ của đại chúng ngày càng cao. Việc đưa đến những tác phẩm mang giá trị nghệ thuật cao là điều hiển nhiên, còn những tác phẩm có tính thẩm mỹ thấp sẽ bị loại trừ, đó là tính cạnh tranh. Học để biết như thế nào là đẹp, là xấu, xu hướng từng giai đoạn thế nào, lịch sử đã làm được những gì, hiện tại cần phát triển điều gì, mình nghĩ không bao giờ là đủ”.",
			"Bật mí về những dự định công việc trong thời gian tới, Trịnh Trần cho biết anh chàng vẫn sẽ tiếp tục học nhiều hơn về nhiếp ảnh và nghệ thuật, thậm chí sẵn sàng xin làm phụ tá, miễn là bản thân được tiếp thu nhiều kiến thức hơn. “Hiện tại thì chúng ta đang sống cùng với dịch nên mình cũng không chắc chắn được điều gì trong tương lai, nhưng sẽ cố gắng để cho ra nhiều sản phẩm, dự án cá nhân hơn để chia sẻ góc nhìn của mình đến với mọi người” – Trịnh Trần cho biết.",
			"Khu Giáo dục và Đào tạo – Khu Công nghệ cao Hòa Lạc – Km29 Đại lộ Thăng Long, H. Thạch Thất,\nTP. Hà Nội",
			"Điện thoại: 024 7300 1866",
			"Email: daihocfpt@fpt.edu.vn",
			"Lô E2a-7, Đường D1 Khu Công nghệ cao, P. Long Thạnh Mỹ, TP. Thủ Đức, TP. Hồ Chí Minh",
			"Điện thoại: 028 7300 1866",
			"Email: daihocfpt@fpt.edu.vn",
			"Khu đô thị công nghệ FPT Đà Nẵng, P. Hoà Hải, Q. Ngũ Hành Sơn, TP. Đà Nẵng",
			"Điện thoại: 0236 730 1866",
			"Email: daihocfpt@fpt.edu.vn",
			"Số 600 Đường Nguyễn Văn Cừ (nối dài), P. An Bình, Q. Ninh Kiều, TP. Cần Thơ",
			"Điện thoại: 0292 730 1866",
			"Email: daihocfpt@fpt.edu.vn",
			"Khu đô thị mới An Phú Thịnh, Phường Nhơn Bình & Phường Đống Đa, TP. Quy\nNhơn, Bình Định",
			"Điện thoại: 0256 730 1866 /0256 7300 999",
			"Email: daihocfpt@fpt.edu.vn"
		],
		"label": [
			"Tìm kiếm",
			"Tìm kiếm"
		],
		"button": [
			"×",
			"Đăng ký",
			"Đóng"
		],
		"span": [
			"Trang chủ",
			"Tin tức chung",
			"Cựu sinh viên ĐH FPT làm stylist, producer kiêm photographer cho loạt ngôi sao và tạp chí nổi tiếng",
			"bởi",
			"Bài trước",
			"Bài trước:",
			"← Cựu sinh viên Trần Thái Sơn Beatbox: 10 năm gan lì theo đuổi nghệ thuật",
			"Bài tiếp",
			"Bài tiếp:",
			"Những trải nghiệm “xương máu” từ học kỳ nước ngoài của sinh viên đại học FPT →"
		],
		"h1": [
			"Cựu sinh viên ĐH FPT làm stylist, producer kiêm photographer cho loạt ngôi sao và tạp chí nổi tiếng"
		],
		"time": [
			"Thứ Hai, ngày 16 tháng 08 năm 2021",
			"11/05/2022",
			"05/02/2024",
			"05/02/2024",
			"05/02/2024",
			"02/02/2024",
			"01/02/2024"
		],
		"em": [
			"Trần Quang Bình (Trịnh Trần)",
			"Năm sinh: 1997",
			"Cựu sinh viên K11, ngành Thiết kế đồ họa, ĐH FPT TP.HCM",
			"Giải Nhất cuộc thi ảnh Proudly Vietnamese Photography do L’OFFICIEL Vietnam tổ chức",
			"Tham gia thực hiện nhiều bộ hình thời trang cho Tạp chí nổi tiếng L’Officiel Vietnam",
			"Làm stylist Runway cho Umbrella Fashion, nghệ sĩ Táo, nghệ sĩ Thế Bảo",
			"Các tác phẩm nhiếp ảnh của Trịnh được triển lãm ở sự kiện của tạp chí thời trang nổi tiếng Harper’s Bazaar, UBUNTU Exhibition…",
			"Film BTS cho MV Yêu một người sao buồn đến thế của Noo Phước Thịnh",
			"Trịnh Trần, cựu sinh viên ĐH FPT, người đứng sau những bộ hình thời trang nghệ thuật ấn tượng",
			"Dù còn rất trẻ nhưng Trịnh Trần đã ghi dấu ấn ở khá nhiều vai trò trong lĩnh vực nhiếp ảnh, đặc biệt là nhiếp ảnh thời trang",
			"2 bức ảnh trong bộ hình “Long Hoa” – tác phẩm đã giúp Trịnh Trần thắng giải Nhất tại cuộc thi ảnh Proudly Vietnamese Photography của tạp chí L’Officiel Vietnam Official",
			"Film BTS cho MV Yêu một người sao buồn đến thế của Noo Phước Thịnh là một trong những dự án Trịnh từng thực hiện",
			"Art nude cũng là một trong những lĩnh vực chụp tạo nhiều cảm hứng và khơi gợi những khám phá, trải nghiệm mới cho Trịnh Trần",
			"Những thử nghiệm mới lạ, đầy tính sáng tạo và nghệ thuật được Trịnh Trần gửi gắm trong các bức ảnh"
		],
		"strong": [
			"Không chỉ đứng sau những shoot hình thời thượng trên tạp chí thời trang danh tiếng, nhiếp ảnh gia 9X còn được biết đến với vai trò stylist, film BTS cho MV Vpop triệu view…",
			"“Đồ họa là cái gì?”, “Môn phụ thì cần chi mà học siêng dữ?”",
			"Thành công không chỉ đo đếm bằng khả năng chuyên môn mà còn ở kỹ năng mềm, mối quan hệ",
			"Thời trang luôn mới mẻ nên nhiếp ảnh gia thời trang phải biết cách làm mới mình",
			"Theo Kênh14"
		],
		"b": [
			"Hồ sơ “tay máy”",
			"Hãy để lại SĐT để cán bộ nhà trường hỗ trợ bạn sớm nhất nhé"
		],
		"h2": [
			"Điều hướng bài viết"
		],
		"h4": [
			"HÀ NỘI",
			"TP. HỒ CHÍ MINH",
			"ĐÀ NẴNG",
			"CẦN THƠ",
			"Quy Nhơn"
		],
		"h3": [
			"Đăng ký tư vấn"
		],
		"option": [
			"Tỉnh / Thành phố *",
			"An Giang",
			"Bà Rịa-Vũng Tàu",
			"Bắc Giang",
			"Bắc Kạn",
			"Bạc Liêu",
			"Bắc Ninh",
			"Bến Tre",
			"Bình Dương",
			"Bình Định",
			"Bình Phước",
			"Bình Thuận",
			"Cà Mau",
			"Cần Thơ",
			"Cao Bằng",
			"Cục Cảnh sát ĐKQL cư trú và DLQG về dân cư",
			"Cục Cảnh sát quản lý hành chính về trật tự xã hội",
			"Đà Nẵng",
			"Đắk Lắk",
			"Đăk Nông",
			"Điện Biên",
			"Đồng Nai",
			"Đồng Tháp",
			"Gia Lai",
			"Hà Giang",
			"Hà Nam",
			"Hà Tĩnh",
			"Hải Dương",
			"Hải Phòng",
			"Hậu Giang",
			"Hoà Bình",
			"Hưng Yên",
			"Khánh Hoà",
			"Kiên Giang",
			"Kon Tum",
			"Lai Châu",
			"Lâm Đồng",
			"Lạng Sơn",
			"Lào Cai",
			"Long An",
			"Nam Định",
			"Nghệ An",
			"Ninh Bình",
			"Ninh Thuận",
			"Phú Thọ",
			"Phú Yên",
			"Quảng Bình",
			"Quảng Nam",
			"Quảng Ngãi",
			"Quảng Ninh",
			"Quảng Trị",
			"Sóc Trăng",
			"Sơn La",
			"Tây Ninh",
			"Thái Bình",
			"Thái Nguyên",
			"Thanh Hoá",
			"Thừa Thiên - Huế",
			"Tiền Giang",
			"Trà Vinh",
			"Tuyên Quang",
			"Vĩnh Long",
			"Vĩnh Phúc",
			"Yên Bái",
			"Hà Nội",
			"TP. Hồ Chí Minh"
		]
	},
	"url": "https://daihoc.fpt.edu.vn/cuu-sinh-vien-dh-fpt-lam-stylist-producer-kiem-photographer-cho-loat-ngoi-sao-va-tap-chi-noi-tieng/"
}