{
	"data": {
		"title": [
			"Ghé thăm ký túc xá đại học đẹp nhất nhì Việt Nam, nơi sinh viên hưởng cuộc sống chẳng khác gì ở khách sạn - Trường Đại học FPT"
		],
		"div": [
			"›\n\n›\n\n›\n\n›",
			"© 2024 Bản quyền thuộc về Trường Đại học FPT.",
			"Đăng ký tư vấn"
		],
		"a": [
			"Trường Đại học FPT",
			"Vietnamese",
			"English",
			"Trang chủ",
			"Giới thiệu",
			"Lịch sử thành lập",
			"Tập đoàn FPT",
			"Tổ chức giáo dục FPT",
			"Triết lý đào tạo",
			"Các giải thưởng và thành tích",
			"Ban lãnh đạo",
			"Gắn kết cộng đồng",
			"Tin tức",
			"Tin tức chung",
			"Hoạt động sinh viên",
			"Sự kiện",
			"Tuyển dụng",
			"Hướng nghiệp",
			"Ngành học",
			"Công nghệ thông tin",
			"Công nghệ ô tô số",
			"Kỹ thuật phần mềm",
			"Hệ thống thông tin",
			"Trí tuệ nhân tạo",
			"An toàn thông tin",
			"Thiết kế Mỹ thuật số",
			"Quản trị kinh doanh",
			"Tài chính",
			"Digital Marketing",
			"Kinh doanh quốc tế",
			"Quản lý Logistics & Chuỗi cung ứng toàn cầu",
			"Quản trị khách sạn",
			"Quản trị Du lịch và Lữ hành",
			"Công nghệ truyền thông",
			"Quản trị truyền thông đa phương tiện",
			"Quan hệ công chúng",
			"Ngôn ngữ Anh",
			"Ngôn ngữ Nhật",
			"Ngôn ngữ Hàn Quốc",
			"Ngôn ngữ Trung Quốc (Dự kiến)",
			"Đời sống sinh viên",
			"Một ngày tại Đại học FPT",
			"Vì sao nên học tại Đại học FPT",
			"Sự hài lòng của sinh viên",
			"Môi trường học tập",
			"Chương trình học linh hoạt",
			"Đời sống sinh viên",
			"Ký túc xá",
			"Các CLB & Cộng đồng sinh viên",
			"Các hoạt động thể thao trong trường",
			"Dịch vụ hỗ trợ",
			"Định hướng và khởi đầu",
			"Tốt nghiệp",
			"Câu chuyện sinh viên",
			"Hợp tác",
			"Ngành công nghiệp và doanh nghiệp",
			"Chương trình trao đổi sinh viên",
			"Chương trình học tập tại nước ngoài",
			"Hợp tác quốc tế",
			"Trao đổi sinh viên",
			"Học kỳ nước ngoài",
			"Các trường đại học đối tác",
			"Cựu sinh viên",
			"Cộng đồng cựu sinh viên",
			"Họ đang làm việc tại đâu",
			"Tuyển sinh",
			"Đề án tuyển sinh",
			"Tin tuyển sinh",
			"Liên hệ",
			"Đăng nhập",
			"Phạm Thị Phương",
			"Kenh14",
			"Nữ sinh trường F trong tà áo dài ngày Xuân",
			"Gặp gỡ đội tuyển NGT’s OPEN ROBOT trước giải đấu FIRST Tech Challenge Vietnam",
			"Tỏa sáng với nghiên cứu khoa học, nữ sinh ĐH FPT khẳng định bản lĩnh và tài năng",
			"Phim ngắn “Thoi vàng chỉ ngọc” của SV ĐH FPT tại Cần Thơ được công chiếu ở Lotte Cinema",
			"SV trường ĐH FPT Hà Nội đón “tết trên bản” 2024",
			"Vietnamese",
			"English",
			"Facebook",
			"Youtube",
			"Tik Tok",
			"Hotline: (024)/(028) 73001866 - (0236)/(0292) 7301866"
		],
		"img": [
			"cropped cropped 2021 FPTU Long",
			"cropped cropped 2021 FPTU Long",
			"sinh vien dai hoc fpt 8",
			"sinh vien dai hoc fpt 8",
			"dai hoc fpt 1",
			"dai hoc fpt 1",
			"my duyen",
			"my duyen",
			"fpt 5",
			"fpt 5",
			"dai hoc fpt 1",
			"dai hoc fpt 1",
			"thông báo tuyển bổ sung",
			"thông báo tuyển bổ sung"
		],
		"p": [
			"Trang thông tin tuyển sinh chính thức của Trường Đại học FPT",
			"Nằm ở Hòa Lạc, các trung tâm thành phố khoảng 30km, Trường Đại học FPT như 1 khu resort đích thực khi kiến trúc xịn sò, quang cảnh tuyệt đẹp và đặc biệt là siêu yên tĩnh. Nếu như sinh viên các trường bị ám ảnh bởi cuộc sống ở những khu ký túc xá cũ đầy tối tăm, chật hẹp thì sinh viên FPT lại rất tự hào và hãnh diện vì cuộc sống sinh viên nơi đây sướng hơn cả ở khách sạn.",
			"Khu Giáo dục và Đào tạo – Khu Công nghệ cao Hòa Lạc – Km29 Đại lộ Thăng Long, H. Thạch Thất,\nTP. Hà Nội",
			"Điện thoại: 024 7300 1866",
			"Email: daihocfpt@fpt.edu.vn",
			"Lô E2a-7, Đường D1 Khu Công nghệ cao, P. Long Thạnh Mỹ, TP. Thủ Đức, TP. Hồ Chí Minh",
			"Điện thoại: 028 7300 1866",
			"Email: daihocfpt@fpt.edu.vn",
			"Khu đô thị công nghệ FPT Đà Nẵng, P. Hoà Hải, Q. Ngũ Hành Sơn, TP. Đà Nẵng",
			"Điện thoại: 0236 730 1866",
			"Email: daihocfpt@fpt.edu.vn",
			"Số 600 Đường Nguyễn Văn Cừ (nối dài), P. An Bình, Q. Ninh Kiều, TP. Cần Thơ",
			"Điện thoại: 0292 730 1866",
			"Email: daihocfpt@fpt.edu.vn",
			"Khu đô thị mới An Phú Thịnh, Phường Nhơn Bình & Phường Đống Đa, TP. Quy\nNhơn, Bình Định",
			"Điện thoại: 0256 730 1866 /0256 7300 999",
			"Email: daihocfpt@fpt.edu.vn"
		],
		"label": [
			"Tìm kiếm",
			"Tìm kiếm"
		],
		"button": [
			"×",
			"Đăng ký",
			"Đóng"
		],
		"span": [
			"Trang chủ",
			"Cuộc sống tại đại học FPT",
			"Đời sống sinh viên",
			"Ký túc xá",
			"Ghé thăm ký túc xá đại học đẹp nhất nhì Việt Nam, nơi sinh viên hưởng cuộc sống chẳng khác gì ở khách sạn",
			"bởi",
			"Bài trước",
			"Bài trước:",
			"← Hơn 2.000 môn sinh K14 sẵn sàng xác lập kỷ lục Vovinam",
			"Bài tiếp",
			"Bài tiếp:",
			"Hội Thảo “Inside out – Từ cảm xúc đến hành động” dành cho sinh viên →"
		],
		"h1": [
			"Ghé thăm ký túc xá đại học đẹp nhất nhì Việt Nam, nơi sinh viên hưởng cuộc sống chẳng khác gì ở khách sạn"
		],
		"time": [
			"Chủ Nhật, ngày 04 tháng 11 năm 2018",
			"04/07/2022",
			"05/02/2024",
			"05/02/2024",
			"05/02/2024",
			"02/02/2024",
			"01/02/2024"
		],
		"strong": [
			"Trường Đại học FPT với kiến trúc xanh và không gian như một khu resort sang xịn mịn cùng hàng loạt góc sống ảo đẹp không góc chết. Và ký túc xá sinh viên thì được trang hoàng chả khác gì khách sạn luôn.",
			"Theo"
		],
		"figcaption": [
			"Đại học FPT có 6 khối nhà KTX (tương ứng 6 DOM): A, B, C,D, E, F.",
			"Mỗi tòa ký túc xá gồm 5-6 tầng.",
			"Khuôn viên xung quanh rất nhiều cây xanh, thảm cỏ",
			"Một chú mèo dễ thương sống cùng sinh viên trong ký túc xá",
			"Cuộc sống của sinh viên ở đây yên bình",
			"Khu canteen siêu rộng, siêu đẹp, siêu sạch sẽ. Lên hình càng ảo hơn với những chiếc ghế sắc màu",
			"Giá mỗi bữa ăn cũng chỉ dao động từ 20 đến 30k, rất phù hợp với túi tiền sinh viên.",
			"Phòng tập gym đầy tiện nghi",
			"Mỗi tầng của các tòa ký túc xá đều có những khu vực cho sinh viên ngồi tán gẫu, tâm sự hay học bài như thế này",
			"Bề ngoài sạch đẹp đã đành, bên trong cũng vô cùng ngăn nắp, gọn gàng",
			"Các phòng đều có sẵn tủ cho sinh viên để đồ",
			"Mỗi phòng sẽ ở từ 4 đến 8 người. Chăn ga gối nệm trong phòng cũng được sinh viên đồng bộ như thế này",
			"Máy bán nước tự động ngay trong ký túc xá, chẳng cần đi đâu xa cũng có đủ loại nước giải khát",
			"Tuy được xây dựng khá lâu nhưng các tòa ký túc xá vẫn còn mới và đẹp",
			"Phía sau các tòa nhà là cầu thang sắt giúp sinh viên các tầng trên dễ dàng leo xuống đất khi có hỏa hoạn xảy ra.",
			"Phòng của bác bảo vệ ngay dưới tầng 1",
			"Ở đây còn có phòng khám, có vấn đề gì sức khỏe là các bạn sinh viên được tư vấn nhiệt tình, thăm khám kỹ lưỡng",
			"Bàn ghế, tường trong ký túc xá đều mang màu da cam, màu đặc trưng của FPT",
			"Sân bóng đá siêu rộng",
			"Cuộc sống bên  trong KTX"
		],
		"h2": [
			"Điều hướng bài viết"
		],
		"h4": [
			"HÀ NỘI",
			"TP. HỒ CHÍ MINH",
			"ĐÀ NẴNG",
			"CẦN THƠ",
			"Quy Nhơn"
		],
		"h3": [
			"Đăng ký tư vấn"
		],
		"b": [
			"Hãy để lại SĐT để cán bộ nhà trường hỗ trợ bạn sớm nhất nhé"
		],
		"option": [
			"Tỉnh / Thành phố *",
			"An Giang",
			"Bà Rịa-Vũng Tàu",
			"Bắc Giang",
			"Bắc Kạn",
			"Bạc Liêu",
			"Bắc Ninh",
			"Bến Tre",
			"Bình Dương",
			"Bình Định",
			"Bình Phước",
			"Bình Thuận",
			"Cà Mau",
			"Cần Thơ",
			"Cao Bằng",
			"Cục Cảnh sát ĐKQL cư trú và DLQG về dân cư",
			"Cục Cảnh sát quản lý hành chính về trật tự xã hội",
			"Đà Nẵng",
			"Đắk Lắk",
			"Đăk Nông",
			"Điện Biên",
			"Đồng Nai",
			"Đồng Tháp",
			"Gia Lai",
			"Hà Giang",
			"Hà Nam",
			"Hà Tĩnh",
			"Hải Dương",
			"Hải Phòng",
			"Hậu Giang",
			"Hoà Bình",
			"Hưng Yên",
			"Khánh Hoà",
			"Kiên Giang",
			"Kon Tum",
			"Lai Châu",
			"Lâm Đồng",
			"Lạng Sơn",
			"Lào Cai",
			"Long An",
			"Nam Định",
			"Nghệ An",
			"Ninh Bình",
			"Ninh Thuận",
			"Phú Thọ",
			"Phú Yên",
			"Quảng Bình",
			"Quảng Nam",
			"Quảng Ngãi",
			"Quảng Ninh",
			"Quảng Trị",
			"Sóc Trăng",
			"Sơn La",
			"Tây Ninh",
			"Thái Bình",
			"Thái Nguyên",
			"Thanh Hoá",
			"Thừa Thiên - Huế",
			"Tiền Giang",
			"Trà Vinh",
			"Tuyên Quang",
			"Vĩnh Long",
			"Vĩnh Phúc",
			"Yên Bái",
			"Hà Nội",
			"TP. Hồ Chí Minh"
		]
	},
	"url": "https://daihoc.fpt.edu.vn/ghe-tham-ky-tuc-xa-dai-hoc-dep-nhat-nhi-viet-nam-noi-sinh-vien-huong-cuoc-song-chang-khac-gi-o-khach-san/"
}