{
	"data": {
		"title": [
			"Nghệ sĩ Lan Phương đốn tim khán giả FTS6 - Trường Đại học FPT"
		],
		"div": [
			"›\n\n›",
			"© 2024 Bản quyền thuộc về Trường Đại học FPT.",
			"Đăng ký tư vấn"
		],
		"a": [
			"Trường Đại học FPT",
			"Vietnamese",
			"English",
			"Trang chủ",
			"Giới thiệu",
			"Lịch sử thành lập",
			"Tập đoàn FPT",
			"Tổ chức giáo dục FPT",
			"Triết lý đào tạo",
			"Các giải thưởng và thành tích",
			"Ban lãnh đạo",
			"Gắn kết cộng đồng",
			"Tin tức",
			"Tin tức chung",
			"Hoạt động sinh viên",
			"Sự kiện",
			"Tuyển dụng",
			"Hướng nghiệp",
			"Ngành học",
			"Công nghệ thông tin",
			"Công nghệ ô tô số",
			"Kỹ thuật phần mềm",
			"Hệ thống thông tin",
			"Trí tuệ nhân tạo",
			"An toàn thông tin",
			"Thiết kế Mỹ thuật số",
			"Quản trị kinh doanh",
			"Tài chính",
			"Digital Marketing",
			"Kinh doanh quốc tế",
			"Quản lý Logistics & Chuỗi cung ứng toàn cầu",
			"Quản trị khách sạn",
			"Quản trị Du lịch và Lữ hành",
			"Công nghệ truyền thông",
			"Quản trị truyền thông đa phương tiện",
			"Quan hệ công chúng",
			"Ngôn ngữ Anh",
			"Ngôn ngữ Nhật",
			"Ngôn ngữ Hàn Quốc",
			"Ngôn ngữ Trung Quốc (Dự kiến)",
			"Đời sống sinh viên",
			"Một ngày tại Đại học FPT",
			"Vì sao nên học tại Đại học FPT",
			"Sự hài lòng của sinh viên",
			"Môi trường học tập",
			"Chương trình học linh hoạt",
			"Đời sống sinh viên",
			"Ký túc xá",
			"Các CLB & Cộng đồng sinh viên",
			"Các hoạt động thể thao trong trường",
			"Dịch vụ hỗ trợ",
			"Định hướng và khởi đầu",
			"Tốt nghiệp",
			"Câu chuyện sinh viên",
			"Hợp tác",
			"Ngành công nghiệp và doanh nghiệp",
			"Chương trình trao đổi sinh viên",
			"Chương trình học tập tại nước ngoài",
			"Hợp tác quốc tế",
			"Trao đổi sinh viên",
			"Học kỳ nước ngoài",
			"Các trường đại học đối tác",
			"Cựu sinh viên",
			"Cộng đồng cựu sinh viên",
			"Họ đang làm việc tại đâu",
			"Tuyển sinh",
			"Đề án tuyển sinh",
			"Tin tuyển sinh",
			"Liên hệ",
			"Đăng nhập",
			"Phạm Thị Phương",
			"Nữ sinh trường F trong tà áo dài ngày Xuân",
			"Gặp gỡ đội tuyển NGT’s OPEN ROBOT trước giải đấu FIRST Tech Challenge Vietnam",
			"Tỏa sáng với nghiên cứu khoa học, nữ sinh ĐH FPT khẳng định bản lĩnh và tài năng",
			"Phim ngắn “Thoi vàng chỉ ngọc” của SV ĐH FPT tại Cần Thơ được công chiếu ở Lotte Cinema",
			"SV trường ĐH FPT Hà Nội đón “tết trên bản” 2024",
			"Vietnamese",
			"English",
			"Facebook",
			"Youtube",
			"Tik Tok",
			"Hotline: (024)/(028) 73001866 - (0236)/(0292) 7301866"
		],
		"img": [
			"cropped cropped 2021 FPTU Long",
			"cropped cropped 2021 FPTU Long",
			"sinh vien dai hoc fpt 8",
			"sinh vien dai hoc fpt 8",
			"dai hoc fpt 1",
			"dai hoc fpt 1",
			"my duyen",
			"my duyen",
			"fpt 5",
			"fpt 5",
			"dai hoc fpt 1",
			"dai hoc fpt 1",
			"thông báo tuyển bổ sung",
			"thông báo tuyển bổ sung"
		],
		"p": [
			"Trang thông tin tuyển sinh chính thức của Trường Đại học FPT",
			"Cùng với 2 nam giám khảo: Nghệ sĩ Hà Lê và Vũ công Duc Viet aka Vitden, nữ nghệ sĩ Lan Phương đã giúp chương trình tìm ra quán quân FPTU Talent Show 6. Xuất hiện trước đông đảo khán giả, phần đông là sinh viên Đại học FPT nghệ sĩ, diễn viên Lan Phương ghi điểm không chỉ ở gương mặt điện ảnh, sự gần gũi, đáng yêu mà còn là ở những nhận xét chuyên môn, những chia sẻ kinh nghiệm trong nghề của mình.",
			"Xuất hiện từ khá sớm, Nghệ sĩ Lan Phương vui vẻ và thân thiện check-in. Vẻ đẹp rạng rỡ của chị được cho là có phần trẻ trung hơn so với trên màn ảnh nhỏ.",
			"Lan Phương nổi tiếng là nghệ sĩ đa tài, thông minh và xinh đẹp trong làng giải trí Việt, được khán giả yêu thích qua các vai: Mai Lan trong bộ phim “Cô gái xấu xí”, Vện trong “Thiên thần áo trắng”, nàng dâu đanh đá Diệu trong “Cả một đời ân oán” và mới nhất là Lam Lam của “Nàng dâu Order”,..vv.",
			"Tới đêm Chung kết, nữ nghệ sĩ cảm thấy rất bất ngờ đối với tài năng của các thí sinh FTS6. Với kinh nghiệm lâu năm trong nghề, ngoài những nhận xét chuyên môn, chị còn gửi gắm những tâm sự, chia sẻ những câu chuyện của chính mình khi lúc lên sân khấu, hay sẵn sàng hỗ trợ dàn dựng sân khấu giúp thí sinh nếu các bạn cần.“Giá như chị được dàn dựng biên đạo cho các em tiết mục này. Chị ngồi ở đây xem các em biểu diễn mà vừa nghĩ nếu mình dàn dựng sẽ là cảnh gì tiết theo, sân khấu sẽ ra sao, các em sẽ diễn thế nào. Chị sẽ giúp các em khai thác câu chuyện tốt hơn, sẽ xoáy sâu vào câu chuyện tình mẹ hơn nữa” -Nghệ sĩ chia sẻ với vở nhạc kịch “con nhớ mẹ”của nhóm FTIC the OCEAN.",
			"Chị cũng không quên dành những lời động viên và những lời khen có cánh cho tiết mục của các thí sinh.",
			"“Mình cảm thấy rất vui và vinh dự khi được gặp mặt và làm việc cùng chị Lan Phương tại đêm chung kết chương trình FPTU Talent Show lần thứ 6 này. Khi tiếp xúc với chị thì mình cảm thấy chị là một người dễ gần, thân thiện và đặc biệt là nhìn chị ngoài đời thật xinh hơn trên màn ảnh nhỏ rất nhiều. Mình cảm thấy may mắn khi được gặp gỡ những người nổi tiếng trong giới làm nghệ thuật như chị Lan Phương.” Bạn Thanh Kỳ chia sẻ.",
			"Với sự đánh giá công tâm đến từ bộ ba Ban Giám Khảo tại Vòng Chung Kết đã giúp FPTU Talent Show tìm được chủ nhân của những ngôi vị cao nhất tại cuộc thi.",
			"Khu Giáo dục và Đào tạo – Khu Công nghệ cao Hòa Lạc – Km29 Đại lộ Thăng Long, H. Thạch Thất,\nTP. Hà Nội",
			"Điện thoại: 024 7300 1866",
			"Email: daihocfpt@fpt.edu.vn",
			"Lô E2a-7, Đường D1 Khu Công nghệ cao, P. Long Thạnh Mỹ, TP. Thủ Đức, TP. Hồ Chí Minh",
			"Điện thoại: 028 7300 1866",
			"Email: daihocfpt@fpt.edu.vn",
			"Khu đô thị công nghệ FPT Đà Nẵng, P. Hoà Hải, Q. Ngũ Hành Sơn, TP. Đà Nẵng",
			"Điện thoại: 0236 730 1866",
			"Email: daihocfpt@fpt.edu.vn",
			"Số 600 Đường Nguyễn Văn Cừ (nối dài), P. An Bình, Q. Ninh Kiều, TP. Cần Thơ",
			"Điện thoại: 0292 730 1866",
			"Email: daihocfpt@fpt.edu.vn",
			"Khu đô thị mới An Phú Thịnh, Phường Nhơn Bình & Phường Đống Đa, TP. Quy\nNhơn, Bình Định",
			"Điện thoại: 0256 730 1866 /0256 7300 999",
			"Email: daihocfpt@fpt.edu.vn"
		],
		"label": [
			"Tìm kiếm",
			"Tìm kiếm"
		],
		"button": [
			"×",
			"Đăng ký",
			"Đóng"
		],
		"span": [
			"Trang chủ",
			"Tin tức chung",
			"Nghệ sĩ Lan Phương đốn tim khán giả FTS6",
			"bởi",
			"Bài trước",
			"Bài trước:",
			"← Tháng Rèn luyện tập trung: Khoảng thanh xuân không thể quay lại",
			"Bài tiếp",
			"Bài tiếp:",
			"Sinh viên Đại học FPT thích thú trải nghiệm sáng tạo với công nghệ thực tế ảo VR →"
		],
		"h1": [
			"Nghệ sĩ Lan Phương đốn tim khán giả FTS6"
		],
		"time": [
			"Thứ Tư, ngày 06 tháng 11 năm 2019",
			"06/11/2019",
			"05/02/2024",
			"05/02/2024",
			"05/02/2024",
			"02/02/2024",
			"01/02/2024"
		],
		"strong": [
			"Xinh đẹp, trẻ trung, nhiệt tình, đáng yêu là cảm nhận của nhiều người về Nghệ sĩ, diễn viên Lan Phương khi cô xuất hiện tại Đêm Chung Kết FPTU Talent Show mùa 6.",
			"Phương Hoa",
			"Ảnh: BTC"
		],
		"em": [
			"Nghệ sĩ Lan Phương rạng ngời tại FTS6",
			"Chị ghi điểm ở sự thân thiện, gần gũi",
			"Nữ diễn viên vui vẻ chụp ảnh lưu niệm cùng các nhóm thí sinh và thành viên BTC."
		],
		"h2": [
			"Điều hướng bài viết"
		],
		"h4": [
			"HÀ NỘI",
			"TP. HỒ CHÍ MINH",
			"ĐÀ NẴNG",
			"CẦN THƠ",
			"Quy Nhơn"
		],
		"h3": [
			"Đăng ký tư vấn"
		],
		"b": [
			"Hãy để lại SĐT để cán bộ nhà trường hỗ trợ bạn sớm nhất nhé"
		],
		"option": [
			"Tỉnh / Thành phố *",
			"An Giang",
			"Bà Rịa-Vũng Tàu",
			"Bắc Giang",
			"Bắc Kạn",
			"Bạc Liêu",
			"Bắc Ninh",
			"Bến Tre",
			"Bình Dương",
			"Bình Định",
			"Bình Phước",
			"Bình Thuận",
			"Cà Mau",
			"Cần Thơ",
			"Cao Bằng",
			"Cục Cảnh sát ĐKQL cư trú và DLQG về dân cư",
			"Cục Cảnh sát quản lý hành chính về trật tự xã hội",
			"Đà Nẵng",
			"Đắk Lắk",
			"Đăk Nông",
			"Điện Biên",
			"Đồng Nai",
			"Đồng Tháp",
			"Gia Lai",
			"Hà Giang",
			"Hà Nam",
			"Hà Tĩnh",
			"Hải Dương",
			"Hải Phòng",
			"Hậu Giang",
			"Hoà Bình",
			"Hưng Yên",
			"Khánh Hoà",
			"Kiên Giang",
			"Kon Tum",
			"Lai Châu",
			"Lâm Đồng",
			"Lạng Sơn",
			"Lào Cai",
			"Long An",
			"Nam Định",
			"Nghệ An",
			"Ninh Bình",
			"Ninh Thuận",
			"Phú Thọ",
			"Phú Yên",
			"Quảng Bình",
			"Quảng Nam",
			"Quảng Ngãi",
			"Quảng Ninh",
			"Quảng Trị",
			"Sóc Trăng",
			"Sơn La",
			"Tây Ninh",
			"Thái Bình",
			"Thái Nguyên",
			"Thanh Hoá",
			"Thừa Thiên - Huế",
			"Tiền Giang",
			"Trà Vinh",
			"Tuyên Quang",
			"Vĩnh Long",
			"Vĩnh Phúc",
			"Yên Bái",
			"Hà Nội",
			"TP. Hồ Chí Minh"
		]
	},
	"url": "https://daihoc.fpt.edu.vn/nghe-si-lan-phuong-don-tim-khan-gia-fts6/"
}