{
	"data": {
		"title": [
			"Tra cứu Lịch thi tiếng Anh đầu vào khoá 19 ĐH FPT Hà Nội"
		],
		"a": [
			"Xem hướng dẫn"
		],
		"img": [
			"logo",
			"logo"
		],
		"h3": [
			"Tra cứu Lịch thi tiếng Anh đầu vào khoá 19 ĐH FPT Hà Nội",
			"Hướng dẫn trước khi thi"
		],
		"strong": [
			"Sinh viên nhập mã sinh viên để tra cứu"
		],
		"label": [
			"Mã sinh viên/Căn cước công dân/Chứng minh nhân dân*:"
		],
		"button": [
			"Tìm kiếm"
		],
		"p": [
			"Thi Placement Test: bao gồm 4 kỹ năng: Đọc + Từ vựng và Ngữ pháp + Viết + Nghe.",
			"Sinh viên cần thi trên máy tính có cài hệ điều hành Windows, hệ điều hành khác không thi được."
		],
		"h4": [
			"Hướng dẫn thi thử trên phần mềm EOS"
		],
		"span": [
			"© 2022 FPT University. All Rights Reserved"
		]
	},
	"url": "https://daihoc.fpt.edu.vn/tra-cuu-lich-thi-tieng-anh-dau-vao-khoa-19-dh-fpt-ha-noi/"
}