{
	"data": {
		"title": [
			"Lãnh đạo Tỉnh Thái Nguyên thăm và làm việc tại Đại học FPT - Trường Đại học FPT"
		],
		"div": [
			"›\n\n›",
			"© 2024 Bản quyền thuộc về Trường Đại học FPT.",
			"Đăng ký tư vấn"
		],
		"a": [
			"Trường Đại học FPT",
			"Vietnamese",
			"English",
			"Trang chủ",
			"Giới thiệu",
			"Lịch sử thành lập",
			"Tập đoàn FPT",
			"Tổ chức giáo dục FPT",
			"Triết lý đào tạo",
			"Các giải thưởng và thành tích",
			"Ban lãnh đạo",
			"Gắn kết cộng đồng",
			"Tin tức",
			"Tin tức chung",
			"Hoạt động sinh viên",
			"Sự kiện",
			"Tuyển dụng",
			"Hướng nghiệp",
			"Ngành học",
			"Công nghệ thông tin",
			"Công nghệ ô tô số",
			"Kỹ thuật phần mềm",
			"Hệ thống thông tin",
			"Trí tuệ nhân tạo",
			"An toàn thông tin",
			"Thiết kế Mỹ thuật số",
			"Quản trị kinh doanh",
			"Tài chính",
			"Digital Marketing",
			"Kinh doanh quốc tế",
			"Quản lý Logistics & Chuỗi cung ứng toàn cầu",
			"Quản trị khách sạn",
			"Quản trị Du lịch và Lữ hành",
			"Công nghệ truyền thông",
			"Quản trị truyền thông đa phương tiện",
			"Quan hệ công chúng",
			"Ngôn ngữ Anh",
			"Ngôn ngữ Nhật",
			"Ngôn ngữ Hàn Quốc",
			"Ngôn ngữ Trung Quốc (Dự kiến)",
			"Đời sống sinh viên",
			"Một ngày tại Đại học FPT",
			"Vì sao nên học tại Đại học FPT",
			"Sự hài lòng của sinh viên",
			"Môi trường học tập",
			"Chương trình học linh hoạt",
			"Đời sống sinh viên",
			"Ký túc xá",
			"Các CLB & Cộng đồng sinh viên",
			"Các hoạt động thể thao trong trường",
			"Dịch vụ hỗ trợ",
			"Định hướng và khởi đầu",
			"Tốt nghiệp",
			"Câu chuyện sinh viên",
			"Hợp tác",
			"Ngành công nghiệp và doanh nghiệp",
			"Chương trình trao đổi sinh viên",
			"Chương trình học tập tại nước ngoài",
			"Hợp tác quốc tế",
			"Trao đổi sinh viên",
			"Học kỳ nước ngoài",
			"Các trường đại học đối tác",
			"Cựu sinh viên",
			"Cộng đồng cựu sinh viên",
			"Họ đang làm việc tại đâu",
			"Tuyển sinh",
			"Đề án tuyển sinh",
			"Tin tuyển sinh",
			"Liên hệ",
			"Đăng nhập",
			"tuananh",
			"Nữ sinh trường F trong tà áo dài ngày Xuân",
			"Gặp gỡ đội tuyển NGT’s OPEN ROBOT trước giải đấu FIRST Tech Challenge Vietnam",
			"Tỏa sáng với nghiên cứu khoa học, nữ sinh ĐH FPT khẳng định bản lĩnh và tài năng",
			"Phim ngắn “Thoi vàng chỉ ngọc” của SV ĐH FPT tại Cần Thơ được công chiếu ở Lotte Cinema",
			"SV trường ĐH FPT Hà Nội đón “tết trên bản” 2024",
			"Vietnamese",
			"English",
			"Facebook",
			"Youtube",
			"Tik Tok",
			"Hotline: (024)/(028) 73001866 - (0236)/(0292) 7301866"
		],
		"img": [
			"cropped cropped 2021 FPTU Long",
			"cropped cropped 2021 FPTU Long",
			"sinh vien dai hoc fpt 8",
			"sinh vien dai hoc fpt 8",
			"dai hoc fpt 1",
			"dai hoc fpt 1",
			"my duyen",
			"my duyen",
			"fpt 5",
			"fpt 5",
			"dai hoc fpt 1",
			"dai hoc fpt 1",
			"thông báo tuyển bổ sung",
			"thông báo tuyển bổ sung"
		],
		"p": [
			"Trang thông tin tuyển sinh chính thức của Trường Đại học FPT",
			"Sáng ngày 20/4/2016, đoàn lãnh đạo Tỉnh Thái Nguyên đã có chuyến thăm quan và làm việc với Đại diện của Trường Đại học FPT. Chuyến công tác nằm trong hoạt động nhằm xác định định hướng phát triển Giáo dục và Đào tạo giai đoạn 2016 – 2020, tầm nhìn đến năm 2030 của tỉnh Thái Nguyên, trong đó tìm hiểu kinh nghiệm xây dựng mô hình phát triển và đào tạo của Trường Đại học FPT trong giai đoạn mới.",
			"Tham dự chuyến thăm quan, làm việc có TS. Trịnh Việt Hùng – Phó Chủ tịch UBND Tỉnh Thái Nguyên, GS.TS Đặng Kim Vui – Giám đốc Đại học Thái Nguyên, PGS.TS Phạm Việt Đức – Giám đốc Sở Giáo dục và Đào tạo, đồng chí Hoàng Thái Cương – Giám đốc Sở Kế hoạch & Đầu tư và đại diện lãnh đạo và phóng viên Đài phát thanh – Truyền hình Tỉnh Thái Nguyên. Từ phía Trường Đại học FPT, tiếp đón đoàn tỉnh Thái Nguyên có Chủ tịch Hội đồng quản trị – TS. Lê Trường Tùng, ban Giám hiệu và đại diện các phòng ban chuyên môn của Trường Đại học FPT.",
			"Trong buổi trò chuyện, Đại diện Hội đồng quản trị Trường Đại học FPT – TS. Lê Trường Tùng điểm lại về những thành quả đã đạt được và các dự án đang triển khai trong thời gian gần đây của Trường Đại học FPT, đồng thời chia sẻ về triết lý đào tạo và hướng phát triển của trường, những khác biệt đối với ngành học, những thế mạnh của Đại học FPT trong chương trình đào tạo dành cho sinh viên. “” – GS.TS Đặng Kim Vui, Giám đốc Đại học Thái Nguyên bày tỏ.",
			"Bên cạnh đó, lãnh đạo tỉnh Thái Nguyên cũng chia sẻ về những thách thức và hướng đi mới trong vấn đề giáo dục và đào tạo của tỉnh. Tỉnh Thái Nguyên là một trong những tỉnh có số lượng trường đại học, cao đẳng nhiều nhất trên cả nước, với lượng sinh viên của hơn 20 tỉnh thành trên cả nước cư trú và học tập. Trong giai đoạn hiện nay, tỉnh Thái Nguyên triển khai hướng phát triển giáo dục, đào tạo tập trung vào các ngành khoa học công nghệ chất lượng cao.",
			"Buổi giao lưu, làm việc của lãnh đạo tỉnh Thái Nguyên tại Trường Đại học FPT kết thúc tốt đẹp bằng lời mời trân trọng của lãnh đạo tỉnh Thái Nguyên, trường Đại Học Thái Nguyên đối với lãnh đạo Trường Đai học FPT đến giao lưu và tiếp tục trao đổi về bài học kinh nghiệm và các cơ hội hợp tác trong tương lai.",
			"Khu Giáo dục và Đào tạo – Khu Công nghệ cao Hòa Lạc – Km29 Đại lộ Thăng Long, H. Thạch Thất,\nTP. Hà Nội",
			"Điện thoại: 024 7300 1866",
			"Email: daihocfpt@fpt.edu.vn",
			"Lô E2a-7, Đường D1 Khu Công nghệ cao, P. Long Thạnh Mỹ, TP. Thủ Đức, TP. Hồ Chí Minh",
			"Điện thoại: 028 7300 1866",
			"Email: daihocfpt@fpt.edu.vn",
			"Khu đô thị công nghệ FPT Đà Nẵng, P. Hoà Hải, Q. Ngũ Hành Sơn, TP. Đà Nẵng",
			"Điện thoại: 0236 730 1866",
			"Email: daihocfpt@fpt.edu.vn",
			"Số 600 Đường Nguyễn Văn Cừ (nối dài), P. An Bình, Q. Ninh Kiều, TP. Cần Thơ",
			"Điện thoại: 0292 730 1866",
			"Email: daihocfpt@fpt.edu.vn",
			"Khu đô thị mới An Phú Thịnh, Phường Nhơn Bình & Phường Đống Đa, TP. Quy\nNhơn, Bình Định",
			"Điện thoại: 0256 730 1866 /0256 7300 999",
			"Email: daihocfpt@fpt.edu.vn"
		],
		"label": [
			"Tìm kiếm",
			"Tìm kiếm"
		],
		"button": [
			"×",
			"Đăng ký",
			"Đóng"
		],
		"span": [
			"Trang chủ",
			"Tin tức chung",
			"Lãnh đạo Tỉnh Thái Nguyên thăm và làm việc tại Đại học FPT",
			"bởi",
			"GS.TS Đặng Kim Vui – Giám đốc Đại học Thái Nguyên phát biểu",
			"Nhiều câu hỏi được đưa ra từ phía lãnh đạo tỉnh Thái Nguyên đối với Ban giám hiệu của Trường Đai học FPT về định hướng phát triển của trường trong tương lai, bài học kinh nghiệm về chương trình Thực tập thực tế tại doanh nghiệp (On the Job Training) kéo dài từ 4 tháng đến 1 năm, cũng như đào tạo 2 ngoại ngữ bắt buộc đối cho sinh viên của trường như một lợi thế rất lớn so với các trường Đại học khác hiện nay ở Việt Nam. Đồng thời, lãnh đạo tỉnh Thái Nguyên chúc mừng Đại học FPT đã đạt được nhiều những thành quả chỉ sau 10 năm thành lập cho đến nay và trở thành một trường Đại học có uy tín trên cả nước và vươn ra tầm quốc tế.",
			"Bài trước",
			"Bài trước:",
			"← Sinh viên Đại học FPT tranh tài giải Lập trình ứng dụng trên điện thoại",
			"Bài tiếp",
			"Bài tiếp:",
			"Một tuần đầu tiên của sinh viên Đài Loan tại Đại học FPT →"
		],
		"h1": [
			"Lãnh đạo Tỉnh Thái Nguyên thăm và làm việc tại Đại học FPT"
		],
		"time": [
			"Thứ Tư, ngày 20 tháng 04 năm 2016",
			"17/01/2017",
			"05/02/2024",
			"05/02/2024",
			"05/02/2024",
			"02/02/2024",
			"01/02/2024"
		],
		"em": [
			"Chủ tịch Hội đồng quản trị Trường Đại học FPT – TS. Lê Trường Tùng phát biểu trong buổi gặp gỡ",
			"Trường Đại học FPT là trường Đại học đầu tiên ở Việt Nam được đánh giá, xếp hạng 3 Sao QS Stars về chất lượng đào tạo, tỷ lệ việc làm và cơ sở vật chất. Điều này không chỉ có ý nghĩa đối với riêng trường Đại học FPT mà còn là mang lại uy tín cho các trường đại học tại Việt Nam theo hướng/triết lý đào tạo mới trong bối cảnh hiện nay",
			"Không khí tại buổi giao lưu và làm việc."
		],
		"strong": [
			"Duyên Ngọc"
		],
		"h2": [
			"Điều hướng bài viết"
		],
		"h4": [
			"HÀ NỘI",
			"TP. HỒ CHÍ MINH",
			"ĐÀ NẴNG",
			"CẦN THƠ",
			"Quy Nhơn"
		],
		"h3": [
			"Đăng ký tư vấn"
		],
		"b": [
			"Hãy để lại SĐT để cán bộ nhà trường hỗ trợ bạn sớm nhất nhé"
		],
		"option": [
			"Tỉnh / Thành phố *",
			"An Giang",
			"Bà Rịa-Vũng Tàu",
			"Bắc Giang",
			"Bắc Kạn",
			"Bạc Liêu",
			"Bắc Ninh",
			"Bến Tre",
			"Bình Dương",
			"Bình Định",
			"Bình Phước",
			"Bình Thuận",
			"Cà Mau",
			"Cần Thơ",
			"Cao Bằng",
			"Cục Cảnh sát ĐKQL cư trú và DLQG về dân cư",
			"Cục Cảnh sát quản lý hành chính về trật tự xã hội",
			"Đà Nẵng",
			"Đắk Lắk",
			"Đăk Nông",
			"Điện Biên",
			"Đồng Nai",
			"Đồng Tháp",
			"Gia Lai",
			"Hà Giang",
			"Hà Nam",
			"Hà Tĩnh",
			"Hải Dương",
			"Hải Phòng",
			"Hậu Giang",
			"Hoà Bình",
			"Hưng Yên",
			"Khánh Hoà",
			"Kiên Giang",
			"Kon Tum",
			"Lai Châu",
			"Lâm Đồng",
			"Lạng Sơn",
			"Lào Cai",
			"Long An",
			"Nam Định",
			"Nghệ An",
			"Ninh Bình",
			"Ninh Thuận",
			"Phú Thọ",
			"Phú Yên",
			"Quảng Bình",
			"Quảng Nam",
			"Quảng Ngãi",
			"Quảng Ninh",
			"Quảng Trị",
			"Sóc Trăng",
			"Sơn La",
			"Tây Ninh",
			"Thái Bình",
			"Thái Nguyên",
			"Thanh Hoá",
			"Thừa Thiên - Huế",
			"Tiền Giang",
			"Trà Vinh",
			"Tuyên Quang",
			"Vĩnh Long",
			"Vĩnh Phúc",
			"Yên Bái",
			"Hà Nội",
			"TP. Hồ Chí Minh"
		]
	},
	"url": "https://daihoc.fpt.edu.vn/lanh-dao-tinh-thai-nguyen-tham-va-lam-viec-tai-dai-hoc-fpt/"
}