{
	"data": {
		"title": [
			"Quang Đăng, Maitinhvi ngồi \"ghế nóng\" cuộc thi nhảy Hola Showcase 2023 tại ĐH FPT - Trường Đại học FPT"
		],
		"div": [
			"© 2024 Bản quyền thuộc về Trường Đại học FPT.",
			"Đăng ký tư vấn"
		],
		"a": [
			"Trường Đại học FPT",
			"Vietnamese",
			"English",
			"Trang chủ",
			"Giới thiệu",
			"Lịch sử thành lập",
			"Tập đoàn FPT",
			"Tổ chức giáo dục FPT",
			"Triết lý đào tạo",
			"Các giải thưởng và thành tích",
			"Ban lãnh đạo",
			"Gắn kết cộng đồng",
			"Tin tức",
			"Tin tức chung",
			"Hoạt động sinh viên",
			"Sự kiện",
			"Tuyển dụng",
			"Hướng nghiệp",
			"Ngành học",
			"Công nghệ thông tin",
			"Công nghệ ô tô số",
			"Kỹ thuật phần mềm",
			"Hệ thống thông tin",
			"Trí tuệ nhân tạo",
			"An toàn thông tin",
			"Thiết kế Mỹ thuật số",
			"Quản trị kinh doanh",
			"Tài chính",
			"Digital Marketing",
			"Kinh doanh quốc tế",
			"Quản lý Logistics & Chuỗi cung ứng toàn cầu",
			"Quản trị khách sạn",
			"Quản trị Du lịch và Lữ hành",
			"Công nghệ truyền thông",
			"Quản trị truyền thông đa phương tiện",
			"Quan hệ công chúng",
			"Ngôn ngữ Anh",
			"Ngôn ngữ Nhật",
			"Ngôn ngữ Hàn Quốc",
			"Ngôn ngữ Trung Quốc (Dự kiến)",
			"Đời sống sinh viên",
			"Một ngày tại Đại học FPT",
			"Vì sao nên học tại Đại học FPT",
			"Sự hài lòng của sinh viên",
			"Môi trường học tập",
			"Chương trình học linh hoạt",
			"Đời sống sinh viên",
			"Ký túc xá",
			"Các CLB & Cộng đồng sinh viên",
			"Các hoạt động thể thao trong trường",
			"Dịch vụ hỗ trợ",
			"Định hướng và khởi đầu",
			"Tốt nghiệp",
			"Câu chuyện sinh viên",
			"Hợp tác",
			"Ngành công nghiệp và doanh nghiệp",
			"Chương trình trao đổi sinh viên",
			"Chương trình học tập tại nước ngoài",
			"Hợp tác quốc tế",
			"Trao đổi sinh viên",
			"Học kỳ nước ngoài",
			"Các trường đại học đối tác",
			"Cựu sinh viên",
			"Cộng đồng cựu sinh viên",
			"Họ đang làm việc tại đâu",
			"Tuyển sinh",
			"Đề án tuyển sinh",
			"Tin tuyển sinh",
			"Liên hệ",
			"Đăng nhập",
			"Nguyễn Thị Hồng Yến",
			"tại đây",
			"Nữ sinh trường F trong tà áo dài ngày Xuân",
			"Gặp gỡ đội tuyển NGT’s OPEN ROBOT trước giải đấu FIRST Tech Challenge Vietnam",
			"Tỏa sáng với nghiên cứu khoa học, nữ sinh ĐH FPT khẳng định bản lĩnh và tài năng",
			"Phim ngắn “Thoi vàng chỉ ngọc” của SV ĐH FPT tại Cần Thơ được công chiếu ở Lotte Cinema",
			"SV trường ĐH FPT Hà Nội đón “tết trên bản” 2024",
			"Vietnamese",
			"English",
			"Facebook",
			"Youtube",
			"Tik Tok",
			"Hotline: (024)/(028) 73001866 - (0236)/(0292) 7301866"
		],
		"img": [
			"cropped cropped 2021 FPTU Long",
			"cropped cropped 2021 FPTU Long",
			"Ban giam khao Hola showcase DHFPT 1",
			"Ban giam khao Hola showcase DHFPT 1",
			"Ban giam khao Hola showcase DHFPT 2",
			"Ban giam khao Hola showcase DHFPT 2",
			"Ban giam khao Hola showcase DHFPT 3",
			"Ban giam khao Hola showcase DHFPT 3",
			"Ban giam khao Hola showcase DHFPT 4",
			"Ban giam khao Hola showcase DHFPT 4",
			"sinh vien dai hoc fpt 8",
			"sinh vien dai hoc fpt 8",
			"dai hoc fpt 1",
			"dai hoc fpt 1",
			"my duyen",
			"my duyen",
			"fpt 5",
			"fpt 5",
			"dai hoc fpt 1",
			"dai hoc fpt 1",
			"thông báo tuyển bổ sung",
			"thông báo tuyển bổ sung"
		],
		"p": [
			"Trang thông tin tuyển sinh chính thức của Trường Đại học FPT",
			"Cuộc thi dành cho toàn thể học sinh của các trường THPT trên địa bàn 7 tỉnh/thành phố sau: Hà Nội, Hải Phòng, Bắc Ninh, Hưng Yên, Thái Bình, Nam Định, Hải Dương.",
			"Đặc biệt, điều khiến Hola Showcase trở nên HOT hơn bao giờ hết chính là sự xuất hiện của bộ ba giám khảo “chất hơn nước cất” với tài năng và kinh nghiệm hoạt động nhiều năm trong giới vũ đạo của Việt Nam. Cùng xem họ là ai nhé!",
			"Nhiều năm cống hiến và sống hết mình để phát triển Hiphop Việt, Maitinhvi đã trở thành một trong những dancer có tầm ảnh hưởng lớn nhất nhì trong cộng đồng. Maitinhvi đã truyền cảm hứng cho rất nhiều thế hệ trẻ bởi sự nhiệt huyết và nỗ lực không ngừng nghỉ với đam mê của mình.",
			"Đây là lần thứ 2 Maitinhvi đảm nhận “nhiệm vụ” giám khảo tại Hola Showcase. Trở lại Đại học FPT Hà Nội, nữ dancer khẳng định sự nhiệt huyết, sáng tạo và những sân khấu đầy cảm xúc ở mùa 1 đã để lại ấn tượng sâu đậm cho cô. Maitinhvi rất mong chờ những màu sắc mới, cá tính mới trong mùa 2 này.",
			"GenZ có lẽ không hề xa lạ với cái tên Quang Đăng – một trong những vũ công, biên đạo nổi tiếng nhất Việt Nam. Anh là người từng mang “vũ điệu rửa tay – Ghen Covy” viral khắp thế giới. Anh chàng dancer điển trai đã giành vô số giải thưởng lớn từ trong nước đến quốc tế.",
			"Đến với Hola Showcase, Quang Đăng rất hào hứng và chờ đợi được nhìn thấy các bạn học sinh nhảy bằng cả đam mê. Quang Đăng không quên dành lời khuyên cho các thí sinh dự thi: “Hãy thật sáng tạo, luyện tập thật chăm chỉ, rèn luyện sự tự tin, kỹ thuật biểu diễn và đầu tư trang phục một cách thông minh. Đặc biệt, các bạn hãy chuẩn bị tâm lý thật tốt để toả sáng trên sân khấu”.",
			"Đồng hành cùng Quang Đăng và Maitinhvi trên ghế giám khảo còn có sự góp mặt của Hoa khôi Đại học FPT Hà Nội 2018 – Nguyễn Bảo Ngọc (An Du). Không chỉ là một cựu sinh viên Đại học FPT – Founder FPTU Soleil Crew, An Du còn từng là một dancer thuộc nhóm nhảy Hanoi X-Girls. Trở lại “mái nhà xưa” trong vai trò hoàn toàn mới, An Du hy vọng các thí sinh sẽ “cháy” hết mình và mang đến nhiều tác phẩm nghệ thuật độc đáo.",
			"Để trở thành quán quân Hola Showcase năm nay, các nhóm dự thi cần vượt qua 2 vòng: Vòng sơ loại (online) và vòng Chung kết (offline). Vòng sơ loại sẽ chọn ra 12 nhóm bước vào vòng Chung kết, trong đó gồm 11 tiết mục xuất sắc nhất được BGK chấm điểm và lựa chọn, cùng 1 tiết mục được yêu thích thông qua bình chọn online.",
			"Vòng Chung kết sẽ diễn ra tại Đại học FPT campus Hoà Lạc vào ngày 16/4. Tổng giải thưởng của Hola Showcase 2023 lên tới gần 100 triệu đồng. Đội quán quân sẽ mang về giải thưởng trị giá 30 triệu đồng (tiền mặt).",
			"Các bạn học sinh quan tâm đến Hola Showcase có thể tìm hiểu về thể lệ cuộc thi",
			"Mọi thông tin chi tiết về cuộc thi xin vui lòng liên hệ:",
			"– Phòng QHKH – Trường Đại học FPT",
			"– Fanpage: FPTU Hola Showcase",
			"– Email: holashowcasefpt@gmail.com",
			"– Số điện thoại: 078.498.3333",
			"Khu Giáo dục và Đào tạo – Khu Công nghệ cao Hòa Lạc – Km29 Đại lộ Thăng Long, H. Thạch Thất,\nTP. Hà Nội",
			"Điện thoại: 024 7300 1866",
			"Email: daihocfpt@fpt.edu.vn",
			"Lô E2a-7, Đường D1 Khu Công nghệ cao, P. Long Thạnh Mỹ, TP. Thủ Đức, TP. Hồ Chí Minh",
			"Điện thoại: 028 7300 1866",
			"Email: daihocfpt@fpt.edu.vn",
			"Khu đô thị công nghệ FPT Đà Nẵng, P. Hoà Hải, Q. Ngũ Hành Sơn, TP. Đà Nẵng",
			"Điện thoại: 0236 730 1866",
			"Email: daihocfpt@fpt.edu.vn",
			"Số 600 Đường Nguyễn Văn Cừ (nối dài), P. An Bình, Q. Ninh Kiều, TP. Cần Thơ",
			"Điện thoại: 0292 730 1866",
			"Email: daihocfpt@fpt.edu.vn",
			"Khu đô thị mới An Phú Thịnh, Phường Nhơn Bình & Phường Đống Đa, TP. Quy\nNhơn, Bình Định",
			"Điện thoại: 0256 730 1866 /0256 7300 999",
			"Email: daihocfpt@fpt.edu.vn"
		],
		"label": [
			"Tìm kiếm",
			"Tìm kiếm"
		],
		"button": [
			"×",
			"Đăng ký",
			"Đóng"
		],
		"span": [
			"Trang chủ",
			"bởi",
			"Bài trước",
			"Bài trước:",
			"← Hướng dẫn đăng ký tuyển sinh Đại học FPT theo xếp hạng học sinh THPT 2023",
			"Bài tiếp",
			"Bài tiếp:",
			"Ngắm các khu thực hành cực ‘xịn’ của sinh viên ngành du lịch – khách sạn trường F →"
		],
		"h1": [
			"Quang Đăng, Maitinhvi ngồi “ghế nóng” cuộc thi nhảy Hola Showcase 2023 tại ĐH FPT"
		],
		"time": [
			"Thứ Năm, ngày 23 tháng 02 năm 2023",
			"05/02/2024",
			"05/02/2024",
			"05/02/2024",
			"02/02/2024",
			"01/02/2024"
		],
		"em": [
			"Cuộc thi Hola Showcase do Đại học FPT Hà Nội tổ chức, nhằm tạo ra một sân chơi giúp các bạn trẻ phô diễn kỹ năng vũ đạo, tự tin thể hiện cá tính và thoả sức sáng tạo. Đồng thời tạo cơ hội giao lưu giữa những nhóm nhảy cực chất đến từ các trường THPT, lan toả năng lượng tích cực và lối sống lành mạnh cho giới trẻ."
		],
		"figcaption": [
			"Hola Showcase mùa 2 trở lại hứa hẹn sẽ mang tới những màn trình diễn bùng nổ, sáng tạo"
		],
		"b": [
			"Maitinhvi – nữ dancer hàng đầu trong giới Hiphop",
			"Hãy để lại SĐT để cán bộ nhà trường hỗ trợ bạn sớm nhất nhé"
		],
		"strong": [
			"Quang Đăng – chủ nhân “vũ điệu rửa tay” làm mưa làm gió mạng xã hội",
			"An Du – Hoa khôi Đại học FPT Hà Nội 2018 – cựu thành viên Hanoi X-Girls",
			"Theo Kênh 14"
		],
		"h2": [
			"Điều hướng bài viết"
		],
		"h4": [
			"HÀ NỘI",
			"TP. HỒ CHÍ MINH",
			"ĐÀ NẴNG",
			"CẦN THƠ",
			"Quy Nhơn"
		],
		"h3": [
			"Đăng ký tư vấn"
		],
		"option": [
			"Tỉnh / Thành phố *",
			"An Giang",
			"Bà Rịa-Vũng Tàu",
			"Bắc Giang",
			"Bắc Kạn",
			"Bạc Liêu",
			"Bắc Ninh",
			"Bến Tre",
			"Bình Dương",
			"Bình Định",
			"Bình Phước",
			"Bình Thuận",
			"Cà Mau",
			"Cần Thơ",
			"Cao Bằng",
			"Cục Cảnh sát ĐKQL cư trú và DLQG về dân cư",
			"Cục Cảnh sát quản lý hành chính về trật tự xã hội",
			"Đà Nẵng",
			"Đắk Lắk",
			"Đăk Nông",
			"Điện Biên",
			"Đồng Nai",
			"Đồng Tháp",
			"Gia Lai",
			"Hà Giang",
			"Hà Nam",
			"Hà Tĩnh",
			"Hải Dương",
			"Hải Phòng",
			"Hậu Giang",
			"Hoà Bình",
			"Hưng Yên",
			"Khánh Hoà",
			"Kiên Giang",
			"Kon Tum",
			"Lai Châu",
			"Lâm Đồng",
			"Lạng Sơn",
			"Lào Cai",
			"Long An",
			"Nam Định",
			"Nghệ An",
			"Ninh Bình",
			"Ninh Thuận",
			"Phú Thọ",
			"Phú Yên",
			"Quảng Bình",
			"Quảng Nam",
			"Quảng Ngãi",
			"Quảng Ninh",
			"Quảng Trị",
			"Sóc Trăng",
			"Sơn La",
			"Tây Ninh",
			"Thái Bình",
			"Thái Nguyên",
			"Thanh Hoá",
			"Thừa Thiên - Huế",
			"Tiền Giang",
			"Trà Vinh",
			"Tuyên Quang",
			"Vĩnh Long",
			"Vĩnh Phúc",
			"Yên Bái",
			"Hà Nội",
			"TP. Hồ Chí Minh"
		]
	},
	"url": "https://daihoc.fpt.edu.vn/quang-dang-maitinhvi-ngoi-ghe-nong-cuoc-thi-nhay-hola-showcase-2023-tai-dh-fpt/"
}