{
	"data": {
		"title": [
			"SDGs Report – FPT University"
		],
		"div": [
			"© 2024 FPT University. All rights reserved."
		],
		"img": [
			"Trường đại học FPT"
		],
		"a": [
			"FPT University",
			"Vietnamese",
			"English",
			"About",
			"President’s Messages",
			"FPT University",
			"Organizational Chart",
			"Faculty & Staff",
			"Recruitment Process",
			"Faculty",
			"Faculty of Business – Hanoi campus",
			"IT-related Departments",
			"Language-related Departments",
			"General Education Departments",
			"Students",
			"Admission",
			"Admission Regulations",
			"Scholarship & Financial Aids",
			"Tuition Fee",
			"Forms and Documents",
			"FAQs",
			"Student life",
			"Course Schedule",
			"Facilities",
			"Virtual Tour",
			"Program of Study",
			"Bachelor of Information Technology",
			"Software Engineering",
			"Information System",
			"Information Assurance",
			"Internet of Things",
			"Artificial Intelligence",
			"Digital Art & Design",
			"Bachelor of Business Administration",
			"Bachelor of English Studies",
			"Bachelor of Japanese Studies",
			"Bachelor of Korean Studies",
			"Syllabi",
			"News & Events",
			"Research",
			"Policy",
			"Publications",
			"Resources and Research Tools",
			"Faculty Exchange",
			"Accreditation",
			"ACBSP",
			"AQAS",
			"CDIO",
			"ISO Standards",
			"Sustainable Development",
			"Sustainable Development Policy",
			"SDGs Report",
			"Traditional Music",
			"Vovinam",
			"Documents",
			"Employee Handbook & Policies",
			"Forms & Templates for Lecturer",
			"Forms & Templates for Students",
			"Stakeholder involvement",
			"Certificates & Recognitions",
			"Student Achievement",
			"Contact",
			"FPT University’s Sustainability Report 2022",
			"Nguyen Tat Quy Loc",
			"FPT University’s Sustainability Report 2021",
			"chi nd3",
			"FPT University’s Sustainability Report 2020",
			"chi nd3",
			"Online Consulting: (024)/(028) 73001866"
		],
		"span": [
			"Search for:",
			"by",
			"by",
			"by"
		],
		"h2": [
			"SDGs Report"
		],
		"time": [
			"November 5, 2023",
			"November 9, 2023",
			"November 5, 2022",
			"November 10, 2022",
			"September 2, 2021",
			"September 8, 2022"
		]
	},
	"url": "https://daihoc.fpt.edu.vn/en/category/sustainable-development/sdgs-report/"
}