{
	"data": {
		"title": [
			"Tại sao nên học tại Đại học FPT - Trang 3 trên 125 - Trường Đại học FPT"
		],
		"div": [
			"© 2024 Bản quyền thuộc về Trường Đại học FPT.",
			"Đăng ký tư vấn"
		],
		"a": [
			"Trường Đại học FPT",
			"Vietnamese",
			"English",
			"Trang chủ",
			"Giới thiệu",
			"Lịch sử thành lập",
			"Tập đoàn FPT",
			"Tổ chức giáo dục FPT",
			"Triết lý đào tạo",
			"Các giải thưởng và thành tích",
			"Ban lãnh đạo",
			"Gắn kết cộng đồng",
			"Tin tức",
			"Tin tức chung",
			"Hoạt động sinh viên",
			"Sự kiện",
			"Tuyển dụng",
			"Hướng nghiệp",
			"Ngành học",
			"Công nghệ thông tin",
			"Công nghệ ô tô số",
			"Kỹ thuật phần mềm",
			"Hệ thống thông tin",
			"Trí tuệ nhân tạo",
			"An toàn thông tin",
			"Thiết kế Mỹ thuật số",
			"Quản trị kinh doanh",
			"Tài chính",
			"Digital Marketing",
			"Kinh doanh quốc tế",
			"Quản lý Logistics & Chuỗi cung ứng toàn cầu",
			"Quản trị khách sạn",
			"Quản trị Du lịch và Lữ hành",
			"Công nghệ truyền thông",
			"Quản trị truyền thông đa phương tiện",
			"Quan hệ công chúng",
			"Ngôn ngữ Anh",
			"Ngôn ngữ Nhật",
			"Ngôn ngữ Hàn Quốc",
			"Ngôn ngữ Trung Quốc (Dự kiến)",
			"Đời sống sinh viên",
			"Một ngày tại Đại học FPT",
			"Vì sao nên học tại Đại học FPT",
			"Sự hài lòng của sinh viên",
			"Môi trường học tập",
			"Chương trình học linh hoạt",
			"Đời sống sinh viên",
			"Ký túc xá",
			"Các CLB & Cộng đồng sinh viên",
			"Các hoạt động thể thao trong trường",
			"Dịch vụ hỗ trợ",
			"Định hướng và khởi đầu",
			"Tốt nghiệp",
			"Câu chuyện sinh viên",
			"Hợp tác",
			"Ngành công nghiệp và doanh nghiệp",
			"Chương trình trao đổi sinh viên",
			"Chương trình học tập tại nước ngoài",
			"Hợp tác quốc tế",
			"Trao đổi sinh viên",
			"Học kỳ nước ngoài",
			"Các trường đại học đối tác",
			"Cựu sinh viên",
			"Cộng đồng cựu sinh viên",
			"Họ đang làm việc tại đâu",
			"Tuyển sinh",
			"Đề án tuyển sinh",
			"Tin tuyển sinh",
			"Liên hệ",
			"Đăng nhập",
			"Giám đốc marketing Base.vn: ‘Tôi học từ kỳ thực tập của ĐH FPT’",
			"Quỳnh",
			"Nóng lòng nhập học sớm, Top 14 FPTU Talent hào hứng trở thành tân SV ĐH FPT",
			"Quỳnh",
			"Trải nghiệm “sống ảo cháy máy” trước khuôn viên đẹp ngất ngây của đại học FPT 3 miền",
			"Nguyễn Thị Hồng Yến",
			"Những nam sinh ĐH FPT ca cải lương ‘ngọt như đường’",
			"Quỳnh",
			"Những điểm đến 2k4 phải “ghé thăm” đầu tiên tại Đại học FPT Hà Nội",
			"Nguyễn Thị Hồng Yến",
			"Sinh viên ĐH FPT từ năm 2 đã xách vali ra nước ngoài học ngoại ngữ",
			"Nguyễn Thị Hồng Yến",
			"Cựu SV ĐH FPT là thủ lĩnh công nghệ công ty phần mềm hàng đầu Việt Nam",
			"Quỳnh",
			"Trường công nghệ nhưng ai cũng có thể thổi sáo du dương, chơi đàn siêu mượt",
			"Quỳnh",
			"Khởi nghiệp hướng tới cộng đồng: Hướng đi “sáng” của cựu sinh viên ĐH FPT",
			"Quỳnh",
			"1",
			"2",
			"4",
			"125",
			"Facebook",
			"Youtube",
			"Tik Tok",
			"Hotline: (024)/(028) 73001866 - (0236)/(0292) 7301866"
		],
		"img": [
			"cropped cropped 2021 FPTU Long",
			"cropped cropped 2021 FPTU Long",
			"Giám đốc marketing Base.vn: ‘Tôi học từ kỳ thực tập của ĐH FPT’",
			"Giám đốc marketing Base.vn: ‘Tôi học từ kỳ thực tập của ĐH FPT’",
			"Nóng lòng nhập học sớm, Top 14 FPTU Talent hào hứng trở thành tân SV ĐH FPT",
			"Nóng lòng nhập học sớm, Top 14 FPTU Talent hào hứng trở thành tân SV ĐH FPT",
			"Trải nghiệm “sống ảo cháy máy” trước khuôn viên đẹp ngất ngây của đại học FPT 3 miền",
			"Trải nghiệm “sống ảo cháy máy” trước khuôn viên đẹp ngất ngây của đại học FPT 3 miền",
			"Những nam sinh ĐH FPT ca cải lương ‘ngọt như đường’",
			"Những nam sinh ĐH FPT ca cải lương ‘ngọt như đường’",
			"Những điểm đến 2k4 phải “ghé thăm” đầu tiên tại Đại học FPT Hà Nội",
			"Những điểm đến 2k4 phải “ghé thăm” đầu tiên tại Đại học FPT Hà Nội",
			"Sinh viên ĐH FPT từ năm 2 đã xách vali ra nước ngoài học ngoại ngữ",
			"Sinh viên ĐH FPT từ năm 2 đã xách vali ra nước ngoài học ngoại ngữ",
			"Cựu SV ĐH FPT là thủ lĩnh công nghệ công ty phần mềm hàng đầu Việt Nam",
			"Cựu SV ĐH FPT là thủ lĩnh công nghệ công ty phần mềm hàng đầu Việt Nam",
			"Trường công nghệ nhưng ai cũng có thể thổi sáo du dương, chơi đàn siêu mượt",
			"Trường công nghệ nhưng ai cũng có thể thổi sáo du dương, chơi đàn siêu mượt",
			"Khởi nghiệp hướng tới cộng đồng: Hướng đi “sáng” của cựu sinh viên ĐH FPT",
			"Khởi nghiệp hướng tới cộng đồng: Hướng đi “sáng” của cựu sinh viên ĐH FPT",
			"thông báo tuyển bổ sung",
			"thông báo tuyển bổ sung"
		],
		"p": [
			"Trang thông tin tuyển sinh chính thức của Trường Đại học FPT",
			"Khu Giáo dục và Đào tạo – Khu Công nghệ cao Hòa Lạc – Km29 Đại lộ Thăng Long, H. Thạch Thất,\nTP. Hà Nội",
			"Điện thoại: 024 7300 1866",
			"Email: daihocfpt@fpt.edu.vn",
			"Lô E2a-7, Đường D1 Khu Công nghệ cao, P. Long Thạnh Mỹ, TP. Thủ Đức, TP. Hồ Chí Minh",
			"Điện thoại: 028 7300 1866",
			"Email: daihocfpt@fpt.edu.vn",
			"Khu đô thị công nghệ FPT Đà Nẵng, P. Hoà Hải, Q. Ngũ Hành Sơn, TP. Đà Nẵng",
			"Điện thoại: 0236 730 1866",
			"Email: daihocfpt@fpt.edu.vn",
			"Số 600 Đường Nguyễn Văn Cừ (nối dài), P. An Bình, Q. Ninh Kiều, TP. Cần Thơ",
			"Điện thoại: 0292 730 1866",
			"Email: daihocfpt@fpt.edu.vn",
			"Khu đô thị mới An Phú Thịnh, Phường Nhơn Bình & Phường Đống Đa, TP. Quy\nNhơn, Bình Định",
			"Điện thoại: 0256 730 1866 /0256 7300 999",
			"Email: daihocfpt@fpt.edu.vn"
		],
		"label": [
			"Tìm kiếm"
		],
		"button": [
			"×",
			"Đăng ký",
			"Đóng"
		],
		"h1": [
			"Tại sao nên học tại Đại học FPT"
		],
		"h3": [
			"Đăng ký tư vấn"
		],
		"span": [
			"bởi",
			"bởi",
			"bởi",
			"bởi",
			"bởi",
			"bởi",
			"bởi",
			"bởi",
			"bởi",
			"3",
			"…"
		],
		"time": [
			"22/09/2022",
			"22/09/2022",
			"20/09/2022",
			"15/09/2022",
			"15/09/2022",
			"09/09/2022",
			"09/09/2022",
			"04/09/2022",
			"04/09/2022",
			"23/08/2022",
			"23/08/2022",
			"23/08/2022"
		],
		"h2": [
			"Điều hướng bài viết"
		],
		"h4": [
			"HÀ NỘI",
			"TP. HỒ CHÍ MINH",
			"ĐÀ NẴNG",
			"CẦN THƠ",
			"Quy Nhơn"
		],
		"b": [
			"Hãy để lại SĐT để cán bộ nhà trường hỗ trợ bạn sớm nhất nhé"
		],
		"option": [
			"Tỉnh / Thành phố *",
			"An Giang",
			"Bà Rịa-Vũng Tàu",
			"Bắc Giang",
			"Bắc Kạn",
			"Bạc Liêu",
			"Bắc Ninh",
			"Bến Tre",
			"Bình Dương",
			"Bình Định",
			"Bình Phước",
			"Bình Thuận",
			"Cà Mau",
			"Cần Thơ",
			"Cao Bằng",
			"Cục Cảnh sát ĐKQL cư trú và DLQG về dân cư",
			"Cục Cảnh sát quản lý hành chính về trật tự xã hội",
			"Đà Nẵng",
			"Đắk Lắk",
			"Đăk Nông",
			"Điện Biên",
			"Đồng Nai",
			"Đồng Tháp",
			"Gia Lai",
			"Hà Giang",
			"Hà Nam",
			"Hà Tĩnh",
			"Hải Dương",
			"Hải Phòng",
			"Hậu Giang",
			"Hoà Bình",
			"Hưng Yên",
			"Khánh Hoà",
			"Kiên Giang",
			"Kon Tum",
			"Lai Châu",
			"Lâm Đồng",
			"Lạng Sơn",
			"Lào Cai",
			"Long An",
			"Nam Định",
			"Nghệ An",
			"Ninh Bình",
			"Ninh Thuận",
			"Phú Thọ",
			"Phú Yên",
			"Quảng Bình",
			"Quảng Nam",
			"Quảng Ngãi",
			"Quảng Ninh",
			"Quảng Trị",
			"Sóc Trăng",
			"Sơn La",
			"Tây Ninh",
			"Thái Bình",
			"Thái Nguyên",
			"Thanh Hoá",
			"Thừa Thiên - Huế",
			"Tiền Giang",
			"Trà Vinh",
			"Tuyên Quang",
			"Vĩnh Long",
			"Vĩnh Phúc",
			"Yên Bái",
			"Hà Nội",
			"TP. Hồ Chí Minh"
		]
	},
	"url": "https://daihoc.fpt.edu.vn/chuyen-muc/cuoc-song-tai-dai-hoc-fpt/tai-sao-nen-hoc-tai-dai-hoc-fpt/page/3/"
}