{
	"data": {
		"title": [
			"Hạng mục đào tạo CNTT của FPT chiếm lĩnh danh hiệu Sao Khuê 2018 - Trường Đại học FPT"
		],
		"div": [
			"›\n\n›",
			"© 2024 Bản quyền thuộc về Trường Đại học FPT.",
			"Đăng ký tư vấn"
		],
		"a": [
			"Trường Đại học FPT",
			"Vietnamese",
			"English",
			"Trang chủ",
			"Giới thiệu",
			"Lịch sử thành lập",
			"Tập đoàn FPT",
			"Tổ chức giáo dục FPT",
			"Triết lý đào tạo",
			"Các giải thưởng và thành tích",
			"Ban lãnh đạo",
			"Gắn kết cộng đồng",
			"Tin tức",
			"Tin tức chung",
			"Hoạt động sinh viên",
			"Sự kiện",
			"Tuyển dụng",
			"Hướng nghiệp",
			"Ngành học",
			"Công nghệ thông tin",
			"Công nghệ ô tô số",
			"Kỹ thuật phần mềm",
			"Hệ thống thông tin",
			"Trí tuệ nhân tạo",
			"An toàn thông tin",
			"Thiết kế Mỹ thuật số",
			"Quản trị kinh doanh",
			"Tài chính",
			"Digital Marketing",
			"Kinh doanh quốc tế",
			"Quản lý Logistics & Chuỗi cung ứng toàn cầu",
			"Quản trị khách sạn",
			"Quản trị Du lịch và Lữ hành",
			"Công nghệ truyền thông",
			"Quản trị truyền thông đa phương tiện",
			"Quan hệ công chúng",
			"Ngôn ngữ Anh",
			"Ngôn ngữ Nhật",
			"Ngôn ngữ Hàn Quốc",
			"Ngôn ngữ Trung Quốc (Dự kiến)",
			"Đời sống sinh viên",
			"Một ngày tại Đại học FPT",
			"Vì sao nên học tại Đại học FPT",
			"Sự hài lòng của sinh viên",
			"Môi trường học tập",
			"Chương trình học linh hoạt",
			"Đời sống sinh viên",
			"Ký túc xá",
			"Các CLB & Cộng đồng sinh viên",
			"Các hoạt động thể thao trong trường",
			"Dịch vụ hỗ trợ",
			"Định hướng và khởi đầu",
			"Tốt nghiệp",
			"Câu chuyện sinh viên",
			"Hợp tác",
			"Ngành công nghiệp và doanh nghiệp",
			"Chương trình trao đổi sinh viên",
			"Chương trình học tập tại nước ngoài",
			"Hợp tác quốc tế",
			"Trao đổi sinh viên",
			"Học kỳ nước ngoài",
			"Các trường đại học đối tác",
			"Cựu sinh viên",
			"Cộng đồng cựu sinh viên",
			"Họ đang làm việc tại đâu",
			"Tuyển sinh",
			"Đề án tuyển sinh",
			"Tin tuyển sinh",
			"Liên hệ",
			"Đăng nhập",
			"Phạm Thị Phương",
			"Nữ sinh trường F trong tà áo dài ngày Xuân",
			"Gặp gỡ đội tuyển NGT’s OPEN ROBOT trước giải đấu FIRST Tech Challenge Vietnam",
			"Tỏa sáng với nghiên cứu khoa học, nữ sinh ĐH FPT khẳng định bản lĩnh và tài năng",
			"Phim ngắn “Thoi vàng chỉ ngọc” của SV ĐH FPT tại Cần Thơ được công chiếu ở Lotte Cinema",
			"SV trường ĐH FPT Hà Nội đón “tết trên bản” 2024",
			"Vietnamese",
			"English",
			"Facebook",
			"Youtube",
			"Tik Tok",
			"Hotline: (024)/(028) 73001866 - (0236)/(0292) 7301866"
		],
		"img": [
			"cropped cropped 2021 FPTU Long",
			"cropped cropped 2021 FPTU Long",
			"sinh vien dai hoc fpt 8",
			"sinh vien dai hoc fpt 8",
			"dai hoc fpt 1",
			"dai hoc fpt 1",
			"my duyen",
			"my duyen",
			"fpt 5",
			"fpt 5",
			"dai hoc fpt 1",
			"dai hoc fpt 1",
			"thông báo tuyển bổ sung",
			"thông báo tuyển bổ sung"
		],
		"p": [
			"Trang thông tin tuyển sinh chính thức của Trường Đại học FPT",
			"Tham dự sự kiện quan trong này có lãnh đạo Bộ Thông tin và Truyền thông – Cơ quan bảo trợ chương trình, Lãnh đạo Uỷ ban Khoa học, Công nghệ và Môi trường Quốc hội, Đảng ủy khối doanh nghiệp TW, Bộ Công Thương, UBND thành phố Hà Nội cùng trên 500 đại biểu là lãnh đạo, cán bộ các doanh nghiệp phần mềm, dịch vụ CNTT trong cả nước.",
			"Năm 2018, trong lĩnh vực Dịch vụ đào tạo: FPT Edu là một trong những tổ chức giáo dục đầu tiên tích hợp công nghệ giáo dục tiên tiến vào dạy và học như Học thuyết kiến tạo, đào tạo qua dự án, đào tạo trực tuyến…",
			"Đặc biệt, trong đó Đại Học FPT luôn chú trọng đào tạo theo hình thức liên kết chặt chẽ với các doanh nghiệp CNTT, gắn đào tạo với thực tiễn, với nghiên cứu – triển khai và các công nghệ hiện đại nhất.",
			"Ông Trương Gia Bình – Chủ tịch VINASA, Trưởng Ban Tổ chức chương trình Danh hiệu Sao Khuê cho hay: “Với vai trò tiên phong trong cuộc cách mạng công nghiệp lần thứ 4, Danh hiệu Sao Khuê sẽ tiếp tục đổi mới, nâng cao vai trò và chất lượng của chương trình; hiệp hội cũng kêu gọi các doanh nghiệp trong ngành tiếp tục nỗ lực sáng tạo hết mình, tập trung vào chiến lược chuyển đổi số, phát triển các sản phẩm, dịch vụ chất lượng cao theo những xu hướng công nghệ mới như: AI, Robotics, Big Data, Tự động hóa, in 3D, VR, AR… Không chỉ đáp ứng nhu cầu của Việt Nam, mà còn đẩy mạnh phát triển ra thị trường quốc tế, đặc biệt là các thị trường trọng điểm là Nhật Bản, Bắc Mỹ và Châu Âu.”",
			"FPT cũng đồng thời ghi dấu nhiều cột mốc quan trọng trong lĩnh vực chuyển đổi số như ra mắt nền tảng trí tuệ nhân tạo FPT.AI, thử nghiệm thành công xe tự lái, trở thành đối tác hàng đầu của những nhà cung cấp nền tảng số lớn nhất thế giới như AWS, Simens, GE, Microsoft, SAP… Dịch vụ chuyển đổi số của FPT hiện được cung cấp cho hơn 210 khách hàng trên phạm vi toàn cầu.",
			"Theo Ban tổ chức, chương trình Danh hiệu Sao Khuê 2018 đã nhận được 103 đề cử từ 80 tổ chức, doanh nghiệp trên toàn quốc. Qua vòng sơ tuyển có 92 đề cử được chọn lựa, Hội đồng sơ tuyển đã thành lập 14 đoàn định thực tế với thành viên là đại diện các Bộ, ngành, các chuyên gia, các cơ quan báo chí. Trên cơ sở kết quả thẩm định thực tế, ngày 02/4/2018, Hội đồng Chung tuyển toàn quốc đã họp xem xét và quyết định công nhận.",
			"Chương trình Sao khuê qua các năm liên tục đổi mới phù hợp với nhu cầu của thị trường và trở thành biểu tượng uy tín của ngành phần mềm và dịch vụ CNTT của Việt Nam. Đây là công cụ hỗ trợ đắc lực cho các doanh nghiệp trong các hoạt động quảng bá, tiếp thị, xây dựng thương hiệu, đồng thời giúp định hướng người sử dụng trong lựa chọn các sản phẩm phần mềm, dịch vụ CNTT phù hợp nhất.",
			"Với thông điệp ưu tiên những Sản phẩm, giải pháp và dịch vụ CNTT nghiên cứu, ứng dụng và triển khai những xu hướng công nghệ mới. Sao Khuê 2018 đã ghi nhận sự đầu tư nghiên cứu, phát triển và những sáng tạo vượt trội, 4/10 sản phẩm, dịch vụ Top 10 Danh hiệu Sao Khuê 2018 đi theo xu hướng này:",
			"Thông điệp này của Sao Khuê 2018 nhằm định hướng, thúc đẩy quá trình chuyển đổi số trong các tổ chức, doanh nghiệp, đồng thời khuyến khích các doanh nghiệp CNTT đâu tư, nghiên cứu và phát triển các sản phẩm, dịch vụ phụ vụ quá trình chuyển đổi số, tạo động lực góp phần đưa Việt Nam tiến nhanh trong cuộc cách mạng công nghiệp 4.0.",
			"Theo Dantri",
			"Khu Giáo dục và Đào tạo – Khu Công nghệ cao Hòa Lạc – Km29 Đại lộ Thăng Long, H. Thạch Thất,\nTP. Hà Nội",
			"Điện thoại: 024 7300 1866",
			"Email: daihocfpt@fpt.edu.vn",
			"Lô E2a-7, Đường D1 Khu Công nghệ cao, P. Long Thạnh Mỹ, TP. Thủ Đức, TP. Hồ Chí Minh",
			"Điện thoại: 028 7300 1866",
			"Email: daihocfpt@fpt.edu.vn",
			"Khu đô thị công nghệ FPT Đà Nẵng, P. Hoà Hải, Q. Ngũ Hành Sơn, TP. Đà Nẵng",
			"Điện thoại: 0236 730 1866",
			"Email: daihocfpt@fpt.edu.vn",
			"Số 600 Đường Nguyễn Văn Cừ (nối dài), P. An Bình, Q. Ninh Kiều, TP. Cần Thơ",
			"Điện thoại: 0292 730 1866",
			"Email: daihocfpt@fpt.edu.vn",
			"Khu đô thị mới An Phú Thịnh, Phường Nhơn Bình & Phường Đống Đa, TP. Quy\nNhơn, Bình Định",
			"Điện thoại: 0256 730 1866 /0256 7300 999",
			"Email: daihocfpt@fpt.edu.vn"
		],
		"label": [
			"Tìm kiếm",
			"Tìm kiếm"
		],
		"button": [
			"×",
			"Đăng ký",
			"Đóng"
		],
		"li": [
			"FPT Software cung cấp dịch vụ chuyển đổi số với công nghệ AI, Robotics, IoT… cho thị trường quốc tế với doanh thu 56 triệu USD, qua đó ghi danh Việt Nam trên bản đồ thế giới về CMCN 4.0;",
			"Sàn kết nối tài chính TIMA sử dụng công nghệ Blockchain, Big Data, AI giúp xử lý giao dịch lên đến 1 tỷ USD năm 2017;",
			"Dịch vụ giải pháp về banking của công ty ITSOL ứng dụng công nghệ mới nhất bao gồm blockchain trên nền tảng kiến trúc microservices giúp tối ưu hóa hệ thống ibanking cho các ngân hàng",
			"“Trợ lý ảo thông minh” của Trung tâm Công nghệ thông tin – Tổng Công ty Viễn thông Viettel – Tập đoàn Công nghiệp – Viễn thông Quân đội sử dụng trí tuệ nhân tạo (AI) và dữ liệu lớn (Big data), tự động đưa ra cảnh báo sớm, tư vấn hành động tối ưu trong kinh doanh qua tương tác trao đổi giữa người và máy."
		],
		"span": [
			"Trang chủ",
			"Sự kiện",
			"Hạng mục đào tạo CNTT của FPT chiếm lĩnh danh hiệu Sao Khuê 2018",
			"bởi",
			"Bài trước",
			"Bài trước:",
			"← Lan toả yêu thương cùng iGo",
			"Bài tiếp",
			"Bài tiếp:",
			"Sinh viên Đại học FPT rinh giải “Hội cờ giỗ Tổ” →"
		],
		"h1": [
			"Hạng mục đào tạo CNTT của FPT chiếm lĩnh danh hiệu Sao Khuê 2018"
		],
		"time": [
			"Thứ Sáu, ngày 27 tháng 04 năm 2018",
			"05/02/2024",
			"05/02/2024",
			"05/02/2024",
			"02/02/2024",
			"01/02/2024"
		],
		"strong": [
			"vừa qua Hiệp hội Phần mềm và Dịch vụ CNTT Việt Nam (VINASA) đã long trọng tổ chức Lễ kỷ niệm 15 năm Danh hiệu Sao Khuê, Công bố và trao danh hiệu Sao Khuê 2018  cho 73 sản phẩm, dịch vụ và giải pháp phần mềm, công nghệ thông tin (CNTT) xuất sắc của Việt Nam năm 2018."
		],
		"em": [
			","
		],
		"figcaption": [
			"Đại diện Đaị Học FPT lên nhận danh hiệu Sao Khuê 2018."
		],
		"h2": [
			"Điều hướng bài viết"
		],
		"h4": [
			"HÀ NỘI",
			"TP. HỒ CHÍ MINH",
			"ĐÀ NẴNG",
			"CẦN THƠ",
			"Quy Nhơn"
		],
		"h3": [
			"Đăng ký tư vấn"
		],
		"b": [
			"Hãy để lại SĐT để cán bộ nhà trường hỗ trợ bạn sớm nhất nhé"
		],
		"option": [
			"Tỉnh / Thành phố *",
			"An Giang",
			"Bà Rịa-Vũng Tàu",
			"Bắc Giang",
			"Bắc Kạn",
			"Bạc Liêu",
			"Bắc Ninh",
			"Bến Tre",
			"Bình Dương",
			"Bình Định",
			"Bình Phước",
			"Bình Thuận",
			"Cà Mau",
			"Cần Thơ",
			"Cao Bằng",
			"Cục Cảnh sát ĐKQL cư trú và DLQG về dân cư",
			"Cục Cảnh sát quản lý hành chính về trật tự xã hội",
			"Đà Nẵng",
			"Đắk Lắk",
			"Đăk Nông",
			"Điện Biên",
			"Đồng Nai",
			"Đồng Tháp",
			"Gia Lai",
			"Hà Giang",
			"Hà Nam",
			"Hà Tĩnh",
			"Hải Dương",
			"Hải Phòng",
			"Hậu Giang",
			"Hoà Bình",
			"Hưng Yên",
			"Khánh Hoà",
			"Kiên Giang",
			"Kon Tum",
			"Lai Châu",
			"Lâm Đồng",
			"Lạng Sơn",
			"Lào Cai",
			"Long An",
			"Nam Định",
			"Nghệ An",
			"Ninh Bình",
			"Ninh Thuận",
			"Phú Thọ",
			"Phú Yên",
			"Quảng Bình",
			"Quảng Nam",
			"Quảng Ngãi",
			"Quảng Ninh",
			"Quảng Trị",
			"Sóc Trăng",
			"Sơn La",
			"Tây Ninh",
			"Thái Bình",
			"Thái Nguyên",
			"Thanh Hoá",
			"Thừa Thiên - Huế",
			"Tiền Giang",
			"Trà Vinh",
			"Tuyên Quang",
			"Vĩnh Long",
			"Vĩnh Phúc",
			"Yên Bái",
			"Hà Nội",
			"TP. Hồ Chí Minh"
		]
	},
	"url": "https://daihoc.fpt.edu.vn/hang-muc-dao-tao-cntt-cua-fpt-chiem-linh-danh-hieu-sao-khue-2018/"
}