{
	"data": {
		"title": [
			"Điểm danh những góc sống ảo đứng vào là xinh tại trường ĐH FPT - Trường Đại học FPT"
		],
		"div": [
			"© 2024 Bản quyền thuộc về Trường Đại học FPT.",
			"Đăng ký tư vấn"
		],
		"a": [
			"Trường Đại học FPT",
			"Vietnamese",
			"English",
			"Trang chủ",
			"Giới thiệu",
			"Lịch sử thành lập",
			"Tập đoàn FPT",
			"Tổ chức giáo dục FPT",
			"Triết lý đào tạo",
			"Các giải thưởng và thành tích",
			"Ban lãnh đạo",
			"Gắn kết cộng đồng",
			"Tin tức",
			"Tin tức chung",
			"Hoạt động sinh viên",
			"Sự kiện",
			"Tuyển dụng",
			"Hướng nghiệp",
			"Ngành học",
			"Công nghệ thông tin",
			"Công nghệ ô tô số",
			"Kỹ thuật phần mềm",
			"Hệ thống thông tin",
			"Trí tuệ nhân tạo",
			"An toàn thông tin",
			"Thiết kế Mỹ thuật số",
			"Quản trị kinh doanh",
			"Tài chính",
			"Digital Marketing",
			"Kinh doanh quốc tế",
			"Quản lý Logistics & Chuỗi cung ứng toàn cầu",
			"Quản trị khách sạn",
			"Quản trị Du lịch và Lữ hành",
			"Công nghệ truyền thông",
			"Quản trị truyền thông đa phương tiện",
			"Quan hệ công chúng",
			"Ngôn ngữ Anh",
			"Ngôn ngữ Nhật",
			"Ngôn ngữ Hàn Quốc",
			"Ngôn ngữ Trung Quốc (Dự kiến)",
			"Đời sống sinh viên",
			"Một ngày tại Đại học FPT",
			"Vì sao nên học tại Đại học FPT",
			"Sự hài lòng của sinh viên",
			"Môi trường học tập",
			"Chương trình học linh hoạt",
			"Đời sống sinh viên",
			"Ký túc xá",
			"Các CLB & Cộng đồng sinh viên",
			"Các hoạt động thể thao trong trường",
			"Dịch vụ hỗ trợ",
			"Định hướng và khởi đầu",
			"Tốt nghiệp",
			"Câu chuyện sinh viên",
			"Hợp tác",
			"Ngành công nghiệp và doanh nghiệp",
			"Chương trình trao đổi sinh viên",
			"Chương trình học tập tại nước ngoài",
			"Hợp tác quốc tế",
			"Trao đổi sinh viên",
			"Học kỳ nước ngoài",
			"Các trường đại học đối tác",
			"Cựu sinh viên",
			"Cộng đồng cựu sinh viên",
			"Họ đang làm việc tại đâu",
			"Tuyển sinh",
			"Đề án tuyển sinh",
			"Tin tuyển sinh",
			"Liên hệ",
			"Đăng nhập",
			"Nguyễn Thị Hồng Yến",
			"Trải nghiệm “sống ảo cháy máy” trước khuôn viên đẹp ngất ngây của đại học FPT 3 miền",
			"3 bước lên giảng đường có ảnh “sống ảo”, 5 bước về ktx có chiếc clip xinh",
			"2k5 mê đi review, chớ bỏ qua những quán cafe xinh xẻo ở ngôi trường này",
			"Nữ sinh trường F trong tà áo dài ngày Xuân",
			"Gặp gỡ đội tuyển NGT’s OPEN ROBOT trước giải đấu FIRST Tech Challenge Vietnam",
			"Tỏa sáng với nghiên cứu khoa học, nữ sinh ĐH FPT khẳng định bản lĩnh và tài năng",
			"Phim ngắn “Thoi vàng chỉ ngọc” của SV ĐH FPT tại Cần Thơ được công chiếu ở Lotte Cinema",
			"SV trường ĐH FPT Hà Nội đón “tết trên bản” 2024",
			"Vietnamese",
			"English",
			"Facebook",
			"Youtube",
			"Tik Tok",
			"Hotline: (024)/(028) 73001866 - (0236)/(0292) 7301866"
		],
		"img": [
			"cropped cropped 2021 FPTU Long",
			"cropped cropped 2021 FPTU Long",
			"nhung goc song ao cua truong dh fpt 1",
			"nhung goc song ao cua truong dh fpt 1",
			"nhung goc song ao cua truong dh fpt 2",
			"nhung goc song ao cua truong dh fpt 2",
			"nhung goc song ao cua truong dh fpt 3",
			"nhung goc song ao cua truong dh fpt 3",
			"nhung goc song ao cua truong dh fpt 4",
			"nhung goc song ao cua truong dh fpt 4",
			"nhung goc song ao cua truong dh fpt",
			"nhung goc song ao cua truong dh fpt",
			"nhung goc song ao cua truong dh fpt 5",
			"nhung goc song ao cua truong dh fpt 5",
			"nhung goc song ao cua truong dh fpt 6",
			"nhung goc song ao cua truong dh fpt 6",
			"nhung goc song ao cua truong dh fpt 7",
			"nhung goc song ao cua truong dh fpt 7",
			"nhung goc song ao cua truong dh fpt 8",
			"nhung goc song ao cua truong dh fpt 8",
			"sinh vien dai hoc fpt 8",
			"sinh vien dai hoc fpt 8",
			"dai hoc fpt 1",
			"dai hoc fpt 1",
			"my duyen",
			"my duyen",
			"fpt 5",
			"fpt 5",
			"dai hoc fpt 1",
			"dai hoc fpt 1",
			"thông báo tuyển bổ sung",
			"thông báo tuyển bổ sung"
		],
		"p": [
			"Trang thông tin tuyển sinh chính thức của Trường Đại học FPT",
			"Khắp Bắc – Trung – Nam, Thủ đô hay phố biển, tọa lạc ở đâu thì campus Trường ĐH FPT cũng cân đủ độ đẹp: thiết kế độc đáo, tính công nghệ hiện đại ngời ngời mà vẫn xanh dịu dàng, tươi mát, trông xa đã thấy muốn vào xin làm sinh viên Trường.",
			"Ba bước, năm bước dạo trong những khuôn viên xanh mát ấy, ghé qua cái background tòa nhà giảng đường hiện đại, hội sinh viên áo cam có ngay khuôn hình đẹp như ở resort để sống ảo.",
			"Lớp học bình thường cũng có thể “hô biến” thành phim trường. Mặc đồng phục giản dị thôi, ngồi vào đây cùng chúng bạn, sinh viên Trường ĐH FPT có ngay chiếc ảnh thơ thơ, đẹp chẳng kém chuẩn phim thanh xuân vườn trường.",
			"Không gian thư viện tưởng không chuẩn mà hoá ra lại quá chuẩn cho concept lên đồ truyền thống, tạo dáng deep deep bên nhạc cụ truyền thống. Nhưng không chỉ chụp ảnh đâu, sinh viên Trường ĐH FPT cũng thường xuyên diện những trang phục này, khoe ngón đàn “nghệ” chẳng kém gì sinh viên trường nghệ thuật chuyên nghiệp.",
			"Campus trường đại học gì mà lạ, mặc võ phục chụp ảnh thường thường thôi cũng thấy hợp và xinh không ngờ. Chiếc ảnh này mà up “phây” có khi còn “khoe” được độ độc lạ của môn giáo dục thể chất Trường ĐH FPT bởi đây là ngôi trường đại học đầu tiên đưa Vovinam vào giảng dạy chính khóa mà.",
			"Campus Trường ĐH FPT sẵn có những góc café “top view” đẹp thế này để hội genZ vừa xả stress vừa sống ảo chil chil.",
			"Chẳng cần “tốn não” lên đồ làm gì, diện áo phông đơn giản, mà cũng chỉ là trên đường về ký túc xá sau ngày học bình thường thôi thế mà sinh viên Trường ĐH FPT cũng có thể có ngay con ảnh đẹp.",
			"Đi sự kiện, ẩn mình trong bộ mascot hay diện trang phục của nước bạn cũng được, cứ đứng vào không gian khuôn viên Trường ĐH FPT đi, sẽ thấy đẹp và hợp đến bất ngờ. Đúng là không thể đùa được, campus Trường ĐH FPT đẹp đến độ cân đủ mọi outfit.",
			"Ngày nào đi học cũng giống như là đi phim trường, ở resort thế này, sinh viên Trường ĐH FPT không muốn có ảnh đẹp cũng khó. Tận dùng ngay đi, trải nghiệm hết cỡ thanh xuân tươi đẹp ở ngôi trường này bạn nhé.",
			"Sinh viên “trường người ta” đúng là khiến mình phải phát hờn, đi học thôi mà cũng có tới 1001 điểm check-in đẹp, đứng vu vơ vào đâu cũng có ảnh “chất”, mỗi bước chân lại cho ra cả ngàn tấm hình chất lượng...",
			"Chỉ sợ bạn không đủ sức, điện thoại không đủ bộ nhớ chứ ngôi trường này chưa bao giờ thiếu góc “sống ảo” cho team thích lên hình. Chẳng phải studio hay phim trường nhưng ĐH FPT Hà Nội lại không ngừng nâng cấp cảnh quan, bổ...",
			"2 quán cafe dưới đây sẽ là điểm đến tuyệt vời cho teen 2k5 bởi không gian cực “chill”. Đã vậy, quán còn nằm ngay trong khuôn viên trường đại học nên sẽ là tụ điểm ôn bài, họp nhóm cực kỳ thú vị. Trường ĐH FPT phân hiệu TP....",
			"Khu Giáo dục và Đào tạo – Khu Công nghệ cao Hòa Lạc – Km29 Đại lộ Thăng Long, H. Thạch Thất,\nTP. Hà Nội",
			"Điện thoại: 024 7300 1866",
			"Email: daihocfpt@fpt.edu.vn",
			"Lô E2a-7, Đường D1 Khu Công nghệ cao, P. Long Thạnh Mỹ, TP. Thủ Đức, TP. Hồ Chí Minh",
			"Điện thoại: 028 7300 1866",
			"Email: daihocfpt@fpt.edu.vn",
			"Khu đô thị công nghệ FPT Đà Nẵng, P. Hoà Hải, Q. Ngũ Hành Sơn, TP. Đà Nẵng",
			"Điện thoại: 0236 730 1866",
			"Email: daihocfpt@fpt.edu.vn",
			"Số 600 Đường Nguyễn Văn Cừ (nối dài), P. An Bình, Q. Ninh Kiều, TP. Cần Thơ",
			"Điện thoại: 0292 730 1866",
			"Email: daihocfpt@fpt.edu.vn",
			"Khu đô thị mới An Phú Thịnh, Phường Nhơn Bình & Phường Đống Đa, TP. Quy\nNhơn, Bình Định",
			"Điện thoại: 0256 730 1866 /0256 7300 999",
			"Email: daihocfpt@fpt.edu.vn"
		],
		"label": [
			"Tìm kiếm",
			"Tìm kiếm"
		],
		"button": [
			"×",
			"Đăng ký",
			"Đóng"
		],
		"span": [
			"Trang chủ",
			"bởi",
			"Bài trước",
			"Bài trước:",
			"← Ngắm nhan sắc trong veo, dịu dàng của nữ sinh trường ĐH FPT",
			"Bài tiếp",
			"Bài tiếp:",
			"Kinh nghiệm làm việc đa quốc gia của kỹ sư công nghệ 9x →"
		],
		"h1": [
			"Điểm danh những góc sống ảo đứng vào là xinh tại trường ĐH FPT"
		],
		"time": [
			"Thứ Năm, ngày 27 tháng 07 năm 2023",
			"27/07/2023",
			"05/02/2024",
			"05/02/2024",
			"05/02/2024",
			"02/02/2024",
			"01/02/2024"
		],
		"strong": [
			"Góc nào ở ĐH FPT cũng xinh xỉu. Hội sinh viên ngôi trường này diện outfit đồng phục, “lên đồ” sang chảnh hay giản dị tung tăng trong khuôn viên trường là có khối ảnh “sống ảo” ngay.",
			"Theo Kênh14"
		],
		"h2": [
			"Bài viết liên quan",
			"Điều hướng bài viết"
		],
		"h3": [
			"Đăng ký tư vấn"
		],
		"h4": [
			"HÀ NỘI",
			"TP. HỒ CHÍ MINH",
			"ĐÀ NẴNG",
			"CẦN THƠ",
			"Quy Nhơn"
		],
		"b": [
			"Hãy để lại SĐT để cán bộ nhà trường hỗ trợ bạn sớm nhất nhé"
		],
		"option": [
			"Tỉnh / Thành phố *",
			"An Giang",
			"Bà Rịa-Vũng Tàu",
			"Bắc Giang",
			"Bắc Kạn",
			"Bạc Liêu",
			"Bắc Ninh",
			"Bến Tre",
			"Bình Dương",
			"Bình Định",
			"Bình Phước",
			"Bình Thuận",
			"Cà Mau",
			"Cần Thơ",
			"Cao Bằng",
			"Cục Cảnh sát ĐKQL cư trú và DLQG về dân cư",
			"Cục Cảnh sát quản lý hành chính về trật tự xã hội",
			"Đà Nẵng",
			"Đắk Lắk",
			"Đăk Nông",
			"Điện Biên",
			"Đồng Nai",
			"Đồng Tháp",
			"Gia Lai",
			"Hà Giang",
			"Hà Nam",
			"Hà Tĩnh",
			"Hải Dương",
			"Hải Phòng",
			"Hậu Giang",
			"Hoà Bình",
			"Hưng Yên",
			"Khánh Hoà",
			"Kiên Giang",
			"Kon Tum",
			"Lai Châu",
			"Lâm Đồng",
			"Lạng Sơn",
			"Lào Cai",
			"Long An",
			"Nam Định",
			"Nghệ An",
			"Ninh Bình",
			"Ninh Thuận",
			"Phú Thọ",
			"Phú Yên",
			"Quảng Bình",
			"Quảng Nam",
			"Quảng Ngãi",
			"Quảng Ninh",
			"Quảng Trị",
			"Sóc Trăng",
			"Sơn La",
			"Tây Ninh",
			"Thái Bình",
			"Thái Nguyên",
			"Thanh Hoá",
			"Thừa Thiên - Huế",
			"Tiền Giang",
			"Trà Vinh",
			"Tuyên Quang",
			"Vĩnh Long",
			"Vĩnh Phúc",
			"Yên Bái",
			"Hà Nội",
			"TP. Hồ Chí Minh"
		]
	},
	"url": "https://daihoc.fpt.edu.vn/diem-danh-nhung-goc-song-ao-dung-vao-la-xinh-tai-truong-dh-fpt/"
}