{
	"data": {
		"title": [
			"Trải nghiệm study tour tại Nhật Bản của sinh viên ĐH FPT có gì? - Trường Đại học FPT"
		],
		"div": [
			"›\n\n›",
			"Kỳ Summer vừa qua, các bạn sinh viên trường Đại học FPT đã có chuyến đi đáng nhớ đến Nhật Bản. Trong suốt 1 tuần du lịch trải nghiệm, các bạn được tham quan những địa điểm nổi tiếng, cũng như được thưởng thức văn hóa độc đáo qua ẩm thực, trang phục và tận hưởng không khí nghệ thuật truyền thống của đất nước mặt trời mọc. Đó là:",
			"Nhật Bản hoa lệ khi thủ đô Tokyo lên đèn.",
			"Một Nhật Bản cổ xưa khi tới thăm thị trấn Edo thu nhỏ tại Saitama đầy hoài niệm – Kawagoe",
			"Một Nhật Bản sầm uất, năng động khi hòa mình vào những khu phố náo nhiệt bậc nhất, như Shibuya và Akihabara",
			"Một Nhật Bản êm đềm khi ngắm nhìn hoàng hôn từ bờ biển của đảo Odaiba",
			"Dù ở khía cạnh nào, Nhật Bản cũng là một điểm đến hết sức lý thú và tuyệt vời. Hy vọng rằng, qua chuyến đi 7 ngày này, các bạn đã mang về cho mình những kỷ niệm đẹp đẽ tại xứ sở hoa anh đào nhé.",
			"© 2024 Bản quyền thuộc về Trường Đại học FPT.",
			"Đăng ký tư vấn"
		],
		"a": [
			"Trường Đại học FPT",
			"Vietnamese",
			"English",
			"Trang chủ",
			"Giới thiệu",
			"Lịch sử thành lập",
			"Tập đoàn FPT",
			"Tổ chức giáo dục FPT",
			"Triết lý đào tạo",
			"Các giải thưởng và thành tích",
			"Ban lãnh đạo",
			"Gắn kết cộng đồng",
			"Tin tức",
			"Tin tức chung",
			"Hoạt động sinh viên",
			"Sự kiện",
			"Tuyển dụng",
			"Hướng nghiệp",
			"Ngành học",
			"Công nghệ thông tin",
			"Công nghệ ô tô số",
			"Kỹ thuật phần mềm",
			"Hệ thống thông tin",
			"Trí tuệ nhân tạo",
			"An toàn thông tin",
			"Thiết kế Mỹ thuật số",
			"Quản trị kinh doanh",
			"Tài chính",
			"Digital Marketing",
			"Kinh doanh quốc tế",
			"Quản lý Logistics & Chuỗi cung ứng toàn cầu",
			"Quản trị khách sạn",
			"Quản trị Du lịch và Lữ hành",
			"Công nghệ truyền thông",
			"Quản trị truyền thông đa phương tiện",
			"Quan hệ công chúng",
			"Ngôn ngữ Anh",
			"Ngôn ngữ Nhật",
			"Ngôn ngữ Hàn Quốc",
			"Ngôn ngữ Trung Quốc (Dự kiến)",
			"Đời sống sinh viên",
			"Một ngày tại Đại học FPT",
			"Vì sao nên học tại Đại học FPT",
			"Sự hài lòng của sinh viên",
			"Môi trường học tập",
			"Chương trình học linh hoạt",
			"Đời sống sinh viên",
			"Ký túc xá",
			"Các CLB & Cộng đồng sinh viên",
			"Các hoạt động thể thao trong trường",
			"Dịch vụ hỗ trợ",
			"Định hướng và khởi đầu",
			"Tốt nghiệp",
			"Câu chuyện sinh viên",
			"Hợp tác",
			"Ngành công nghiệp và doanh nghiệp",
			"Chương trình trao đổi sinh viên",
			"Chương trình học tập tại nước ngoài",
			"Hợp tác quốc tế",
			"Trao đổi sinh viên",
			"Học kỳ nước ngoài",
			"Các trường đại học đối tác",
			"Cựu sinh viên",
			"Cộng đồng cựu sinh viên",
			"Họ đang làm việc tại đâu",
			"Tuyển sinh",
			"Đề án tuyển sinh",
			"Tin tuyển sinh",
			"Liên hệ",
			"Đăng nhập",
			"Nguyễn Thị Hồng Yến",
			"Trường Đại học FPT vinh dự tiếp đón đoàn các Trường Đại học từ Canada",
			"Khám phá UNIMAS University nơi SV Đại học FPT học kỳ tiếng Anh nước ngoài",
			"Hành trình chinh phục 3 nước Đông Nam Á của tân sinh kiên K19 ĐH FPT",
			"Nữ sinh trường F trong tà áo dài ngày Xuân",
			"Gặp gỡ đội tuyển NGT’s OPEN ROBOT trước giải đấu FIRST Tech Challenge Vietnam",
			"Tỏa sáng với nghiên cứu khoa học, nữ sinh ĐH FPT khẳng định bản lĩnh và tài năng",
			"Phim ngắn “Thoi vàng chỉ ngọc” của SV ĐH FPT tại Cần Thơ được công chiếu ở Lotte Cinema",
			"SV trường ĐH FPT Hà Nội đón “tết trên bản” 2024",
			"Vietnamese",
			"English",
			"Facebook",
			"Youtube",
			"Tik Tok",
			"Hotline: (024)/(028) 73001866 - (0236)/(0292) 7301866"
		],
		"img": [
			"cropped cropped 2021 FPTU Long",
			"cropped cropped 2021 FPTU Long",
			"study tour nhat ban dh fpt",
			"study tour nhat ban dh fpt",
			"study tour nhat ban dh fpt 4",
			"study tour nhat ban dh fpt 4",
			"study tour nhat ban dh fpt 3",
			"study tour nhat ban dh fpt 3",
			"study tour nhat ban dh fpt 2",
			"study tour nhat ban dh fpt 2",
			"study tour nhat ban dh fpt 1",
			"study tour nhat ban dh fpt 1",
			"sinh vien dai hoc fpt 8",
			"sinh vien dai hoc fpt 8",
			"dai hoc fpt 1",
			"dai hoc fpt 1",
			"my duyen",
			"my duyen",
			"fpt 5",
			"fpt 5",
			"dai hoc fpt 1",
			"dai hoc fpt 1",
			"thông báo tuyển bổ sung",
			"thông báo tuyển bổ sung"
		],
		"p": [
			"Trang thông tin tuyển sinh chính thức của Trường Đại học FPT",
			"Vừa qua, Trường ĐH FPT vinh dự được đón tiếp đoàn các trường đại học từ Canada tới thăm và làm việc. Buổi gặp mặt mở ra nhiều cơ hội hợp tác quốc tế về việc học tập và trao đổi sinh viên giữa các trường Canada trong tương...",
			"UNIMAS là một trong những ngôi trường sinh viên ĐH FPT sẽ được học tập trong kỳ tiếng Anh ở nước ngoài. Trường có trụ sở chính ở Sarawak, Malaysia, ngoài ra trường có thêm một UNIMAS KL Learning Center nữa. Trường nằm trong Top200 theo bảng...",
			"Vừa qua, các tân sinh viên K1 Đại học FPT đã có hành trình 6 ngày 5 đêm chinh phục 3 quốc gia Đông Nam Á với nhiều trải nghiệm và kỷ niệm đáng nhớ. Vượt qua chặng đường hơn 3000 cây số, chúng ta hãy cùng nhau điểm lại trong hành trình...",
			"Khu Giáo dục và Đào tạo – Khu Công nghệ cao Hòa Lạc – Km29 Đại lộ Thăng Long, H. Thạch Thất,\nTP. Hà Nội",
			"Điện thoại: 024 7300 1866",
			"Email: daihocfpt@fpt.edu.vn",
			"Lô E2a-7, Đường D1 Khu Công nghệ cao, P. Long Thạnh Mỹ, TP. Thủ Đức, TP. Hồ Chí Minh",
			"Điện thoại: 028 7300 1866",
			"Email: daihocfpt@fpt.edu.vn",
			"Khu đô thị công nghệ FPT Đà Nẵng, P. Hoà Hải, Q. Ngũ Hành Sơn, TP. Đà Nẵng",
			"Điện thoại: 0236 730 1866",
			"Email: daihocfpt@fpt.edu.vn",
			"Số 600 Đường Nguyễn Văn Cừ (nối dài), P. An Bình, Q. Ninh Kiều, TP. Cần Thơ",
			"Điện thoại: 0292 730 1866",
			"Email: daihocfpt@fpt.edu.vn",
			"Khu đô thị mới An Phú Thịnh, Phường Nhơn Bình & Phường Đống Đa, TP. Quy\nNhơn, Bình Định",
			"Điện thoại: 0256 730 1866 /0256 7300 999",
			"Email: daihocfpt@fpt.edu.vn"
		],
		"label": [
			"Tìm kiếm",
			"Tìm kiếm"
		],
		"button": [
			"×",
			"Đăng ký",
			"Đóng"
		],
		"span": [
			"Trang chủ",
			"Tin tức chung",
			"Trải nghiệm study tour tại Nhật Bản của sinh viên ĐH FPT có gì?",
			"bởi",
			"Bài trước",
			"Bài trước:",
			"← Hành trình chinh phục 3 nước Đông Nam Á của tân sinh kiên K19 ĐH FPT",
			"Bài tiếp",
			"Bài tiếp:",
			"Những khoảnh khắc ấn tượng trong Lễ Tôn Vinh học kỳ Summer 2023 ĐH FPT →"
		],
		"h1": [
			"Trải nghiệm study tour tại Nhật Bản của sinh viên ĐH FPT có gì?"
		],
		"time": [
			"Thứ Tư, ngày 25 tháng 10 năm 2023",
			"25/10/2023",
			"05/02/2024",
			"05/02/2024",
			"05/02/2024",
			"02/02/2024",
			"01/02/2024"
		],
		"strong": [
			"Học tập, trao đổi văn hoá ở nước ngoài là một trong những đặc sản của trường ĐH FPT. Vừa qua, các Cóc nhà F đã có chuyến study 7 ngày tại đất nước Mặt Trời mọc với nhiều trải nghiệm thú vị. Cùng xem các bạn ấy đã có những hoạt động gì nhé!",
			"Theo Study Overseas"
		],
		"h2": [
			"Bài viết liên quan",
			"Điều hướng bài viết"
		],
		"h3": [
			"Đăng ký tư vấn"
		],
		"h4": [
			"HÀ NỘI",
			"TP. HỒ CHÍ MINH",
			"ĐÀ NẴNG",
			"CẦN THƠ",
			"Quy Nhơn"
		],
		"b": [
			"Hãy để lại SĐT để cán bộ nhà trường hỗ trợ bạn sớm nhất nhé"
		],
		"option": [
			"Tỉnh / Thành phố *",
			"An Giang",
			"Bà Rịa-Vũng Tàu",
			"Bắc Giang",
			"Bắc Kạn",
			"Bạc Liêu",
			"Bắc Ninh",
			"Bến Tre",
			"Bình Dương",
			"Bình Định",
			"Bình Phước",
			"Bình Thuận",
			"Cà Mau",
			"Cần Thơ",
			"Cao Bằng",
			"Cục Cảnh sát ĐKQL cư trú và DLQG về dân cư",
			"Cục Cảnh sát quản lý hành chính về trật tự xã hội",
			"Đà Nẵng",
			"Đắk Lắk",
			"Đăk Nông",
			"Điện Biên",
			"Đồng Nai",
			"Đồng Tháp",
			"Gia Lai",
			"Hà Giang",
			"Hà Nam",
			"Hà Tĩnh",
			"Hải Dương",
			"Hải Phòng",
			"Hậu Giang",
			"Hoà Bình",
			"Hưng Yên",
			"Khánh Hoà",
			"Kiên Giang",
			"Kon Tum",
			"Lai Châu",
			"Lâm Đồng",
			"Lạng Sơn",
			"Lào Cai",
			"Long An",
			"Nam Định",
			"Nghệ An",
			"Ninh Bình",
			"Ninh Thuận",
			"Phú Thọ",
			"Phú Yên",
			"Quảng Bình",
			"Quảng Nam",
			"Quảng Ngãi",
			"Quảng Ninh",
			"Quảng Trị",
			"Sóc Trăng",
			"Sơn La",
			"Tây Ninh",
			"Thái Bình",
			"Thái Nguyên",
			"Thanh Hoá",
			"Thừa Thiên - Huế",
			"Tiền Giang",
			"Trà Vinh",
			"Tuyên Quang",
			"Vĩnh Long",
			"Vĩnh Phúc",
			"Yên Bái",
			"Hà Nội",
			"TP. Hồ Chí Minh"
		]
	},
	"url": "https://daihoc.fpt.edu.vn/trai-nghiem-study-tour-tai-nhat-ban-cua-sinh-vien-dh-fpt-co-gi/"
}