{
	"data": {
		"title": [
			"6 nghề luôn \"khát nhân lực\" ra trường lương khởi điểm đáng mơ ước, sinh viên không lo thất nghiệp - Trường Đại học FPT"
		],
		"div": [
			"›\n\n›",
			"© 2024 Bản quyền thuộc về Trường Đại học FPT.",
			"Đăng ký tư vấn"
		],
		"a": [
			"Trường Đại học FPT",
			"Vietnamese",
			"English",
			"Trang chủ",
			"Giới thiệu",
			"Lịch sử thành lập",
			"Tập đoàn FPT",
			"Tổ chức giáo dục FPT",
			"Triết lý đào tạo",
			"Các giải thưởng và thành tích",
			"Ban lãnh đạo",
			"Gắn kết cộng đồng",
			"Tin tức",
			"Tin tức chung",
			"Hoạt động sinh viên",
			"Sự kiện",
			"Tuyển dụng",
			"Hướng nghiệp",
			"Ngành học",
			"Công nghệ thông tin",
			"Công nghệ ô tô số",
			"Kỹ thuật phần mềm",
			"Hệ thống thông tin",
			"Trí tuệ nhân tạo",
			"An toàn thông tin",
			"Thiết kế Mỹ thuật số",
			"Quản trị kinh doanh",
			"Tài chính",
			"Digital Marketing",
			"Kinh doanh quốc tế",
			"Quản lý Logistics & Chuỗi cung ứng toàn cầu",
			"Quản trị khách sạn",
			"Quản trị Du lịch và Lữ hành",
			"Công nghệ truyền thông",
			"Quản trị truyền thông đa phương tiện",
			"Quan hệ công chúng",
			"Ngôn ngữ Anh",
			"Ngôn ngữ Nhật",
			"Ngôn ngữ Hàn Quốc",
			"Ngôn ngữ Trung Quốc (Dự kiến)",
			"Đời sống sinh viên",
			"Một ngày tại Đại học FPT",
			"Vì sao nên học tại Đại học FPT",
			"Sự hài lòng của sinh viên",
			"Môi trường học tập",
			"Chương trình học linh hoạt",
			"Đời sống sinh viên",
			"Ký túc xá",
			"Các CLB & Cộng đồng sinh viên",
			"Các hoạt động thể thao trong trường",
			"Dịch vụ hỗ trợ",
			"Định hướng và khởi đầu",
			"Tốt nghiệp",
			"Câu chuyện sinh viên",
			"Hợp tác",
			"Ngành công nghiệp và doanh nghiệp",
			"Chương trình trao đổi sinh viên",
			"Chương trình học tập tại nước ngoài",
			"Hợp tác quốc tế",
			"Trao đổi sinh viên",
			"Học kỳ nước ngoài",
			"Các trường đại học đối tác",
			"Cựu sinh viên",
			"Cộng đồng cựu sinh viên",
			"Họ đang làm việc tại đâu",
			"Tuyển sinh",
			"Đề án tuyển sinh",
			"Tin tuyển sinh",
			"Liên hệ",
			"Đăng nhập",
			"Nguyễn Thị Hồng Yến",
			"Nữ sinh trường F trong tà áo dài ngày Xuân",
			"Gặp gỡ đội tuyển NGT’s OPEN ROBOT trước giải đấu FIRST Tech Challenge Vietnam",
			"Tỏa sáng với nghiên cứu khoa học, nữ sinh ĐH FPT khẳng định bản lĩnh và tài năng",
			"Phim ngắn “Thoi vàng chỉ ngọc” của SV ĐH FPT tại Cần Thơ được công chiếu ở Lotte Cinema",
			"SV trường ĐH FPT Hà Nội đón “tết trên bản” 2024",
			"Vietnamese",
			"English",
			"Facebook",
			"Youtube",
			"Tik Tok",
			"Hotline: (024)/(028) 73001866 - (0236)/(0292) 7301866"
		],
		"img": [
			"cropped cropped 2021 FPTU Long",
			"cropped cropped 2021 FPTU Long",
			"viec lam dai hoc fpt 2 1655279197",
			"viec lam dai hoc fpt 2 1655279197",
			"ngon ngu anh dai hoc fpt 2",
			"ngon ngu anh dai hoc fpt 2",
			"sinh vien dai hoc fpt 8",
			"sinh vien dai hoc fpt 8",
			"dai hoc fpt 1",
			"dai hoc fpt 1",
			"my duyen",
			"my duyen",
			"fpt 5",
			"fpt 5",
			"dai hoc fpt 1",
			"dai hoc fpt 1",
			"thông báo tuyển bổ sung",
			"thông báo tuyển bổ sung"
		],
		"p": [
			"Trang thông tin tuyển sinh chính thức của Trường Đại học FPT",
			"Với một nền công nghiệp 4.0, đây là một ngành hot mà giới trẻ hiện nay quan tâm, tất cả các công ty đều có nhu cầu nhân sự cho bộ phận này. Theo thống kê trong 3 năm vừa qua, số lượng công việc ngành Công nghệ thông tin – Phần Mềm đã tăng trung bình 47%/ năm. Tuy nhiên, số lượng nhân sự ngành này chỉ tăng ở mức trung bình 8%. Sinh viên mới ra trường có kỹ năng cơ bản mức lương nhân được cũng từ 12-15 triệu đồng/tháng.",
			"Nền kinh tế đang tâp trung đẩy mạnh thu hút đầu tư nước ngoài thì vai trò của phiên dịch viên là không thể thiếu và có nhu cầu tuyển dụng lớn hiện nay: Ngôn ngữ anh, ngôn ngữ trung, Nhật Bản, Hàn Quốc… đang là xu hướng ở Việt Nam hiện nay, khi các doanh nghiệp những nước này đầu tư rất lơn vào nước ta. Chính vì vậy, những sinh viên thuộc ngành này ra trường luôn được chào đón. Mức lương khởi điểm cũng lên tới 15 triệu/đồng với những sinh giỏi có kỹ năng tốt.",
			"Với sự dịch chuyển của nền kinh tế, lấy công nghiệp-dịch vụ làm trọng tâm phát triển thì vai trò của ngành công nghiệp ô tô là vô cùng lớn, đây là cơ hội mở ra cho các kỹ sư công nghệ ô tô tương lai. Mức lương khởi điểm cho ngành này lên tới 15-20 triệu đồng/ tháng với những bạn có tay nghề và chịu khó học hỏi.",
			"Đây là nghề luôn khát nhân lực nên luôn được nhiều bạn trẻ lựa chọn vì thu nhập hấp dẫn và cơ hội thăng tiến cao.",
			"Hiện nay, Việt Nam được đánh giá là một trong ba quốc gia hứa hẹn tăng trưởng ở châu Á. Và bạn có thể thấy rằng ở Việt Nam những công trình kiến trúc mang tầm cỡ quốc tế ra đời ngày càng nhiều. Đầu tư cơ sở hạ tầng là việc làm bức thiết và được chú trọng hàng đầu. Vì thế, nhu cầu tìm kỹ sư xây dựng, kỹ sư công trình, kiến trúc sư cũng tăng lên. Mức lương khởi điểm của kỹ sư xây dựng cũng từ 12-15 triệu đồng/tháng.",
			"Trong sự phát triển bùng nổ của truyền thông như hiện nay thì vai trò của ngành này càng lên ngôi. Tất cả các doanh nghiệp đều đánh giá vai trò của bộ phân Marketing – truyền thông là vô cùng quan trọng trong việc PR và quảng vá sản phẩm, thương hiệu. Đây là lý do mà ngành này đang khát nhân lực. Theo đánh giá thu nhập của ngành này luôn nằm trong top đầu của những việc làm lương cao nhất hiện nay. Mức lương khởi điểm của ngành Marketing – Truyền thông cũng từ 10-15 triệu đồng/tháng.",
			"Khu Giáo dục và Đào tạo – Khu Công nghệ cao Hòa Lạc – Km29 Đại lộ Thăng Long, H. Thạch Thất,\nTP. Hà Nội",
			"Điện thoại: 024 7300 1866",
			"Email: daihocfpt@fpt.edu.vn",
			"Lô E2a-7, Đường D1 Khu Công nghệ cao, P. Long Thạnh Mỹ, TP. Thủ Đức, TP. Hồ Chí Minh",
			"Điện thoại: 028 7300 1866",
			"Email: daihocfpt@fpt.edu.vn",
			"Khu đô thị công nghệ FPT Đà Nẵng, P. Hoà Hải, Q. Ngũ Hành Sơn, TP. Đà Nẵng",
			"Điện thoại: 0236 730 1866",
			"Email: daihocfpt@fpt.edu.vn",
			"Số 600 Đường Nguyễn Văn Cừ (nối dài), P. An Bình, Q. Ninh Kiều, TP. Cần Thơ",
			"Điện thoại: 0292 730 1866",
			"Email: daihocfpt@fpt.edu.vn",
			"Khu đô thị mới An Phú Thịnh, Phường Nhơn Bình & Phường Đống Đa, TP. Quy\nNhơn, Bình Định",
			"Điện thoại: 0256 730 1866 /0256 7300 999",
			"Email: daihocfpt@fpt.edu.vn"
		],
		"label": [
			"Tìm kiếm",
			"Tìm kiếm"
		],
		"button": [
			"×",
			"Đăng ký",
			"Đóng"
		],
		"span": [
			"Trang chủ",
			"Hướng nghiệp",
			"6 nghề luôn “khát nhân lực” ra trường lương khởi điểm đáng mơ ước, sinh viên không lo thất nghiệp",
			"bởi",
			"Bài trước",
			"Bài trước:",
			"← Phạm Quốc Quyền – “Học bổng ĐH FPT là món quà quý giá em muốn dành tặng cho gia đình, thầy cô”",
			"Bài tiếp",
			"Bài tiếp:",
			"Điều chỉnh nguyện vọng xét tuyển ĐH không giới hạn số lần →"
		],
		"h1": [
			"6 nghề luôn “khát nhân lực” ra trường lương khởi điểm đáng mơ ước, sinh viên không lo thất nghiệp"
		],
		"time": [
			"Thứ Sáu, ngày 24 tháng 06 năm 2022",
			"24/06/2022",
			"05/02/2024",
			"05/02/2024",
			"05/02/2024",
			"02/02/2024",
			"01/02/2024"
		],
		"em": [
			"Ngành CNTT tại Đại học FPT"
		],
		"strong": [
			"Các bạn học sinh 12 đang quan tâm tới nghề nghiệp của mình trong tương lai hãy cùng Đh FPT tham khảo những ngành nghề dưới đây nhé!",
			"Công nghệ thông tin",
			"Ngành phiên dịch viên",
			"Ngành ngôn ngữ tại Đại học FPT",
			"Kỹ sư công nghệ ô tô",
			"Kỹ sư xây dựng công trình",
			"Ngành Marketing – truyền thông",
			"Ngành Marketing – Truyền thông tại đại học FPT",
			"Theo phunutoday.vn"
		],
		"h2": [
			"Điều hướng bài viết"
		],
		"h4": [
			"HÀ NỘI",
			"TP. HỒ CHÍ MINH",
			"ĐÀ NẴNG",
			"CẦN THƠ",
			"Quy Nhơn"
		],
		"h3": [
			"Đăng ký tư vấn"
		],
		"b": [
			"Hãy để lại SĐT để cán bộ nhà trường hỗ trợ bạn sớm nhất nhé"
		],
		"option": [
			"Tỉnh / Thành phố *",
			"An Giang",
			"Bà Rịa-Vũng Tàu",
			"Bắc Giang",
			"Bắc Kạn",
			"Bạc Liêu",
			"Bắc Ninh",
			"Bến Tre",
			"Bình Dương",
			"Bình Định",
			"Bình Phước",
			"Bình Thuận",
			"Cà Mau",
			"Cần Thơ",
			"Cao Bằng",
			"Cục Cảnh sát ĐKQL cư trú và DLQG về dân cư",
			"Cục Cảnh sát quản lý hành chính về trật tự xã hội",
			"Đà Nẵng",
			"Đắk Lắk",
			"Đăk Nông",
			"Điện Biên",
			"Đồng Nai",
			"Đồng Tháp",
			"Gia Lai",
			"Hà Giang",
			"Hà Nam",
			"Hà Tĩnh",
			"Hải Dương",
			"Hải Phòng",
			"Hậu Giang",
			"Hoà Bình",
			"Hưng Yên",
			"Khánh Hoà",
			"Kiên Giang",
			"Kon Tum",
			"Lai Châu",
			"Lâm Đồng",
			"Lạng Sơn",
			"Lào Cai",
			"Long An",
			"Nam Định",
			"Nghệ An",
			"Ninh Bình",
			"Ninh Thuận",
			"Phú Thọ",
			"Phú Yên",
			"Quảng Bình",
			"Quảng Nam",
			"Quảng Ngãi",
			"Quảng Ninh",
			"Quảng Trị",
			"Sóc Trăng",
			"Sơn La",
			"Tây Ninh",
			"Thái Bình",
			"Thái Nguyên",
			"Thanh Hoá",
			"Thừa Thiên - Huế",
			"Tiền Giang",
			"Trà Vinh",
			"Tuyên Quang",
			"Vĩnh Long",
			"Vĩnh Phúc",
			"Yên Bái",
			"Hà Nội",
			"TP. Hồ Chí Minh"
		]
	},
	"url": "https://daihoc.fpt.edu.vn/6-nghe-luon-khat-nhan-luc-ra-truong-luong-khoi-diem-dang-mo-uoc-sinh-vien-khong-lo-that-nghiep/"
}