{
	"data": {
		"title": [
			"ĐH FPT ẵm ngôi á quân và giải 3 Cuộc đua số 2018 - Trường Đại học FPT"
		],
		"div": [
			"›\n\n›",
			"© 2024 Bản quyền thuộc về Trường Đại học FPT.",
			"Đăng ký tư vấn"
		],
		"a": [
			"Trường Đại học FPT",
			"Vietnamese",
			"English",
			"Trang chủ",
			"Giới thiệu",
			"Lịch sử thành lập",
			"Tập đoàn FPT",
			"Tổ chức giáo dục FPT",
			"Triết lý đào tạo",
			"Các giải thưởng và thành tích",
			"Ban lãnh đạo",
			"Gắn kết cộng đồng",
			"Tin tức",
			"Tin tức chung",
			"Hoạt động sinh viên",
			"Sự kiện",
			"Tuyển dụng",
			"Hướng nghiệp",
			"Ngành học",
			"Công nghệ thông tin",
			"Công nghệ ô tô số",
			"Kỹ thuật phần mềm",
			"Hệ thống thông tin",
			"Trí tuệ nhân tạo",
			"An toàn thông tin",
			"Thiết kế Mỹ thuật số",
			"Quản trị kinh doanh",
			"Tài chính",
			"Digital Marketing",
			"Kinh doanh quốc tế",
			"Quản lý Logistics & Chuỗi cung ứng toàn cầu",
			"Quản trị khách sạn",
			"Quản trị Du lịch và Lữ hành",
			"Công nghệ truyền thông",
			"Quản trị truyền thông đa phương tiện",
			"Quan hệ công chúng",
			"Ngôn ngữ Anh",
			"Ngôn ngữ Nhật",
			"Ngôn ngữ Hàn Quốc",
			"Ngôn ngữ Trung Quốc (Dự kiến)",
			"Đời sống sinh viên",
			"Một ngày tại Đại học FPT",
			"Vì sao nên học tại Đại học FPT",
			"Sự hài lòng của sinh viên",
			"Môi trường học tập",
			"Chương trình học linh hoạt",
			"Đời sống sinh viên",
			"Ký túc xá",
			"Các CLB & Cộng đồng sinh viên",
			"Các hoạt động thể thao trong trường",
			"Dịch vụ hỗ trợ",
			"Định hướng và khởi đầu",
			"Tốt nghiệp",
			"Câu chuyện sinh viên",
			"Hợp tác",
			"Ngành công nghiệp và doanh nghiệp",
			"Chương trình trao đổi sinh viên",
			"Chương trình học tập tại nước ngoài",
			"Hợp tác quốc tế",
			"Trao đổi sinh viên",
			"Học kỳ nước ngoài",
			"Các trường đại học đối tác",
			"Cựu sinh viên",
			"Cộng đồng cựu sinh viên",
			"Họ đang làm việc tại đâu",
			"Tuyển sinh",
			"Đề án tuyển sinh",
			"Tin tuyển sinh",
			"Liên hệ",
			"Đăng nhập",
			"Phạm Thị Phương",
			"Nữ sinh trường F trong tà áo dài ngày Xuân",
			"Gặp gỡ đội tuyển NGT’s OPEN ROBOT trước giải đấu FIRST Tech Challenge Vietnam",
			"Tỏa sáng với nghiên cứu khoa học, nữ sinh ĐH FPT khẳng định bản lĩnh và tài năng",
			"Phim ngắn “Thoi vàng chỉ ngọc” của SV ĐH FPT tại Cần Thơ được công chiếu ở Lotte Cinema",
			"SV trường ĐH FPT Hà Nội đón “tết trên bản” 2024",
			"Vietnamese",
			"English",
			"Facebook",
			"Youtube",
			"Tik Tok",
			"Hotline: (024)/(028) 73001866 - (0236)/(0292) 7301866"
		],
		"img": [
			"cropped cropped 2021 FPTU Long",
			"cropped cropped 2021 FPTU Long",
			"sinh vien dai hoc fpt 8",
			"sinh vien dai hoc fpt 8",
			"dai hoc fpt 1",
			"dai hoc fpt 1",
			"my duyen",
			"my duyen",
			"fpt 5",
			"fpt 5",
			"dai hoc fpt 1",
			"dai hoc fpt 1",
			"thông báo tuyển bổ sung",
			"thông báo tuyển bổ sung"
		],
		"p": [
			"Trang thông tin tuyển sinh chính thức của Trường Đại học FPT",
			"Winwin Spiral và Prototype – 2 cái tên xuất sắc đại diện Đại học FPT đã nắm tay nhau bước vào đêm chung kết Cuộc đua số chủ đề Xe tự hành tối 17/5.",
			"Hành trình 7 tháng sơ khảo và 2 vòng bán kết, 8 đội tuyển xuất sắc nhất đã trải qua một quá trình rất nhiều cam go, nhiều thử thách để đến với vòng chung kết gồm: Winwin Spiral – Đại học FPT, Prototype – Đại học FPT, UET Fastest – Đại học Công nghệ Hà Nội, MTA_Race4Fun – Học viện Kĩ thuật Quân sự, DUT Stark – Đại học Bách Khoa Đà Nẵng, NII – Đại học Bách Khoa Đà Nẵng, BK PIF – Đại học Bách khoa TP HCM, Sophia – Đại học Công nghệ Thông tin TP HCM.",
			"Đêm chung kết Cuộc đua số 2017 – 2018 diễn ra tại nhà Thi đấu Tây Hồ với sự cổ vũ cuồng nhiệt của hơn 1000 khán giả có mặt tại đây. Đặc biệt sắc áo cam ĐH FPT nổi bật ở khu vực khán đài tiếp thêm sức mạnh cho 2 đội nhà.",
			", chọn ra top 4 bước vào vòng 2, theo thể lệ, trong 3 phút, các đội cho xe chạy theo lộ trình trên đường đua, tránh vật cản, nhận diện biển báo, dừng trước biển Stop. Thứ hạng các đội sẽ tính theo cung đường, thời gian hoàn thành phần thi.",
			"Trong đường đua giữa DUT Stark (Đại học Bách Khoa Đà Nẵng) và Prototype (Đại học FPT), Prototype đã nhanh chóng hoàn thành phần thi của mình. Không dừng lại, chiếc xe của Prototype tiếp tục hoàn thành liên tiếp nhiều vòng đua trước sự chứng kiến, cổ vũ cuồng nhiệt của khán giả có mặt tại Nhà thi đấu Tây Hồ. Trong khi đó xe của đội ĐH BK Đà Nẵng đi chệch choạc và tỏ ra khó kiểm soát cung đường.",
			"Kết quả đội Prototype (Đại học FPT) hoàn thành vòng đua trong thời gian 20s; đội DUT Stark chỉ hoàn thành được 1/2 chặng đường.",
			"Một đại diện nữa của ĐH FPT là Winwin Spiral cũng đã dành chiến thắng thuyết phục trước Sophia (Đại học Công nghệ Thông tin Hồ Chí Minh) với việc hoàn thành 1 vòng đua trong thời gian 23 giây. Còn Sophia gặp khó khăn trong việc nhận dạng biển báo, đâm vật cản và đi ra khỏi làn đường và dừng lại ở mốc đầu tiên",
			"Tại một diễn biến khác, dù đối đầu nhưng 2 đội  UET Fastest (Đại học Công nghệ, Đại học Quốc gia Hà Nội) cùng MTA_Race4Fun (Học viện Kỹ thuật Quân sự) nhưng thành tích của họ đánh bại 2 cái tên ở lượt đua đầu tiên là NII (Đại học Bách Khoa Đà Nẵng) và BK PIF (Đại học Bách Khoa TP HCM) để bước vào vòng 2 trong đêm chung kết.",
			"Kết thúc vòng 1, Winwin Spiral, Prototype, UET Fastest, MTA_Race4Fun bước vào vòng 2.",
			", trong thời gian 3 phút, xe nào hoàn thành hai vòng đua nhanh nhất sẽ chiến thắng. Các xe vẫn phải nhận diện biển báo, tránh vật cản… Sa hình chỉ được công bố trước trận chung kết một ngày nên các đội có rất ít thời gian để tập luyện trên sa hình mới.",
			"Tại đây, MTA Race4FUN đối đầu UET Fastest. UET Fastest của ĐH Công nghệ đã hoàn thành hai đường đua nhanh chóng và là đội đầu tiên vào trận tranh giải nhất.",
			"Một lần nữa trong sân chơi Cuộc đua số, 2 đội đến từ ĐH FPT lại trở thành đối thủ của nhau. Thắng thu không còn quan trọng vì đội nào bước vào trận sau cũng đều mang màu cờ sắc áo của ĐH FPT đến với trận chiến cuối cùng trong đêm thi đấu. Tinh thần thoải mái, những nụ cười trên khuôn mặt của các thành viên 2 đội.",
			"Tới vòng này, xe của Prototype đi sai làn đường, còn xe của Win win hoàn thành 1 vòng rồi lao chệc ra khỏi đường đua. Sau lần đi sai, Winwin Spiral đã gây bất ngờ khi hoàn thành được hai vòng thi, loại đối thủ được đánh giá rất cao là Prototype.",
			"Bước vào  Winwin Spiral và UET Fastest đều mang tới sự quyết tâm. Nhập cuộc tốt hơn đội bạn những tưởng giải nhất đã vào tay Winwin Spiral nhưng… may mắn không gọi tên, chiếc xe bị chệch đường vào những giây cuối mang tới nhiều tiếc nuối. Winwin Spiral không nản chí, họ nhanh chóng đưa xe nhanh về vạch xuất phát và tiếp tục trận đấu. Những giây cuối trận đấu là khoảng lặng tiếc nuối trên khán đài của hàng trăm cổ động viên ĐH FPT khi thấy chiếc xe của Fastest đã cán đích trước.",
			"Chung cuộc Winwin Spiral giành á quân, Prototypeđạt giải 3. Dù để tuột mất ngôi vương trong những giây cuối nhưng hơn hết tinh thần những chiến binh dã toả sáng trong lòng người hâm mộ, tinh thần FPT đã làm bùng cháy sân chơi cuộc đua số.",
			"Chúc 2 đội ĐH FPT luôn giữ nhiệt đam mê với công nghệ xe tự hành nói riêng và nhập cuộc mạnh hơn nữa với CM 4.0",
			"Nâu Đá",
			"Khu Giáo dục và Đào tạo – Khu Công nghệ cao Hòa Lạc – Km29 Đại lộ Thăng Long, H. Thạch Thất,\nTP. Hà Nội",
			"Điện thoại: 024 7300 1866",
			"Email: daihocfpt@fpt.edu.vn",
			"Lô E2a-7, Đường D1 Khu Công nghệ cao, P. Long Thạnh Mỹ, TP. Thủ Đức, TP. Hồ Chí Minh",
			"Điện thoại: 028 7300 1866",
			"Email: daihocfpt@fpt.edu.vn",
			"Khu đô thị công nghệ FPT Đà Nẵng, P. Hoà Hải, Q. Ngũ Hành Sơn, TP. Đà Nẵng",
			"Điện thoại: 0236 730 1866",
			"Email: daihocfpt@fpt.edu.vn",
			"Số 600 Đường Nguyễn Văn Cừ (nối dài), P. An Bình, Q. Ninh Kiều, TP. Cần Thơ",
			"Điện thoại: 0292 730 1866",
			"Email: daihocfpt@fpt.edu.vn",
			"Khu đô thị mới An Phú Thịnh, Phường Nhơn Bình & Phường Đống Đa, TP. Quy\nNhơn, Bình Định",
			"Điện thoại: 0256 730 1866 /0256 7300 999",
			"Email: daihocfpt@fpt.edu.vn"
		],
		"label": [
			"Tìm kiếm",
			"Tìm kiếm"
		],
		"button": [
			"×",
			"Đăng ký",
			"Đóng"
		],
		"span": [
			"Trang chủ",
			"Hoạt động sinh viên",
			"ĐH FPT ẵm ngôi á quân và giải 3 Cuộc đua số 2018",
			"bởi",
			"Các “chiến bình” của ĐH FPT (ảnh: Hạnh Hà)",
			"Những cổ động viên cuồng nhiệt",
			"Đoạn cua luôn là trở ngại với những chiếc xe.",
			"Sa hình vòng 2",
			"Đồng giải Ba: Prototype (ĐH FPT Hà Nội) và MTA Race4Fun (Học viện Kỹ thuật Quân sự)",
			"Giải Nhì: Winwin Spiral (Đại học FPT)",
			"Bài trước",
			"Bài trước:",
			"← Cùng một lộ trình, sinh viên ĐH FPT có cơ hội nhận 2 bằng Đại học",
			"Bài tiếp",
			"Bài tiếp:",
			"“4 cùng” với team building CLB Nhạc cụ truyền thống →"
		],
		"h1": [
			"ĐH FPT ẵm ngôi á quân và giải 3 Cuộc đua số 2018"
		],
		"time": [
			"Thứ Sáu, ngày 18 tháng 05 năm 2018",
			"18/05/2018",
			"05/02/2024",
			"05/02/2024",
			"05/02/2024",
			"02/02/2024",
			"01/02/2024"
		],
		"strong": [
			"Thiếu một chút may mắn, Winwin Spiral bỏ lỡ ngôi vương Cuộc đua số 2017-2018 trong tiếc nuối.",
			"Tại vòng đầu",
			"Vòng 2",
			"lượt đấu tranh giải nhất"
		],
		"h2": [
			"Điều hướng bài viết"
		],
		"h4": [
			"HÀ NỘI",
			"TP. HỒ CHÍ MINH",
			"ĐÀ NẴNG",
			"CẦN THƠ",
			"Quy Nhơn"
		],
		"h3": [
			"Đăng ký tư vấn"
		],
		"b": [
			"Hãy để lại SĐT để cán bộ nhà trường hỗ trợ bạn sớm nhất nhé"
		],
		"option": [
			"Tỉnh / Thành phố *",
			"An Giang",
			"Bà Rịa-Vũng Tàu",
			"Bắc Giang",
			"Bắc Kạn",
			"Bạc Liêu",
			"Bắc Ninh",
			"Bến Tre",
			"Bình Dương",
			"Bình Định",
			"Bình Phước",
			"Bình Thuận",
			"Cà Mau",
			"Cần Thơ",
			"Cao Bằng",
			"Cục Cảnh sát ĐKQL cư trú và DLQG về dân cư",
			"Cục Cảnh sát quản lý hành chính về trật tự xã hội",
			"Đà Nẵng",
			"Đắk Lắk",
			"Đăk Nông",
			"Điện Biên",
			"Đồng Nai",
			"Đồng Tháp",
			"Gia Lai",
			"Hà Giang",
			"Hà Nam",
			"Hà Tĩnh",
			"Hải Dương",
			"Hải Phòng",
			"Hậu Giang",
			"Hoà Bình",
			"Hưng Yên",
			"Khánh Hoà",
			"Kiên Giang",
			"Kon Tum",
			"Lai Châu",
			"Lâm Đồng",
			"Lạng Sơn",
			"Lào Cai",
			"Long An",
			"Nam Định",
			"Nghệ An",
			"Ninh Bình",
			"Ninh Thuận",
			"Phú Thọ",
			"Phú Yên",
			"Quảng Bình",
			"Quảng Nam",
			"Quảng Ngãi",
			"Quảng Ninh",
			"Quảng Trị",
			"Sóc Trăng",
			"Sơn La",
			"Tây Ninh",
			"Thái Bình",
			"Thái Nguyên",
			"Thanh Hoá",
			"Thừa Thiên - Huế",
			"Tiền Giang",
			"Trà Vinh",
			"Tuyên Quang",
			"Vĩnh Long",
			"Vĩnh Phúc",
			"Yên Bái",
			"Hà Nội",
			"TP. Hồ Chí Minh"
		]
	},
	"url": "https://daihoc.fpt.edu.vn/dh-fpt-am-ngoi-a-quan-va-giai-3-cuoc-dua-so-2018/"
}