{
	"data": {
		"title": [
			"Trường Đại học GenZ Hà Nội ao ước được học vì trải nghiệm quá \"đỉnh\" - Trường Đại học FPT"
		],
		"div": [
			"›\n\n›\n\n›\n\n›",
			"© 2024 Bản quyền thuộc về Trường Đại học FPT.",
			"Đăng ký tư vấn"
		],
		"a": [
			"Trường Đại học FPT",
			"Vietnamese",
			"English",
			"Trang chủ",
			"Giới thiệu",
			"Lịch sử thành lập",
			"Tập đoàn FPT",
			"Tổ chức giáo dục FPT",
			"Triết lý đào tạo",
			"Các giải thưởng và thành tích",
			"Ban lãnh đạo",
			"Gắn kết cộng đồng",
			"Tin tức",
			"Tin tức chung",
			"Hoạt động sinh viên",
			"Sự kiện",
			"Tuyển dụng",
			"Hướng nghiệp",
			"Ngành học",
			"Công nghệ thông tin",
			"Công nghệ ô tô số",
			"Kỹ thuật phần mềm",
			"Hệ thống thông tin",
			"Trí tuệ nhân tạo",
			"An toàn thông tin",
			"Thiết kế Mỹ thuật số",
			"Quản trị kinh doanh",
			"Tài chính",
			"Digital Marketing",
			"Kinh doanh quốc tế",
			"Quản lý Logistics & Chuỗi cung ứng toàn cầu",
			"Quản trị khách sạn",
			"Quản trị Du lịch và Lữ hành",
			"Công nghệ truyền thông",
			"Quản trị truyền thông đa phương tiện",
			"Quan hệ công chúng",
			"Ngôn ngữ Anh",
			"Ngôn ngữ Nhật",
			"Ngôn ngữ Hàn Quốc",
			"Ngôn ngữ Trung Quốc (Dự kiến)",
			"Đời sống sinh viên",
			"Một ngày tại Đại học FPT",
			"Vì sao nên học tại Đại học FPT",
			"Sự hài lòng của sinh viên",
			"Môi trường học tập",
			"Chương trình học linh hoạt",
			"Đời sống sinh viên",
			"Ký túc xá",
			"Các CLB & Cộng đồng sinh viên",
			"Các hoạt động thể thao trong trường",
			"Dịch vụ hỗ trợ",
			"Định hướng và khởi đầu",
			"Tốt nghiệp",
			"Câu chuyện sinh viên",
			"Hợp tác",
			"Ngành công nghiệp và doanh nghiệp",
			"Chương trình trao đổi sinh viên",
			"Chương trình học tập tại nước ngoài",
			"Hợp tác quốc tế",
			"Trao đổi sinh viên",
			"Học kỳ nước ngoài",
			"Các trường đại học đối tác",
			"Cựu sinh viên",
			"Cộng đồng cựu sinh viên",
			"Họ đang làm việc tại đâu",
			"Tuyển sinh",
			"Đề án tuyển sinh",
			"Tin tuyển sinh",
			"Liên hệ",
			"Đăng nhập",
			"Nguyễn Thị Hồng Yến",
			"Nữ sinh trường F trong tà áo dài ngày Xuân",
			"Gặp gỡ đội tuyển NGT’s OPEN ROBOT trước giải đấu FIRST Tech Challenge Vietnam",
			"Tỏa sáng với nghiên cứu khoa học, nữ sinh ĐH FPT khẳng định bản lĩnh và tài năng",
			"Phim ngắn “Thoi vàng chỉ ngọc” của SV ĐH FPT tại Cần Thơ được công chiếu ở Lotte Cinema",
			"SV trường ĐH FPT Hà Nội đón “tết trên bản” 2024",
			"Vietnamese",
			"English",
			"Facebook",
			"Youtube",
			"Tik Tok",
			"Hotline: (024)/(028) 73001866 - (0236)/(0292) 7301866"
		],
		"img": [
			"cropped cropped 2021 FPTU Long",
			"cropped cropped 2021 FPTU Long",
			"truong dh fpt genz ao uoc duoc hoc vi trai nghiem qua dinh 1 1658310054",
			"truong dh fpt genz ao uoc duoc hoc vi trai nghiem qua dinh 1 1658310054",
			"truong dh fpt genz ao uoc duoc hoc vi trai nghiem qua dinh 2 1658310054",
			"truong dh fpt genz ao uoc duoc hoc vi trai nghiem qua dinh 2 1658310054",
			"truong dh fpt genz ao uoc duoc hoc vi trai nghiem qua dinh 3 1658310054",
			"truong dh fpt genz ao uoc duoc hoc vi trai nghiem qua dinh 3 1658310054",
			"truong dh fpt genz ao uoc duoc hoc vi trai nghiem qua dinh 4 1658310055",
			"truong dh fpt genz ao uoc duoc hoc vi trai nghiem qua dinh 4 1658310055",
			"truong dh fpt genz ao uoc duoc hoc vi trai nghiem qua dinh 5 1658310055",
			"truong dh fpt genz ao uoc duoc hoc vi trai nghiem qua dinh 5 1658310055",
			"truong dh fpt genz ao uoc duoc hoc vi trai nghiem qua dinh 6 1658310055",
			"truong dh fpt genz ao uoc duoc hoc vi trai nghiem qua dinh 6 1658310055",
			"truong dh fpt genz ao uoc duoc hoc vi trai nghiem qua dinh 7 1658310056",
			"truong dh fpt genz ao uoc duoc hoc vi trai nghiem qua dinh 7 1658310056",
			"truong dh fpt genz ao uoc duoc hoc vi trai nghiem qua dinh 8 1658310056",
			"truong dh fpt genz ao uoc duoc hoc vi trai nghiem qua dinh 8 1658310056",
			"truong dh fpt genz ao uoc duoc hoc vi trai nghiem qua dinh 9 1658310056",
			"truong dh fpt genz ao uoc duoc hoc vi trai nghiem qua dinh 9 1658310056",
			"sinh vien dai hoc fpt 8",
			"sinh vien dai hoc fpt 8",
			"dai hoc fpt 1",
			"dai hoc fpt 1",
			"my duyen",
			"my duyen",
			"fpt 5",
			"fpt 5",
			"dai hoc fpt 1",
			"dai hoc fpt 1",
			"thông báo tuyển bổ sung",
			"thông báo tuyển bổ sung"
		],
		"p": [
			"Trang thông tin tuyển sinh chính thức của Trường Đại học FPT",
			"ĐH FPT Hà Nội là ngôi trường nổi tiếng với các Gen Z bởi kiến trúc lạ mắt và liên tục được bổ sung các góc “sống ảo” độc đáo. Nếu so sánh với các ngôi trường kiểu mới trên thế giới, có thể nói rằng ĐH FPT Hà Nội không hề thua kém mà còn có phần “nhỉnh” hơn khi phá cách tạo ra một tổng thể xanh, hiện đại nhưng gần gũi với thiên nhiên.",
			"Dù cách trung tâm Hà Nội gần 30 km nhưng đây lại là lợi thế để ĐH FPT có một không gian siêu rộng lên tới 30ha, bầu không khí trong lành và trải nghiệm một thành phố thu nhỏ trong lòng campus",
			"3 khu giảng đường với những cái tên đậm màu công nghệ là Alpha, Beta, Delta được thiết kế với lối kiến trúc xanh, tận dụng tối đa ánh sáng tự nhiên xen lẫn với màu xanh cây cỏ, tạo cảm giác rộng rãi và tràn ngập ánh sáng. Mỗi phòng học tại ĐH FPT chỉ có khoảng 30 sinh viên, và được trang bị điều hoà, wifi, màn chiếu, loa… tạo điều kiện học tập thuận lợi nhất cho sinh viê",
			"Ngoài giờ học, sinh viên có thể tới các khu vực thông nghỉ ngơi hoặc các khu thông tầng để ôn bài, trò chuyện hoặc làm bài tập nhóm. Những tông màu trẻ trung cũng là điểm nhấn cho các công trình kiến trúc của ĐH FPT",
			"Nếu đi dạo tại giảng đường Alpha, không ít tân sinh viên sẽ bị hút hồn bởi những khoảng sân xanh mát giữa các dãy phòng học. Đây cũng là nơi xuất hiện trong các bộ ảnh thanh xuân vườn trường hay MV của nhiều nghệ sĩ Vbiz",
			"Đi dọc con đường 30m thơ mộng sẽ tới khu ký túc xá tiện nghi với giường tầng, tủ đồ, điều hoà, phòng tắm. Cuộc sống nội trú giúp sinh viên học được cách sống kỷ luật, đồng thời học được những kỹ năng sống quan trọng như quản lý tài chính, quản lý thời gian cân bằng giữa việc học tập và hoạt động ngoại khóa, kỹ năng sống tập thể…",
			"Trải nghiệm ngắm hoàng hôn dần buông từ ký túc xá cũng là một trong những điều sinh viên FPT tại campus Hoà Lạc được tận hưởng mỗi ngày. Điều thơ mộng tưởng chừng xa xỉ ở thành phố trở nên thật dễ dàng khi học tập ở trong khuôn viên ngôi trường có không gian xanh mát trong lành và gần gũi thiên nhiên như thế này",
			"Ở ĐH FPT campus Hoà Lạc có khu vực siêu hot với những sinh viên yêu thể thao, chính là khu tổ hợp thể thao gồm các sân bóng đá, bóng rổ, bóng bàn, phòng tập gym hay võ đường Vovinam. Đặc biệt, sinh viên có thể tới khu street work out ngay trong khuôn viên trường để “độ body” 6 múi hay “đường cong chữ S”. Hoặc đơn giản chỉ cần đi bộ quanh campus rộng gần 30ha vừa đi vừa thưởng thức không khí trong lành, ngắm chuỗi hồ nước, đồi thông, các công trình điêu khắc hay thưởng thức hoa cỏ muôn màu cũng đã là một cách để sinh viên FPT có một cơ thể dẻo dai",
			"Sân bóng rổ thôi mà cũng đẹp nao lòng thế này, nhất là khi nó được đặt ngay cạnh toà giảng đường giành giải kiến trúc thế giới. Chơi bóng rổ ở đây đúng là một trải nghiệm vừa xịn vừa thơ với những sinh viên mê môn thể thao này",
			"Ngôi trường này còn trang bị hẳn dàn xe đạp mini và xe đạp địa hình để sinh viên có thể thuận tiện di chuyển trong khuôn viên rộng lớn để kịp giờ học giữa các toà giảng đường, hoặc chỉ đơn giản là muốn đạp xe chill chill thưởng thức không gian có một không hai của trường mình. Bên cạnh đó, trường này cũng có vài chú xe điện dành cho những đoàn khách tới trường chưa quen thuộc địa hình và muốn thăm thú một vòng trọn vẹn của campus nhiều góc độc đáo của mình",
			"Được học tại một ngôi trường có không gian trong mơ với nhiềiu trải nghiệm học tập độc đáo như ĐH FPT đúng là mong ước của nhiều học sinh. Nếu có cơ hội, hãy thử làm sinh viên của ngôi trường có không gian có một không hai này nhé.",
			"Khu Giáo dục và Đào tạo – Khu Công nghệ cao Hòa Lạc – Km29 Đại lộ Thăng Long, H. Thạch Thất,\nTP. Hà Nội",
			"Điện thoại: 024 7300 1866",
			"Email: daihocfpt@fpt.edu.vn",
			"Lô E2a-7, Đường D1 Khu Công nghệ cao, P. Long Thạnh Mỹ, TP. Thủ Đức, TP. Hồ Chí Minh",
			"Điện thoại: 028 7300 1866",
			"Email: daihocfpt@fpt.edu.vn",
			"Khu đô thị công nghệ FPT Đà Nẵng, P. Hoà Hải, Q. Ngũ Hành Sơn, TP. Đà Nẵng",
			"Điện thoại: 0236 730 1866",
			"Email: daihocfpt@fpt.edu.vn",
			"Số 600 Đường Nguyễn Văn Cừ (nối dài), P. An Bình, Q. Ninh Kiều, TP. Cần Thơ",
			"Điện thoại: 0292 730 1866",
			"Email: daihocfpt@fpt.edu.vn",
			"Khu đô thị mới An Phú Thịnh, Phường Nhơn Bình & Phường Đống Đa, TP. Quy\nNhơn, Bình Định",
			"Điện thoại: 0256 730 1866 /0256 7300 999",
			"Email: daihocfpt@fpt.edu.vn"
		],
		"label": [
			"Tìm kiếm",
			"Tìm kiếm"
		],
		"button": [
			"×",
			"Đăng ký",
			"Đóng"
		],
		"span": [
			"Trang chủ",
			"Cuộc sống tại đại học FPT",
			"Tại sao nên học tại Đại học FPT",
			"Môi trường học tập",
			"Trường Đại học GenZ Hà Nội ao ước được học vì trải nghiệm quá “đỉnh”",
			"bởi",
			"Bài trước",
			"Bài trước:",
			"← Đại học FPT thông báo về phương thức trúng tuyển đợt 1 năm 2022 theo diện lọc tuyển",
			"Bài tiếp",
			"Bài tiếp:",
			"ĐH FPT ký MOU với Tập đoàn Marriott International TP.HCM →"
		],
		"h1": [
			"Trường Đại học GenZ Hà Nội ao ước được học vì trải nghiệm quá “đỉnh”"
		],
		"time": [
			"Thứ Tư, ngày 20 tháng 07 năm 2022",
			"20/07/2022",
			"05/02/2024",
			"05/02/2024",
			"05/02/2024",
			"02/02/2024",
			"01/02/2024"
		],
		"strong": [
			"Nếu muốn thử sức mình trong một môi trường giàu trải nghiệm, hàng ngày dạo bước qua những công trình kiến trúc đơn giản nhưng sang chảnh và hài hoà với thiên nhiên thì ĐH FPT Hà Nội chính là nơi để teen nhà ta lựa chọn."
		],
		"h2": [
			"Điều hướng bài viết"
		],
		"h4": [
			"HÀ NỘI",
			"TP. HỒ CHÍ MINH",
			"ĐÀ NẴNG",
			"CẦN THƠ",
			"Quy Nhơn"
		],
		"h3": [
			"Đăng ký tư vấn"
		],
		"b": [
			"Hãy để lại SĐT để cán bộ nhà trường hỗ trợ bạn sớm nhất nhé"
		],
		"option": [
			"Tỉnh / Thành phố *",
			"An Giang",
			"Bà Rịa-Vũng Tàu",
			"Bắc Giang",
			"Bắc Kạn",
			"Bạc Liêu",
			"Bắc Ninh",
			"Bến Tre",
			"Bình Dương",
			"Bình Định",
			"Bình Phước",
			"Bình Thuận",
			"Cà Mau",
			"Cần Thơ",
			"Cao Bằng",
			"Cục Cảnh sát ĐKQL cư trú và DLQG về dân cư",
			"Cục Cảnh sát quản lý hành chính về trật tự xã hội",
			"Đà Nẵng",
			"Đắk Lắk",
			"Đăk Nông",
			"Điện Biên",
			"Đồng Nai",
			"Đồng Tháp",
			"Gia Lai",
			"Hà Giang",
			"Hà Nam",
			"Hà Tĩnh",
			"Hải Dương",
			"Hải Phòng",
			"Hậu Giang",
			"Hoà Bình",
			"Hưng Yên",
			"Khánh Hoà",
			"Kiên Giang",
			"Kon Tum",
			"Lai Châu",
			"Lâm Đồng",
			"Lạng Sơn",
			"Lào Cai",
			"Long An",
			"Nam Định",
			"Nghệ An",
			"Ninh Bình",
			"Ninh Thuận",
			"Phú Thọ",
			"Phú Yên",
			"Quảng Bình",
			"Quảng Nam",
			"Quảng Ngãi",
			"Quảng Ninh",
			"Quảng Trị",
			"Sóc Trăng",
			"Sơn La",
			"Tây Ninh",
			"Thái Bình",
			"Thái Nguyên",
			"Thanh Hoá",
			"Thừa Thiên - Huế",
			"Tiền Giang",
			"Trà Vinh",
			"Tuyên Quang",
			"Vĩnh Long",
			"Vĩnh Phúc",
			"Yên Bái",
			"Hà Nội",
			"TP. Hồ Chí Minh"
		]
	},
	"url": "https://daihoc.fpt.edu.vn/truong-dai-hoc-genz-ha-noi-ao-uoc-duoc-hoc-vi-trai-nghiem-qua-dinh/"
}