{
	"data": {
		"title": [
			"Opportunities for FPT students to do internships with Airbus’s global DX projects – FPT University"
		],
		"div": [
			"›\n\n›",
			"© 2024 FPT University. All rights reserved."
		],
		"p": [
			"After 4-year of cooperation in promoting the digital transformation of the global aviation industry, Airbus continues putting trust in the technological capabilities of FPT Software and implementing the Skywise Applications Editors Partnership project. FPT Software will provide and deploy a new set of solutions based on Airbus’ Skywise open data platform. The international airlines can optimize their aircraft’s fuel consumption; reduce operating costs; integrate many different functions for logistics, supply chain, crew management, aircraft maintenance and route planning, etc.The product aims to support more than 140 airlines and 9,500 commercial aircraft worldwide.",
			"Based on technologies such as AI, Machine Learning, Cloud, etc., FPT Software hopes to support Airbus to reach the maximum competitive advantage on the recovery and development after the Covid-19 pandemic.",
			"Borned from a Vietnam’s leading technology group, FPT University inherits the latest top technology from the corporation. Every year, FPT University trains a large number of students majoring in Software Engineering, Information Security, Artificial Intelligence… with all the necessary knowledge and skills to do an internship at FPT Software. in the OJT semester.",
			"OJT is a method of direct training students at the workplace, usually in the 6th semester. FPT University students gain knowledge and skills through self-performing at work and through the guidance and support from experts in where they do the internships.",
			"In the current context, FPT University’s OJT method has worked optimally. Students have the opportunity to apply academic knowledge and develop their abilities in big projects of FPT Software.The practical learning process at the enterprise gives students valuable experiences to enhance their CV. Many cases of FPT University students have signed official working contracts with FPT Software right after the OJT and are directly in charge of working with partners in the US, Japan, Singapore, etc.",
			"After 15 years of developing the On the job training model, the percentage of FPT University students hunted by enterprises after graduation reaches 100%. Apart from FPT Software, the university also signed strategic cooperation agreements with many other international enterprises to send students for internships such as Hitachi, Panasonic, Microsoft, etc.",
			"Original post: https://international.fpt.edu.vn/blog?blog=opportunities-for-fpt-students-to-do-internships-with-airbuss-global-dx-projects"
		],
		"a": [
			"FPT University",
			"Vietnamese",
			"English",
			"About",
			"President’s Messages",
			"FPT University",
			"Organizational Chart",
			"Faculty & Staff",
			"Recruitment Process",
			"Faculty",
			"Faculty of Business – Hanoi campus",
			"IT-related Departments",
			"Language-related Departments",
			"General Education Departments",
			"Students",
			"Admission",
			"Admission Regulations",
			"Scholarship & Financial Aids",
			"Tuition Fee",
			"Forms and Documents",
			"FAQs",
			"Student life",
			"Course Schedule",
			"Facilities",
			"Virtual Tour",
			"Program of Study",
			"Bachelor of Information Technology",
			"Software Engineering",
			"Information System",
			"Information Assurance",
			"Internet of Things",
			"Artificial Intelligence",
			"Digital Art & Design",
			"Bachelor of Business Administration",
			"Bachelor of English Studies",
			"Bachelor of Japanese Studies",
			"Bachelor of Korean Studies",
			"Syllabi",
			"News & Events",
			"Research",
			"Policy",
			"Publications",
			"Resources and Research Tools",
			"Faculty Exchange",
			"Accreditation",
			"ACBSP",
			"AQAS",
			"CDIO",
			"ISO Standards",
			"Sustainable Development",
			"Sustainable Development Policy",
			"SDGs Report",
			"Traditional Music",
			"Vovinam",
			"Documents",
			"Employee Handbook & Policies",
			"Forms & Templates for Lecturer",
			"Forms & Templates for Students",
			"Stakeholder involvement",
			"Certificates & Recognitions",
			"Student Achievement",
			"Contact",
			"Linh ntm22",
			"Online Consulting: (024)/(028) 73001866"
		],
		"span": [
			"Search for:",
			"Home",
			"Student life",
			"Opportunities for FPT students to do internships with Airbus’s global DX projects",
			"by",
			"Previous",
			"Previous post:",
			"← FPT Education Global Remote Internship Scholarship (FEGRIS) 2021 succesfully closed",
			"Next",
			"Next post:",
			"FPT Edu Global welcomes first batch of European students experience virtual internship →"
		],
		"i": [
			"The world’s leading aircraft manufacturer Airbus has just renewed the contract with FPT Software in a project about developing applications for the aviation industry on the Skywise platform. This opens up more opportunities to access international projects for FPT University students when working at FPT Software during the On the Job Training (OJT) semester."
		],
		"h1": [
			"Opportunities for FPT students to do internships with Airbus’s global DX projects"
		],
		"time": [
			"Wednesday, December 08th, 2021",
			"November 5, 2022"
		],
		"h2": [
			"Post navigation"
		]
	},
	"url": "https://daihoc.fpt.edu.vn/en/opportunities-for-fpt-students-to-do-internships-with-airbuss-global-dx-projects/"
}