{
	"data": {
		"title": [
			"Những lợi ích “khủng” từ chương trình “Một ngàn học bổng FPTU 2023” - Trường Đại học FPT"
		],
		"div": [
			"›\n\n›",
			"© 2024 Bản quyền thuộc về Trường Đại học FPT.",
			"Đăng ký tư vấn"
		],
		"a": [
			"Trường Đại học FPT",
			"Vietnamese",
			"English",
			"Trang chủ",
			"Giới thiệu",
			"Lịch sử thành lập",
			"Tập đoàn FPT",
			"Tổ chức giáo dục FPT",
			"Triết lý đào tạo",
			"Các giải thưởng và thành tích",
			"Ban lãnh đạo",
			"Gắn kết cộng đồng",
			"Tin tức",
			"Tin tức chung",
			"Hoạt động sinh viên",
			"Sự kiện",
			"Tuyển dụng",
			"Hướng nghiệp",
			"Ngành học",
			"Công nghệ thông tin",
			"Công nghệ ô tô số",
			"Kỹ thuật phần mềm",
			"Hệ thống thông tin",
			"Trí tuệ nhân tạo",
			"An toàn thông tin",
			"Thiết kế Mỹ thuật số",
			"Quản trị kinh doanh",
			"Tài chính",
			"Digital Marketing",
			"Kinh doanh quốc tế",
			"Quản lý Logistics & Chuỗi cung ứng toàn cầu",
			"Quản trị khách sạn",
			"Quản trị Du lịch và Lữ hành",
			"Công nghệ truyền thông",
			"Quản trị truyền thông đa phương tiện",
			"Quan hệ công chúng",
			"Ngôn ngữ Anh",
			"Ngôn ngữ Nhật",
			"Ngôn ngữ Hàn Quốc",
			"Ngôn ngữ Trung Quốc (Dự kiến)",
			"Đời sống sinh viên",
			"Một ngày tại Đại học FPT",
			"Vì sao nên học tại Đại học FPT",
			"Sự hài lòng của sinh viên",
			"Môi trường học tập",
			"Chương trình học linh hoạt",
			"Đời sống sinh viên",
			"Ký túc xá",
			"Các CLB & Cộng đồng sinh viên",
			"Các hoạt động thể thao trong trường",
			"Dịch vụ hỗ trợ",
			"Định hướng và khởi đầu",
			"Tốt nghiệp",
			"Câu chuyện sinh viên",
			"Hợp tác",
			"Ngành công nghiệp và doanh nghiệp",
			"Chương trình trao đổi sinh viên",
			"Chương trình học tập tại nước ngoài",
			"Hợp tác quốc tế",
			"Trao đổi sinh viên",
			"Học kỳ nước ngoài",
			"Các trường đại học đối tác",
			"Cựu sinh viên",
			"Cộng đồng cựu sinh viên",
			"Họ đang làm việc tại đâu",
			"Tuyển sinh",
			"Đề án tuyển sinh",
			"Tin tuyển sinh",
			"Liên hệ",
			"Đăng nhập",
			"Quỳnh",
			"Nữ sinh trường F trong tà áo dài ngày Xuân",
			"Gặp gỡ đội tuyển NGT’s OPEN ROBOT trước giải đấu FIRST Tech Challenge Vietnam",
			"Tỏa sáng với nghiên cứu khoa học, nữ sinh ĐH FPT khẳng định bản lĩnh và tài năng",
			"Phim ngắn “Thoi vàng chỉ ngọc” của SV ĐH FPT tại Cần Thơ được công chiếu ở Lotte Cinema",
			"SV trường ĐH FPT Hà Nội đón “tết trên bản” 2024",
			"Vietnamese",
			"English",
			"Facebook",
			"Youtube",
			"Tik Tok",
			"Hotline: (024)/(028) 73001866 - (0236)/(0292) 7301866"
		],
		"img": [
			"cropped cropped 2021 FPTU Long",
			"cropped cropped 2021 FPTU Long",
			"334955619 721225843066893 7225890112407411354 n",
			"334955619 721225843066893 7225890112407411354 n",
			"sinh vien dai hoc fpt 8",
			"sinh vien dai hoc fpt 8",
			"dai hoc fpt 1",
			"dai hoc fpt 1",
			"my duyen",
			"my duyen",
			"fpt 5",
			"fpt 5",
			"dai hoc fpt 1",
			"dai hoc fpt 1",
			"thông báo tuyển bổ sung",
			"thông báo tuyển bổ sung"
		],
		"p": [
			"Trang thông tin tuyển sinh chính thức của Trường Đại học FPT",
			"Ngày 15/2, Đại học FPT mở đăng ký chương trình “Một ngàn học bổng FPTU 2023”, trao 1.000 học bổng cho học sinh trung học phổ thông đạt thành tích cao trong học tập, văn hóa thể thao, hoạt động cộng đồng hoặc lĩnh vực khác.",
			"Chương trình “Một ngàn học bổng FPTU 2023” cung cấp đến các sĩ tử 2K5 1000 suất học bổng bao gồm: học bổng toàn phần, học bổng bán phần 50 – 70% cùng nhiều ưu đãi, hỗ trợ khác dành cho các thí sinh. Với chương trình này, các bạn muốn trải nghiệm một môi trường đào tạo quốc tế chuẩn chất lượng nhưng vẫn còn lăn tăn về vấn đề học phí thì hoàn toàn có thể yên tâm. Đây chính là cơ hội để bạn nhập học tại Đại học FPT trên toàn quốc mà không cần phải lo về tài chính.",
			"Trong hồ sơ đăng ký học bổng, các bạn học sinh THPT cần trả lời được 3 câu hỏi:",
			"– “Bạn là ai?”",
			"– “Bạn có thành tích gì?”",
			"– “Vì sao bạn chọn Trường Đại học FPT?”",
			"Và nộp hồ sơ về fptuscholarship1000@fe.edu.vn trước 30/4/2023.",
			"Đối với 1000 suất học bổng trong chương trình “Một ngàn học bổng FPTU”, các bạn học sinh THPT sẽ có cơ hội nhập học tại môi trường siêu chất lượng. Tại đại học FPT, các bạn sẽ được trải nghiệm cơ sở vật chất hiện đại, được đào tạo nhiều nhóm ngành cực hot như Công nghệ thông tin, Truyền thông Đa phương tiện, Thiết kế Mỹ thuật số… với đội ngũ giảng viên tài năng, kinh nghiệm và nhiệt tình.",
			"Ngoài ra, Đại học FPT còn có một môi trường trải nghiệm và phát triển bản thân đa dạng và phong phú với nhiều hoạt động ngoại khóa, các câu lạc bộ sinh viên và chương trình trao đổi quốc tế. Điều này giúp các bạn có cơ hội giao lưu, học hỏi và phát triển bản thân trong một môi trường quốc tế.",
			"Đồng thời, trong quá trình hoàn thiện hồ sơ đăng ký học bổng, các bạn học sinh THPT sẽ có dịp nhìn nhận, đánh giá lại năng lực của bản thân trong 12 năm học. Bên cạnh đó, bạn cũng có dịp để trau dồi kỹ năng viết thư, xin học bổng. Hơn hết khi đăng ký chương trình học bổng này, các bạn sẽ có cơ hội được xét tuyển thẳng vào đại học FPT, giảm bớt được nỗi lo trước kỳ thi đại học 2023.",
			"Với những điều “được” từ chương trình học bổng mới nhất của đại học FPT – Một ngàn học bổng FPTU 2023, các bạn nhanh tay check ngay SchoolRank (đạt top 40 hoặc top 50 dành cho thí sinh thuộc “thế hệ 1”- người đầu tiên trong gia đình tham gia bậc đại học) và nộp hồ sơ ngay từ bây giờ để có cơ hội đạt học bổng lần này nhé! Lưu ý thời gian nhận hồ sơ bắt đầu từ ngày 15/02 đến trước ngày 30/4. Ngoài học bổng này, đại học FPT còn rất nhiều chương trình học bổng hấp dẫn dành cho các bạn học sinh THPT.",
			"FPTU ĐN",
			"Khu Giáo dục và Đào tạo – Khu Công nghệ cao Hòa Lạc – Km29 Đại lộ Thăng Long, H. Thạch Thất,\nTP. Hà Nội",
			"Điện thoại: 024 7300 1866",
			"Email: daihocfpt@fpt.edu.vn",
			"Lô E2a-7, Đường D1 Khu Công nghệ cao, P. Long Thạnh Mỹ, TP. Thủ Đức, TP. Hồ Chí Minh",
			"Điện thoại: 028 7300 1866",
			"Email: daihocfpt@fpt.edu.vn",
			"Khu đô thị công nghệ FPT Đà Nẵng, P. Hoà Hải, Q. Ngũ Hành Sơn, TP. Đà Nẵng",
			"Điện thoại: 0236 730 1866",
			"Email: daihocfpt@fpt.edu.vn",
			"Số 600 Đường Nguyễn Văn Cừ (nối dài), P. An Bình, Q. Ninh Kiều, TP. Cần Thơ",
			"Điện thoại: 0292 730 1866",
			"Email: daihocfpt@fpt.edu.vn",
			"Khu đô thị mới An Phú Thịnh, Phường Nhơn Bình & Phường Đống Đa, TP. Quy\nNhơn, Bình Định",
			"Điện thoại: 0256 730 1866 /0256 7300 999",
			"Email: daihocfpt@fpt.edu.vn"
		],
		"label": [
			"Tìm kiếm",
			"Tìm kiếm"
		],
		"button": [
			"×",
			"Đăng ký",
			"Đóng"
		],
		"span": [
			"Trang chủ",
			"Tin nổi bật (Trang chủ)",
			"Những lợi ích “khủng” từ chương trình “Một ngàn học bổng FPTU 2023”",
			"bởi",
			"Bài trước",
			"Bài trước:",
			"← Cựu sinh viên FPT chia sẻ bí quyết ‘săn’ học bổng toàn phần",
			"Bài tiếp",
			"Bài tiếp:",
			"Sướng như 2k5 được cả hai cô giáo cực hot “mở đường” săn học bổng toàn phần vào đại học →"
		],
		"h1": [
			"Những lợi ích “khủng” từ chương trình “Một ngàn học bổng FPTU 2023”"
		],
		"time": [
			"Thứ Hai, ngày 06 tháng 03 năm 2023",
			"06/03/2023",
			"05/02/2024",
			"05/02/2024",
			"05/02/2024",
			"02/02/2024",
			"01/02/2024"
		],
		"strong": [
			"Trong nỗ lực mở rộng phương thức hỗ trợ các thế hệ học sinh Việt Nam theo đuổi nền giáo dục chất lượng,",
			"Đại",
			"học",
			"FPT",
			"mang đến chương trình “Một ngàn học bổng FPTU 2023” gồm học bổng toàn phần và bán phần 50-70% cho các học sinh trung học phổ thông (THPT) toàn quốc.",
			"“Một ngàn học bổng FPTU 2023” đánh bay nỗi lo học phí",
			"“Một ngàn học bổng FPTU” và vô vàn điều “được” dành cho học sinh THPT"
		],
		"h2": [
			"Điều hướng bài viết"
		],
		"figcaption": [
			"“Một ngàn học bổng FPTU 2023” đánh bay nỗi lo học phí"
		],
		"h4": [
			"HÀ NỘI",
			"TP. HỒ CHÍ MINH",
			"ĐÀ NẴNG",
			"CẦN THƠ",
			"Quy Nhơn"
		],
		"h3": [
			"Đăng ký tư vấn"
		],
		"b": [
			"Hãy để lại SĐT để cán bộ nhà trường hỗ trợ bạn sớm nhất nhé"
		],
		"option": [
			"Tỉnh / Thành phố *",
			"An Giang",
			"Bà Rịa-Vũng Tàu",
			"Bắc Giang",
			"Bắc Kạn",
			"Bạc Liêu",
			"Bắc Ninh",
			"Bến Tre",
			"Bình Dương",
			"Bình Định",
			"Bình Phước",
			"Bình Thuận",
			"Cà Mau",
			"Cần Thơ",
			"Cao Bằng",
			"Cục Cảnh sát ĐKQL cư trú và DLQG về dân cư",
			"Cục Cảnh sát quản lý hành chính về trật tự xã hội",
			"Đà Nẵng",
			"Đắk Lắk",
			"Đăk Nông",
			"Điện Biên",
			"Đồng Nai",
			"Đồng Tháp",
			"Gia Lai",
			"Hà Giang",
			"Hà Nam",
			"Hà Tĩnh",
			"Hải Dương",
			"Hải Phòng",
			"Hậu Giang",
			"Hoà Bình",
			"Hưng Yên",
			"Khánh Hoà",
			"Kiên Giang",
			"Kon Tum",
			"Lai Châu",
			"Lâm Đồng",
			"Lạng Sơn",
			"Lào Cai",
			"Long An",
			"Nam Định",
			"Nghệ An",
			"Ninh Bình",
			"Ninh Thuận",
			"Phú Thọ",
			"Phú Yên",
			"Quảng Bình",
			"Quảng Nam",
			"Quảng Ngãi",
			"Quảng Ninh",
			"Quảng Trị",
			"Sóc Trăng",
			"Sơn La",
			"Tây Ninh",
			"Thái Bình",
			"Thái Nguyên",
			"Thanh Hoá",
			"Thừa Thiên - Huế",
			"Tiền Giang",
			"Trà Vinh",
			"Tuyên Quang",
			"Vĩnh Long",
			"Vĩnh Phúc",
			"Yên Bái",
			"Hà Nội",
			"TP. Hồ Chí Minh"
		]
	},
	"url": "https://daihoc.fpt.edu.vn/nhung-loi-ich-khung-tu-chuong-trinh-mot-ngan-hoc-bong-fptu-2023/"
}