{
	"data": {
		"title": [
			"Thạc sỹ Hồ Yên Thục - Giảng viên ĐH FPT truyền cảm hứng cho sinh viên - Trường Đại học FPT"
		],
		"div": [
			"›\n\n›",
			"© 2024 Bản quyền thuộc về Trường Đại học FPT.",
			"Đăng ký tư vấn",
			"Đại học FPT",
			"Gửi tin nhắn",
			"Đại học FPT",
			"Chúng tôi sẵn sàng trợ giúp bạn.",
			"Đại học FPT",
			"Chúng tôi sẵn sàng trợ giúp bạn.",
			"Đại học FPT",
			"Chúng tôi sẵn sàng trợ giúp bạn.",
			"Chào mừng bạn đến website của Đại học FPT. Bạn hãy điền những thông tin dưới đây trước khi bắt đầu kết nối với cán bộ tuyển sinh nhé!",
			"Họ và tên",
			"Địa chỉ email",
			"Số điện thoại",
			"Câu hỏi của bạn",
			"@!-/#Chào mỪng1",
			"@!-/#Chào mỪng1"
		],
		"a": [
			"Trường Đại học FPT",
			"Vietnamese",
			"English",
			"Trang chủ",
			"Giới thiệu",
			"Lịch sử thành lập",
			"Tập đoàn FPT",
			"Tổ chức giáo dục FPT",
			"Triết lý đào tạo",
			"Các giải thưởng và thành tích",
			"Ban lãnh đạo",
			"Gắn kết cộng đồng",
			"Tin tức",
			"Tin tức chung",
			"Hoạt động sinh viên",
			"Sự kiện",
			"Tuyển dụng",
			"Hướng nghiệp",
			"Ngành học",
			"Công nghệ thông tin",
			"Công nghệ ô tô số",
			"Kỹ thuật phần mềm",
			"Hệ thống thông tin",
			"Trí tuệ nhân tạo",
			"An toàn thông tin",
			"Thiết kế Mỹ thuật số",
			"Quản trị kinh doanh",
			"Tài chính",
			"Digital Marketing",
			"Kinh doanh quốc tế",
			"Quản lý Logistics & Chuỗi cung ứng toàn cầu",
			"Quản trị khách sạn",
			"Quản trị Du lịch và Lữ hành",
			"Công nghệ truyền thông",
			"Quản trị truyền thông đa phương tiện",
			"Quan hệ công chúng",
			"Ngôn ngữ Anh",
			"Ngôn ngữ Nhật",
			"Ngôn ngữ Hàn Quốc",
			"Ngôn ngữ Trung Quốc (Dự kiến)",
			"Đời sống sinh viên",
			"Một ngày tại Đại học FPT",
			"Vì sao nên học tại Đại học FPT",
			"Sự hài lòng của sinh viên",
			"Môi trường học tập",
			"Chương trình học linh hoạt",
			"Đời sống sinh viên",
			"Ký túc xá",
			"Các CLB & Cộng đồng sinh viên",
			"Các hoạt động thể thao trong trường",
			"Dịch vụ hỗ trợ",
			"Định hướng và khởi đầu",
			"Tốt nghiệp",
			"Câu chuyện sinh viên",
			"Hợp tác",
			"Ngành công nghiệp và doanh nghiệp",
			"Chương trình trao đổi sinh viên",
			"Chương trình học tập tại nước ngoài",
			"Hợp tác quốc tế",
			"Trao đổi sinh viên",
			"Học kỳ nước ngoài",
			"Các trường đại học đối tác",
			"Cựu sinh viên",
			"Cộng đồng cựu sinh viên",
			"Họ đang làm việc tại đâu",
			"Tuyển sinh",
			"Đề án tuyển sinh",
			"Tin tuyển sinh",
			"Liên hệ",
			"Đăng nhập",
			"Nguyễn Thị Hồng Yến",
			"Nữ sinh trường F trong tà áo dài ngày Xuân",
			"Gặp gỡ đội tuyển NGT’s OPEN ROBOT trước giải đấu FIRST Tech Challenge Vietnam",
			"Tỏa sáng với nghiên cứu khoa học, nữ sinh ĐH FPT khẳng định bản lĩnh và tài năng",
			"Phim ngắn “Thoi vàng chỉ ngọc” của SV ĐH FPT tại Cần Thơ được công chiếu ở Lotte Cinema",
			"SV trường ĐH FPT Hà Nội đón “tết trên bản” 2024",
			"Vietnamese",
			"English",
			"Facebook",
			"Youtube",
			"Tik Tok",
			"Hotline: (024)/(028) 73001866 - (0236)/(0292) 7301866",
			"Subiz"
		],
		"img": [
			"cropped cropped 2021 FPTU Long",
			"Thạc sỹ Hồ Yên Thục - Giảng viên ĐH FPT truyền cảm hứng cho sinh viên",
			"Thạc sỹ Hồ Yên Thục - Giảng viên ĐH FPT truyền cảm hứng cho sinh viên",
			"Thạc sỹ Hồ Yên Thục - Giảng viên ĐH FPT truyền cảm hứng cho sinh viên",
			"sinh vien dai hoc fpt 8",
			"dai hoc fpt 1",
			"my duyen",
			"fpt 5",
			"dai hoc fpt 1",
			"thông báo tuyển bổ sung",
			"widget avatar",
			"chat button",
			"agent avatar",
			"logo",
			"agent avatar",
			"power by subiz"
		],
		"p": [
			"Trang thông tin tuyển sinh chính thức của Trường Đại học FPT",
			"Cô Hồ Yên Thục tốt nghiệp Thạc sĩ Quản lý Giáo dục Đại học Portsmouth, Anh, hiện là giảng viên giảng dạy Bộ môn Kỹ năng mềm tại Đại học FPT từ năm 2015, giảng viên truyền cảm hứng do sinh viên bình chọn hai năm 2020, 2021.",
			"Cô Hồ Yên Thục luôn nỗ lực để mỗi giờ giảng trên lớp dành cho các bạn sinh viên trở nên sôi nổi và hứng thú nhất có thể. Các giờ dạy của cô Yên Thục thường nhấn mạnh về cảm xúc, nghệ thuật, động viên sinh viên sống hướng đến những điều tốt đẹp.",
			"Cô Thục cũng đồng thời mang thế giới workshop vào trường đại học với nhiều hoạt động sôi nổi cho sinh viên cùng tham gia, là người đứng sau các chương trình chăm sóc sức khỏe tinh thần, tâm sự với sinh viên.",
			"Hơn 10 năm trong nghề đi dạy, cô Yên Thục cũng đồng thời ghi chép lại những câu chuyện của sinh viên, của giảng đường thành những tản văn, truyện ngắn.",
			"Những câu chuyện trên sách của cô cũng cho thấy bức tranh hàng ngày về giáo dục ở bậc đại học một cách trực quan, sinh động. Đồng thời là tiếng nói người trong cuộc về bức tranh giáo dục đang thay đổi mạnh mẽ tại Việt Nam.",
			"Khu Giáo dục và Đào tạo – Khu Công nghệ cao Hòa Lạc – Km29 Đại lộ Thăng Long, H. Thạch Thất,\nTP. Hà Nội",
			"Điện thoại: 024 7300 1866",
			"Email: daihocfpt@fpt.edu.vn",
			"Lô E2a-7, Đường D1 Khu Công nghệ cao, P. Long Thạnh Mỹ, TP. Thủ Đức, TP. Hồ Chí Minh",
			"Điện thoại: 028 7300 1866",
			"Email: daihocfpt@fpt.edu.vn",
			"Khu đô thị công nghệ FPT Đà Nẵng, P. Hoà Hải, Q. Ngũ Hành Sơn, TP. Đà Nẵng",
			"Điện thoại: 0236 730 1866",
			"Email: daihocfpt@fpt.edu.vn",
			"Số 600 Đường Nguyễn Văn Cừ (nối dài), P. An Bình, Q. Ninh Kiều, TP. Cần Thơ",
			"Điện thoại: 0292 730 1866",
			"Email: daihocfpt@fpt.edu.vn",
			"Khu đô thị mới An Phú Thịnh, Phường Nhơn Bình & Phường Đống Đa, TP. Quy\nNhơn, Bình Định",
			"Điện thoại: 0256 730 1866 /0256 7300 999",
			"Email: daihocfpt@fpt.edu.vn",
			"Xin chào bạn, chúng tôi có thể giúp gì cho bạn!"
		],
		"label": [
			"Tìm kiếm",
			"Tìm kiếm"
		],
		"button": [
			"×",
			"Đăng ký",
			"Đóng",
			"Bắt đầu hội thoại"
		],
		"span": [
			"Trang chủ",
			"Tin tức chung",
			"Thạc sỹ Hồ Yên Thục – Giảng viên ĐH FPT truyền cảm hứng cho sinh viên",
			"bởi",
			"Bài trước",
			"Bài trước:",
			"← Trường Đại học FPT đoạt giải Nhất triển lãm Mỹ thuật ứng dụng toàn quốc 2022",
			"Bài tiếp",
			"Bài tiếp:",
			"Trải nghiệm “sống ảo cháy máy” trước khuôn viên đẹp ngất ngây của đại học FPT 3 miền →",
			"*",
			"*",
			"*",
			"*"
		],
		"h1": [
			"Thạc sỹ Hồ Yên Thục – Giảng viên ĐH FPT truyền cảm hứng cho sinh viên"
		],
		"time": [
			"Thứ Ba, ngày 20 tháng 09 năm 2022",
			"05/02/2024",
			"05/02/2024",
			"05/02/2024",
			"02/02/2024",
			"01/02/2024"
		],
		"strong": [
			"Xuất hiện tại chương trình “Khách mời hôm nay” là giảng viên Hồ Yên Thục, người phụ trách bộ môn kỹ năng mềm tại Đại học FPT TP. HCM và là giảng viên truyền truyền cảm hứng do sinh viên bình chọn.",
			"Theo Truyền hình Quốc hội VN"
		],
		"figcaption": [
			"Thạc sỹ Hồ Yên Thục – Giảng viên ĐH FPT truyền cảm hứng cho sinh viên",
			"Cô đã có 3 quyển sách được NXB Tổng hợp ấn hành gồm: Nhật ký cô giáo – Học kỳ Xuân (2019); Nhật ký cô giáo – Học kỳ Hè (2021) và Nhật ký cô giáo – Học kỳ Thu (2022).",
			"Xem chương trình Khách Mời Hôm Nay: Thạc sỹ Hồ Yên Thục – Giảng viên ĐH FPT truyền cảm hứng cho sinh viên"
		],
		"h2": [
			"Điều hướng bài viết"
		],
		"h4": [
			"HÀ NỘI",
			"TP. HỒ CHÍ MINH",
			"ĐÀ NẴNG",
			"CẦN THƠ",
			"Quy Nhơn"
		],
		"h3": [
			"Đăng ký tư vấn"
		],
		"b": [
			"Hãy để lại SĐT để cán bộ nhà trường hỗ trợ bạn sớm nhất nhé"
		],
		"option": [
			"Tỉnh / Thành phố *",
			"An Giang",
			"Bà Rịa-Vũng Tàu",
			"Bắc Giang",
			"Bắc Kạn",
			"Bạc Liêu",
			"Bắc Ninh",
			"Bến Tre",
			"Bình Dương",
			"Bình Định",
			"Bình Phước",
			"Bình Thuận",
			"Cà Mau",
			"Cần Thơ",
			"Cao Bằng",
			"Cục Cảnh sát ĐKQL cư trú và DLQG về dân cư",
			"Cục Cảnh sát quản lý hành chính về trật tự xã hội",
			"Đà Nẵng",
			"Đắk Lắk",
			"Đăk Nông",
			"Điện Biên",
			"Đồng Nai",
			"Đồng Tháp",
			"Gia Lai",
			"Hà Giang",
			"Hà Nam",
			"Hà Tĩnh",
			"Hải Dương",
			"Hải Phòng",
			"Hậu Giang",
			"Hoà Bình",
			"Hưng Yên",
			"Khánh Hoà",
			"Kiên Giang",
			"Kon Tum",
			"Lai Châu",
			"Lâm Đồng",
			"Lạng Sơn",
			"Lào Cai",
			"Long An",
			"Nam Định",
			"Nghệ An",
			"Ninh Bình",
			"Ninh Thuận",
			"Phú Thọ",
			"Phú Yên",
			"Quảng Bình",
			"Quảng Nam",
			"Quảng Ngãi",
			"Quảng Ninh",
			"Quảng Trị",
			"Sóc Trăng",
			"Sơn La",
			"Tây Ninh",
			"Thái Bình",
			"Thái Nguyên",
			"Thanh Hoá",
			"Thừa Thiên - Huế",
			"Tiền Giang",
			"Trà Vinh",
			"Tuyên Quang",
			"Vĩnh Long",
			"Vĩnh Phúc",
			"Yên Bái",
			"Hà Nội",
			"TP. Hồ Chí Minh"
		]
	},
	"url": "https://daihoc.fpt.edu.vn/thac-sy-ho-yen-thuc-giang-vien-dh-fpt-truyen-cam-hung-cho-sinh-vien/"
}