{
	"data": {
		"title": [
			"Sức hút của đề thi Đại học FPT - Trường Đại học FPT"
		],
		"div": [
			"›\n\n›",
			"© 2024 Bản quyền thuộc về Trường Đại học FPT.",
			"Đăng ký tư vấn"
		],
		"a": [
			"Trường Đại học FPT",
			"Vietnamese",
			"English",
			"Trang chủ",
			"Giới thiệu",
			"Lịch sử thành lập",
			"Tập đoàn FPT",
			"Tổ chức giáo dục FPT",
			"Triết lý đào tạo",
			"Các giải thưởng và thành tích",
			"Ban lãnh đạo",
			"Gắn kết cộng đồng",
			"Tin tức",
			"Tin tức chung",
			"Hoạt động sinh viên",
			"Sự kiện",
			"Tuyển dụng",
			"Hướng nghiệp",
			"Ngành học",
			"Công nghệ thông tin",
			"Công nghệ ô tô số",
			"Kỹ thuật phần mềm",
			"Hệ thống thông tin",
			"Trí tuệ nhân tạo",
			"An toàn thông tin",
			"Thiết kế Mỹ thuật số",
			"Quản trị kinh doanh",
			"Tài chính",
			"Digital Marketing",
			"Kinh doanh quốc tế",
			"Quản lý Logistics & Chuỗi cung ứng toàn cầu",
			"Quản trị khách sạn",
			"Quản trị Du lịch và Lữ hành",
			"Công nghệ truyền thông",
			"Quản trị truyền thông đa phương tiện",
			"Quan hệ công chúng",
			"Ngôn ngữ Anh",
			"Ngôn ngữ Nhật",
			"Ngôn ngữ Hàn Quốc",
			"Ngôn ngữ Trung Quốc (Dự kiến)",
			"Đời sống sinh viên",
			"Một ngày tại Đại học FPT",
			"Vì sao nên học tại Đại học FPT",
			"Sự hài lòng của sinh viên",
			"Môi trường học tập",
			"Chương trình học linh hoạt",
			"Đời sống sinh viên",
			"Ký túc xá",
			"Các CLB & Cộng đồng sinh viên",
			"Các hoạt động thể thao trong trường",
			"Dịch vụ hỗ trợ",
			"Định hướng và khởi đầu",
			"Tốt nghiệp",
			"Câu chuyện sinh viên",
			"Hợp tác",
			"Ngành công nghiệp và doanh nghiệp",
			"Chương trình trao đổi sinh viên",
			"Chương trình học tập tại nước ngoài",
			"Hợp tác quốc tế",
			"Trao đổi sinh viên",
			"Học kỳ nước ngoài",
			"Các trường đại học đối tác",
			"Cựu sinh viên",
			"Cộng đồng cựu sinh viên",
			"Họ đang làm việc tại đâu",
			"Tuyển sinh",
			"Đề án tuyển sinh",
			"Tin tuyển sinh",
			"Liên hệ",
			"Đăng nhập",
			"Phạm Thị Phương",
			"FPT University;",
			"HỘI 2000 ÔN THI CÙNG ĐẠI HỌC FPT;",
			"Bí quyết săn học bổng ĐH FPT",
			"Nữ sinh trường F trong tà áo dài ngày Xuân",
			"Gặp gỡ đội tuyển NGT’s OPEN ROBOT trước giải đấu FIRST Tech Challenge Vietnam",
			"Tỏa sáng với nghiên cứu khoa học, nữ sinh ĐH FPT khẳng định bản lĩnh và tài năng",
			"Phim ngắn “Thoi vàng chỉ ngọc” của SV ĐH FPT tại Cần Thơ được công chiếu ở Lotte Cinema",
			"SV trường ĐH FPT Hà Nội đón “tết trên bản” 2024",
			"Vietnamese",
			"English",
			"Facebook",
			"Youtube",
			"Tik Tok",
			"Hotline: (024)/(028) 73001866 - (0236)/(0292) 7301866"
		],
		"img": [
			"cropped cropped 2021 FPTU Long",
			"cropped cropped 2021 FPTU Long",
			"sinh vien dai hoc fpt 8",
			"sinh vien dai hoc fpt 8",
			"dai hoc fpt 1",
			"dai hoc fpt 1",
			"my duyen",
			"my duyen",
			"fpt 5",
			"fpt 5",
			"dai hoc fpt 1",
			"dai hoc fpt 1",
			"thông báo tuyển bổ sung",
			"thông báo tuyển bổ sung"
		],
		"p": [
			"Trang thông tin tuyển sinh chính thức của Trường Đại học FPT",
			"Kỳ thi sơ tuyển của Đại học FPT năm 2018 sẽ diễn ra vào ngày 13/5. Thí sinh có 180 phút để hoàn thành bài thi bao gồm 2 phần: trắc nghiệm và tự luận.",
			"90 câu trong phần thi trắc nghiệm của Đại học FPT  thuộc những câu hỏi về EQ (chỉ số cảm xúc), IQ (chỉ số thông minh), khả năng sáng tạo và hiểu biết xã hội.",
			"Không sử dụng máy tính bỏ túi, thí sinh phải vận dụng kỹ năng tính toán nhanh và tư duy logic để làm bài. Trong thời gian 120 phút trắc nghiệm, thí sinh phải phân bổ thời gian hợp lý để có thể hoàn thành phần thi này.",
			"Thí sinh Nguyễn Mai Hương (THPT Chuyên Hùng Vương) nhận xét đề thi năm 2017 hay, Hương làm được 50/60 dù từng làm dạng đề này trước đó: “Đề thi không dễ, khá dài, mang tính suy luận, đòi hỏi tư duy rất cao. Bạn nào làm được đề thi này thì rất xứng đáng giành học bổng”.",
			"Đây không chỉ là đề thi giúp sinh viên thử sức và giành tấm vé trở thành sinh viên Đại học FPT. Đồng thời, là cơ hội để kiểm tra năng lực và độ phù hợp với ngành nghề đã chọn.",
			"Đề thi phần viết luận của Đại học FPT khiến thí sinh thích thú bởi luôn cập nhật thời sự hoặc đề cập đến một vấn đề đang gây tranh cãi. Ví dụ năm 2017 đề luận bàn về vấn đề: “Mạng xã hội mang lại cho chúng ta thế giới rộng lớn hơn, kết nối với nhiều người hơn, thông tin nhanh chóng và dễ dàng hơn. Có ý kiến cho rằng: Càng tốn thời gian kết nối càng nhiều trên mạng xã hội, chúng ta càng mất kết nối với nhau”. Trình bày quan điểm của bạn về ý kiến trên. Hãy củng cố quan điểm và lập luận bằng các ví dụ từ sách báo, các trải nghiệm cá nhân hoặc các quan sát của bạn trong cuộc sống”.",
			"Bạn Hoàng Tuấn (học sinh trường THPT Vũng Tàu) chia sẻ: “Đề tài rất thiết thực. Khi mạng xã hội phát triển, nó khiến con người xích lại gần nhau hơn nhưng cũng vì thế mà có những mối quan hệ vốn dĩ rất gần lại bị đẩy ra xa”. Tuấn kể thêm về những lần gặp gỡ bạn bè, rất nhiều người cầm điện thoại lướt Web, Online Facebook. Dù ngồi chung một bàn nhưng chẳng nói với nhau câu nào cho đến khi về. Mạng xã hội có thể giúp kết nối với những người chưa một lần gặp ở tận nước ngoài nhưng thực tế thời gian trò chuyện với  bố mẹ chung nhà, bạn bè chung lớp lại ít đi.",
			"Trong khi đó, Nguyễn Minh Huy (trường THPT Hàn Thuyên) trình bày quan điểm: “Tác động tích cực hoặc tiêu cực của mạng xã hội đều phụ thuộc vào cách người sử dụng”. Theo Huy, các mạng xã hội như Facebook, Instagram, Twitter, LinkedIn, Printerest…là cách để tiếp cận thông tin một cách nhanh nhất. Nhiều tin nóng như tai nạn, cháy nổ, … các báo đài trong quá trình xử lí tin tức thì người dùng facebook đã cập nhật nhanh chóng trên mạng. Nó kết nối thông tin nhanh nhạy nhưng không nên lạm dụng và mất quá nhiều thời gian cho nó.",
			"Năm nay, nhiều thí sinh đang rất trông ngóng tới kì thi sơ tuyển của Đại học FPT. Nhiều bạn luôn cập nhật, theo dõi Fb Fanpage:",
			"để thử sức với những câu hỏi, nghe những chia sẻ hướng dẫn của các anh chị khoá trên để chuẩn bị cho kì thi sắp tới.",
			"PV (tổng hợp)",
			"Khu Giáo dục và Đào tạo – Khu Công nghệ cao Hòa Lạc – Km29 Đại lộ Thăng Long, H. Thạch Thất,\nTP. Hà Nội",
			"Điện thoại: 024 7300 1866",
			"Email: daihocfpt@fpt.edu.vn",
			"Lô E2a-7, Đường D1 Khu Công nghệ cao, P. Long Thạnh Mỹ, TP. Thủ Đức, TP. Hồ Chí Minh",
			"Điện thoại: 028 7300 1866",
			"Email: daihocfpt@fpt.edu.vn",
			"Khu đô thị công nghệ FPT Đà Nẵng, P. Hoà Hải, Q. Ngũ Hành Sơn, TP. Đà Nẵng",
			"Điện thoại: 0236 730 1866",
			"Email: daihocfpt@fpt.edu.vn",
			"Số 600 Đường Nguyễn Văn Cừ (nối dài), P. An Bình, Q. Ninh Kiều, TP. Cần Thơ",
			"Điện thoại: 0292 730 1866",
			"Email: daihocfpt@fpt.edu.vn",
			"Khu đô thị mới An Phú Thịnh, Phường Nhơn Bình & Phường Đống Đa, TP. Quy\nNhơn, Bình Định",
			"Điện thoại: 0256 730 1866 /0256 7300 999",
			"Email: daihocfpt@fpt.edu.vn"
		],
		"label": [
			"Tìm kiếm",
			"Tìm kiếm"
		],
		"button": [
			"×",
			"Đăng ký",
			"Đóng"
		],
		"span": [
			"Trang chủ",
			"Sự kiện",
			"Sức hút của đề thi Đại học FPT",
			"bởi",
			"Bài trước",
			"Bài trước:",
			"← ĐH FPT làm phim “Chạm tay vào ước mơ”",
			"Bài tiếp",
			"Bài tiếp:",
			"5 bí kíp chinh phục câu hỏi trắc nghiệm đề thi Đại học FPT →"
		],
		"h1": [
			"Sức hút của đề thi Đại học FPT"
		],
		"time": [
			"Thứ Hai, ngày 07 tháng 05 năm 2018",
			"05/02/2024",
			"05/02/2024",
			"05/02/2024",
			"02/02/2024",
			"01/02/2024"
		],
		"strong": [
			"Không sử dụng máy tính bỏ túi, không học tủ, không phân tích tác phẩm, đề thi riêng 13/5 – Đại học FPT “kích thích” tư duy logic, kỹ năng tính toán và khả năng sáng tạo của thí sinh với những câu hỏi trắc nghiệm EQ, IQ…",
			">Thông báo Tuyển sinh Hệ đại học chính quy năm 2018 – đợt thi sơ tuyển ngày 13/5/2018"
		],
		"b": [
			"Bài thi trắc nghiệm hấp dẫn",
			"Đề luận: Nói không với học tủ",
			"Hãy để lại SĐT để cán bộ nhà trường hỗ trợ bạn sớm nhất nhé"
		],
		"h2": [
			"Điều hướng bài viết"
		],
		"h4": [
			"HÀ NỘI",
			"TP. HỒ CHÍ MINH",
			"ĐÀ NẴNG",
			"CẦN THƠ",
			"Quy Nhơn"
		],
		"h3": [
			"Đăng ký tư vấn"
		],
		"option": [
			"Tỉnh / Thành phố *",
			"An Giang",
			"Bà Rịa-Vũng Tàu",
			"Bắc Giang",
			"Bắc Kạn",
			"Bạc Liêu",
			"Bắc Ninh",
			"Bến Tre",
			"Bình Dương",
			"Bình Định",
			"Bình Phước",
			"Bình Thuận",
			"Cà Mau",
			"Cần Thơ",
			"Cao Bằng",
			"Cục Cảnh sát ĐKQL cư trú và DLQG về dân cư",
			"Cục Cảnh sát quản lý hành chính về trật tự xã hội",
			"Đà Nẵng",
			"Đắk Lắk",
			"Đăk Nông",
			"Điện Biên",
			"Đồng Nai",
			"Đồng Tháp",
			"Gia Lai",
			"Hà Giang",
			"Hà Nam",
			"Hà Tĩnh",
			"Hải Dương",
			"Hải Phòng",
			"Hậu Giang",
			"Hoà Bình",
			"Hưng Yên",
			"Khánh Hoà",
			"Kiên Giang",
			"Kon Tum",
			"Lai Châu",
			"Lâm Đồng",
			"Lạng Sơn",
			"Lào Cai",
			"Long An",
			"Nam Định",
			"Nghệ An",
			"Ninh Bình",
			"Ninh Thuận",
			"Phú Thọ",
			"Phú Yên",
			"Quảng Bình",
			"Quảng Nam",
			"Quảng Ngãi",
			"Quảng Ninh",
			"Quảng Trị",
			"Sóc Trăng",
			"Sơn La",
			"Tây Ninh",
			"Thái Bình",
			"Thái Nguyên",
			"Thanh Hoá",
			"Thừa Thiên - Huế",
			"Tiền Giang",
			"Trà Vinh",
			"Tuyên Quang",
			"Vĩnh Long",
			"Vĩnh Phúc",
			"Yên Bái",
			"Hà Nội",
			"TP. Hồ Chí Minh"
		]
	},
	"url": "https://daihoc.fpt.edu.vn/suc-hut-cua-de-thi-dai-hoc-fpt/"
}