{
	"data": {
		"title": [
			"Tin tức và hoạt động mới nhất - Trang 680 trên 683 - Trường Đại học FPT"
		],
		"div": [
			"© 2024 Bản quyền thuộc về Trường Đại học FPT.",
			"Đăng ký tư vấn"
		],
		"a": [
			"Trường Đại học FPT",
			"Vietnamese",
			"English",
			"Trang chủ",
			"Giới thiệu",
			"Lịch sử thành lập",
			"Tập đoàn FPT",
			"Tổ chức giáo dục FPT",
			"Triết lý đào tạo",
			"Các giải thưởng và thành tích",
			"Ban lãnh đạo",
			"Gắn kết cộng đồng",
			"Tin tức",
			"Tin tức chung",
			"Hoạt động sinh viên",
			"Sự kiện",
			"Tuyển dụng",
			"Hướng nghiệp",
			"Ngành học",
			"Công nghệ thông tin",
			"Công nghệ ô tô số",
			"Kỹ thuật phần mềm",
			"Hệ thống thông tin",
			"Trí tuệ nhân tạo",
			"An toàn thông tin",
			"Thiết kế Mỹ thuật số",
			"Quản trị kinh doanh",
			"Tài chính",
			"Digital Marketing",
			"Kinh doanh quốc tế",
			"Quản lý Logistics & Chuỗi cung ứng toàn cầu",
			"Quản trị khách sạn",
			"Quản trị Du lịch và Lữ hành",
			"Công nghệ truyền thông",
			"Quản trị truyền thông đa phương tiện",
			"Quan hệ công chúng",
			"Ngôn ngữ Anh",
			"Ngôn ngữ Nhật",
			"Ngôn ngữ Hàn Quốc",
			"Ngôn ngữ Trung Quốc (Dự kiến)",
			"Đời sống sinh viên",
			"Một ngày tại Đại học FPT",
			"Vì sao nên học tại Đại học FPT",
			"Sự hài lòng của sinh viên",
			"Môi trường học tập",
			"Chương trình học linh hoạt",
			"Đời sống sinh viên",
			"Ký túc xá",
			"Các CLB & Cộng đồng sinh viên",
			"Các hoạt động thể thao trong trường",
			"Dịch vụ hỗ trợ",
			"Định hướng và khởi đầu",
			"Tốt nghiệp",
			"Câu chuyện sinh viên",
			"Hợp tác",
			"Ngành công nghiệp và doanh nghiệp",
			"Chương trình trao đổi sinh viên",
			"Chương trình học tập tại nước ngoài",
			"Hợp tác quốc tế",
			"Trao đổi sinh viên",
			"Học kỳ nước ngoài",
			"Các trường đại học đối tác",
			"Cựu sinh viên",
			"Cộng đồng cựu sinh viên",
			"Họ đang làm việc tại đâu",
			"Tuyển sinh",
			"Đề án tuyển sinh",
			"Tin tuyển sinh",
			"Liên hệ",
			"Đăng nhập",
			"Sinh viên FPT tiếp tục ứng tuyển tại 3Si",
			"Quỳnh",
			"Đại học FPT trao giải “Cuộc thi Giải toán qua Internet”",
			"Quỳnh",
			"Ánh Linh, Ngọc Anh giành danh hiệu Cóc Vàng Học kỳ Spring 2014",
			"Quỳnh",
			"Đại học FPT tiếp tục tổ chức thi lập trình robot",
			"Quỳnh",
			"5 đội tuyển của ĐH FPT tham gia Mùa hè sáng tạo",
			"Quỳnh",
			"Phỏng vấn nóng tuyển ACM-ICPC FU trước giờ “xuất binh”",
			"Quỳnh",
			"ĐH FPT giành giải Nhất Coding Inspiration 2014",
			"Quỳnh",
			"Nhận lương nghìn đô, xuất ngoại làm việc dù chưa cầm bằng tốt nghiệp",
			"Quỳnh",
			"FPT là cơ hội tốt nhất cho sinh viên yêu khoa học",
			"Quỳnh",
			"1",
			"679",
			"681",
			"683",
			"Facebook",
			"Youtube",
			"Tik Tok",
			"Hotline: (024)/(028) 73001866 - (0236)/(0292) 7301866",
			"Tìm hiểu ngay!"
		],
		"img": [
			"cropped cropped 2021 FPTU Long",
			"cropped cropped 2021 FPTU Long",
			"Sinh viên FPT tiếp tục ứng tuyển tại 3Si",
			"Sinh viên FPT tiếp tục ứng tuyển tại 3Si",
			"Đại học FPT trao giải “Cuộc thi Giải toán qua Internet”",
			"Đại học FPT trao giải “Cuộc thi Giải toán qua Internet”",
			"Ánh Linh, Ngọc Anh giành danh hiệu Cóc Vàng Học kỳ Spring 2014",
			"Ánh Linh, Ngọc Anh giành danh hiệu Cóc Vàng Học kỳ Spring 2014",
			"Đại học FPT tiếp tục tổ chức thi lập trình robot",
			"Đại học FPT tiếp tục tổ chức thi lập trình robot",
			"5 đội tuyển của ĐH FPT tham gia Mùa hè sáng tạo",
			"5 đội tuyển của ĐH FPT tham gia Mùa hè sáng tạo",
			"Phỏng vấn nóng tuyển ACM-ICPC FU trước giờ “xuất binh”",
			"Phỏng vấn nóng tuyển ACM-ICPC FU trước giờ “xuất binh”",
			"ĐH FPT giành giải Nhất Coding Inspiration 2014",
			"ĐH FPT giành giải Nhất Coding Inspiration 2014",
			"Nhận lương nghìn đô, xuất ngoại làm việc dù chưa cầm bằng tốt nghiệp",
			"Nhận lương nghìn đô, xuất ngoại làm việc dù chưa cầm bằng tốt nghiệp",
			"FPT là cơ hội tốt nhất cho sinh viên yêu khoa học",
			"FPT là cơ hội tốt nhất cho sinh viên yêu khoa học",
			"thông báo tuyển bổ sung",
			"thông báo tuyển bổ sung"
		],
		"p": [
			"Trang thông tin tuyển sinh chính thức của Trường Đại học FPT",
			"Khu Giáo dục và Đào tạo – Khu Công nghệ cao Hòa Lạc – Km29 Đại lộ Thăng Long, H. Thạch Thất,\nTP. Hà Nội",
			"Điện thoại: 024 7300 1866",
			"Email: daihocfpt@fpt.edu.vn",
			"Lô E2a-7, Đường D1 Khu Công nghệ cao, P. Long Thạnh Mỹ, TP. Thủ Đức, TP. Hồ Chí Minh",
			"Điện thoại: 028 7300 1866",
			"Email: daihocfpt@fpt.edu.vn",
			"Khu đô thị công nghệ FPT Đà Nẵng, P. Hoà Hải, Q. Ngũ Hành Sơn, TP. Đà Nẵng",
			"Điện thoại: 0236 730 1866",
			"Email: daihocfpt@fpt.edu.vn",
			"Số 600 Đường Nguyễn Văn Cừ (nối dài), P. An Bình, Q. Ninh Kiều, TP. Cần Thơ",
			"Điện thoại: 0292 730 1866",
			"Email: daihocfpt@fpt.edu.vn",
			"Khu đô thị mới An Phú Thịnh, Phường Nhơn Bình & Phường Đống Đa, TP. Quy\nNhơn, Bình Định",
			"Điện thoại: 0256 730 1866 /0256 7300 999",
			"Email: daihocfpt@fpt.edu.vn"
		],
		"label": [
			"Tìm kiếm",
			"Họ và tên *",
			"Số điện thoại *",
			"Email *",
			"Tỉnh / Thành phố *",
			"Chọn vấn đề hỗ trợ"
		],
		"button": [
			"×",
			"Đăng ký",
			"Đóng",
			"Nhận thông tin qua Email!"
		],
		"h3": [
			"Đăng ký tư vấn"
		],
		"span": [
			"bởi",
			"bởi",
			"bởi",
			"bởi",
			"bởi",
			"bởi",
			"bởi",
			"bởi",
			"bởi",
			"…",
			"680",
			"…"
		],
		"time": [
			"16/08/2014",
			"16/01/2017",
			"16/08/2014",
			"16/01/2017",
			"16/08/2014",
			"16/01/2017",
			"16/08/2014",
			"16/01/2017",
			"16/08/2014",
			"16/01/2017",
			"16/08/2014",
			"16/01/2017",
			"16/08/2014",
			"16/01/2017",
			"16/08/2014",
			"16/01/2017",
			"16/08/2014",
			"21/06/2022"
		],
		"h2": [
			"Điều hướng bài viết"
		],
		"h4": [
			"HÀ NỘI",
			"TP. HỒ CHÍ MINH",
			"ĐÀ NẴNG",
			"CẦN THƠ",
			"Quy Nhơn"
		],
		"b": [
			"Hãy để lại SĐT để cán bộ nhà trường hỗ trợ bạn sớm nhất nhé"
		],
		"option": [
			"Tỉnh / Thành phố *",
			"An Giang",
			"Bà Rịa-Vũng Tàu",
			"Bắc Giang",
			"Bắc Kạn",
			"Bạc Liêu",
			"Bắc Ninh",
			"Bến Tre",
			"Bình Dương",
			"Bình Định",
			"Bình Phước",
			"Bình Thuận",
			"Cà Mau",
			"Cần Thơ",
			"Cao Bằng",
			"Cục Cảnh sát ĐKQL cư trú và DLQG về dân cư",
			"Cục Cảnh sát quản lý hành chính về trật tự xã hội",
			"Đà Nẵng",
			"Đắk Lắk",
			"Đăk Nông",
			"Điện Biên",
			"Đồng Nai",
			"Đồng Tháp",
			"Gia Lai",
			"Hà Giang",
			"Hà Nam",
			"Hà Tĩnh",
			"Hải Dương",
			"Hải Phòng",
			"Hậu Giang",
			"Hoà Bình",
			"Hưng Yên",
			"Khánh Hoà",
			"Kiên Giang",
			"Kon Tum",
			"Lai Châu",
			"Lâm Đồng",
			"Lạng Sơn",
			"Lào Cai",
			"Long An",
			"Nam Định",
			"Nghệ An",
			"Ninh Bình",
			"Ninh Thuận",
			"Phú Thọ",
			"Phú Yên",
			"Quảng Bình",
			"Quảng Nam",
			"Quảng Ngãi",
			"Quảng Ninh",
			"Quảng Trị",
			"Sóc Trăng",
			"Sơn La",
			"Tây Ninh",
			"Thái Bình",
			"Thái Nguyên",
			"Thanh Hoá",
			"Thừa Thiên - Huế",
			"Tiền Giang",
			"Trà Vinh",
			"Tuyên Quang",
			"Vĩnh Long",
			"Vĩnh Phúc",
			"Yên Bái",
			"Hà Nội",
			"TP. Hồ Chí Minh",
			"An Giang",
			"Bà Rịa-Vũng Tàu",
			"Bắc Giang",
			"Bắc Kạn",
			"Bạc Liêu",
			"Bắc Ninh",
			"Bến Tre",
			"Bình Dương",
			"Bình Định",
			"Bình Phước",
			"Bình Thuận",
			"Cà Mau",
			"Cần Thơ",
			"Cao Bằng",
			"Cục Cảnh sát ĐKQL cư trú và DLQG về dân cư",
			"Cục Cảnh sát quản lý hành chính về trật tự xã hội",
			"Đà Nẵng",
			"Đắk Lắk",
			"Đăk Nông",
			"Điện Biên",
			"Đồng Nai",
			"Đồng Tháp",
			"Gia Lai",
			"Hà Giang",
			"Hà Nam",
			"Hà Tĩnh",
			"Hải Dương",
			"Hải Phòng",
			"Hậu Giang",
			"Hoà Bình",
			"Hưng Yên",
			"Khánh Hoà",
			"Kiên Giang",
			"Kon Tum",
			"Lai Châu",
			"Lâm Đồng",
			"Lạng Sơn",
			"Lào Cai",
			"Long An",
			"Nam Định",
			"Nghệ An",
			"Ninh Bình",
			"Ninh Thuận",
			"Phú Thọ",
			"Phú Yên",
			"Quảng Bình",
			"Quảng Nam",
			"Quảng Ngãi",
			"Quảng Ninh",
			"Quảng Trị",
			"Sóc Trăng",
			"Sơn La",
			"Tây Ninh",
			"Thái Bình",
			"Thái Nguyên",
			"Thanh Hoá",
			"Thừa Thiên - Huế",
			"Tiền Giang",
			"Trà Vinh",
			"Tuyên Quang",
			"Vĩnh Long",
			"Vĩnh Phúc",
			"Yên Bái",
			"Hà Nội",
			"TP. Hồ Chí Minh",
			"Cơ hội việc làm",
			"Tại sao chọn Đại học FPT",
			"Ngành Ngôn ngữ Anh",
			"Ngành Ngôn ngữ Nhật",
			"Ngành Ngôn ngữ Hàn Quốc",
			"Ngành Công nghệ thông tin",
			"Ngành Quản trị kinh doanh",
			"Học kỳ nước ngoài",
			"Cơ sở vật chất"
		]
	},
	"url": "https://daihoc.fpt.edu.vn/tin-tuc/page/680/"
}