{
	"data": {
		"title": [
			"Những đại học có mức học phí cao ở Việt Nam - Trường Đại học FPT"
		],
		"div": [
			"›\n\n›",
			"© 2024 Bản quyền thuộc về Trường Đại học FPT.",
			"Đăng ký tư vấn"
		],
		"a": [
			"Trường Đại học FPT",
			"Vietnamese",
			"English",
			"Trang chủ",
			"Giới thiệu",
			"Lịch sử thành lập",
			"Tập đoàn FPT",
			"Tổ chức giáo dục FPT",
			"Triết lý đào tạo",
			"Các giải thưởng và thành tích",
			"Ban lãnh đạo",
			"Gắn kết cộng đồng",
			"Tin tức",
			"Tin tức chung",
			"Hoạt động sinh viên",
			"Sự kiện",
			"Tuyển dụng",
			"Hướng nghiệp",
			"Ngành học",
			"Công nghệ thông tin",
			"Công nghệ ô tô số",
			"Kỹ thuật phần mềm",
			"Hệ thống thông tin",
			"Trí tuệ nhân tạo",
			"An toàn thông tin",
			"Thiết kế Mỹ thuật số",
			"Quản trị kinh doanh",
			"Tài chính",
			"Digital Marketing",
			"Kinh doanh quốc tế",
			"Quản lý Logistics & Chuỗi cung ứng toàn cầu",
			"Quản trị khách sạn",
			"Quản trị Du lịch và Lữ hành",
			"Công nghệ truyền thông",
			"Quản trị truyền thông đa phương tiện",
			"Quan hệ công chúng",
			"Ngôn ngữ Anh",
			"Ngôn ngữ Nhật",
			"Ngôn ngữ Hàn Quốc",
			"Ngôn ngữ Trung Quốc (Dự kiến)",
			"Đời sống sinh viên",
			"Một ngày tại Đại học FPT",
			"Vì sao nên học tại Đại học FPT",
			"Sự hài lòng của sinh viên",
			"Môi trường học tập",
			"Chương trình học linh hoạt",
			"Đời sống sinh viên",
			"Ký túc xá",
			"Các CLB & Cộng đồng sinh viên",
			"Các hoạt động thể thao trong trường",
			"Dịch vụ hỗ trợ",
			"Định hướng và khởi đầu",
			"Tốt nghiệp",
			"Câu chuyện sinh viên",
			"Hợp tác",
			"Ngành công nghiệp và doanh nghiệp",
			"Chương trình trao đổi sinh viên",
			"Chương trình học tập tại nước ngoài",
			"Hợp tác quốc tế",
			"Trao đổi sinh viên",
			"Học kỳ nước ngoài",
			"Các trường đại học đối tác",
			"Cựu sinh viên",
			"Cộng đồng cựu sinh viên",
			"Họ đang làm việc tại đâu",
			"Tuyển sinh",
			"Đề án tuyển sinh",
			"Tin tuyển sinh",
			"Liên hệ",
			"Đăng nhập",
			"huonght20",
			"Nữ sinh trường F trong tà áo dài ngày Xuân",
			"Gặp gỡ đội tuyển NGT’s OPEN ROBOT trước giải đấu FIRST Tech Challenge Vietnam",
			"Tỏa sáng với nghiên cứu khoa học, nữ sinh ĐH FPT khẳng định bản lĩnh và tài năng",
			"Phim ngắn “Thoi vàng chỉ ngọc” của SV ĐH FPT tại Cần Thơ được công chiếu ở Lotte Cinema",
			"SV trường ĐH FPT Hà Nội đón “tết trên bản” 2024",
			"Vietnamese",
			"English",
			"Facebook",
			"Youtube",
			"Tik Tok",
			"Hotline: (024)/(028) 73001866 - (0236)/(0292) 7301866"
		],
		"img": [
			"cropped cropped 2021 FPTU Long",
			"cropped cropped 2021 FPTU Long",
			"nhung-dai-hoc-co-muc-hoc-phi-cao-o-viet-nam",
			"nhung-dai-hoc-co-muc-hoc-phi-cao-o-viet-nam",
			"sinh vien dai hoc fpt 8",
			"sinh vien dai hoc fpt 8",
			"dai hoc fpt 1",
			"dai hoc fpt 1",
			"my duyen",
			"my duyen",
			"fpt 5",
			"fpt 5",
			"dai hoc fpt 1",
			"dai hoc fpt 1",
			"thông báo tuyển bổ sung",
			"thông báo tuyển bổ sung"
		],
		"p": [
			"Trang thông tin tuyển sinh chính thức của Trường Đại học FPT",
			"Vnexpress.net –",
			"Dưới đây là bảng xếp hạng TOP 10 trường đại học có học phí cao nhất Việt Nam dựa theo mức học phí năm 2016 mà các trường công bố.",
			"Với mức học phí 113 triệu đồng/kỳ cho hầu hết ngành học, Đại học RMIT đứng vị trí thứ 1 trong danh sách. Mỗi năm sinh viên RMIT có 3 học kỳ, sinh viên được đăng ký tối đa 4 môn/học kỳ.",
			"Thời gian hoàn thành chương trình cũng như học phí sẽ phụ thuộc vào số lượng môn học sinh viên lựa chọn trong một học kỳ. Nếu đăng ký học 4 môn/học kỳ thì sinh viên chỉ mất 2 năm là có thể hoàn thành chương trình đại học.",
			"Chi phí để theo đuổi một kỳ học tại Đại học Anh quốc (chương trình do Đại học Anh quốc cấp bằng) vào khoảng 57,5 triệu đồng. Như vậy trung bình để hoàn thành một khóa học kéo dài 3 năm ở đây sinh viên cần chi số tiền hơn 500 triệu.",
			"Cơ sở vật chất hiện đại, chất lượng đào tạo chuẩn quốc tế, dịch vụ sinh viên tốt là những yếu tố đi đôi với mức học phí cao của các trường đại học này.",
			"Sinh viên Đại học Tân Tạo một năm học 2 kỳ chính, có thể đăng ký thêm một kỳ Summer. Thông thường một học kỳ sinh viên có thể đăng ký học 5-7 môn tương ứng với 15-21 tín chỉ.",
			"Nếu đăng ký 7 môn/kỳ (tương đương 21 tín chỉ) thì sẽ phải đóng mức học phí một kỳ khoảng 47 triệu đồng; nếu đăng ký 5 môn/kỳ (tương đương 21 tín chỉ) thì mức học phí phải đóng là 33 triệu đồng/kỳ. Riêng ngành Y đa khoa của trường có học phí cao hơn các ngành khác và đóng theo từng năm.",
			"Với học phí mỗi kỳ khoảng 32,2 đến 35,7 triệu đồng (tùy theo học phí từng ngành), Đại học Việt – Đức lọt vào top trường có học phí cao. Trong đó, các ngành thuộc khối Kỹ thuật có học phí mỗi kỳ là 32,25 triệu đồng; các ngành thuộc khối Kinh tế có học phí cao hơn là 35,75 triệu đồng.",
			"Mức học phí Đại học Kinh tế Tài chính TP HCM xấp xỉ Đại học Việt Đức. Một năm học tại UEF gồm 2 học kỳ, học phí trung bình 30-32 triệu đồng/học kỳ (đã bao gồm học phí tiếng Anh và phụ thuộc vào trình độ tiếng Anh của sinh viên).",
			"Trung bình học phí một kỳ của chương trình giảng dạy bằng tiếng Việt dao động 22,3 đến 25,6 triệu đồng tùy từng ngành. Nếu lựa chọn chương trình giảng dạy bằng tiếng Anh sẽ có mức học phí tới 57,3 triệu đồng /kỳ đến 62,7 triệu đồng/kỳ phụ thuộc vào ngành học sinh viên đăng ký.",
			"Chi phí trung bình một học kỳ tại Đại học Quốc tế TP HCM là 21 triệu đồng (mức này có thể thay đổi tăng hoặc giảm tùy thuộc vào số môn, số tín chỉ sinh viên đăng ký trong một kỳ học). Trong năm học, ngoài 2 học kỳ chính sinh viên có thể đăng ký thêm một kỳ học Summer.",
			"Theo công bố mới nhất của Đại học FPT, năm 2016 mức học phí mỗi kỳ học chuyên ngành từ 18,9 đến 25,3 triệu đồng tùy từng ngành. Chương trình học chuyên ngành ở đây kéo dài 9 kỳ, đồng nghĩa với việc sinh viên cần đóng từ 170 triệu đến 227 triệu cho một chương trình đại học.",
			"Ở Đại học FPT, sinh viên được tiếp cận với sinh viên, giảng viên người nước ngoài; tham gia các chương trình trao đổi sinh viên quốc tế.",
			"Sinh viên Đại học Việt Pháp phải đóng mức học phí là 36 triệu đồng/năm học. Học phí thu theo học kỳ (2 học kỳ/năm), tương đương 18 triệu đồng/học kỳ.",
			"Dù mức học phí của các trường khá cao nhưng vẫn được nhiều sinh viên và phụ huynh lựa chọn bởi cơ hội học tập, làm việc rộng mở tại nước ngoài sau khi tốt nghiệp.",
			"Một năm học tại Đại học Hoa Sen bao gồm 4 học kỳ chính và phụ xen kẽ: 2 học kỳ chính, 2 học kỳ phụ. Học phí từng học kỳ không giống nhau vì phụ thuộc vào việc lựa chọn đăng ký môn học và lộ trình học của sinh viên.",
			"Trung bình học phí một kỳ chính của sinh viên Đại học Hoa Sen theo chương trình giảng dạy bằng tiếng Việt khoảng 15,6 triệu/kỳ còn theo chương trình giảng dạy bằng tiếng Anh là 17,2 triệu/kỳ (tùy ngành).",
			"Bảng so sánh mức học phí cụ thể của 10 trường nói trên:",
			"TOP 1",
			"TOP 2",
			"TOP 3",
			"TOP 4",
			"TOP 5",
			"TOP 6",
			"TOP 7",
			"TOP 8",
			"TOP 9",
			"TOP 10",
			"Khu Giáo dục và Đào tạo – Khu Công nghệ cao Hòa Lạc – Km29 Đại lộ Thăng Long, H. Thạch Thất,\nTP. Hà Nội",
			"Điện thoại: 024 7300 1866",
			"Email: daihocfpt@fpt.edu.vn",
			"Lô E2a-7, Đường D1 Khu Công nghệ cao, P. Long Thạnh Mỹ, TP. Thủ Đức, TP. Hồ Chí Minh",
			"Điện thoại: 028 7300 1866",
			"Email: daihocfpt@fpt.edu.vn",
			"Khu đô thị công nghệ FPT Đà Nẵng, P. Hoà Hải, Q. Ngũ Hành Sơn, TP. Đà Nẵng",
			"Điện thoại: 0236 730 1866",
			"Email: daihocfpt@fpt.edu.vn",
			"Số 600 Đường Nguyễn Văn Cừ (nối dài), P. An Bình, Q. Ninh Kiều, TP. Cần Thơ",
			"Điện thoại: 0292 730 1866",
			"Email: daihocfpt@fpt.edu.vn",
			"Khu đô thị mới An Phú Thịnh, Phường Nhơn Bình & Phường Đống Đa, TP. Quy\nNhơn, Bình Định",
			"Điện thoại: 0256 730 1866 /0256 7300 999",
			"Email: daihocfpt@fpt.edu.vn"
		],
		"label": [
			"Tìm kiếm",
			"Tìm kiếm"
		],
		"button": [
			"×",
			"Đăng ký",
			"Đóng"
		],
		"span": [
			"Trang chủ",
			"Tin tức chung",
			"Những đại học có mức học phí cao ở Việt Nam",
			"bởi",
			"Bài trước",
			"Bài trước:",
			"← Trường đại học đưa bơi lội vào chương trình đào tạo",
			"Bài tiếp",
			"Bài tiếp:",
			"10 sinh viên Đại học FPT khởi hành sang Ấn Độ học tập →"
		],
		"h1": [
			"Những đại học có mức học phí cao ở Việt Nam"
		],
		"time": [
			"Thứ Năm, ngày 21 tháng 07 năm 2016",
			"14/04/2020",
			"05/02/2024",
			"05/02/2024",
			"05/02/2024",
			"02/02/2024",
			"01/02/2024"
		],
		"strong": [
			"Để có được tấm bằng đại học của những trường này, sinh viên phải trả mức học phí hàng chục triệu đồng mỗi học kỳ.",
			"Đại học RMIT",
			"Đại học Anh quốc",
			"Đại học Tân Tạo",
			"Đại học Việt Đức",
			"Đại học Kinh tế Tài chính TP HCM (UEF)",
			"Đại học Quốc tế Sài Gòn",
			"Đại học Quốc tế TP HCM",
			"Đại học FPT",
			"Đại học Việt Pháp",
			"Đại học Hoa Sen",
			"Xếp hạng",
			"Tên trường",
			"Học phí theo kỳ (VNĐ)"
		],
		"em": [
			"Sinh viên Đại học FPT"
		],
		"td": [
			"Đại học RMIT",
			"113 triệu",
			"Đại học Anh Quốc",
			"57,5 triệu",
			"Đại học Tân Tạo",
			"47 triệu",
			"Đại học Việt Đức",
			"32,2-35,7 triệu",
			"Đại học Kinh tế Tài chính TP HCM",
			"30-32 triệu",
			"Đại học quốc tế Sài Gòn",
			"22,3 – 25,6 triệu",
			"Đại học Quốc tế TP HCM",
			"21 triệu",
			"Đại học FPT",
			"18,9-25,3 triệu",
			"Đại học Việt Pháp",
			"18 triệu",
			"Đại học Hoa Sen",
			"15,6-17,2 triệu"
		],
		"h2": [
			"Điều hướng bài viết"
		],
		"h4": [
			"HÀ NỘI",
			"TP. HỒ CHÍ MINH",
			"ĐÀ NẴNG",
			"CẦN THƠ",
			"Quy Nhơn"
		],
		"h3": [
			"Đăng ký tư vấn"
		],
		"b": [
			"Hãy để lại SĐT để cán bộ nhà trường hỗ trợ bạn sớm nhất nhé"
		],
		"option": [
			"Tỉnh / Thành phố *",
			"An Giang",
			"Bà Rịa-Vũng Tàu",
			"Bắc Giang",
			"Bắc Kạn",
			"Bạc Liêu",
			"Bắc Ninh",
			"Bến Tre",
			"Bình Dương",
			"Bình Định",
			"Bình Phước",
			"Bình Thuận",
			"Cà Mau",
			"Cần Thơ",
			"Cao Bằng",
			"Cục Cảnh sát ĐKQL cư trú và DLQG về dân cư",
			"Cục Cảnh sát quản lý hành chính về trật tự xã hội",
			"Đà Nẵng",
			"Đắk Lắk",
			"Đăk Nông",
			"Điện Biên",
			"Đồng Nai",
			"Đồng Tháp",
			"Gia Lai",
			"Hà Giang",
			"Hà Nam",
			"Hà Tĩnh",
			"Hải Dương",
			"Hải Phòng",
			"Hậu Giang",
			"Hoà Bình",
			"Hưng Yên",
			"Khánh Hoà",
			"Kiên Giang",
			"Kon Tum",
			"Lai Châu",
			"Lâm Đồng",
			"Lạng Sơn",
			"Lào Cai",
			"Long An",
			"Nam Định",
			"Nghệ An",
			"Ninh Bình",
			"Ninh Thuận",
			"Phú Thọ",
			"Phú Yên",
			"Quảng Bình",
			"Quảng Nam",
			"Quảng Ngãi",
			"Quảng Ninh",
			"Quảng Trị",
			"Sóc Trăng",
			"Sơn La",
			"Tây Ninh",
			"Thái Bình",
			"Thái Nguyên",
			"Thanh Hoá",
			"Thừa Thiên - Huế",
			"Tiền Giang",
			"Trà Vinh",
			"Tuyên Quang",
			"Vĩnh Long",
			"Vĩnh Phúc",
			"Yên Bái",
			"Hà Nội",
			"TP. Hồ Chí Minh"
		]
	},
	"url": "https://daihoc.fpt.edu.vn/nhung-dai-hoc-co-muc-hoc-phi-cao-o-viet-nam/"
}