{
	"data": {
		"title": [
			"Thí sinh 2k4 còn 5 ngày cuối cùng đăng ký nguyện vọng xét tuyển đại học 2022 - Trường Đại học FPT"
		],
		"div": [
			"›\n\n›",
			"© 2024 Bản quyền thuộc về Trường Đại học FPT.",
			"Đăng ký tư vấn"
		],
		"a": [
			"Trường Đại học FPT",
			"Vietnamese",
			"English",
			"Trang chủ",
			"Giới thiệu",
			"Lịch sử thành lập",
			"Tập đoàn FPT",
			"Tổ chức giáo dục FPT",
			"Triết lý đào tạo",
			"Các giải thưởng và thành tích",
			"Ban lãnh đạo",
			"Gắn kết cộng đồng",
			"Tin tức",
			"Tin tức chung",
			"Hoạt động sinh viên",
			"Sự kiện",
			"Tuyển dụng",
			"Hướng nghiệp",
			"Ngành học",
			"Công nghệ thông tin",
			"Công nghệ ô tô số",
			"Kỹ thuật phần mềm",
			"Hệ thống thông tin",
			"Trí tuệ nhân tạo",
			"An toàn thông tin",
			"Thiết kế Mỹ thuật số",
			"Quản trị kinh doanh",
			"Tài chính",
			"Digital Marketing",
			"Kinh doanh quốc tế",
			"Quản lý Logistics & Chuỗi cung ứng toàn cầu",
			"Quản trị khách sạn",
			"Quản trị Du lịch và Lữ hành",
			"Công nghệ truyền thông",
			"Quản trị truyền thông đa phương tiện",
			"Quan hệ công chúng",
			"Ngôn ngữ Anh",
			"Ngôn ngữ Nhật",
			"Ngôn ngữ Hàn Quốc",
			"Ngôn ngữ Trung Quốc (Dự kiến)",
			"Đời sống sinh viên",
			"Một ngày tại Đại học FPT",
			"Vì sao nên học tại Đại học FPT",
			"Sự hài lòng của sinh viên",
			"Môi trường học tập",
			"Chương trình học linh hoạt",
			"Đời sống sinh viên",
			"Ký túc xá",
			"Các CLB & Cộng đồng sinh viên",
			"Các hoạt động thể thao trong trường",
			"Dịch vụ hỗ trợ",
			"Định hướng và khởi đầu",
			"Tốt nghiệp",
			"Câu chuyện sinh viên",
			"Hợp tác",
			"Ngành công nghiệp và doanh nghiệp",
			"Chương trình trao đổi sinh viên",
			"Chương trình học tập tại nước ngoài",
			"Hợp tác quốc tế",
			"Trao đổi sinh viên",
			"Học kỳ nước ngoài",
			"Các trường đại học đối tác",
			"Cựu sinh viên",
			"Cộng đồng cựu sinh viên",
			"Họ đang làm việc tại đâu",
			"Tuyển sinh",
			"Đề án tuyển sinh",
			"Tin tuyển sinh",
			"Liên hệ",
			"Đăng nhập",
			"Nguyễn Thị Hồng Yến",
			"Nữ sinh trường F trong tà áo dài ngày Xuân",
			"Gặp gỡ đội tuyển NGT’s OPEN ROBOT trước giải đấu FIRST Tech Challenge Vietnam",
			"Tỏa sáng với nghiên cứu khoa học, nữ sinh ĐH FPT khẳng định bản lĩnh và tài năng",
			"Phim ngắn “Thoi vàng chỉ ngọc” của SV ĐH FPT tại Cần Thơ được công chiếu ở Lotte Cinema",
			"SV trường ĐH FPT Hà Nội đón “tết trên bản” 2024",
			"Vietnamese",
			"English",
			"Facebook",
			"Youtube",
			"Tik Tok",
			"Hotline: (024)/(028) 73001866 - (0236)/(0292) 7301866"
		],
		"img": [
			"cropped cropped 2021 FPTU Long",
			"cropped cropped 2021 FPTU Long",
			"dai hoc fpt 2 1659081213",
			"dai hoc fpt 2 1659081213",
			"nv 12",
			"nv 12",
			"lo trinh dang ky nguyen vong va tuyen sinh 2022 dh fpt",
			"lo trinh dang ky nguyen vong va tuyen sinh 2022 dh fpt",
			"sinh vien dai hoc fpt 8",
			"sinh vien dai hoc fpt 8",
			"dai hoc fpt 1",
			"dai hoc fpt 1",
			"my duyen",
			"my duyen",
			"fpt 5",
			"fpt 5",
			"dai hoc fpt 1",
			"dai hoc fpt 1",
			"thông báo tuyển bổ sung",
			"thông báo tuyển bổ sung"
		],
		"p": [
			"Trang thông tin tuyển sinh chính thức của Trường Đại học FPT",
			"Theo thống kê của Bộ Giáo dục và Đào tạo, đến 12h00 ngày 11/8, 491.510 trong tổng gần 940.000 thí sinh đã nhập nguyện vọng lên hệ thống chung của Bộ Giáo dục và Đào tạo. Khoảng 52,3% trong tổng số thí sinh đăng ký xét tuyển đã nhập nguyện vọng lên hệ thống của Bộ. Tổng số nguyện vọng là hơn 2,1 triệu. Số lượng nguyện vọng trung bình một thí sinh là 4,3.",
			"Trong các buổi tư vấn tuyển sinh cả trực tiếp và trực tuyến, PGS.TS Nguyễn Thu Thủy, Vụ trưởng Giáo dục đại học (Bộ Giáo dục và Đào tạo) nhiều lần khuyên thí sinh tìm hiểu kỹ trước khi đăng ký nguyện vọng để tránh sai sót và cũng không nên để quá sát nút thời gian hệ thống đóng cửa. Thí sinh cũng phải rà soát việc khai báo đầy đủ và bảo đảm tính chính xác của tất cả thông tin, đặc biệt là thông tin về khu vực và đối tượng ưu tiên (nếu có).",
			"Thí sinh phải đăng ký tất cả nguyện vọng trên hệ thống xét tuyển của Bộ Giáo dục và Đào tạo, theo thứ tự ưu tiên. Hiện, nhiều em đã biết đủ điều kiện trúng tuyển bằng các phương thức xét tuyển sớm như xét học bạ, thi đánh giá năng lực… nhưng nếu không xác nhận bằng cách đăng ký lại nguyện vọng trên hệ thống hỗ trợ tuyển sinh chung, thí sinh đó bị coi là từ chối trúng tuyển. Sau khi hệ thống lọc ảo, thí sinh sẽ chỉ trúng tuyển một nguyện vọng cao nhất trong số các nguyện vọng đủ điều kiện trúng tuyển.",
			"Các nguyện vọng của thí sinh đăng ký xét tuyển vào các ngành, phương thức tuyển sinh ở tất cả các trường được xếp thứ tự từ một đến hết, trong đó nguyện vọng 1 là cao nhất, ưu tiên nhất của thí sinh. Trong quá trình đăng ký nguyện vọng trực tuyến, thí sinh phải thực hiện đúng, đủ, hết quy trình đăng ký xét tuyển. Nếu bỏ dở quy trình, hệ thống sẽ không cập nhật và không nhận thông tin đăng ký, điều chỉnh nguyện vọng của thí sinh.",
			"PHƯƠNG THỨC TRÚNG TUYỂN VÀO ĐẠI HỌC FPT ĐỢT 1 NĂM 2022 THEO DIỆN LỌC TUYỂN",
			"Để trúng tuyển đợt 1 năm 2022 vào trường ĐH FPT theo diện lọc tuyển trên hệ thống hỗ trợ tuyển sinh chung của Bộ GD&ĐT, thí sinh cần đáp ứng các yêu cầu sau:",
			"* Lưu ý: Trong trường hợp số thí sinh đủ điều kiện trúng tuyển đợt 1 vượt chỉ tiêu tuyển sinh năm 2022 của trường, nhà trường sẽ áp dụng tiêu chí phụ là thứ tự nguyện vọng đăng ký.",
			"Khu Giáo dục và Đào tạo – Khu Công nghệ cao Hòa Lạc – Km29 Đại lộ Thăng Long, H. Thạch Thất,\nTP. Hà Nội",
			"Điện thoại: 024 7300 1866",
			"Email: daihocfpt@fpt.edu.vn",
			"Lô E2a-7, Đường D1 Khu Công nghệ cao, P. Long Thạnh Mỹ, TP. Thủ Đức, TP. Hồ Chí Minh",
			"Điện thoại: 028 7300 1866",
			"Email: daihocfpt@fpt.edu.vn",
			"Khu đô thị công nghệ FPT Đà Nẵng, P. Hoà Hải, Q. Ngũ Hành Sơn, TP. Đà Nẵng",
			"Điện thoại: 0236 730 1866",
			"Email: daihocfpt@fpt.edu.vn",
			"Số 600 Đường Nguyễn Văn Cừ (nối dài), P. An Bình, Q. Ninh Kiều, TP. Cần Thơ",
			"Điện thoại: 0292 730 1866",
			"Email: daihocfpt@fpt.edu.vn",
			"Khu đô thị mới An Phú Thịnh, Phường Nhơn Bình & Phường Đống Đa, TP. Quy\nNhơn, Bình Định",
			"Điện thoại: 0256 730 1866 /0256 7300 999",
			"Email: daihocfpt@fpt.edu.vn"
		],
		"label": [
			"Tìm kiếm",
			"Tìm kiếm"
		],
		"button": [
			"×",
			"Đăng ký",
			"Đóng"
		],
		"li": [
			"Đủ điều kiện xét tuyển căn cứ theo Quy chế Tuyển sinh Hệ đại học chính quy của trường ĐH FPT năm 2022 (a)",
			"Nộp hồ sơ đăng ký vào trường ĐH FPT trước ngày 31/08/2022 (b)",
			"Đăng ký “FPT” là nguyện vọng xét tuyển đợt 1 trên hệ thống hỗ trợ tuyển sinh chung của Bộ GD&ĐT",
			"Không trúng tuyển vào các trường khác được thí sinh đặt nguyện vọng cao hơn nguyện vọng vào trường ĐH FPT"
		],
		"span": [
			"Trang chủ",
			"Tin tuyển sinh",
			"Thí sinh 2k4 còn 5 ngày cuối cùng đăng ký nguyện vọng xét tuyển đại học 2022",
			"bởi",
			"Bài trước",
			"Bài trước:",
			"← Chàng kỹ sư IT cựu SV Đại học FPT chinh phục 28 quốc gia, vùng lãnh thổ",
			"Bài tiếp",
			"Bài tiếp:",
			"“Lên đồ” võ phục Vovinam, sinh viên trường ĐH FPT thần thái ngút ngàn →"
		],
		"h1": [
			"Thí sinh 2k4 còn 5 ngày cuối cùng đăng ký nguyện vọng xét tuyển đại học 2022"
		],
		"time": [
			"Thứ Hai, ngày 15 tháng 08 năm 2022",
			"15/08/2022",
			"05/02/2024",
			"05/02/2024",
			"05/02/2024",
			"02/02/2024",
			"01/02/2024"
		],
		"em": [
			"Chỉ còn 5 ngày cuối cùng để thí sinh đăng ký và điều chỉnh nguyện vọng không giới hạn số lần trên hệ thống tuyển sinh chung của Bộ GD&ĐT (https://thisinh.thithptquocgia.edu.vn) đến 17h ngày 20/8/2022."
		],
		"h2": [
			"Điều hướng bài viết"
		],
		"h4": [
			"HÀ NỘI",
			"TP. HỒ CHÍ MINH",
			"ĐÀ NẴNG",
			"CẦN THƠ",
			"Quy Nhơn"
		],
		"h3": [
			"Đăng ký tư vấn"
		],
		"b": [
			"Hãy để lại SĐT để cán bộ nhà trường hỗ trợ bạn sớm nhất nhé"
		],
		"option": [
			"Tỉnh / Thành phố *",
			"An Giang",
			"Bà Rịa-Vũng Tàu",
			"Bắc Giang",
			"Bắc Kạn",
			"Bạc Liêu",
			"Bắc Ninh",
			"Bến Tre",
			"Bình Dương",
			"Bình Định",
			"Bình Phước",
			"Bình Thuận",
			"Cà Mau",
			"Cần Thơ",
			"Cao Bằng",
			"Cục Cảnh sát ĐKQL cư trú và DLQG về dân cư",
			"Cục Cảnh sát quản lý hành chính về trật tự xã hội",
			"Đà Nẵng",
			"Đắk Lắk",
			"Đăk Nông",
			"Điện Biên",
			"Đồng Nai",
			"Đồng Tháp",
			"Gia Lai",
			"Hà Giang",
			"Hà Nam",
			"Hà Tĩnh",
			"Hải Dương",
			"Hải Phòng",
			"Hậu Giang",
			"Hoà Bình",
			"Hưng Yên",
			"Khánh Hoà",
			"Kiên Giang",
			"Kon Tum",
			"Lai Châu",
			"Lâm Đồng",
			"Lạng Sơn",
			"Lào Cai",
			"Long An",
			"Nam Định",
			"Nghệ An",
			"Ninh Bình",
			"Ninh Thuận",
			"Phú Thọ",
			"Phú Yên",
			"Quảng Bình",
			"Quảng Nam",
			"Quảng Ngãi",
			"Quảng Ninh",
			"Quảng Trị",
			"Sóc Trăng",
			"Sơn La",
			"Tây Ninh",
			"Thái Bình",
			"Thái Nguyên",
			"Thanh Hoá",
			"Thừa Thiên - Huế",
			"Tiền Giang",
			"Trà Vinh",
			"Tuyên Quang",
			"Vĩnh Long",
			"Vĩnh Phúc",
			"Yên Bái",
			"Hà Nội",
			"TP. Hồ Chí Minh"
		]
	},
	"url": "https://daihoc.fpt.edu.vn/thi-sinh-2k4-con-5-ngay-cuoi-cung-dang-ky-nguyen-vong-xet-tuyen-dai-hoc-2022/"
}