{
	"data": {
		"title": [
			"Sinh viên ĐH FPT có cơ hội làm việc khắp thế giới tại gần 100 resorts của Tập đoàn Club Med - Trường Đại học FPT"
		],
		"div": [
			"cho biết:",
			"© 2024 Bản quyền thuộc về Trường Đại học FPT.",
			"Đăng ký tư vấn"
		],
		"a": [
			"Trường Đại học FPT",
			"Vietnamese",
			"English",
			"Trang chủ",
			"Giới thiệu",
			"Lịch sử thành lập",
			"Tập đoàn FPT",
			"Tổ chức giáo dục FPT",
			"Triết lý đào tạo",
			"Các giải thưởng và thành tích",
			"Ban lãnh đạo",
			"Gắn kết cộng đồng",
			"Tin tức",
			"Tin tức chung",
			"Hoạt động sinh viên",
			"Sự kiện",
			"Tuyển dụng",
			"Hướng nghiệp",
			"Ngành học",
			"Công nghệ thông tin",
			"Công nghệ ô tô số",
			"Kỹ thuật phần mềm",
			"Hệ thống thông tin",
			"Trí tuệ nhân tạo",
			"An toàn thông tin",
			"Thiết kế Mỹ thuật số",
			"Quản trị kinh doanh",
			"Tài chính",
			"Digital Marketing",
			"Kinh doanh quốc tế",
			"Quản lý Logistics & Chuỗi cung ứng toàn cầu",
			"Quản trị khách sạn",
			"Quản trị Du lịch và Lữ hành",
			"Công nghệ truyền thông",
			"Quản trị truyền thông đa phương tiện",
			"Quan hệ công chúng",
			"Ngôn ngữ Anh",
			"Ngôn ngữ Nhật",
			"Ngôn ngữ Hàn Quốc",
			"Ngôn ngữ Trung Quốc (Dự kiến)",
			"Đời sống sinh viên",
			"Một ngày tại Đại học FPT",
			"Vì sao nên học tại Đại học FPT",
			"Sự hài lòng của sinh viên",
			"Môi trường học tập",
			"Chương trình học linh hoạt",
			"Đời sống sinh viên",
			"Ký túc xá",
			"Các CLB & Cộng đồng sinh viên",
			"Các hoạt động thể thao trong trường",
			"Dịch vụ hỗ trợ",
			"Định hướng và khởi đầu",
			"Tốt nghiệp",
			"Câu chuyện sinh viên",
			"Hợp tác",
			"Ngành công nghiệp và doanh nghiệp",
			"Chương trình trao đổi sinh viên",
			"Chương trình học tập tại nước ngoài",
			"Hợp tác quốc tế",
			"Trao đổi sinh viên",
			"Học kỳ nước ngoài",
			"Các trường đại học đối tác",
			"Cựu sinh viên",
			"Cộng đồng cựu sinh viên",
			"Họ đang làm việc tại đâu",
			"Tuyển sinh",
			"Đề án tuyển sinh",
			"Tin tuyển sinh",
			"Liên hệ",
			"Đăng nhập",
			"Nguyễn Thị Hồng Yến",
			"Đại học FPT ký kết hợp tác MOU với Camed Business School tại hội thảo ACBSP Region 10",
			"Lễ ký kết MOU giữa FPT Japan Academy và trường Đại học FPT",
			"ĐH FPT ký MOU với Tập đoàn Marriott International TP.HCM",
			"Nữ sinh trường F trong tà áo dài ngày Xuân",
			"Gặp gỡ đội tuyển NGT’s OPEN ROBOT trước giải đấu FIRST Tech Challenge Vietnam",
			"Tỏa sáng với nghiên cứu khoa học, nữ sinh ĐH FPT khẳng định bản lĩnh và tài năng",
			"Phim ngắn “Thoi vàng chỉ ngọc” của SV ĐH FPT tại Cần Thơ được công chiếu ở Lotte Cinema",
			"SV trường ĐH FPT Hà Nội đón “tết trên bản” 2024",
			"Vietnamese",
			"English",
			"Facebook",
			"Youtube",
			"Tik Tok",
			"Hotline: (024)/(028) 73001866 - (0236)/(0292) 7301866"
		],
		"img": [
			"cropped cropped 2021 FPTU Long",
			"cropped cropped 2021 FPTU Long",
			"dai hoc fpt club med mou",
			"dai hoc fpt club med mou",
			"dai hoc fpt club med mou 2",
			"dai hoc fpt club med mou 2",
			"sinh vien dai hoc fpt 8",
			"sinh vien dai hoc fpt 8",
			"dai hoc fpt 1",
			"dai hoc fpt 1",
			"my duyen",
			"my duyen",
			"fpt 5",
			"fpt 5",
			"dai hoc fpt 1",
			"dai hoc fpt 1",
			"thông báo tuyển bổ sung",
			"thông báo tuyển bổ sung"
		],
		"p": [
			"Trang thông tin tuyển sinh chính thức của Trường Đại học FPT",
			"Club Med là thương hiệu du lịch nghỉ dưỡng rất sáng giá ở phân khúc hạng sang trong thị trường nghỉ dưỡng toàn cầu và hiện sở hữu gần 100 resorts hiện diện tại khắp nơi trên thế giới: Châu Âu, Châu Phi, Châu Á, Châu Mỹ và Vùng Caribbean. Trước đó vào tháng 11/2022, đại diện của Đại học FPT đã sang Bali (Indonesia) để tham gia buổi ký kết MOU, trao đổi hợp tác cùng Tập đoàn Club Med về việc đào tạo và cung ứng nguồn nhân lực trong lĩnh vực Du lịch – Khách sạn. Đồng thời, các giảng viên của Đại học FPT cũng tham gia tập huấn và khảo sát dịch vụ tuyến điểm du lịch tại Club Med Resort.",
			"Tại Việt Nam, đại diện Club Med đã có buổi tiếp xúc với sinh viên Đại học FPT thông qua các hoạt động tại Career Fair 2023 đồng thời trao đổi, trò chuyện trực tiếp cùng sinh viên thông qua workshop “Club Med – Your International Future Job and Guest Experience Management”. Sau buổi làm việc tại Đại học FPT đã thỏa thuận thêm một số “đặc quyền” riêng dành cho sinh viên Đại học FPT: Sinh viên Đại học FPT được luân chuyển và trải nghiệm làm việc ở bất cứ resort nào trong chuỗi 100 resorts của Tập đoàn Club Med trên thế giới sau 3 năm làm việc, và trong khu vực Châu Á sau 1 năm làm việc; Sinh viên được thay đổi nhiều nhiệm vụ đa dạng từ lễ tân, buồng phòng, nhà hàng, giám sát cửa hàng thời trang, hoạt náo viên, tư vấn thể thao, nghệ sĩ trong các show diễn hằng đêm; Sinh viên được học tập và nâng cao kiến thức, kỹ năng trong nhiều khoá học kéo dài trong suốt thời gian làm việc tại các resort của Tập đoàn Club Med. Đồng thời, mở ra cơ hội nghề nghiệp ngay trong tháng 5 khi Tập đoàn Club Med đang tuyển dụng nhân sự cho hai resort sắp khai trương tại Nhật Bản.",
			"Ngành Quản trị Du lịch lữ hành và Quản trị Khách sạn tại Đại học FPT được đào tạo theo định hướng Industry Relevant, đáp ứng nhu cầu tuyển dụng thực tế của doanh nghiệp. Hiện tại, Đại học FPT đang là đối tác chiến lược của hơn 30 doanh nghiệp lớn trong ngành Du lịch – Khách tại Việt Nam và trên thế giới. Trong những năm vừa qua, Đại học FPT đã trao cơ hội cho 100% sinh viên lên đường sang các quốc gia Thái Lan, Malaysia để học tập các môn chuyên ngành trong Học kỳ nước ngoài, Học kỳ On the job training và sẽ tiếp tục mở rộng, liên kết với nhiều doanh nghiệp lớn trong khu vực để mang đến nhiều cơ hội học tập, làm việc của sinh viên tại thị trường quốc tế.",
			"Vừa qua, tại hội thảo ACBSP Region 10 diễn ra tại Đại học FPT Đà Nẵng, trường ĐH FPT đã ký kết thoả thuận hợp tác MOU với trường CamEd Business School (Phnom Phenh) mở ra nhiều cơ hội học tập tại ngôi trường chuyên đào tạo về kinh...",
			"Sáng 10/5, Lễ ký kết MoU giữa FPT Japan Academy và FPT University diễn ra tại trụ sở FPT Japan (Tokyo, Nhật Bản). Lễ ký kết MoU (Memorandum of Understanding) với sự tham gia của đại diện 2 đơn vị về 7 nội dung xoay quanh việc hợp tác, trao đổi...",
			"Sáng nay 20/07, 2K4 và sinh viên nhóm ngành Du lịch và Khách sạn ĐH FPT TP.HCM đã được gặp gỡ, chứng kiến Lễ ký kết MOU giữa nhà trường và doanh nghiệp. Đồng thời trải nghiệm workshop “Food and Art Decoration”, workshop tìm hiểu và định...",
			"Khu Giáo dục và Đào tạo – Khu Công nghệ cao Hòa Lạc – Km29 Đại lộ Thăng Long, H. Thạch Thất,\nTP. Hà Nội",
			"Điện thoại: 024 7300 1866",
			"Email: daihocfpt@fpt.edu.vn",
			"Lô E2a-7, Đường D1 Khu Công nghệ cao, P. Long Thạnh Mỹ, TP. Thủ Đức, TP. Hồ Chí Minh",
			"Điện thoại: 028 7300 1866",
			"Email: daihocfpt@fpt.edu.vn",
			"Khu đô thị công nghệ FPT Đà Nẵng, P. Hoà Hải, Q. Ngũ Hành Sơn, TP. Đà Nẵng",
			"Điện thoại: 0236 730 1866",
			"Email: daihocfpt@fpt.edu.vn",
			"Số 600 Đường Nguyễn Văn Cừ (nối dài), P. An Bình, Q. Ninh Kiều, TP. Cần Thơ",
			"Điện thoại: 0292 730 1866",
			"Email: daihocfpt@fpt.edu.vn",
			"Khu đô thị mới An Phú Thịnh, Phường Nhơn Bình & Phường Đống Đa, TP. Quy\nNhơn, Bình Định",
			"Điện thoại: 0256 730 1866 /0256 7300 999",
			"Email: daihocfpt@fpt.edu.vn"
		],
		"label": [
			"Tìm kiếm",
			"Tìm kiếm"
		],
		"button": [
			"×",
			"Đăng ký",
			"Đóng"
		],
		"span": [
			"Trang chủ",
			"bởi",
			"Bài trước",
			"Bài trước:",
			"← Sinh viên ĐH FPT tự tin biểu diễn nhạc cụ dân tộc khiến khán giả quốc tế mê đắm",
			"Bài tiếp",
			"Bài tiếp:",
			"Nam sinh ĐH FPT 12 năm “hô biến” đất sét thành cả thế giới manga →"
		],
		"h1": [
			"Sinh viên ĐH FPT có cơ hội làm việc khắp thế giới tại gần 100 resorts của Tập đoàn Club Med"
		],
		"time": [
			"Thứ Sáu, ngày 26 tháng 05 năm 2023",
			"05/02/2024",
			"05/02/2024",
			"05/02/2024",
			"02/02/2024",
			"01/02/2024"
		],
		"strong": [
			"Theo FPTU HCM"
		],
		"em": [
			"Vừa qua, đại diện Đại học FPT và đại diện Tập đoàn Club Med vừa có buổi làm việc bàn về vấn đề hợp tác đưa sinh viên Đại học FPT sang gần 100 resorts của Club Med trên thế giới để học tập và làm việc.",
			"Bà Selena Lai – Giám đốc nhân sự và đào tạo, tuyển dụng khu vực Châu Á, Tập đoàn Club Med",
			"“Hiện tại, chúng tôi đang tìm kiếm những nhân sự trẻ có tư duy mở, linh hoạt và và có sự thích nghi nhanh với môi trường quốc tế. Chúng tôi cũng cung cấp các nền tảng và nhiều cơ hội việc làm trong thị trường quốc tế dành cho các bạn sinh viên Đại học FPT. Tôi hi vọng rằng trong tương lai, Club med sẽ là một lựa chọn để phát triển nghề nghiệp của các bạn sinh viên Đại học FPT sau khi tốt nghiệp.”"
		],
		"figcaption": [
			"Ths. Hồ Trung Chánh (Chủ nhiệm khối ngành Quản trị Du lịch – Khách sạn Đại học FPT) ký kết thỏa thuận hợp tác MOU cùng đại diện Tập đoàn Club Med",
			"Sinh viên Đại học FPT trao đổi trực tiếp cùng đại diện Tập đoàn Club Med trong buổi workshop “Club Med – Your International Future Job and Guest Experience Management”"
		],
		"h2": [
			"Bài viết liên quan",
			"Điều hướng bài viết"
		],
		"h3": [
			"Đăng ký tư vấn"
		],
		"h4": [
			"HÀ NỘI",
			"TP. HỒ CHÍ MINH",
			"ĐÀ NẴNG",
			"CẦN THƠ",
			"Quy Nhơn"
		],
		"b": [
			"Hãy để lại SĐT để cán bộ nhà trường hỗ trợ bạn sớm nhất nhé"
		],
		"option": [
			"Tỉnh / Thành phố *",
			"An Giang",
			"Bà Rịa-Vũng Tàu",
			"Bắc Giang",
			"Bắc Kạn",
			"Bạc Liêu",
			"Bắc Ninh",
			"Bến Tre",
			"Bình Dương",
			"Bình Định",
			"Bình Phước",
			"Bình Thuận",
			"Cà Mau",
			"Cần Thơ",
			"Cao Bằng",
			"Cục Cảnh sát ĐKQL cư trú và DLQG về dân cư",
			"Cục Cảnh sát quản lý hành chính về trật tự xã hội",
			"Đà Nẵng",
			"Đắk Lắk",
			"Đăk Nông",
			"Điện Biên",
			"Đồng Nai",
			"Đồng Tháp",
			"Gia Lai",
			"Hà Giang",
			"Hà Nam",
			"Hà Tĩnh",
			"Hải Dương",
			"Hải Phòng",
			"Hậu Giang",
			"Hoà Bình",
			"Hưng Yên",
			"Khánh Hoà",
			"Kiên Giang",
			"Kon Tum",
			"Lai Châu",
			"Lâm Đồng",
			"Lạng Sơn",
			"Lào Cai",
			"Long An",
			"Nam Định",
			"Nghệ An",
			"Ninh Bình",
			"Ninh Thuận",
			"Phú Thọ",
			"Phú Yên",
			"Quảng Bình",
			"Quảng Nam",
			"Quảng Ngãi",
			"Quảng Ninh",
			"Quảng Trị",
			"Sóc Trăng",
			"Sơn La",
			"Tây Ninh",
			"Thái Bình",
			"Thái Nguyên",
			"Thanh Hoá",
			"Thừa Thiên - Huế",
			"Tiền Giang",
			"Trà Vinh",
			"Tuyên Quang",
			"Vĩnh Long",
			"Vĩnh Phúc",
			"Yên Bái",
			"Hà Nội",
			"TP. Hồ Chí Minh"
		]
	},
	"url": "https://daihoc.fpt.edu.vn/sinh-vien-dh-fpt-co-co-hoi-lam-viec-khap-the-gioi-tai-gan-100-resorts-cua-tap-doan-club-med/"
}