{
	"data": {
		"title": [
			"Cơ hội học tập trao đổi tại Đài Loan dành cho sinh viên trường F - Trường Đại học FPT"
		],
		"div": [
			"›\n\n›\n\n›\n\n›",
			"© 2024 Bản quyền thuộc về Trường Đại học FPT.",
			"Đăng ký tư vấn"
		],
		"a": [
			"Trường Đại học FPT",
			"Vietnamese",
			"English",
			"Trang chủ",
			"Giới thiệu",
			"Lịch sử thành lập",
			"Tập đoàn FPT",
			"Tổ chức giáo dục FPT",
			"Triết lý đào tạo",
			"Các giải thưởng và thành tích",
			"Ban lãnh đạo",
			"Gắn kết cộng đồng",
			"Tin tức",
			"Tin tức chung",
			"Hoạt động sinh viên",
			"Sự kiện",
			"Tuyển dụng",
			"Hướng nghiệp",
			"Ngành học",
			"Công nghệ thông tin",
			"Công nghệ ô tô số",
			"Kỹ thuật phần mềm",
			"Hệ thống thông tin",
			"Trí tuệ nhân tạo",
			"An toàn thông tin",
			"Thiết kế Mỹ thuật số",
			"Quản trị kinh doanh",
			"Tài chính",
			"Digital Marketing",
			"Kinh doanh quốc tế",
			"Quản lý Logistics & Chuỗi cung ứng toàn cầu",
			"Quản trị khách sạn",
			"Quản trị Du lịch và Lữ hành",
			"Công nghệ truyền thông",
			"Quản trị truyền thông đa phương tiện",
			"Quan hệ công chúng",
			"Ngôn ngữ Anh",
			"Ngôn ngữ Nhật",
			"Ngôn ngữ Hàn Quốc",
			"Ngôn ngữ Trung Quốc (Dự kiến)",
			"Đời sống sinh viên",
			"Một ngày tại Đại học FPT",
			"Vì sao nên học tại Đại học FPT",
			"Sự hài lòng của sinh viên",
			"Môi trường học tập",
			"Chương trình học linh hoạt",
			"Đời sống sinh viên",
			"Ký túc xá",
			"Các CLB & Cộng đồng sinh viên",
			"Các hoạt động thể thao trong trường",
			"Dịch vụ hỗ trợ",
			"Định hướng và khởi đầu",
			"Tốt nghiệp",
			"Câu chuyện sinh viên",
			"Hợp tác",
			"Ngành công nghiệp và doanh nghiệp",
			"Chương trình trao đổi sinh viên",
			"Chương trình học tập tại nước ngoài",
			"Hợp tác quốc tế",
			"Trao đổi sinh viên",
			"Học kỳ nước ngoài",
			"Các trường đại học đối tác",
			"Cựu sinh viên",
			"Cộng đồng cựu sinh viên",
			"Họ đang làm việc tại đâu",
			"Tuyển sinh",
			"Đề án tuyển sinh",
			"Tin tuyển sinh",
			"Liên hệ",
			"Đăng nhập",
			"Nguyễn Thị Hồng Yến",
			"Nữ sinh trường F trong tà áo dài ngày Xuân",
			"Gặp gỡ đội tuyển NGT’s OPEN ROBOT trước giải đấu FIRST Tech Challenge Vietnam",
			"Tỏa sáng với nghiên cứu khoa học, nữ sinh ĐH FPT khẳng định bản lĩnh và tài năng",
			"Phim ngắn “Thoi vàng chỉ ngọc” của SV ĐH FPT tại Cần Thơ được công chiếu ở Lotte Cinema",
			"SV trường ĐH FPT Hà Nội đón “tết trên bản” 2024",
			"Vietnamese",
			"English",
			"Facebook",
			"Youtube",
			"Tik Tok",
			"Hotline: (024)/(028) 73001866 - (0236)/(0292) 7301866"
		],
		"img": [
			"cropped cropped 2021 FPTU Long",
			"cropped cropped 2021 FPTU Long",
			"sinh vien dai hoc fpt 8",
			"sinh vien dai hoc fpt 8",
			"dai hoc fpt 1",
			"dai hoc fpt 1",
			"my duyen",
			"my duyen",
			"fpt 5",
			"fpt 5",
			"dai hoc fpt 1",
			"dai hoc fpt 1",
			"thông báo tuyển bổ sung",
			"thông báo tuyển bổ sung"
		],
		"p": [
			"Trang thông tin tuyển sinh chính thức của Trường Đại học FPT",
			"Tham gia chương trình trao đổi tại Đại học",
			"Cơ hội nâng cao tiếng Anh và tiếng Anh chuyên ngành.\nTrải nghiệm cuộc sống địa phương, cơ hội tiếp xúc đa văn hóa và được dịp sống ảo tung chảo với các góc phố đầy thơ mộng tại thành phố Đài Trung.\nMôi trường học tập năng động, chủ động và ham học hỏi\nCơ hội làm giàu profile, tăng sức cạnh tranh và cơ hội làm việc trong tương lai\nĐược chuyển đổi tín chỉ tại Đại học FPT khi hoàn thành kì học",
			"Hãy nhanh chóng đăng ký và theo dõi thông tin dưới để hiểu thêm về chương trình nhé!",
			"Khu Giáo dục và Đào tạo – Khu Công nghệ cao Hòa Lạc – Km29 Đại lộ Thăng Long, H. Thạch Thất,\nTP. Hà Nội",
			"Điện thoại: 024 7300 1866",
			"Email: daihocfpt@fpt.edu.vn",
			"Lô E2a-7, Đường D1 Khu Công nghệ cao, P. Long Thạnh Mỹ, TP. Thủ Đức, TP. Hồ Chí Minh",
			"Điện thoại: 028 7300 1866",
			"Email: daihocfpt@fpt.edu.vn",
			"Khu đô thị công nghệ FPT Đà Nẵng, P. Hoà Hải, Q. Ngũ Hành Sơn, TP. Đà Nẵng",
			"Điện thoại: 0236 730 1866",
			"Email: daihocfpt@fpt.edu.vn",
			"Số 600 Đường Nguyễn Văn Cừ (nối dài), P. An Bình, Q. Ninh Kiều, TP. Cần Thơ",
			"Điện thoại: 0292 730 1866",
			"Email: daihocfpt@fpt.edu.vn",
			"Khu đô thị mới An Phú Thịnh, Phường Nhơn Bình & Phường Đống Đa, TP. Quy\nNhơn, Bình Định",
			"Điện thoại: 0256 730 1866 /0256 7300 999",
			"Email: daihocfpt@fpt.edu.vn"
		],
		"label": [
			"Tìm kiếm",
			"Tìm kiếm"
		],
		"button": [
			"×",
			"Đăng ký",
			"Đóng"
		],
		"span": [
			"Trang chủ",
			"Cuộc sống tại đại học FPT",
			"Tại sao nên học tại Đại học FPT",
			"Chương trình học tập tại nước ngoài",
			"Cơ hội học tập trao đổi tại Đài Loan dành cho sinh viên trường F",
			"bởi",
			"ĐH Providence là một trong những ngôi trường được sinh viên trường F tham gia đông đảo nhất mỗi khi đến với kì exchange. Với khuôn viên đẹp lãng mạn, nhiều CLB hoạt động mạnh và môi trường học tập tốt, ngôi trường gần 100 năm tuổi này đã được nhiều sinh viên quốc tế trao gửi niềm tin khi du học tại Đài Loan.",
			"Providence, sinh viên trường F sẽ có cơ hội học tập và trải nghiệm nhiều điều thú vị:",
			"Bài trước",
			"Bài trước:",
			"← Những yếu tố tạo nên “chất riêng” cho sinh viên trường F",
			"Bài tiếp",
			"Bài tiếp:",
			"Sinh viên Kinh tế trường F: Tưởng tượng và Thực tế →"
		],
		"h1": [
			"Cơ hội học tập trao đổi tại Đài Loan dành cho sinh viên trường F"
		],
		"time": [
			"Thứ Ba, ngày 05 tháng 05 năm 2020",
			"16/08/2022",
			"05/02/2024",
			"05/02/2024",
			"05/02/2024",
			"02/02/2024",
			"01/02/2024"
		],
		"em": [
			"Theo IC-PDP"
		],
		"strong": [
			"Trong kỳ Fall 2020, sinh viên Đại học FPT có cơ hội sang học tập tại trường Đại học Công giáo lâu đời và Đại học “lãng mạn” nhất Đài Loan – Đại học Providence.",
			"THÔNG TIN VỀ CHƯƠNG TRÌNH:"
		],
		"td": [
			"Thời gian (dự kiến): 09/2020 – 01/2021\nĐịa điểm: Đại học Providence, TP Đài Trung (Taichung)\nNội dung: chương trình học kì exchange, bao gồm các môn về Accounting và Business. Tham khảo danh sách môn học phía bên dưới hoặc trong link đăng kí\nĐối tượng: sinh viên ĐH FPT\nNgôn ngữ: Tiếng Anh\nYêu cầu GPA: Tối thiểu 2.5 trở lên\nChi phí: Sinh viên tự túc vé máy bay, bảo hiểm, sinh hoạt tại Đài Loan. Với Đại học Providence, sinh viên cần đóng một số khoản phí khi nhập học (phí cơ sở vật chất, tài liệu, khám sức khỏe, chương trình…, tổng khoảng 4500NTD). Với ĐH FPT, sinh viên cần thực hiện đầy đủ nghĩa vụ tài chính như phí chuyển đổi tín chỉ/kỳ học (nếu có). Theo QĐ-ĐHFPT số 253, khi được chuyển đổi tín chỉ/ kỳ học, sinh viên chỉ cần đóng phí chuyển đổi bằng 20% học phí các môn được chuyển đổi/kỳ được chuyển đổi.\nLiên hệ: Mr Toàn ICPDP – 0332661446"
		],
		"h2": [
			"Điều hướng bài viết"
		],
		"h4": [
			"HÀ NỘI",
			"TP. HỒ CHÍ MINH",
			"ĐÀ NẴNG",
			"CẦN THƠ",
			"Quy Nhơn"
		],
		"h3": [
			"Đăng ký tư vấn"
		],
		"b": [
			"Hãy để lại SĐT để cán bộ nhà trường hỗ trợ bạn sớm nhất nhé"
		],
		"option": [
			"Tỉnh / Thành phố *",
			"An Giang",
			"Bà Rịa-Vũng Tàu",
			"Bắc Giang",
			"Bắc Kạn",
			"Bạc Liêu",
			"Bắc Ninh",
			"Bến Tre",
			"Bình Dương",
			"Bình Định",
			"Bình Phước",
			"Bình Thuận",
			"Cà Mau",
			"Cần Thơ",
			"Cao Bằng",
			"Cục Cảnh sát ĐKQL cư trú và DLQG về dân cư",
			"Cục Cảnh sát quản lý hành chính về trật tự xã hội",
			"Đà Nẵng",
			"Đắk Lắk",
			"Đăk Nông",
			"Điện Biên",
			"Đồng Nai",
			"Đồng Tháp",
			"Gia Lai",
			"Hà Giang",
			"Hà Nam",
			"Hà Tĩnh",
			"Hải Dương",
			"Hải Phòng",
			"Hậu Giang",
			"Hoà Bình",
			"Hưng Yên",
			"Khánh Hoà",
			"Kiên Giang",
			"Kon Tum",
			"Lai Châu",
			"Lâm Đồng",
			"Lạng Sơn",
			"Lào Cai",
			"Long An",
			"Nam Định",
			"Nghệ An",
			"Ninh Bình",
			"Ninh Thuận",
			"Phú Thọ",
			"Phú Yên",
			"Quảng Bình",
			"Quảng Nam",
			"Quảng Ngãi",
			"Quảng Ninh",
			"Quảng Trị",
			"Sóc Trăng",
			"Sơn La",
			"Tây Ninh",
			"Thái Bình",
			"Thái Nguyên",
			"Thanh Hoá",
			"Thừa Thiên - Huế",
			"Tiền Giang",
			"Trà Vinh",
			"Tuyên Quang",
			"Vĩnh Long",
			"Vĩnh Phúc",
			"Yên Bái",
			"Hà Nội",
			"TP. Hồ Chí Minh"
		]
	},
	"url": "https://daihoc.fpt.edu.vn/co-hoi-hoc-tap-trao-doi-tai-dai-loan-danh-cho-sinh-vien-truong-f/"
}