{
	"data": {
		"title": [
			"Trường Đại học FPT tuyển sinh bổ sung 1.900 chỉ tiêu - Trường Đại học FPT"
		],
		"div": [
			"›\n\n›",
			"This field is for validation purposes and should be left unchanged.",
			"© 2024 Bản quyền thuộc về Trường Đại học FPT.",
			"Đăng ký tư vấn"
		],
		"a": [
			"Trường Đại học FPT",
			"Vietnamese",
			"English",
			"Trang chủ",
			"Giới thiệu",
			"Lịch sử thành lập",
			"Tập đoàn FPT",
			"Tổ chức giáo dục FPT",
			"Triết lý đào tạo",
			"Các giải thưởng và thành tích",
			"Ban lãnh đạo",
			"Gắn kết cộng đồng",
			"Tin tức",
			"Tin tức chung",
			"Hoạt động sinh viên",
			"Sự kiện",
			"Tuyển dụng",
			"Hướng nghiệp",
			"Ngành học",
			"Công nghệ thông tin",
			"Công nghệ ô tô số",
			"Kỹ thuật phần mềm",
			"Hệ thống thông tin",
			"Trí tuệ nhân tạo",
			"An toàn thông tin",
			"Thiết kế Mỹ thuật số",
			"Quản trị kinh doanh",
			"Tài chính",
			"Digital Marketing",
			"Kinh doanh quốc tế",
			"Quản lý Logistics & Chuỗi cung ứng toàn cầu",
			"Quản trị khách sạn",
			"Quản trị Du lịch và Lữ hành",
			"Công nghệ truyền thông",
			"Quản trị truyền thông đa phương tiện",
			"Quan hệ công chúng",
			"Ngôn ngữ Anh",
			"Ngôn ngữ Nhật",
			"Ngôn ngữ Hàn Quốc",
			"Ngôn ngữ Trung Quốc (Dự kiến)",
			"Đời sống sinh viên",
			"Một ngày tại Đại học FPT",
			"Vì sao nên học tại Đại học FPT",
			"Sự hài lòng của sinh viên",
			"Môi trường học tập",
			"Chương trình học linh hoạt",
			"Đời sống sinh viên",
			"Ký túc xá",
			"Các CLB & Cộng đồng sinh viên",
			"Các hoạt động thể thao trong trường",
			"Dịch vụ hỗ trợ",
			"Định hướng và khởi đầu",
			"Tốt nghiệp",
			"Câu chuyện sinh viên",
			"Hợp tác",
			"Ngành công nghiệp và doanh nghiệp",
			"Chương trình trao đổi sinh viên",
			"Chương trình học tập tại nước ngoài",
			"Hợp tác quốc tế",
			"Trao đổi sinh viên",
			"Học kỳ nước ngoài",
			"Các trường đại học đối tác",
			"Cựu sinh viên",
			"Cộng đồng cựu sinh viên",
			"Họ đang làm việc tại đâu",
			"Tuyển sinh",
			"Đề án tuyển sinh",
			"Tin tuyển sinh",
			"Liên hệ",
			"Đăng nhập",
			"Nguyễn Thị Hồng Yến",
			"schoolrank.fpt.edu.vn/",
			"https://schoolrank.fpt.edu.vn/",
			"website",
			"https://SchoolRank.fpt.edu.vn",
			"Hướng dẫn thủ tục nhập học",
			"Top 5 trải nghiệm siêu ngầu khi trở thành sinh viên ĐH FPT",
			"Top trải nghiệm có 1-0-2 của Tân sinh viên Đại học FPT trong năm đầu tiên",
			"Nữ sinh trường F trong tà áo dài ngày Xuân",
			"Gặp gỡ đội tuyển NGT’s OPEN ROBOT trước giải đấu FIRST Tech Challenge Vietnam",
			"Tỏa sáng với nghiên cứu khoa học, nữ sinh ĐH FPT khẳng định bản lĩnh và tài năng",
			"Phim ngắn “Thoi vàng chỉ ngọc” của SV ĐH FPT tại Cần Thơ được công chiếu ở Lotte Cinema",
			"SV trường ĐH FPT Hà Nội đón “tết trên bản” 2024",
			"Vietnamese",
			"English",
			"Facebook",
			"Youtube",
			"Tik Tok",
			"Hotline: (024)/(028) 73001866 - (0236)/(0292) 7301866"
		],
		"img": [
			"cropped cropped 2021 FPTU Long",
			"cropped cropped 2021 FPTU Long",
			"Tuyensinhborsung bannerweb FPTU",
			"Tuyensinhborsung bannerweb FPTU",
			"DH FPT tuyen sinh bo sung 2023",
			"DH FPT tuyen sinh bo sung 2023",
			"sinh vien dai hoc fpt 8",
			"sinh vien dai hoc fpt 8",
			"dai hoc fpt 1",
			"dai hoc fpt 1",
			"my duyen",
			"my duyen",
			"fpt 5",
			"fpt 5",
			"dai hoc fpt 1",
			"dai hoc fpt 1",
			"thông báo tuyển bổ sung",
			"thông báo tuyển bổ sung"
		],
		"p": [
			"Trang thông tin tuyển sinh chính thức của Trường Đại học FPT",
			"Trường Đại học FPT công bố tuyển sinh bổ sung 1.900 chỉ tiêu các ngành Công nghệ thông tin, Quản trị kinh doanh, Ngôn ngữ Anh, Ngôn ngữ Nhật, Ngôn ngữ Hàn quốc. Cụ thể, Trường ĐH FPT Hà Nội tuyển bổ sung 500 chỉ tiêu, Trường ĐH FPT phân hiệu TP. HCM tuyển bổ sung 500 chỉ tiêu; Trường Đại học FPT phân hiệu Cần Thơ tuyển bổ sung 300 chỉ tiêu, Trường Đại học FPT phân hiệu Đà Nẵng tuyển bổ sung 300 chỉ tiêu, Trường Đại học FPT phân hiệu Quy Nhơn tuyển bổ sung 300 chỉ tiêu. Đây là cơ hội cho các sĩ tử mong muốn được học tập bậc đại học chính quy trong môi trường đào tạo chất lượng, giàu trải nghiệm của ngôi trường thuộc tập đoàn CNTT hàng đầu Việt Nam.",
			"Thí sinh cần nhanh chóng nộp hồ sơ nhập học trực tuyến trên  của Trường để kịp hoàn thiện các thủ tục cần thiết cho đợt tuyển bổ sung. Hồ sơ bản cứng thí sinh có thể bổ sung khi đến trường nhập học. Hạn cuối đăng ký nhập học đợt bổ sung cho các thí sinh là ngày 6/9/2023. Thời hạn này có thể kết thúc sớm nếu trường đã tuyển đủ chỉ tiêu năm 2023.",
			"Trường Đại học FPT hiện diện tại 5 thành phố lớn: Hà Nội, Đà Nẵng, TP. Hồ Chí Minh, Cần Thơ và Quy Nhơn với các cơ sở vật chất hiện đại, tối đa công năng phục vụ nhu cầu học tập, đời sống của sinh viên. Song song với việc không ngừng nâng cao chất lượng đào tạo, Trường Đại học FPT còn quan tâm tới trải nghiệm của sinh viên nhằm trang bị cho người học bộ kỹ năng cần thiết, đáp ứng nhu cầu của doanh nghiệp và thị trường lao động toàn cầu.",
			"Do đó, dù ở địa phương nào hay có nguyện vọng ngành nghề khác nhau, thí sinh cũng có thể lựa chọn ngành học, địa điểm học tập theo mong muốn và có những trải nghiệm học tập chất lượng cao.",
			"“”, đại diện Trường ĐH FPT chia sẻ về định hướng tuyển bổ sung chỉ tiêu.",
			"HƯỚNG DẪN THỦ TỤC NHẬP HỌC I. Nộp học phí – Nộp học phí kỳ định hướng và 1 mức Tiếng Anh chuẩn bị (xem chi tiết mức phí tại Quy định tài chính năm 2023 cho sinh viên các hệ đào tạo Trường ĐH FPT); – Nếu thuộc diện...",
			"Trải nghiệm là một trong những yếu tố không thể bỏ qua khi bước chân vào cánh cửa đại học và trải qua 4 năm sinh viên. Là sinh viên Đại học FPT, các em đừng bỏ qua Top 5 trải nghiệm “cực xịn” này nhé! 1. Trải nghiệm chuỗi...",
			"Năm học đầu tiên chào đón Tân sinh viên bằng Lễ khai giảng, hoạt động định hướng, hội trại F-Camp, kỳ rèn luyện tập trung, học Võ Vovinam, học nhạc cụ truyền thống, học tiếng Anh tại “Nước anh thu nhỏ” và vi vu nước...",
			"Khu Giáo dục và Đào tạo – Khu Công nghệ cao Hòa Lạc – Km29 Đại lộ Thăng Long, H. Thạch Thất,\nTP. Hà Nội",
			"Điện thoại: 024 7300 1866",
			"Email: daihocfpt@fpt.edu.vn",
			"Lô E2a-7, Đường D1 Khu Công nghệ cao, P. Long Thạnh Mỹ, TP. Thủ Đức, TP. Hồ Chí Minh",
			"Điện thoại: 028 7300 1866",
			"Email: daihocfpt@fpt.edu.vn",
			"Khu đô thị công nghệ FPT Đà Nẵng, P. Hoà Hải, Q. Ngũ Hành Sơn, TP. Đà Nẵng",
			"Điện thoại: 0236 730 1866",
			"Email: daihocfpt@fpt.edu.vn",
			"Số 600 Đường Nguyễn Văn Cừ (nối dài), P. An Bình, Q. Ninh Kiều, TP. Cần Thơ",
			"Điện thoại: 0292 730 1866",
			"Email: daihocfpt@fpt.edu.vn",
			"Khu đô thị mới An Phú Thịnh, Phường Nhơn Bình & Phường Đống Đa, TP. Quy\nNhơn, Bình Định",
			"Điện thoại: 0256 730 1866 /0256 7300 999",
			"Email: daihocfpt@fpt.edu.vn"
		],
		"label": [
			"Tìm kiếm",
			"Họ và tên",
			"Điện thoại",
			"Ngày sinh",
			"Email",
			"Trường THPT / Đại học",
			"Tỉnh / thành phố",
			"Link Facebook của bạn",
			"Đăng ký",
			"Tư vấn",
			"Tuyển sinh",
			"Xét học bổng",
			"Thi học bổng",
			"Nơi đăng ký sơ tuyển",
			"Hà Nội",
			"TP. Hồ Chí Minh",
			"Cần Thơ",
			"Đà Nẵng",
			"Nơi đăng ký học",
			"Hà Nội",
			"TP. Hồ Chí Minh",
			"Cần Thơ",
			"Đà Nẵng",
			"Quy Nhơn",
			"Name",
			"Δ",
			"Tìm kiếm"
		],
		"button": [
			"×",
			"Đăng ký",
			"Đóng"
		],
		"span": [
			"Trang chủ",
			"Tin tức chung",
			"Trường Đại học FPT tuyển sinh bổ sung 1.900 chỉ tiêu",
			"bởi",
			")",
			"*",
			"*",
			"DD slash MM slash YYYY",
			"*",
			"*",
			"*",
			"Hidden",
			"Bài trước",
			"Bài trước:",
			"← Không sợ môn đại cương, còn mê mẩn môn Triết với cách dạy của giảng viên Trường ĐH FPT",
			"Bài tiếp",
			"Bài tiếp:",
			"Hơn 1200 sinh viên Trường ĐH FPT bước vào đợt bảo vệ tốt nghiệp kỳ Summer 2023 →"
		],
		"h1": [
			"Trường Đại học FPT tuyển sinh bổ sung 1.900 chỉ tiêu"
		],
		"time": [
			"Thứ Ba, ngày 22 tháng 08 năm 2023",
			"22/08/2023",
			"05/02/2024",
			"05/02/2024",
			"05/02/2024",
			"02/02/2024",
			"01/02/2024"
		],
		"strong": [
			"Trường ĐH FPT tuyển sinh bổ sung 1.900 thí sinh lọt TOP50 THPT toàn quốc (xếp hạng tại",
			")",
			"hoặc đạt 21 điểm tổ hợp Ax nhằm bổ sung nguồn nhân lực chất lượng cao cho thị trường nhân sự.",
			"Trong đợt tuyển bổ sung này, bên cạnh tuyển thẳng TOP50 điểm học bạ hoặc điểm thi tốt nghiệp THPT toàn quốc năm 2023 theo xếp hạng trên trang SchoolRank (), Trường ĐH FPT cũng công bố tuyển thẳng các thí sinh đạt 21 điểm tổ hợp Ax (gồm điểm thi THPT năm 2023 môn Toán và 2 môn thi bất kỳ).",
			"đạt 21 điểm tổ hợp Ax (gồm điểm thi THPT năm 2023 môn Toán và 2 môn thi bất kỳ)"
		],
		"em": [
			"Trường Đại học FPT tuyển sinh bổ sung 1.900 chỉ tiêu từ nay đến 6/9",
			"Đợt tuyển sinh bổ sung dành cho thí sinh đạt TOP50 SchoolRank hoặc đạt điểm chuẩn 3 môn thi THPT 2023 (bao gồm Toán và 2 môn bất kỳ) từ 21 điểm.",
			"Quyết định tuyển bổ sung 1.900 chỉ tiêu không chỉ tạo thêm cơ hội cho thí sinh theo đuổi ngành nghề mình yêu thích. Đây còn là cam kết của nhà trường trong việc đào tạo và cung ứng thêm 1.900 nhân lực chất lượng cao các ngành nghề cho thị trường nhân sự trong và ngoài nước.",
			"Năm 2023 Trường Đại học FPT tuyển sinh các ngành: Quản trị kinh doanh (Digital Marketing; Kinh doanh quốc tế; Quản trị khách sạn; Quản trị dịch vụ du lịch & lữ hành; Quản trị truyền thông đa phương tiện; Tài chính); Công nghệ thông tin (Kỹ thuật phần mềm; Hệ thống thông tin; Trí tuệ nhân tạo; An toàn thông tin; Thiết kế Mỹ thuật số), Ngôn ngữ Anh (Ngôn ngữ Anh – Anh, Ngôn ngữ Anh – Trung), Ngôn ngữ Nhật, Ngôn ngữ Hàn Quốc.",
			"Thí sinh đã tốt nghiệp THPT và đạt TOP50 THPT toàn quốc năm 2023 bằng điểm học bạ hoặc kết quả thi THPT năm 2023 (chứng nhận thực hiện trên trang  hoặc được tuyển thẳng vào Trường Đại học FPT."
		],
		"h2": [
			"Bài viết liên quan",
			"Đăng ký trực tuyến vào Đại học FPT",
			"Điều hướng bài viết"
		],
		"h3": [
			"Đăng ký tư vấn"
		],
		"option": [
			"Tỉnh / thành phố *",
			"Hà Nội",
			"Thành phố Hồ Chí Minh",
			"An Giang",
			"Bà Rịa - Vũng Tàu",
			"Bắc Giang",
			"Bắc Kạn",
			"Bạc Liêu",
			"Bắc Ninh",
			"Bến Tre",
			"Bình Định",
			"Bình Dương",
			"Bình Phước",
			"Bình Thuận",
			"Cà Mau",
			"Cần Thơ",
			"Cao Bằng",
			"Đà Nẵng",
			"Đắk Lắk",
			"Đắk Nông",
			"Điện Biên",
			"Đồng Nai",
			"Đồng Tháp",
			"Gia Lai",
			"Hà Giang",
			"Hà Nam",
			"Hà Tĩnh",
			"Hải Dương",
			"Hải Phòng",
			"Hậu Giang",
			"Hòa Bình",
			"Hưng Yên",
			"Khánh Hòa",
			"Kiên Giang",
			"Kon Tum",
			"Lai Châu",
			"Lâm Đồng",
			"Lạng Sơn",
			"Lào Cai",
			"Long An",
			"Nam Định",
			"Nghệ An",
			"Ninh Bình",
			"Ninh Thuận",
			"Phú Thọ",
			"Phú Yên",
			"Quảng Bình",
			"Quảng Nam",
			"Quảng Ngãi",
			"Quảng Ninh",
			"Quảng Trị",
			"Sóc Trăng",
			"Sơn La",
			"Tây Ninh",
			"Thái Bình",
			"Thái Nguyên",
			"Thanh Hóa",
			"Thừa Thiên Huế",
			"Tiền Giang",
			"Trà Vinh",
			"Tuyên Quang",
			"Vĩnh Long",
			"Vĩnh Phúc",
			"Yên Bái",
			"Khác",
			"Tỉnh / Thành phố *",
			"An Giang",
			"Bà Rịa-Vũng Tàu",
			"Bắc Giang",
			"Bắc Kạn",
			"Bạc Liêu",
			"Bắc Ninh",
			"Bến Tre",
			"Bình Dương",
			"Bình Định",
			"Bình Phước",
			"Bình Thuận",
			"Cà Mau",
			"Cần Thơ",
			"Cao Bằng",
			"Cục Cảnh sát ĐKQL cư trú và DLQG về dân cư",
			"Cục Cảnh sát quản lý hành chính về trật tự xã hội",
			"Đà Nẵng",
			"Đắk Lắk",
			"Đăk Nông",
			"Điện Biên",
			"Đồng Nai",
			"Đồng Tháp",
			"Gia Lai",
			"Hà Giang",
			"Hà Nam",
			"Hà Tĩnh",
			"Hải Dương",
			"Hải Phòng",
			"Hậu Giang",
			"Hoà Bình",
			"Hưng Yên",
			"Khánh Hoà",
			"Kiên Giang",
			"Kon Tum",
			"Lai Châu",
			"Lâm Đồng",
			"Lạng Sơn",
			"Lào Cai",
			"Long An",
			"Nam Định",
			"Nghệ An",
			"Ninh Bình",
			"Ninh Thuận",
			"Phú Thọ",
			"Phú Yên",
			"Quảng Bình",
			"Quảng Nam",
			"Quảng Ngãi",
			"Quảng Ninh",
			"Quảng Trị",
			"Sóc Trăng",
			"Sơn La",
			"Tây Ninh",
			"Thái Bình",
			"Thái Nguyên",
			"Thanh Hoá",
			"Thừa Thiên - Huế",
			"Tiền Giang",
			"Trà Vinh",
			"Tuyên Quang",
			"Vĩnh Long",
			"Vĩnh Phúc",
			"Yên Bái",
			"Hà Nội",
			"TP. Hồ Chí Minh"
		],
		"h4": [
			"HÀ NỘI",
			"TP. HỒ CHÍ MINH",
			"ĐÀ NẴNG",
			"CẦN THƠ",
			"Quy Nhơn"
		],
		"b": [
			"Hãy để lại SĐT để cán bộ nhà trường hỗ trợ bạn sớm nhất nhé"
		]
	},
	"url": "https://daihoc.fpt.edu.vn/truong-dai-hoc-fpt-tuyen-sinh-bo-sung-1-900-chi-tieu/"
}