{
	"data": {
		"title": [
			"Ngành Quản trị kinh doanh Đại học FPT đạt tiêu chuẩn quốc tế ACBSP - Trường Đại học FPT"
		],
		"div": [
			"›\n\n›\n\n›\n\n›",
			"© 2024 Bản quyền thuộc về Trường Đại học FPT.",
			"Đăng ký tư vấn"
		],
		"a": [
			"Trường Đại học FPT",
			"Vietnamese",
			"English",
			"Trang chủ",
			"Giới thiệu",
			"Lịch sử thành lập",
			"Tập đoàn FPT",
			"Tổ chức giáo dục FPT",
			"Triết lý đào tạo",
			"Các giải thưởng và thành tích",
			"Ban lãnh đạo",
			"Gắn kết cộng đồng",
			"Tin tức",
			"Tin tức chung",
			"Hoạt động sinh viên",
			"Sự kiện",
			"Tuyển dụng",
			"Hướng nghiệp",
			"Ngành học",
			"Công nghệ thông tin",
			"Công nghệ ô tô số",
			"Kỹ thuật phần mềm",
			"Hệ thống thông tin",
			"Trí tuệ nhân tạo",
			"An toàn thông tin",
			"Thiết kế Mỹ thuật số",
			"Quản trị kinh doanh",
			"Tài chính",
			"Digital Marketing",
			"Kinh doanh quốc tế",
			"Quản lý Logistics & Chuỗi cung ứng toàn cầu",
			"Quản trị khách sạn",
			"Quản trị Du lịch và Lữ hành",
			"Công nghệ truyền thông",
			"Quản trị truyền thông đa phương tiện",
			"Quan hệ công chúng",
			"Ngôn ngữ Anh",
			"Ngôn ngữ Nhật",
			"Ngôn ngữ Hàn Quốc",
			"Ngôn ngữ Trung Quốc (Dự kiến)",
			"Đời sống sinh viên",
			"Một ngày tại Đại học FPT",
			"Vì sao nên học tại Đại học FPT",
			"Sự hài lòng của sinh viên",
			"Môi trường học tập",
			"Chương trình học linh hoạt",
			"Đời sống sinh viên",
			"Ký túc xá",
			"Các CLB & Cộng đồng sinh viên",
			"Các hoạt động thể thao trong trường",
			"Dịch vụ hỗ trợ",
			"Định hướng và khởi đầu",
			"Tốt nghiệp",
			"Câu chuyện sinh viên",
			"Hợp tác",
			"Ngành công nghiệp và doanh nghiệp",
			"Chương trình trao đổi sinh viên",
			"Chương trình học tập tại nước ngoài",
			"Hợp tác quốc tế",
			"Trao đổi sinh viên",
			"Học kỳ nước ngoài",
			"Các trường đại học đối tác",
			"Cựu sinh viên",
			"Cộng đồng cựu sinh viên",
			"Họ đang làm việc tại đâu",
			"Tuyển sinh",
			"Đề án tuyển sinh",
			"Tin tuyển sinh",
			"Liên hệ",
			"Đăng nhập",
			"Phạm Thị Phương",
			"Nữ sinh trường F trong tà áo dài ngày Xuân",
			"Gặp gỡ đội tuyển NGT’s OPEN ROBOT trước giải đấu FIRST Tech Challenge Vietnam",
			"Tỏa sáng với nghiên cứu khoa học, nữ sinh ĐH FPT khẳng định bản lĩnh và tài năng",
			"Phim ngắn “Thoi vàng chỉ ngọc” của SV ĐH FPT tại Cần Thơ được công chiếu ở Lotte Cinema",
			"SV trường ĐH FPT Hà Nội đón “tết trên bản” 2024",
			"Vietnamese",
			"English",
			"Facebook",
			"Youtube",
			"Tik Tok",
			"Hotline: (024)/(028) 73001866 - (0236)/(0292) 7301866"
		],
		"img": [
			"cropped cropped 2021 FPTU Long",
			"cropped cropped 2021 FPTU Long",
			"sinh vien dai hoc fpt 8",
			"sinh vien dai hoc fpt 8",
			"dai hoc fpt 1",
			"dai hoc fpt 1",
			"my duyen",
			"my duyen",
			"fpt 5",
			"fpt 5",
			"dai hoc fpt 1",
			"dai hoc fpt 1",
			"thông báo tuyển bổ sung",
			"thông báo tuyển bổ sung"
		],
		"p": [
			"Trang thông tin tuyển sinh chính thức của Trường Đại học FPT",
			"ACBSP (Accreditation Council for Business Schools and Programs) là Hội đồng Kiểm định các trường và chương trình đào tạo về kinh doanh. Đây là một trong những tổ chức kiểm định quốc tế chuyên ngành kinh doanh có giá trị và uy tín trên thế giới.",
			"Trước đó từ ngày 13 đến 16/10, tổ chức kiểm định ACBSP đã thực hiện đánh giá chính thức ngành Quản trị kinh doanh – ĐH FPT, campus HN.",
			"Theo tiêu chí của ACBSP để đạt được chứng nhận kiểm định chất lượng, Trường Đại học FPT cần đảm bảo đạt được 6 tiêu chuẩn, 27 tiêu chí cấp 1 và 61 tiêu chí cấp 2 về: Công tác lãnh đạo; Hoạch đinh chiến lược; Sinh viên và các bên có liên quan; Đo lường và phân tích chuẩn đầu ra và năng lực sinh viên; Cán bộ và giảng viên; Tổ chức đào tạo.",
			"Ngày 26/11, ACBSP đã chính thức công nhận chất lượng đào tạo ngành Quản trị kinh doanh Đại học FPT đạt chuẩn chất lượng giáo dục quốc tế. Kết quả này là minh chứng khách quan thể hiện rõ chất lượng đào tạo của Trường Đại học FPT Đồng thời thúc đẩy Khối ngành Quản trị kinh doanh liên tục cải tiến nhằm đảm bảo chất lượng cho các chương trình đào tạo của trường phù hợp và tương đồng với các trường kinh doanh hàng đầu trên thế giới, mang lại cho sinh viên nhiều cơ hội học hỏi, sáng tạo và phát triển tương lai nghề nghiệp. Không những thế, việc kiểm định chương trình đào tạo còn mang lại lợi ích cho nhiều bên liên quan khác.",
			"Trước đó, ĐH FPT là trường đại học đầu tiên tại Việt Nam được đánh giá QS Star 3 sao (năm 2012) với các hạng mục: Đào tạo, việc làm, cơ sở vật chất và trách nhiệm xã hội. Năm 2018, ĐH FPT đã giành giải ICT Education Award của Tổ chức Công nghiệp Điện toán châu Á – ASOCIO. Đặc biệt, trong hai năm liên tiếp 2018-2019, trường đã giành giải thưởng “Trường Đại học xuất sắc trong lĩnh vực giáo dục” và “Trường Đại học có tầm ảnh hưởng khu vực châu Á – Thái Bình Dương” của Tổ chức Thương hiệu châu Á -Thái Bình Dương (Brand Laureate).",
			"Bên cạnh đó, ĐH FPT đã trở thành thành viên chính thức của các tổ chức và mạng lưới giáo dục uy tín trên thế giới như: CDIO (2017); AACSB (2018); AUN – QA (2018). Vừa qua, ĐH FPT cũng chính thức nhận thông báo gia nhập tổ chức International Student Exchange Program (ISEP) – Mạng lưới trao đổi sinh viên lớn nhất thế giới.",
			"Khu Giáo dục và Đào tạo – Khu Công nghệ cao Hòa Lạc – Km29 Đại lộ Thăng Long, H. Thạch Thất,\nTP. Hà Nội",
			"Điện thoại: 024 7300 1866",
			"Email: daihocfpt@fpt.edu.vn",
			"Lô E2a-7, Đường D1 Khu Công nghệ cao, P. Long Thạnh Mỹ, TP. Thủ Đức, TP. Hồ Chí Minh",
			"Điện thoại: 028 7300 1866",
			"Email: daihocfpt@fpt.edu.vn",
			"Khu đô thị công nghệ FPT Đà Nẵng, P. Hoà Hải, Q. Ngũ Hành Sơn, TP. Đà Nẵng",
			"Điện thoại: 0236 730 1866",
			"Email: daihocfpt@fpt.edu.vn",
			"Số 600 Đường Nguyễn Văn Cừ (nối dài), P. An Bình, Q. Ninh Kiều, TP. Cần Thơ",
			"Điện thoại: 0292 730 1866",
			"Email: daihocfpt@fpt.edu.vn",
			"Khu đô thị mới An Phú Thịnh, Phường Nhơn Bình & Phường Đống Đa, TP. Quy\nNhơn, Bình Định",
			"Điện thoại: 0256 730 1866 /0256 7300 999",
			"Email: daihocfpt@fpt.edu.vn"
		],
		"label": [
			"Tìm kiếm",
			"Tìm kiếm"
		],
		"button": [
			"×",
			"Đăng ký",
			"Đóng"
		],
		"span": [
			"Trang chủ",
			"Cuộc sống tại đại học FPT",
			"Tại sao nên học tại Đại học FPT",
			"Môi trường học tập",
			"Ngành Quản trị kinh doanh Đại học FPT đạt tiêu chuẩn quốc tế ACBSP",
			"bởi",
			"Bài trước",
			"Bài trước:",
			"← Sinh viên ĐH FPT đạt giải Nhì cuộc thi ‘Sinh viên với An toàn thông tin ASEAN 2019’",
			"Bài tiếp",
			"Bài tiếp:",
			"Nhà sáng lập Code Learn bật mí tips “ăn điểm” tại vòng thi online FPT Edu Hackathon 2019 →"
		],
		"h1": [
			"Ngành Quản trị kinh doanh Đại học FPT đạt tiêu chuẩn quốc tế ACBSP"
		],
		"time": [
			"Thứ Hai, ngày 02 tháng 12 năm 2019",
			"05/02/2024",
			"05/02/2024",
			"05/02/2024",
			"02/02/2024",
			"01/02/2024"
		],
		"strong": [
			"Sau thời gian đánh giá, Hội đồng Kiểm định các trường và chương trình đào tạo về kinh doanh ACBSP đã chính thức công nhận chất lượng đào tạo ngành Quản trị kinh doanh Đại học FPT đạt tiêu chuẩn quốc tế.",
			"PV (tổng hợp)"
		],
		"h2": [
			"Điều hướng bài viết"
		],
		"h4": [
			"HÀ NỘI",
			"TP. HỒ CHÍ MINH",
			"ĐÀ NẴNG",
			"CẦN THƠ",
			"Quy Nhơn"
		],
		"h3": [
			"Đăng ký tư vấn"
		],
		"b": [
			"Hãy để lại SĐT để cán bộ nhà trường hỗ trợ bạn sớm nhất nhé"
		],
		"option": [
			"Tỉnh / Thành phố *",
			"An Giang",
			"Bà Rịa-Vũng Tàu",
			"Bắc Giang",
			"Bắc Kạn",
			"Bạc Liêu",
			"Bắc Ninh",
			"Bến Tre",
			"Bình Dương",
			"Bình Định",
			"Bình Phước",
			"Bình Thuận",
			"Cà Mau",
			"Cần Thơ",
			"Cao Bằng",
			"Cục Cảnh sát ĐKQL cư trú và DLQG về dân cư",
			"Cục Cảnh sát quản lý hành chính về trật tự xã hội",
			"Đà Nẵng",
			"Đắk Lắk",
			"Đăk Nông",
			"Điện Biên",
			"Đồng Nai",
			"Đồng Tháp",
			"Gia Lai",
			"Hà Giang",
			"Hà Nam",
			"Hà Tĩnh",
			"Hải Dương",
			"Hải Phòng",
			"Hậu Giang",
			"Hoà Bình",
			"Hưng Yên",
			"Khánh Hoà",
			"Kiên Giang",
			"Kon Tum",
			"Lai Châu",
			"Lâm Đồng",
			"Lạng Sơn",
			"Lào Cai",
			"Long An",
			"Nam Định",
			"Nghệ An",
			"Ninh Bình",
			"Ninh Thuận",
			"Phú Thọ",
			"Phú Yên",
			"Quảng Bình",
			"Quảng Nam",
			"Quảng Ngãi",
			"Quảng Ninh",
			"Quảng Trị",
			"Sóc Trăng",
			"Sơn La",
			"Tây Ninh",
			"Thái Bình",
			"Thái Nguyên",
			"Thanh Hoá",
			"Thừa Thiên - Huế",
			"Tiền Giang",
			"Trà Vinh",
			"Tuyên Quang",
			"Vĩnh Long",
			"Vĩnh Phúc",
			"Yên Bái",
			"Hà Nội",
			"TP. Hồ Chí Minh"
		]
	},
	"url": "https://daihoc.fpt.edu.vn/nganh-quan-tri-kinh-doanh-dai-hoc-fpt-dat-tieu-chuan-quoc-te-acbsp/"
}