{
	"data": {
		"title": [
			"Nổi bật với vẻ đẹp tri thức, điểm mặt các \"hot girl học bổng\" ĐH FPT - Trường Đại học FPT"
		],
		"div": [
			"© 2024 Bản quyền thuộc về Trường Đại học FPT.",
			"Đăng ký tư vấn"
		],
		"a": [
			"Trường Đại học FPT",
			"Vietnamese",
			"English",
			"Trang chủ",
			"Giới thiệu",
			"Lịch sử thành lập",
			"Tập đoàn FPT",
			"Tổ chức giáo dục FPT",
			"Triết lý đào tạo",
			"Các giải thưởng và thành tích",
			"Ban lãnh đạo",
			"Gắn kết cộng đồng",
			"Tin tức",
			"Tin tức chung",
			"Hoạt động sinh viên",
			"Sự kiện",
			"Tuyển dụng",
			"Hướng nghiệp",
			"Ngành học",
			"Công nghệ thông tin",
			"Công nghệ ô tô số",
			"Kỹ thuật phần mềm",
			"Hệ thống thông tin",
			"Trí tuệ nhân tạo",
			"An toàn thông tin",
			"Thiết kế Mỹ thuật số",
			"Quản trị kinh doanh",
			"Tài chính",
			"Digital Marketing",
			"Kinh doanh quốc tế",
			"Quản lý Logistics & Chuỗi cung ứng toàn cầu",
			"Quản trị khách sạn",
			"Quản trị Du lịch và Lữ hành",
			"Công nghệ truyền thông",
			"Quản trị truyền thông đa phương tiện",
			"Quan hệ công chúng",
			"Ngôn ngữ Anh",
			"Ngôn ngữ Nhật",
			"Ngôn ngữ Hàn Quốc",
			"Ngôn ngữ Trung Quốc (Dự kiến)",
			"Đời sống sinh viên",
			"Một ngày tại Đại học FPT",
			"Vì sao nên học tại Đại học FPT",
			"Sự hài lòng của sinh viên",
			"Môi trường học tập",
			"Chương trình học linh hoạt",
			"Đời sống sinh viên",
			"Ký túc xá",
			"Các CLB & Cộng đồng sinh viên",
			"Các hoạt động thể thao trong trường",
			"Dịch vụ hỗ trợ",
			"Định hướng và khởi đầu",
			"Tốt nghiệp",
			"Câu chuyện sinh viên",
			"Hợp tác",
			"Ngành công nghiệp và doanh nghiệp",
			"Chương trình trao đổi sinh viên",
			"Chương trình học tập tại nước ngoài",
			"Hợp tác quốc tế",
			"Trao đổi sinh viên",
			"Học kỳ nước ngoài",
			"Các trường đại học đối tác",
			"Cựu sinh viên",
			"Cộng đồng cựu sinh viên",
			"Họ đang làm việc tại đâu",
			"Tuyển sinh",
			"Đề án tuyển sinh",
			"Tin tuyển sinh",
			"Liên hệ",
			"Đăng nhập",
			"Nguyễn Thị Hồng Yến",
			"Nữ sinh trường F trong tà áo dài ngày Xuân",
			"Gặp gỡ đội tuyển NGT’s OPEN ROBOT trước giải đấu FIRST Tech Challenge Vietnam",
			"Tỏa sáng với nghiên cứu khoa học, nữ sinh ĐH FPT khẳng định bản lĩnh và tài năng",
			"Phim ngắn “Thoi vàng chỉ ngọc” của SV ĐH FPT tại Cần Thơ được công chiếu ở Lotte Cinema",
			"SV trường ĐH FPT Hà Nội đón “tết trên bản” 2024",
			"Vietnamese",
			"English",
			"Facebook",
			"Youtube",
			"Tik Tok",
			"Hotline: (024)/(028) 73001866 - (0236)/(0292) 7301866"
		],
		"img": [
			"cropped cropped 2021 FPTU Long",
			"cropped cropped 2021 FPTU Long",
			"hotgirl hoc bong dh fpt 2",
			"hotgirl hoc bong dh fpt 2",
			"hotgirl hoc bong dh fpt 4",
			"hotgirl hoc bong dh fpt 4",
			"hotgirl hoc bong dh fpt 5",
			"hotgirl hoc bong dh fpt 5",
			"hotgirl hoc bong dh fpt 6",
			"hotgirl hoc bong dh fpt 6",
			"hotgirl hoc bong dh fpt",
			"hotgirl hoc bong dh fpt",
			"hotgirl hoc bong dh fpt 1 1",
			"hotgirl hoc bong dh fpt 1 1",
			"sinh vien dai hoc fpt 8",
			"sinh vien dai hoc fpt 8",
			"dai hoc fpt 1",
			"dai hoc fpt 1",
			"my duyen",
			"my duyen",
			"fpt 5",
			"fpt 5",
			"dai hoc fpt 1",
			"dai hoc fpt 1",
			"thông báo tuyển bổ sung",
			"thông báo tuyển bổ sung"
		],
		"p": [
			"Trang thông tin tuyển sinh chính thức của Trường Đại học FPT",
			"Nguyễn Thế Ngân là một trong những sinh viên hiếm hoi đạt điểm cao trong kỳ thi học bổng của ĐH FPT và giành được suất học bổng 100%.",
			"Nữ sinh xứ Lạng có nhan sắc trong veo chia sẻ bí kíp của mình là đặt mục tiêu cho bản thân phải đạt trọn vẹn điểm từng dạng bài, nhờ vậy mới có thể làm tốt hết sức mình. Năm đó, do xác định việc thi học bổng Nguyễn Văn Đạo từ sớm, Ngân cũng thường xuyên lui tới các hội nhóm và livestream học bổng ĐH FPT để xin đề về làm. Vừa giỏi, vừa xinh, vừa chăm chỉ, mười điểm cho nàng thơ học bổng 100%.",
			"Hiện tại, là một sinh viên Digital Marketing tại ĐH FPT, Ngân đã có những trải nghiệm làm việc với con số, chạy dự án bài tập vô cùng thú vị.",
			"Minh Phương là một nữ sinh chuyên Văn với mong muốn theo đuổi ngành Thiết kế đồ hoạ cháy bỏng. Biết đến học bổng của ĐH FPT sau 1 cuộc trò chuyện với giáo viên cấp 3 của mình, Phương đã lập tức vạch ra lộ trình “săn học bổng” trong 2 tuần.",
			"Nhìn vào ngoại hình “bé hạt tiêu” của Minh Phương, khó ai có thể tin được trong 2 tuần đó, mỗi ngày cô bạn đều học 15 – 16 tiếng, làm trọn vẹn 7 – 10 đề thi thử. Đó có lẽ là lý do Phương giành được suất học bổng 50% của ĐH FPT để tiếp tục giữ “lửa nhiệt huyết” trở thành 1 designer chuyên nghiệp.",
			"Hiện tại, cô gái dễ thương này đang năng nổ tham gia rất nhiều hoạt động ngoại khoá và câu lạc bộ tại ĐH FPT để trau dồi chuyên môn và kỹ năng mềm. Tinh thần của Phương vẫn “rực lửa” như 2 tuần ôn thi của bạn ấy vậy.",
			"Ngọc Thuý Hân là sinh viên K18 ĐH FPT Cần Thơ chuyên ngành Digital Marketing. Hân xuất sắc giành được học bổng 50% của ĐH FPT qua kì thi học bổng Nguyễn Văn Đạo với điểm luận 14/15.",
			"Sớm nhận ra toán logic là điểm yếu của mình, Hân đã học ngày học đêm, miệt mài giải đề. Giải đề không hiểu, cô bạn còn lên những forum toán nước ngoài, dịch bài toán sang tiếng Anh để xin lời giải.",
			"Vừa có giải Nhì kì thi HSG Văn cấp tỉnh, vừa có điểm 9,5 môn Văn kỳ thi THPT Quốc gia, vừa có IELTS 6.5, văn nghị luận với Hân là chuyện nhỏ. Hân chia sẻ quan trọng nhất là nắm được sườn bài của một bài văn nghị luận xã hội và bám sát các ý. Với kinh nghiệm của mình, Hân khẳng định bài luận của ĐH FPT không yêu cầu sự hoa mỹ trong câu văn mà đòi hỏi người viết có tư duy rõ ràng, lập luận vững chắc, logic và đủ dẫn chứng thực tế.",
			"Mong rằng bí kíp từ những “học tỷ” vừa xinh đẹp vừa học giỏi này sẽ là động lực để các bạn thí sinh tự tin đăng ký tham gia kỳ thi giành học bổng Nguyễn Văn Đạo của ĐH FPT vào tháng 5 tới đây và giành về những suất học bổng giá trị.",
			"Khu Giáo dục và Đào tạo – Khu Công nghệ cao Hòa Lạc – Km29 Đại lộ Thăng Long, H. Thạch Thất,\nTP. Hà Nội",
			"Điện thoại: 024 7300 1866",
			"Email: daihocfpt@fpt.edu.vn",
			"Lô E2a-7, Đường D1 Khu Công nghệ cao, P. Long Thạnh Mỹ, TP. Thủ Đức, TP. Hồ Chí Minh",
			"Điện thoại: 028 7300 1866",
			"Email: daihocfpt@fpt.edu.vn",
			"Khu đô thị công nghệ FPT Đà Nẵng, P. Hoà Hải, Q. Ngũ Hành Sơn, TP. Đà Nẵng",
			"Điện thoại: 0236 730 1866",
			"Email: daihocfpt@fpt.edu.vn",
			"Số 600 Đường Nguyễn Văn Cừ (nối dài), P. An Bình, Q. Ninh Kiều, TP. Cần Thơ",
			"Điện thoại: 0292 730 1866",
			"Email: daihocfpt@fpt.edu.vn",
			"Khu đô thị mới An Phú Thịnh, Phường Nhơn Bình & Phường Đống Đa, TP. Quy\nNhơn, Bình Định",
			"Điện thoại: 0256 730 1866 /0256 7300 999",
			"Email: daihocfpt@fpt.edu.vn"
		],
		"label": [
			"Tìm kiếm",
			"Tìm kiếm"
		],
		"button": [
			"×",
			"Đăng ký",
			"Đóng"
		],
		"span": [
			"Trang chủ",
			"bởi",
			"Bài trước",
			"Bài trước:",
			"← Nam sinh ngành Marketing với ‘đam mê cháy bỏng’ cùng âm nhạc",
			"Bài tiếp",
			"Bài tiếp:",
			"ĐH FPT tổ chức hội thảo “Người làm sách kể chuyện” tiết lộ nhiều bí mật làm sách →"
		],
		"h1": [
			"Nổi bật với vẻ đẹp tri thức, điểm mặt các “hot girl học bổng” ĐH FPT"
		],
		"time": [
			"Thứ Ba, ngày 18 tháng 04 năm 2023",
			"05/02/2024",
			"05/02/2024",
			"05/02/2024",
			"02/02/2024",
			"01/02/2024"
		],
		"strong": [
			"Vừa xinh đẹp vừa học giỏi, cùng zoom-in bí kíp tậu học bổng Nguyễn Văn Đạo xịn xò của những cô nàng con nhà người ta ở ĐH FPT nha.",
			"Nguyễn Thế Ngân – học tỷ siêu giỏi Toán",
			"Nguyễn Minh Phương – học 2 tuần, nhận học bổng 50%",
			"Ngọc Thuý Hân – nữ thần chuyên Văn",
			"Theo Tri Thức Trẻ"
		],
		"figcaption": [
			"Thế Ngân chia sẻ mình là một người “siêu cấp hướng nội” nhưng lại rất đam mê toán, đặc biệt là toán logic",
			"Tình yêu với môn toán và sự nỗ lực đã giúp Ngân có được học bổng 100% của trường đại học mơ ước",
			"Cô nữ sinh Chuyên Biên Hoà – Hà Nam cực dễ thương, mang trong mình đam mê trở thành designer",
			"Phương đang có những trải nghiệm chạy thiết kế, chạy sự kiện đầu tiên của mình tại đại học.",
			"Chia sẻ về quá trình thi học bổng của mình, Hân khiêm tốn nói rằng tất cả là nhờ “cần cù bù thông minh”.",
			"Hiện tại, cô bạn sở hữu nhan sắc kẹo ngọt này đang phát triển 1 kênh TikTok cá nhân chia sẻ kiến thức Văn học với gần 60K lượt theo dõi."
		],
		"h2": [
			"Điều hướng bài viết"
		],
		"h4": [
			"HÀ NỘI",
			"TP. HỒ CHÍ MINH",
			"ĐÀ NẴNG",
			"CẦN THƠ",
			"Quy Nhơn"
		],
		"h3": [
			"Đăng ký tư vấn"
		],
		"b": [
			"Hãy để lại SĐT để cán bộ nhà trường hỗ trợ bạn sớm nhất nhé"
		],
		"option": [
			"Tỉnh / Thành phố *",
			"An Giang",
			"Bà Rịa-Vũng Tàu",
			"Bắc Giang",
			"Bắc Kạn",
			"Bạc Liêu",
			"Bắc Ninh",
			"Bến Tre",
			"Bình Dương",
			"Bình Định",
			"Bình Phước",
			"Bình Thuận",
			"Cà Mau",
			"Cần Thơ",
			"Cao Bằng",
			"Cục Cảnh sát ĐKQL cư trú và DLQG về dân cư",
			"Cục Cảnh sát quản lý hành chính về trật tự xã hội",
			"Đà Nẵng",
			"Đắk Lắk",
			"Đăk Nông",
			"Điện Biên",
			"Đồng Nai",
			"Đồng Tháp",
			"Gia Lai",
			"Hà Giang",
			"Hà Nam",
			"Hà Tĩnh",
			"Hải Dương",
			"Hải Phòng",
			"Hậu Giang",
			"Hoà Bình",
			"Hưng Yên",
			"Khánh Hoà",
			"Kiên Giang",
			"Kon Tum",
			"Lai Châu",
			"Lâm Đồng",
			"Lạng Sơn",
			"Lào Cai",
			"Long An",
			"Nam Định",
			"Nghệ An",
			"Ninh Bình",
			"Ninh Thuận",
			"Phú Thọ",
			"Phú Yên",
			"Quảng Bình",
			"Quảng Nam",
			"Quảng Ngãi",
			"Quảng Ninh",
			"Quảng Trị",
			"Sóc Trăng",
			"Sơn La",
			"Tây Ninh",
			"Thái Bình",
			"Thái Nguyên",
			"Thanh Hoá",
			"Thừa Thiên - Huế",
			"Tiền Giang",
			"Trà Vinh",
			"Tuyên Quang",
			"Vĩnh Long",
			"Vĩnh Phúc",
			"Yên Bái",
			"Hà Nội",
			"TP. Hồ Chí Minh"
		]
	},
	"url": "https://daihoc.fpt.edu.vn/noi-bat-voi-ve-dep-tri-thuc-diem-mat-cac-hot-girl-hoc-bong-dh-fpt/"
}