{
	"data": {
		"title": [
			"Bật mí cấu trúc đề thi 13/5 - Trường Đại học FPT"
		],
		"div": [
			"›\n\n›",
			"© 2024 Bản quyền thuộc về Trường Đại học FPT.",
			"Đăng ký tư vấn"
		],
		"a": [
			"Trường Đại học FPT",
			"Vietnamese",
			"English",
			"Trang chủ",
			"Giới thiệu",
			"Lịch sử thành lập",
			"Tập đoàn FPT",
			"Tổ chức giáo dục FPT",
			"Triết lý đào tạo",
			"Các giải thưởng và thành tích",
			"Ban lãnh đạo",
			"Gắn kết cộng đồng",
			"Tin tức",
			"Tin tức chung",
			"Hoạt động sinh viên",
			"Sự kiện",
			"Tuyển dụng",
			"Hướng nghiệp",
			"Ngành học",
			"Công nghệ thông tin",
			"Công nghệ ô tô số",
			"Kỹ thuật phần mềm",
			"Hệ thống thông tin",
			"Trí tuệ nhân tạo",
			"An toàn thông tin",
			"Thiết kế Mỹ thuật số",
			"Quản trị kinh doanh",
			"Tài chính",
			"Digital Marketing",
			"Kinh doanh quốc tế",
			"Quản lý Logistics & Chuỗi cung ứng toàn cầu",
			"Quản trị khách sạn",
			"Quản trị Du lịch và Lữ hành",
			"Công nghệ truyền thông",
			"Quản trị truyền thông đa phương tiện",
			"Quan hệ công chúng",
			"Ngôn ngữ Anh",
			"Ngôn ngữ Nhật",
			"Ngôn ngữ Hàn Quốc",
			"Ngôn ngữ Trung Quốc (Dự kiến)",
			"Đời sống sinh viên",
			"Một ngày tại Đại học FPT",
			"Vì sao nên học tại Đại học FPT",
			"Sự hài lòng của sinh viên",
			"Môi trường học tập",
			"Chương trình học linh hoạt",
			"Đời sống sinh viên",
			"Ký túc xá",
			"Các CLB & Cộng đồng sinh viên",
			"Các hoạt động thể thao trong trường",
			"Dịch vụ hỗ trợ",
			"Định hướng và khởi đầu",
			"Tốt nghiệp",
			"Câu chuyện sinh viên",
			"Hợp tác",
			"Ngành công nghiệp và doanh nghiệp",
			"Chương trình trao đổi sinh viên",
			"Chương trình học tập tại nước ngoài",
			"Hợp tác quốc tế",
			"Trao đổi sinh viên",
			"Học kỳ nước ngoài",
			"Các trường đại học đối tác",
			"Cựu sinh viên",
			"Cộng đồng cựu sinh viên",
			"Họ đang làm việc tại đâu",
			"Tuyển sinh",
			"Đề án tuyển sinh",
			"Tin tuyển sinh",
			"Liên hệ",
			"Đăng nhập",
			"Phạm Thị Phương",
			"> 5 bí kíp chinh phục câu hỏi trắc nghiệm đề thi Đại học FPT",
			"> Sức hút của đề thi Đại học FPT",
			"Đại học FPT",
			"Xem SBD",
			"Nữ sinh trường F trong tà áo dài ngày Xuân",
			"Gặp gỡ đội tuyển NGT’s OPEN ROBOT trước giải đấu FIRST Tech Challenge Vietnam",
			"Tỏa sáng với nghiên cứu khoa học, nữ sinh ĐH FPT khẳng định bản lĩnh và tài năng",
			"Phim ngắn “Thoi vàng chỉ ngọc” của SV ĐH FPT tại Cần Thơ được công chiếu ở Lotte Cinema",
			"SV trường ĐH FPT Hà Nội đón “tết trên bản” 2024",
			"Vietnamese",
			"English",
			"Facebook",
			"Youtube",
			"Tik Tok",
			"Hotline: (024)/(028) 73001866 - (0236)/(0292) 7301866"
		],
		"img": [
			"cropped cropped 2021 FPTU Long",
			"cropped cropped 2021 FPTU Long",
			"sinh vien dai hoc fpt 8",
			"sinh vien dai hoc fpt 8",
			"dai hoc fpt 1",
			"dai hoc fpt 1",
			"my duyen",
			"my duyen",
			"fpt 5",
			"fpt 5",
			"dai hoc fpt 1",
			"dai hoc fpt 1",
			"thông báo tuyển bổ sung",
			"thông báo tuyển bổ sung"
		],
		"p": [
			"Trang thông tin tuyển sinh chính thức của Trường Đại học FPT",
			"Kỳ thi riêng của trường Đại học FPT năm 2018 sẽ tổ chức vào ngày 13/5. Đại diện trường Đại học FPT cho biết đề thi năm nay, với đề thi trắc nghiệm cấu trúc gồm 3 phần: Kỹ năng tính toán (20 câu), Kỹ năng xử lý tính đầy đủ của thông tin để giải quyết bài toán (25 câu), Lập luận logic (45 câu).",
			"Đề thi không chỉ kiểm tra năng lực của thí sinh mà còn là cơ hội kiểm tra độ phù hợp với ngành nghề. Do vậy, các câu hỏi của từng đề thi về Khối ngành Công nghệ thông tin, Khối ngành Kinh tế và Ngôn ngữ, Khối ngành Thiết kế đồ họa và Đề thi học bổng sẽ có mức độ và kiến thức khác nhau. Trong đó, đề thi Khối ngành Thiết kế đồ họa có số lượng câu hỏi ít hơn. Tuy nhiên, đề thi sẽ có nhiều câu hỏi về khả năng sáng tạo, tư duy hình khối màu sắc.",
			"Thí sinh có 180 phút để tìm kiếm cơ hội trở thành sinh viên  qua kỳ thi riêng. Sau khi kết thúc phần trắc nghiệm trong 120 phút, thí sinh sẽ có 60 phút để trình bày bài viết luận.",
			"Một bài viết luận được đánh giá cao sẽ hội tụ 6 yếu tố: Có quan điểm rõ ràng; Có dẫn chứng, ví dụ minh họa tốt; Tổ chức bài luận logic; Chuyển đoạn, chuyển câu tốt; Ngôn ngữ sử dụng phong phú; Câu cú rõ ràng, giọng văn điềm đạm, hài hòa.",
			"Đề thi của Đại học FPT được đánh giá cao về chất lượng, khả năng sàng lọc thí sinh. Nhiều đề thi viết luận của Đại học FPT đã thu hút được sự quan tâm của xã hội khi đưa ra những vấn đề thời sự, thực tế, tạo hứng thú cho thí sinh.",
			"FU HCM",
			"Khu Giáo dục và Đào tạo – Khu Công nghệ cao Hòa Lạc – Km29 Đại lộ Thăng Long, H. Thạch Thất,\nTP. Hà Nội",
			"Điện thoại: 024 7300 1866",
			"Email: daihocfpt@fpt.edu.vn",
			"Lô E2a-7, Đường D1 Khu Công nghệ cao, P. Long Thạnh Mỹ, TP. Thủ Đức, TP. Hồ Chí Minh",
			"Điện thoại: 028 7300 1866",
			"Email: daihocfpt@fpt.edu.vn",
			"Khu đô thị công nghệ FPT Đà Nẵng, P. Hoà Hải, Q. Ngũ Hành Sơn, TP. Đà Nẵng",
			"Điện thoại: 0236 730 1866",
			"Email: daihocfpt@fpt.edu.vn",
			"Số 600 Đường Nguyễn Văn Cừ (nối dài), P. An Bình, Q. Ninh Kiều, TP. Cần Thơ",
			"Điện thoại: 0292 730 1866",
			"Email: daihocfpt@fpt.edu.vn",
			"Khu đô thị mới An Phú Thịnh, Phường Nhơn Bình & Phường Đống Đa, TP. Quy\nNhơn, Bình Định",
			"Điện thoại: 0256 730 1866 /0256 7300 999",
			"Email: daihocfpt@fpt.edu.vn"
		],
		"label": [
			"Tìm kiếm",
			"Tìm kiếm"
		],
		"button": [
			"×",
			"Đăng ký",
			"Đóng"
		],
		"li": [
			"và ngồi đúng phòng thi, có mặt lúc 6h45.",
			"Mang theo GIẤY BÁO DỰ THI + CMND gốc + 2 bút bi + 2 bút chì đã chuốt oy + 1 cục gôm.",
			"Tắt và không được sử dụng điện thoại khi vào phòng thi.",
			"Không được mang đề thi trắc nghiệm và bài làm ra khỏi phòng thi. Bài làm nộp thiếu đề thi sẽ bị coi là không hợp lệ."
		],
		"span": [
			"Trang chủ",
			"Sự kiện",
			"Bật mí cấu trúc đề thi 13/5",
			"bởi",
			"Bài trước",
			"Bài trước:",
			"← Laptop trao tay người đoán đúng nhà vô địch Cuộc đua số 2018",
			"Bài tiếp",
			"Bài tiếp:",
			"Thi 13/5: Thí sinh tránh nhìn vào mắt giám thị →"
		],
		"h1": [
			"Bật mí cấu trúc đề thi 13/5"
		],
		"time": [
			"Thứ Bảy, ngày 12 tháng 05 năm 2018",
			"12/05/2018",
			"05/02/2024",
			"05/02/2024",
			"05/02/2024",
			"02/02/2024",
			"01/02/2024"
		],
		"strong": [
			"Ngày mai, hàng ngàn sĩ tử sẽ cùng nhau chinh phục tấm vé trở thành sinh viên Đại học FPT qua kỳ thi ngày 13/5. Dưới đây là một số gợi ý bí quyết để chinh phục đề thi ĐH FPT dành cho các thí sinh.",
			"> Tớ đã chinh phục học bổng ĐH FPT 100% như thế nào….",
			"Tư duy với đề thi trắc nghiệm",
			"Rõ ràng với cách trình bày bài luận",
			"4 lưu ý trước ngày thi:"
		],
		"h2": [
			"Điều hướng bài viết"
		],
		"h4": [
			"HÀ NỘI",
			"TP. HỒ CHÍ MINH",
			"ĐÀ NẴNG",
			"CẦN THƠ",
			"Quy Nhơn"
		],
		"h3": [
			"Đăng ký tư vấn"
		],
		"b": [
			"Hãy để lại SĐT để cán bộ nhà trường hỗ trợ bạn sớm nhất nhé"
		],
		"option": [
			"Tỉnh / Thành phố *",
			"An Giang",
			"Bà Rịa-Vũng Tàu",
			"Bắc Giang",
			"Bắc Kạn",
			"Bạc Liêu",
			"Bắc Ninh",
			"Bến Tre",
			"Bình Dương",
			"Bình Định",
			"Bình Phước",
			"Bình Thuận",
			"Cà Mau",
			"Cần Thơ",
			"Cao Bằng",
			"Cục Cảnh sát ĐKQL cư trú và DLQG về dân cư",
			"Cục Cảnh sát quản lý hành chính về trật tự xã hội",
			"Đà Nẵng",
			"Đắk Lắk",
			"Đăk Nông",
			"Điện Biên",
			"Đồng Nai",
			"Đồng Tháp",
			"Gia Lai",
			"Hà Giang",
			"Hà Nam",
			"Hà Tĩnh",
			"Hải Dương",
			"Hải Phòng",
			"Hậu Giang",
			"Hoà Bình",
			"Hưng Yên",
			"Khánh Hoà",
			"Kiên Giang",
			"Kon Tum",
			"Lai Châu",
			"Lâm Đồng",
			"Lạng Sơn",
			"Lào Cai",
			"Long An",
			"Nam Định",
			"Nghệ An",
			"Ninh Bình",
			"Ninh Thuận",
			"Phú Thọ",
			"Phú Yên",
			"Quảng Bình",
			"Quảng Nam",
			"Quảng Ngãi",
			"Quảng Ninh",
			"Quảng Trị",
			"Sóc Trăng",
			"Sơn La",
			"Tây Ninh",
			"Thái Bình",
			"Thái Nguyên",
			"Thanh Hoá",
			"Thừa Thiên - Huế",
			"Tiền Giang",
			"Trà Vinh",
			"Tuyên Quang",
			"Vĩnh Long",
			"Vĩnh Phúc",
			"Yên Bái",
			"Hà Nội",
			"TP. Hồ Chí Minh"
		]
	},
	"url": "https://daihoc.fpt.edu.vn/12243-2/"
}