{
	"data": {
		"title": [
			"Sơ loại FPT University Talent Hà Nội: lộ diện 4 thí sinh đầu tiên bước vào chung kết - Trường Đại học FPT"
		],
		"div": [
			"›\n\n›",
			"© 2024 Bản quyền thuộc về Trường Đại học FPT.",
			"Đăng ký tư vấn"
		],
		"a": [
			"Trường Đại học FPT",
			"Vietnamese",
			"English",
			"Trang chủ",
			"Giới thiệu",
			"Lịch sử thành lập",
			"Tập đoàn FPT",
			"Tổ chức giáo dục FPT",
			"Triết lý đào tạo",
			"Các giải thưởng và thành tích",
			"Ban lãnh đạo",
			"Gắn kết cộng đồng",
			"Tin tức",
			"Tin tức chung",
			"Hoạt động sinh viên",
			"Sự kiện",
			"Tuyển dụng",
			"Hướng nghiệp",
			"Ngành học",
			"Công nghệ thông tin",
			"Công nghệ ô tô số",
			"Kỹ thuật phần mềm",
			"Hệ thống thông tin",
			"Trí tuệ nhân tạo",
			"An toàn thông tin",
			"Thiết kế Mỹ thuật số",
			"Quản trị kinh doanh",
			"Tài chính",
			"Digital Marketing",
			"Kinh doanh quốc tế",
			"Quản lý Logistics & Chuỗi cung ứng toàn cầu",
			"Quản trị khách sạn",
			"Quản trị Du lịch và Lữ hành",
			"Công nghệ truyền thông",
			"Quản trị truyền thông đa phương tiện",
			"Quan hệ công chúng",
			"Ngôn ngữ Anh",
			"Ngôn ngữ Nhật",
			"Ngôn ngữ Hàn Quốc",
			"Ngôn ngữ Trung Quốc (Dự kiến)",
			"Đời sống sinh viên",
			"Một ngày tại Đại học FPT",
			"Vì sao nên học tại Đại học FPT",
			"Sự hài lòng của sinh viên",
			"Môi trường học tập",
			"Chương trình học linh hoạt",
			"Đời sống sinh viên",
			"Ký túc xá",
			"Các CLB & Cộng đồng sinh viên",
			"Các hoạt động thể thao trong trường",
			"Dịch vụ hỗ trợ",
			"Định hướng và khởi đầu",
			"Tốt nghiệp",
			"Câu chuyện sinh viên",
			"Hợp tác",
			"Ngành công nghiệp và doanh nghiệp",
			"Chương trình trao đổi sinh viên",
			"Chương trình học tập tại nước ngoài",
			"Hợp tác quốc tế",
			"Trao đổi sinh viên",
			"Học kỳ nước ngoài",
			"Các trường đại học đối tác",
			"Cựu sinh viên",
			"Cộng đồng cựu sinh viên",
			"Họ đang làm việc tại đâu",
			"Tuyển sinh",
			"Đề án tuyển sinh",
			"Tin tuyển sinh",
			"Liên hệ",
			"Đăng nhập",
			"Nguyễn Thị Mơ",
			"Nữ sinh trường F trong tà áo dài ngày Xuân",
			"Gặp gỡ đội tuyển NGT’s OPEN ROBOT trước giải đấu FIRST Tech Challenge Vietnam",
			"Tỏa sáng với nghiên cứu khoa học, nữ sinh ĐH FPT khẳng định bản lĩnh và tài năng",
			"Phim ngắn “Thoi vàng chỉ ngọc” của SV ĐH FPT tại Cần Thơ được công chiếu ở Lotte Cinema",
			"SV trường ĐH FPT Hà Nội đón “tết trên bản” 2024",
			"Vietnamese",
			"English",
			"Facebook",
			"Youtube",
			"Tik Tok",
			"Hotline: (024)/(028) 73001866 - (0236)/(0292) 7301866"
		],
		"img": [
			"cropped cropped 2021 FPTU Long",
			"cropped cropped 2021 FPTU Long",
			"so khao hbtn dhfpt.5",
			"so khao hbtn dhfpt.5",
			"so khao hbtn dhfpt.2",
			"so khao hbtn dhfpt.2",
			"so khao hbtn dhfpt.3",
			"so khao hbtn dhfpt.3",
			"so khao hbtn dhfpt.4",
			"so khao hbtn dhfpt.4",
			"sinh vien dai hoc fpt 8",
			"sinh vien dai hoc fpt 8",
			"dai hoc fpt 1",
			"dai hoc fpt 1",
			"my duyen",
			"my duyen",
			"fpt 5",
			"fpt 5",
			"dai hoc fpt 1",
			"dai hoc fpt 1",
			"thông báo tuyển bổ sung",
			"thông báo tuyển bổ sung"
		],
		"p": [
			"Trang thông tin tuyển sinh chính thức của Trường Đại học FPT",
			"Tại đầu cầu Hà Nội, 12 thí sinh năm nay không chỉ đa dạng trong thể loại và màu sắc âm nhạc, nhiều thí sinh đã để lại ấn tượng với Ban Giám khảo bởi phong cách trình diễn sáng tạo. Những bản “hit” quen thuộc như set fire to the rain, giấc mơ chapi, despaito… được nhiều thí sinh chọn lựa để thử sức và làm mới. 4 thí sinh tài năng nhất tại ĐH FPT Hà Nội sẽ góp mặt trong đêm Chung kết FPT University Talent 2022 gọi tên:",
			"Năm nay, giữ vai trò cầm cân nảy mực tại vòng Sơ loại là 3 giám khảo quyền lực, bao gồm: Ca sĩ Linh Cáo; ca sĩ Đinh Mạnh Ninh và ca sĩ Ngô Lan Hương.",
			"Đây là lần thứ 2 ca sĩ Linh Cáo đồng hàng với cuộc thi Học bổng tài năng ĐH FPT trong vai trò Giám khảo Sơ loại. Nữ ca sĩ, rapper nổi tiếng trong showbiz Việt với chất giọng đầy nội lực, pha chút ma mị và cuốn hút người nghe. Cô là ca sĩ trẻ tài năng được nhiều bạn trẻ yêu mến bởi những ca khúc tên tuổi như: Ta cứ đi cùng nhau, Mân Côi, Đưa nhau đi trốn…",
			"Ca sĩ Đinh Mạnh Ninh là giám khảo nam duy nhất của vòng Sơ loại Học bổng tài năng ĐH FPT 2022. Nhắc đến Đinh Mạnh ninh bạn sẽ chợt nghĩ ngay đến những bài hit như “ Xe Đạp”, “ Dù Có Cách Xa” và “ Mùa Yêu Đầu” là những bản tình ca đẹp đã làm thôn thức rất nhiều trái tim đang yêu… Ca sĩ Đinh Mạnh Ninh đã đem đến cho các thí sinh những góp ý chuyên môn giúp các bạn hoàn thiện giọng ca của mình.",
			"Vị giám khảo cuối cùng nắm vai trò gọi tên những thí sinh tài năng bước vào chung kết Học bổng tài năng ĐH FPT là ca sĩ Ngô Lan Hương. Ca sĩ Ngô Lan Hương là chủ nhân của loạt hit đình đám, khuấy đảo cộng đồng Tik Tok dạo gần đây và được giới trẻ vô cùng yêu mến.",
			"Với bộ ba giám khảo quyền lực này, chắc chắn 3 cái tên của đầu cầu Hà Nội được gọi tên vào chung kết chắc chắn là những thí sinh xứng đáng nhất bước vào tranh tài tại vòng chung kết.",
			"Bằng việc xuất sắc giành được tấm vé trình diễn tài năng tại đêm gala chung kết, các thí sinh có cơ hội nhận được giải thưởng tiền mặt và những suất học bổng giá trị của ĐH FPT. Tổng giá trị học bổng của chương trình lên đến hơn 3 tỷ đồng, với các mức học bổng từ 30%, 50%, 70%, tới 100% trong suốt 4 năm học. May mắn nhận được những suất học bổng này, các thí sinh sẽ có cơ hội toả sáng tại môi trường hiện đại và học tập với chương trình đào tạo chất lượng từ ĐH FPT.",
			"Khu Giáo dục và Đào tạo – Khu Công nghệ cao Hòa Lạc – Km29 Đại lộ Thăng Long, H. Thạch Thất,\nTP. Hà Nội",
			"Điện thoại: 024 7300 1866",
			"Email: daihocfpt@fpt.edu.vn",
			"Lô E2a-7, Đường D1 Khu Công nghệ cao, P. Long Thạnh Mỹ, TP. Thủ Đức, TP. Hồ Chí Minh",
			"Điện thoại: 028 7300 1866",
			"Email: daihocfpt@fpt.edu.vn",
			"Khu đô thị công nghệ FPT Đà Nẵng, P. Hoà Hải, Q. Ngũ Hành Sơn, TP. Đà Nẵng",
			"Điện thoại: 0236 730 1866",
			"Email: daihocfpt@fpt.edu.vn",
			"Số 600 Đường Nguyễn Văn Cừ (nối dài), P. An Bình, Q. Ninh Kiều, TP. Cần Thơ",
			"Điện thoại: 0292 730 1866",
			"Email: daihocfpt@fpt.edu.vn",
			"Khu đô thị mới An Phú Thịnh, Phường Nhơn Bình & Phường Đống Đa, TP. Quy\nNhơn, Bình Định",
			"Điện thoại: 0256 730 1866 /0256 7300 999",
			"Email: daihocfpt@fpt.edu.vn"
		],
		"label": [
			"Tìm kiếm",
			"Tìm kiếm"
		],
		"button": [
			"×",
			"Đăng ký",
			"Đóng"
		],
		"li": [
			"Nguyễn Quang Huy – Hà Nội – Tài năng: Hát",
			"Nguyễn Đỗ Bảo Tín – Hà Nội – Tài năng: Hát",
			"Phạm Quang Linh – Hà Tĩnh – Tài năng: Hát, Đàn",
			"Đường Tĩnh Nam – Hà Nội – Tài năng: Nhạc cụ"
		],
		"span": [
			"Trang chủ",
			"Tin tức chung",
			"Sơ loại FPT University Talent Hà Nội: lộ diện 4 thí sinh đầu tiên bước vào chung kết",
			"bởi",
			"Bài trước",
			"Bài trước:",
			"← Vietnam Robotics Challenge 2022: Màn thi đấu “không khoan nhượng” giữa các chiến binh",
			"Bài tiếp",
			"Bài tiếp:",
			"Sinh viên ĐH FPT Hà Nội trải nghiệm học tập tại khách sạn JW Marriott và Lotte →"
		],
		"h1": [
			"Sơ loại FPT University Talent Hà Nội: lộ diện 4 thí sinh đầu tiên bước vào chung kết"
		],
		"time": [
			"Thứ Hai, ngày 27 tháng 06 năm 2022",
			"05/02/2024",
			"05/02/2024",
			"05/02/2024",
			"02/02/2024",
			"01/02/2024"
		],
		"strong": [
			"Đêm qua, Vòng sơ khảo Học bổng tài năng ĐH FPT đầu cầu Hà Nội diễn ra với sự tham gia của 12 thí sinh ở đầu cầu phía Bắc. Sự phong phú của các màu sắc và cá tính âm nhạc đến từ các thí sinh đã góp phần làm nên sức hút cho Học bổng tài năng năm nay năm nay."
		],
		"figcaption": [
			"Ca sĩ Linh Cáo",
			"Ca sĩ Đinh Mạnh Ninh",
			"Ca sĩ Ngô Lan Hương"
		],
		"h2": [
			"Điều hướng bài viết"
		],
		"h4": [
			"HÀ NỘI",
			"TP. HỒ CHÍ MINH",
			"ĐÀ NẴNG",
			"CẦN THƠ",
			"Quy Nhơn"
		],
		"h3": [
			"Đăng ký tư vấn"
		],
		"b": [
			"Hãy để lại SĐT để cán bộ nhà trường hỗ trợ bạn sớm nhất nhé"
		],
		"option": [
			"Tỉnh / Thành phố *",
			"An Giang",
			"Bà Rịa-Vũng Tàu",
			"Bắc Giang",
			"Bắc Kạn",
			"Bạc Liêu",
			"Bắc Ninh",
			"Bến Tre",
			"Bình Dương",
			"Bình Định",
			"Bình Phước",
			"Bình Thuận",
			"Cà Mau",
			"Cần Thơ",
			"Cao Bằng",
			"Cục Cảnh sát ĐKQL cư trú và DLQG về dân cư",
			"Cục Cảnh sát quản lý hành chính về trật tự xã hội",
			"Đà Nẵng",
			"Đắk Lắk",
			"Đăk Nông",
			"Điện Biên",
			"Đồng Nai",
			"Đồng Tháp",
			"Gia Lai",
			"Hà Giang",
			"Hà Nam",
			"Hà Tĩnh",
			"Hải Dương",
			"Hải Phòng",
			"Hậu Giang",
			"Hoà Bình",
			"Hưng Yên",
			"Khánh Hoà",
			"Kiên Giang",
			"Kon Tum",
			"Lai Châu",
			"Lâm Đồng",
			"Lạng Sơn",
			"Lào Cai",
			"Long An",
			"Nam Định",
			"Nghệ An",
			"Ninh Bình",
			"Ninh Thuận",
			"Phú Thọ",
			"Phú Yên",
			"Quảng Bình",
			"Quảng Nam",
			"Quảng Ngãi",
			"Quảng Ninh",
			"Quảng Trị",
			"Sóc Trăng",
			"Sơn La",
			"Tây Ninh",
			"Thái Bình",
			"Thái Nguyên",
			"Thanh Hoá",
			"Thừa Thiên - Huế",
			"Tiền Giang",
			"Trà Vinh",
			"Tuyên Quang",
			"Vĩnh Long",
			"Vĩnh Phúc",
			"Yên Bái",
			"Hà Nội",
			"TP. Hồ Chí Minh"
		]
	},
	"url": "https://daihoc.fpt.edu.vn/so-loai-fpt-university-talent-ha-noi-lo-dien-4-thi-sinh-dau-tien-buoc-vao-chung-ket/"
}