{
	"data": {
		"title": [
			"Hoa khôi trường F cùng đồng đội cá tính trên sàn đấu VUG - Trường Đại học FPT"
		],
		"div": [
			"›\n\n›",
			"© 2024 Bản quyền thuộc về Trường Đại học FPT.",
			"Đăng ký tư vấn"
		],
		"a": [
			"Trường Đại học FPT",
			"Vietnamese",
			"English",
			"Trang chủ",
			"Giới thiệu",
			"Lịch sử thành lập",
			"Tập đoàn FPT",
			"Tổ chức giáo dục FPT",
			"Triết lý đào tạo",
			"Các giải thưởng và thành tích",
			"Ban lãnh đạo",
			"Gắn kết cộng đồng",
			"Tin tức",
			"Tin tức chung",
			"Hoạt động sinh viên",
			"Sự kiện",
			"Tuyển dụng",
			"Hướng nghiệp",
			"Ngành học",
			"Công nghệ thông tin",
			"Công nghệ ô tô số",
			"Kỹ thuật phần mềm",
			"Hệ thống thông tin",
			"Trí tuệ nhân tạo",
			"An toàn thông tin",
			"Thiết kế Mỹ thuật số",
			"Quản trị kinh doanh",
			"Tài chính",
			"Digital Marketing",
			"Kinh doanh quốc tế",
			"Quản lý Logistics & Chuỗi cung ứng toàn cầu",
			"Quản trị khách sạn",
			"Quản trị Du lịch và Lữ hành",
			"Công nghệ truyền thông",
			"Quản trị truyền thông đa phương tiện",
			"Quan hệ công chúng",
			"Ngôn ngữ Anh",
			"Ngôn ngữ Nhật",
			"Ngôn ngữ Hàn Quốc",
			"Ngôn ngữ Trung Quốc (Dự kiến)",
			"Đời sống sinh viên",
			"Một ngày tại Đại học FPT",
			"Vì sao nên học tại Đại học FPT",
			"Sự hài lòng của sinh viên",
			"Môi trường học tập",
			"Chương trình học linh hoạt",
			"Đời sống sinh viên",
			"Ký túc xá",
			"Các CLB & Cộng đồng sinh viên",
			"Các hoạt động thể thao trong trường",
			"Dịch vụ hỗ trợ",
			"Định hướng và khởi đầu",
			"Tốt nghiệp",
			"Câu chuyện sinh viên",
			"Hợp tác",
			"Ngành công nghiệp và doanh nghiệp",
			"Chương trình trao đổi sinh viên",
			"Chương trình học tập tại nước ngoài",
			"Hợp tác quốc tế",
			"Trao đổi sinh viên",
			"Học kỳ nước ngoài",
			"Các trường đại học đối tác",
			"Cựu sinh viên",
			"Cộng đồng cựu sinh viên",
			"Họ đang làm việc tại đâu",
			"Tuyển sinh",
			"Đề án tuyển sinh",
			"Tin tuyển sinh",
			"Liên hệ",
			"Đăng nhập",
			"Phạm Thị Phương",
			"Nữ sinh trường F trong tà áo dài ngày Xuân",
			"Gặp gỡ đội tuyển NGT’s OPEN ROBOT trước giải đấu FIRST Tech Challenge Vietnam",
			"Tỏa sáng với nghiên cứu khoa học, nữ sinh ĐH FPT khẳng định bản lĩnh và tài năng",
			"Phim ngắn “Thoi vàng chỉ ngọc” của SV ĐH FPT tại Cần Thơ được công chiếu ở Lotte Cinema",
			"SV trường ĐH FPT Hà Nội đón “tết trên bản” 2024",
			"Vietnamese",
			"English",
			"Facebook",
			"Youtube",
			"Tik Tok",
			"Hotline: (024)/(028) 73001866 - (0236)/(0292) 7301866"
		],
		"img": [
			"cropped cropped 2021 FPTU Long",
			"cropped cropped 2021 FPTU Long",
			"sinh vien dai hoc fpt 8",
			"sinh vien dai hoc fpt 8",
			"dai hoc fpt 1",
			"dai hoc fpt 1",
			"my duyen",
			"my duyen",
			"fpt 5",
			"fpt 5",
			"dai hoc fpt 1",
			"dai hoc fpt 1",
			"thông báo tuyển bổ sung",
			"thông báo tuyển bổ sung"
		],
		"p": [
			"Trang thông tin tuyển sinh chính thức của Trường Đại học FPT",
			"Tại Lễ bế mạc VUG, Đại học FPT giành hạng 3 bộ môn Dance Battle, Đại học Ngoại thương giải Nhì, Đại học Phương Đông giải Nhất. Ngoài những màn tranh tài nảy lửa, nhan sắc của hàng loạt vận động viên tham gia chương trình được mọi người chú ý. Hoa khôi Đại học FPT – Bảo Ngọc (được nhiều người biết đến với tên gọi thân thương An Du) cùng đồng đội luôn khiến mọi người phải trầm trồ mỗi khi xuất hiện trên sàn đấu.",
			"Cùng ngắm lại những hình ảnh đẹp của đội Dance Battle Đại học FPT trong chuỗi sự kiện đình đám của sinh viên toàn quốc.",
			"An Du chia sẻ: “Mỗi năm ĐH FPT lại ra quân với 1 đội hình khác nhau, nên việc giữ vững ngôi vị giải 3 tại sân chơi này em nghĩ đây là thành công đối với các bạn vận động viên. Mỗi cuộc thi đều có thắng thua, quan trọng là mình rút ra được bài học để cố gắng hơn trong những mùa tiếp theo.”",
			"“Hầu như mùa giải VUG năm nào cũng trùng với lịch thi trên trường của sinh viên Đại học FPT nên các bạn ai cũng rất vất vả trong việc sắp xếp thời gian học và tập luyện. Nên em nghĩ mùa giải VUG năm nay khá khắc nghiệt.” – Hoa khôi ĐH FPT cho biết.",
			"Riêng với cá nhân An Du, có thể coi thời sinh viên của cô gái này là những cuộc “chinh chiến” từ cuộc thi sắc đẹp của trường cho tới các sàn thi đấu sinh viên toàn quốc. Nhưng quan trọng đằng sau mỗi chương trình sự kiện cô tham gia là một tinh thần đáng khen ngợi, cùng một lối sống cực văn minh: “Đối với em mà nói thì thời sinh viên chính là tuổi trẻ. Nó cho mình cơ hội, trải nghiệm và những bài học khác nhau. Em cũng cố gắng tham gia và cống hiến hết mình khi còn có thể. Vì em nghĩ đây cũng là 1 phần trách nhiệm của sinh viên đối với nơi dạy dỗ và đào tạo việc làm cho mình tương lai sau này.”",
			"Khu Giáo dục và Đào tạo – Khu Công nghệ cao Hòa Lạc – Km29 Đại lộ Thăng Long, H. Thạch Thất,\nTP. Hà Nội",
			"Điện thoại: 024 7300 1866",
			"Email: daihocfpt@fpt.edu.vn",
			"Lô E2a-7, Đường D1 Khu Công nghệ cao, P. Long Thạnh Mỹ, TP. Thủ Đức, TP. Hồ Chí Minh",
			"Điện thoại: 028 7300 1866",
			"Email: daihocfpt@fpt.edu.vn",
			"Khu đô thị công nghệ FPT Đà Nẵng, P. Hoà Hải, Q. Ngũ Hành Sơn, TP. Đà Nẵng",
			"Điện thoại: 0236 730 1866",
			"Email: daihocfpt@fpt.edu.vn",
			"Số 600 Đường Nguyễn Văn Cừ (nối dài), P. An Bình, Q. Ninh Kiều, TP. Cần Thơ",
			"Điện thoại: 0292 730 1866",
			"Email: daihocfpt@fpt.edu.vn",
			"Khu đô thị mới An Phú Thịnh, Phường Nhơn Bình & Phường Đống Đa, TP. Quy\nNhơn, Bình Định",
			"Điện thoại: 0256 730 1866 /0256 7300 999",
			"Email: daihocfpt@fpt.edu.vn"
		],
		"label": [
			"Tìm kiếm",
			"Tìm kiếm"
		],
		"button": [
			"×",
			"Đăng ký",
			"Đóng"
		],
		"span": [
			"Trang chủ",
			"Tin tức chung",
			"Hoa khôi trường F cùng đồng đội cá tính trên sàn đấu VUG",
			"bởi",
			"Các thành viên trong đôi tuyển trường bộ môn Dance Battle đều là những gương mặt quen thuộc, tài năng của 2 CLB lừng danh xứ Hola:",
			"SoleilCrew và",
			"HFU",
			"Bài trước",
			"Bài trước:",
			"← Khám phá trường đại học “resort” siêu khác lạ ngay giữa lòng Hà Nội",
			"Bài tiếp",
			"Bài tiếp:",
			"“Chuyến xe hy vọng” sưới ấm trái tim trẻ em kém may mắn →"
		],
		"h1": [
			"Hoa khôi trường F cùng đồng đội cá tính trên sàn đấu VUG"
		],
		"time": [
			"Chủ Nhật, ngày 07 tháng 04 năm 2019",
			"07/04/2019",
			"05/02/2024",
			"05/02/2024",
			"05/02/2024",
			"02/02/2024",
			"01/02/2024"
		],
		"strong": [
			"Sân chơi VUG – Giải thể thao sinh viên Việt Nam không chỉ trở thành sân chơi dành cho sinh viên các trường ĐH – CĐ trong cả nước mà nó còn trở thành nơi “đọ sắc” của các bạn trẻ. Xuất hiện đầy cá tính trong mỗi trận đấu, các thành viên đội Dance Battle Đại học FPT luôn được những “tay máy” săn đón.",
			"IC-PDP; An Du"
		],
		"figcaption": [
			"Góc nghiêng “thần thánh” của Hoa khôi Đại học FPT",
			"Thắng hay thua không phải là tất cả mà quan trọng bạn đã cống hiến hết mình trong từng động tác.",
			"Con trai FPT cũng không phải dạng vừa đâu nhé",
			"Với tinh thần cống hiến cao, mỗi bài thi của đội Dance Battle Đại học FPT luôn khiến khán giả xuýt xoa.",
			"Thời sinh viên sẽ tươi đẹp hơn, sống động, nhiều điều để nói hơn khi bạn được góp mặt ở nhiều sự kiện, chương trình.",
			"Điều còn lại sau mỗi trận đấu là nụ cười",
			"Đội hình cổ vũ cũng “chất lừ” nhé",
			"Thành tích xứng đáng sau những nỗ lực không ngừng mệt mỏi của các bạn trẻ."
		],
		"b": [
			"Chang Chang",
			"Hãy để lại SĐT để cán bộ nhà trường hỗ trợ bạn sớm nhất nhé"
		],
		"em": [
			"Ảnh:"
		],
		"h2": [
			"Điều hướng bài viết"
		],
		"h4": [
			"HÀ NỘI",
			"TP. HỒ CHÍ MINH",
			"ĐÀ NẴNG",
			"CẦN THƠ",
			"Quy Nhơn"
		],
		"h3": [
			"Đăng ký tư vấn"
		],
		"option": [
			"Tỉnh / Thành phố *",
			"An Giang",
			"Bà Rịa-Vũng Tàu",
			"Bắc Giang",
			"Bắc Kạn",
			"Bạc Liêu",
			"Bắc Ninh",
			"Bến Tre",
			"Bình Dương",
			"Bình Định",
			"Bình Phước",
			"Bình Thuận",
			"Cà Mau",
			"Cần Thơ",
			"Cao Bằng",
			"Cục Cảnh sát ĐKQL cư trú và DLQG về dân cư",
			"Cục Cảnh sát quản lý hành chính về trật tự xã hội",
			"Đà Nẵng",
			"Đắk Lắk",
			"Đăk Nông",
			"Điện Biên",
			"Đồng Nai",
			"Đồng Tháp",
			"Gia Lai",
			"Hà Giang",
			"Hà Nam",
			"Hà Tĩnh",
			"Hải Dương",
			"Hải Phòng",
			"Hậu Giang",
			"Hoà Bình",
			"Hưng Yên",
			"Khánh Hoà",
			"Kiên Giang",
			"Kon Tum",
			"Lai Châu",
			"Lâm Đồng",
			"Lạng Sơn",
			"Lào Cai",
			"Long An",
			"Nam Định",
			"Nghệ An",
			"Ninh Bình",
			"Ninh Thuận",
			"Phú Thọ",
			"Phú Yên",
			"Quảng Bình",
			"Quảng Nam",
			"Quảng Ngãi",
			"Quảng Ninh",
			"Quảng Trị",
			"Sóc Trăng",
			"Sơn La",
			"Tây Ninh",
			"Thái Bình",
			"Thái Nguyên",
			"Thanh Hoá",
			"Thừa Thiên - Huế",
			"Tiền Giang",
			"Trà Vinh",
			"Tuyên Quang",
			"Vĩnh Long",
			"Vĩnh Phúc",
			"Yên Bái",
			"Hà Nội",
			"TP. Hồ Chí Minh"
		]
	},
	"url": "https://daihoc.fpt.edu.vn/hoa-khoi-truong-f-cung-dong-doi-ca-tinh-tren-san-dau-vug/"
}