{
	"data": {
		"title": [
			"Hoà Minzy, Orange, Anh Tú “cháy” hết mình cùng sinh viên Đại học FPT tại Big Open Day - Trường Đại học FPT"
		],
		"div": [
			"›\n\n›",
			"© 2024 Bản quyền thuộc về Trường Đại học FPT.",
			"Đăng ký tư vấn"
		],
		"a": [
			"Trường Đại học FPT",
			"Vietnamese",
			"English",
			"Trang chủ",
			"Giới thiệu",
			"Lịch sử thành lập",
			"Tập đoàn FPT",
			"Tổ chức giáo dục FPT",
			"Triết lý đào tạo",
			"Các giải thưởng và thành tích",
			"Ban lãnh đạo",
			"Gắn kết cộng đồng",
			"Tin tức",
			"Tin tức chung",
			"Hoạt động sinh viên",
			"Sự kiện",
			"Tuyển dụng",
			"Hướng nghiệp",
			"Ngành học",
			"Công nghệ thông tin",
			"Công nghệ ô tô số",
			"Kỹ thuật phần mềm",
			"Hệ thống thông tin",
			"Trí tuệ nhân tạo",
			"An toàn thông tin",
			"Thiết kế Mỹ thuật số",
			"Quản trị kinh doanh",
			"Tài chính",
			"Digital Marketing",
			"Kinh doanh quốc tế",
			"Quản lý Logistics & Chuỗi cung ứng toàn cầu",
			"Quản trị khách sạn",
			"Quản trị Du lịch và Lữ hành",
			"Công nghệ truyền thông",
			"Quản trị truyền thông đa phương tiện",
			"Quan hệ công chúng",
			"Ngôn ngữ Anh",
			"Ngôn ngữ Nhật",
			"Ngôn ngữ Hàn Quốc",
			"Ngôn ngữ Trung Quốc (Dự kiến)",
			"Đời sống sinh viên",
			"Một ngày tại Đại học FPT",
			"Vì sao nên học tại Đại học FPT",
			"Sự hài lòng của sinh viên",
			"Môi trường học tập",
			"Chương trình học linh hoạt",
			"Đời sống sinh viên",
			"Ký túc xá",
			"Các CLB & Cộng đồng sinh viên",
			"Các hoạt động thể thao trong trường",
			"Dịch vụ hỗ trợ",
			"Định hướng và khởi đầu",
			"Tốt nghiệp",
			"Câu chuyện sinh viên",
			"Hợp tác",
			"Ngành công nghiệp và doanh nghiệp",
			"Chương trình trao đổi sinh viên",
			"Chương trình học tập tại nước ngoài",
			"Hợp tác quốc tế",
			"Trao đổi sinh viên",
			"Học kỳ nước ngoài",
			"Các trường đại học đối tác",
			"Cựu sinh viên",
			"Cộng đồng cựu sinh viên",
			"Họ đang làm việc tại đâu",
			"Tuyển sinh",
			"Đề án tuyển sinh",
			"Tin tuyển sinh",
			"Liên hệ",
			"Đăng nhập",
			"Quỳnh",
			"Nữ sinh trường F trong tà áo dài ngày Xuân",
			"Gặp gỡ đội tuyển NGT’s OPEN ROBOT trước giải đấu FIRST Tech Challenge Vietnam",
			"Tỏa sáng với nghiên cứu khoa học, nữ sinh ĐH FPT khẳng định bản lĩnh và tài năng",
			"Phim ngắn “Thoi vàng chỉ ngọc” của SV ĐH FPT tại Cần Thơ được công chiếu ở Lotte Cinema",
			"SV trường ĐH FPT Hà Nội đón “tết trên bản” 2024",
			"Vietnamese",
			"English",
			"Facebook",
			"Youtube",
			"Tik Tok",
			"Hotline: (024)/(028) 73001866 - (0236)/(0292) 7301866"
		],
		"img": [
			"cropped cropped 2021 FPTU Long",
			"cropped cropped 2021 FPTU Long",
			"photo 6 16787822477481618160210",
			"photo 6 16787822477481618160210",
			"photo 1 167878224416346110026",
			"photo 1 167878224416346110026",
			"photo 1 16787822481082011331584",
			"photo 1 16787822481082011331584",
			"photo 2 16787822475641864324028",
			"photo 2 16787822475641864324028",
			"photo 3 16787822476111848859310",
			"photo 3 16787822476111848859310",
			"photo 4 1678782247665514201230",
			"photo 4 1678782247665514201230",
			"photo 5 1678782247700979258151",
			"photo 5 1678782247700979258151",
			"photo 6 16787822477481618160210",
			"photo 6 16787822477481618160210",
			"sinh vien dai hoc fpt 8",
			"sinh vien dai hoc fpt 8",
			"dai hoc fpt 1",
			"dai hoc fpt 1",
			"my duyen",
			"my duyen",
			"fpt 5",
			"fpt 5",
			"dai hoc fpt 1",
			"dai hoc fpt 1",
			"thông báo tuyển bổ sung",
			"thông báo tuyển bổ sung"
		],
		"p": [
			"Trang thông tin tuyển sinh chính thức của Trường Đại học FPT",
			"Big Open Day là sự kiện thường niên của Đại học FPT Hà Nội tổ chức dành tặng các bạn sinh viên và học sinh các trường THPT, với mong muốn tạo nên một môi trường học tập “hạnh phúc” – “giàu” tri thức và “giàu” trải nghiệm.",
			"Chương trình đã mang tới bữa tiệc âm nhạc đầy màu sắc với sự góp mặt của dàn sao cực HOT hiện nay. Đêm nhạc thu hút khoảng 5.000 khán giả tới xem trực tiếp tại campus Hoà Lạc.",
			"Lần đầu tiên đứng trên sân khấu của Đại học FPT Hà Nội, Hoà Minzy đã mang tới 3 bản HIT: “Rời bỏ”, “Bật tình yêu lên” và “Thị Mầu” – ca khúc vừa giành được TOP 1 Trending trên Youtube cách đây ít ngày. Mang “Thị Mầu” lên sân khấu Big Open Day, Hoà Minzy khiến các bạn học sinh, sinh viên có mặt tại sự kiện “phát cuồng” và hát theo cực sung.",
			"Chương trình còn có sự xuất hiện của nam ca sĩ điển trai Anh Tú. Chiều lòng người hâm mộ, anh chàng trình diễn liên tiếp 3 bài hát: “Đôi mắt”, “Tìm được nhau khó thế nào” và “Chiếc khăn gió ấm”.",
			"Nhiệt huyết’”, “sôi động” và “ấm áp” là những gì Orange nói về sinh viên Đại học FPT tại đêm nhạc. Nữ ca sĩ đã có phần trình diễn đầy cảm xúc kết hợp với giọng hát nội lực trong 3 bản HIT: “Tự sự”, “Khi em lớn” và “Em hát ai nghe”.",
			"Bên cạnh đó, khán giả còn được “chiêu đãi” những món “đặc sản” của trường F là loạt tiết mục đến từ các câu lạc bộ.",
			"Theo Kenh14",
			"Khu Giáo dục và Đào tạo – Khu Công nghệ cao Hòa Lạc – Km29 Đại lộ Thăng Long, H. Thạch Thất,\nTP. Hà Nội",
			"Điện thoại: 024 7300 1866",
			"Email: daihocfpt@fpt.edu.vn",
			"Lô E2a-7, Đường D1 Khu Công nghệ cao, P. Long Thạnh Mỹ, TP. Thủ Đức, TP. Hồ Chí Minh",
			"Điện thoại: 028 7300 1866",
			"Email: daihocfpt@fpt.edu.vn",
			"Khu đô thị công nghệ FPT Đà Nẵng, P. Hoà Hải, Q. Ngũ Hành Sơn, TP. Đà Nẵng",
			"Điện thoại: 0236 730 1866",
			"Email: daihocfpt@fpt.edu.vn",
			"Số 600 Đường Nguyễn Văn Cừ (nối dài), P. An Bình, Q. Ninh Kiều, TP. Cần Thơ",
			"Điện thoại: 0292 730 1866",
			"Email: daihocfpt@fpt.edu.vn",
			"Khu đô thị mới An Phú Thịnh, Phường Nhơn Bình & Phường Đống Đa, TP. Quy\nNhơn, Bình Định",
			"Điện thoại: 0256 730 1866 /0256 7300 999",
			"Email: daihocfpt@fpt.edu.vn"
		],
		"label": [
			"Tìm kiếm",
			"Tìm kiếm"
		],
		"button": [
			"×",
			"Đăng ký",
			"Đóng"
		],
		"span": [
			"Trang chủ",
			"Hoạt động sinh viên",
			"Hoà Minzy, Orange, Anh Tú “cháy” hết mình cùng sinh viên Đại học FPT tại Big Open Day",
			"bởi",
			"Bài trước",
			"Bài trước:",
			"← Tip hack thành công học bổng, học đại học không còn lo học phí",
			"Bài tiếp",
			"Bài tiếp:",
			"Nam sinh HCB Vovinam, HSG Tỉnh chọn HB FPTU Scholarship 1000 để theo đuổi ước mơ học trường chuẩn quốc tế! →"
		],
		"h1": [
			"Hoà Minzy, Orange, Anh Tú “cháy” hết mình cùng sinh viên Đại học FPT tại Big Open Day"
		],
		"time": [
			"Thứ Tư, ngày 15 tháng 03 năm 2023",
			"15/03/2023",
			"05/02/2024",
			"05/02/2024",
			"05/02/2024",
			"02/02/2024",
			"01/02/2024"
		],
		"strong": [
			"Tối 12/3, đêm nhạc hội Big Open Day 2023 đã diễn ra tại Đại học FPT Hà Nội với sự xuất hiện của dàn sao đình đám V-Pop: Hoà Minzy, Anh Tú, Orange."
		],
		"em": [
			"Nữ ca sĩ Hoà Minzy lần đầu tiên xuất hiện trên sân khấu music show của trường Đại học FPT Hà Nội"
		],
		"figcaption": [
			"Nữ ca sĩ Hoà Minzy lần đầu tiên xuất hiện trên sân khấu music show của trường Đại học FPT Hà Nội",
			"Trước tình cảm nồng nhiệt của khán giả, Hoà Minzy đã biểu diễn thêm ca khúc “Ăn gì đây” như một lời cảm ơn đặt biệt tới các fan của mình.",
			"Sự cuồng nhiệt của sinh viên FPT khiến Anh Tú vô cùng ấn tượng: “Anh Tú không ngờ FPT lại ‘sung’ như thế. Các bạn cổ vũ và hát theo Tú, đó là một niềm hạnh phúc vô cùng lớn của một người nghệ sĩ. Cảm ơn FPT và các bạn học sinh, sinh viên rất nhiều”.",
			"Anh Tú vỡ oà trước tình cảm của các bạn học sinh, sinh viên tại Big Open Day",
			"Hàng nghìn khán giả hoà giọng cùng “Mộng Cam” khi giai điệu “Tự sự” vang lên",
			"Winlee – Á quân cuộc thi FPTU Talent Show 2021 cùng nhóm nhảy Soleil Crew mang đến bản remix “Cô đơn trên sofa” được dàn dựng công phu",
			"Hàng nghìn khán giả đã được thưởng thức một đêm đại nhạc hội sôi động, đầy màu sắc và vô cùng đáng nhớ tại Đại học FPT Hà Nội."
		],
		"h2": [
			"Điều hướng bài viết"
		],
		"h4": [
			"HÀ NỘI",
			"TP. HỒ CHÍ MINH",
			"ĐÀ NẴNG",
			"CẦN THƠ",
			"Quy Nhơn"
		],
		"h3": [
			"Đăng ký tư vấn"
		],
		"b": [
			"Hãy để lại SĐT để cán bộ nhà trường hỗ trợ bạn sớm nhất nhé"
		],
		"option": [
			"Tỉnh / Thành phố *",
			"An Giang",
			"Bà Rịa-Vũng Tàu",
			"Bắc Giang",
			"Bắc Kạn",
			"Bạc Liêu",
			"Bắc Ninh",
			"Bến Tre",
			"Bình Dương",
			"Bình Định",
			"Bình Phước",
			"Bình Thuận",
			"Cà Mau",
			"Cần Thơ",
			"Cao Bằng",
			"Cục Cảnh sát ĐKQL cư trú và DLQG về dân cư",
			"Cục Cảnh sát quản lý hành chính về trật tự xã hội",
			"Đà Nẵng",
			"Đắk Lắk",
			"Đăk Nông",
			"Điện Biên",
			"Đồng Nai",
			"Đồng Tháp",
			"Gia Lai",
			"Hà Giang",
			"Hà Nam",
			"Hà Tĩnh",
			"Hải Dương",
			"Hải Phòng",
			"Hậu Giang",
			"Hoà Bình",
			"Hưng Yên",
			"Khánh Hoà",
			"Kiên Giang",
			"Kon Tum",
			"Lai Châu",
			"Lâm Đồng",
			"Lạng Sơn",
			"Lào Cai",
			"Long An",
			"Nam Định",
			"Nghệ An",
			"Ninh Bình",
			"Ninh Thuận",
			"Phú Thọ",
			"Phú Yên",
			"Quảng Bình",
			"Quảng Nam",
			"Quảng Ngãi",
			"Quảng Ninh",
			"Quảng Trị",
			"Sóc Trăng",
			"Sơn La",
			"Tây Ninh",
			"Thái Bình",
			"Thái Nguyên",
			"Thanh Hoá",
			"Thừa Thiên - Huế",
			"Tiền Giang",
			"Trà Vinh",
			"Tuyên Quang",
			"Vĩnh Long",
			"Vĩnh Phúc",
			"Yên Bái",
			"Hà Nội",
			"TP. Hồ Chí Minh"
		]
	},
	"url": "https://daihoc.fpt.edu.vn/hoa-minzy-orange-anh-tu-chay-het-minh-cung-sinh-vien-dai-hoc-fpt-tai-big-open-day/"
}