{
	"data": {
		"title": [
			"SV ĐH FPT đạt giải thưởng cấp quốc gia lĩnh vực Mỹ thuật ứng dụng - Trường Đại học FPT"
		],
		"div": [
			"›\n\n›",
			"© 2024 Bản quyền thuộc về Trường Đại học FPT.",
			"Đăng ký tư vấn"
		],
		"a": [
			"Trường Đại học FPT",
			"Vietnamese",
			"English",
			"Trang chủ",
			"Giới thiệu",
			"Lịch sử thành lập",
			"Tập đoàn FPT",
			"Tổ chức giáo dục FPT",
			"Triết lý đào tạo",
			"Các giải thưởng và thành tích",
			"Ban lãnh đạo",
			"Gắn kết cộng đồng",
			"Tin tức",
			"Tin tức chung",
			"Hoạt động sinh viên",
			"Sự kiện",
			"Tuyển dụng",
			"Hướng nghiệp",
			"Ngành học",
			"Công nghệ thông tin",
			"Công nghệ ô tô số",
			"Kỹ thuật phần mềm",
			"Hệ thống thông tin",
			"Trí tuệ nhân tạo",
			"An toàn thông tin",
			"Thiết kế Mỹ thuật số",
			"Quản trị kinh doanh",
			"Tài chính",
			"Digital Marketing",
			"Kinh doanh quốc tế",
			"Quản lý Logistics & Chuỗi cung ứng toàn cầu",
			"Quản trị khách sạn",
			"Quản trị Du lịch và Lữ hành",
			"Công nghệ truyền thông",
			"Quản trị truyền thông đa phương tiện",
			"Quan hệ công chúng",
			"Ngôn ngữ Anh",
			"Ngôn ngữ Nhật",
			"Ngôn ngữ Hàn Quốc",
			"Ngôn ngữ Trung Quốc (Dự kiến)",
			"Đời sống sinh viên",
			"Một ngày tại Đại học FPT",
			"Vì sao nên học tại Đại học FPT",
			"Sự hài lòng của sinh viên",
			"Môi trường học tập",
			"Chương trình học linh hoạt",
			"Đời sống sinh viên",
			"Ký túc xá",
			"Các CLB & Cộng đồng sinh viên",
			"Các hoạt động thể thao trong trường",
			"Dịch vụ hỗ trợ",
			"Định hướng và khởi đầu",
			"Tốt nghiệp",
			"Câu chuyện sinh viên",
			"Hợp tác",
			"Ngành công nghiệp và doanh nghiệp",
			"Chương trình trao đổi sinh viên",
			"Chương trình học tập tại nước ngoài",
			"Hợp tác quốc tế",
			"Trao đổi sinh viên",
			"Học kỳ nước ngoài",
			"Các trường đại học đối tác",
			"Cựu sinh viên",
			"Cộng đồng cựu sinh viên",
			"Họ đang làm việc tại đâu",
			"Tuyển sinh",
			"Đề án tuyển sinh",
			"Tin tuyển sinh",
			"Liên hệ",
			"Đăng nhập",
			"Quỳnh",
			"Nữ sinh trường F trong tà áo dài ngày Xuân",
			"Gặp gỡ đội tuyển NGT’s OPEN ROBOT trước giải đấu FIRST Tech Challenge Vietnam",
			"Tỏa sáng với nghiên cứu khoa học, nữ sinh ĐH FPT khẳng định bản lĩnh và tài năng",
			"Phim ngắn “Thoi vàng chỉ ngọc” của SV ĐH FPT tại Cần Thơ được công chiếu ở Lotte Cinema",
			"SV trường ĐH FPT Hà Nội đón “tết trên bản” 2024",
			"Vietnamese",
			"English",
			"Facebook",
			"Youtube",
			"Tik Tok",
			"Hotline: (024)/(028) 73001866 - (0236)/(0292) 7301866"
		],
		"img": [
			"cropped cropped 2021 FPTU Long",
			"cropped cropped 2021 FPTU Long",
			"thiet ke my thuat so 2 1663215083",
			"thiet ke my thuat so 2 1663215083",
			"thiet ke my thuat so 1663215161",
			"thiet ke my thuat so 1663215161",
			"sinh vien dai hoc fpt 8",
			"sinh vien dai hoc fpt 8",
			"dai hoc fpt 1",
			"dai hoc fpt 1",
			"my duyen",
			"my duyen",
			"fpt 5",
			"fpt 5",
			"dai hoc fpt 1",
			"dai hoc fpt 1",
			"thông báo tuyển bổ sung",
			"thông báo tuyển bổ sung"
		],
		"p": [
			"Trang thông tin tuyển sinh chính thức của Trường Đại học FPT",
			"Chiều nay (13/09), tại Lễ trao giải và Khai mạc Triển lãm Mỹ thuật ứng dụng toàn quốc lần thứ 5 do Bộ Văn hóa, Thể thao và Du lịch; Cục Mỹ thuật, Nhiếp ảnh và Triển lãm tổ chức, nhóm sinh viên và giảng viên chuyên ngành Thiết kế Mỹ thuật số, trường ĐH FPT đã xuất sắc được vinh danh với 2 giải thưởng cao nhất tại hạng mục Thiết kế ứng dụng, bao gồm:",
			"01 Giải Nhất: Nhóm UNZIPPED – giảng viên Trần Thị Lệ Quyên, sinh viên Bùi Hạnh Lưu, Lê Thị Thu Thảo với sản phẩm: An application that provides a comprehensive sex education solution for teenage (Ứng dụng cung cấp giải pháp giáo dục giới tính toàn diện cho trẻ vị thành niên).\n01 Giải Nhì: Nhóm SCC – giảng viên Trần Thị Lệ Quyên, sinh viên Nguyễn Ngọc Thư, Lưu Xuân Bách với sản phẩm: Sustainable Community for Children (Ứng dụng xây dựng công đồng bền vững cho trẻ em vùng cao).",
			"Được biết, cuộc thi Mỹ thuật ứng dụng toàn quốc năm nay đã nhận được 538 tác phẩm của 283 tác giả thuộc 25 tỉnh/thành phố gửi tác phẩm tham dự. Trong đó, 2 tác phẩm của cô trò ĐH FPT đã xuất sắc vượt qua những sản phẩm cùng hạng mục, được BTC cuộc thi đánh giá cao và giành 2 giải thưởng lớn nhất trong lĩnh vực Mỹ thuật ứng dụng tại Việt Nam.",
			"Từ ngày 13-27/09, hai tác phẩm xuất sắc của cô và trò ĐH FPT sẽ được trưng bày tại Bảo tàng Dân tộc học Việt Nam; nhằm tôn vinh thành quả nghiên cứu và sáng tạo của các tác giả, cũng như giới thiệu những ý tưởng thiết kế sáng tạo kết hợp với công nghệ để đưa ra các giải pháp ứng dụng cao cho cộng đồng, hướng tới các giá trị bền vững.",
			"Xin chúc mừng cô và trò ĐH FPT với thành quả đáng tự hào này.",
			"Ảnh:",
			"Khu Giáo dục và Đào tạo – Khu Công nghệ cao Hòa Lạc – Km29 Đại lộ Thăng Long, H. Thạch Thất,\nTP. Hà Nội",
			"Điện thoại: 024 7300 1866",
			"Email: daihocfpt@fpt.edu.vn",
			"Lô E2a-7, Đường D1 Khu Công nghệ cao, P. Long Thạnh Mỹ, TP. Thủ Đức, TP. Hồ Chí Minh",
			"Điện thoại: 028 7300 1866",
			"Email: daihocfpt@fpt.edu.vn",
			"Khu đô thị công nghệ FPT Đà Nẵng, P. Hoà Hải, Q. Ngũ Hành Sơn, TP. Đà Nẵng",
			"Điện thoại: 0236 730 1866",
			"Email: daihocfpt@fpt.edu.vn",
			"Số 600 Đường Nguyễn Văn Cừ (nối dài), P. An Bình, Q. Ninh Kiều, TP. Cần Thơ",
			"Điện thoại: 0292 730 1866",
			"Email: daihocfpt@fpt.edu.vn",
			"Khu đô thị mới An Phú Thịnh, Phường Nhơn Bình & Phường Đống Đa, TP. Quy\nNhơn, Bình Định",
			"Điện thoại: 0256 730 1866 /0256 7300 999",
			"Email: daihocfpt@fpt.edu.vn"
		],
		"label": [
			"Tìm kiếm",
			"Tìm kiếm"
		],
		"button": [
			"×",
			"Đăng ký",
			"Đóng"
		],
		"span": [
			"Trang chủ",
			"Tin tức chung",
			"SV ĐH FPT đạt giải thưởng cấp quốc gia lĩnh vực Mỹ thuật ứng dụng",
			"bởi",
			"Digital Art& Design Department – FPT University – Hanoi",
			"Bài trước",
			"Bài trước:",
			"← Chuyện sống, chuyện nghề của cựu sinh viên ĐH FPT tại Nhật Bản",
			"Bài tiếp",
			"Bài tiếp:",
			"Những nam sinh ĐH FPT ca cải lương ‘ngọt như đường’ →"
		],
		"h1": [
			"SV ĐH FPT đạt giải thưởng cấp quốc gia lĩnh vực Mỹ thuật ứng dụng"
		],
		"time": [
			"Thứ Năm, ngày 15 tháng 09 năm 2022",
			"05/02/2024",
			"05/02/2024",
			"05/02/2024",
			"02/02/2024",
			"01/02/2024"
		],
		"figcaption": [
			"Thứ trưởng Bộ Văn hóa, Thể thao và Du lịch Tạ Quang Đông trao giải Nhất cho nhóm tác giả Lê Thị Thu Thảo, Bùi Hạnh Lưu và Trần Thị Lệ Quyên (Trường Đại học FPT Hà Nội).",
			"Ông Mã Thế Anh – Cục trưởng Cục Mỹ thuật, Nhiếp Ảnh và Triển lãm cùng Hoạ sỹ Lương Xuân Đoàn – Chủ tịch Hội Mỹ thuật Việt Nam trao giải Nhì cho nhóm tác giả Nguyễn Ngọc Thư, Lưu Xuân Bách và Trần Thị Lệ Quyên (Trường Đại học FPT Hà Nội)."
		],
		"h2": [
			"Điều hướng bài viết"
		],
		"h4": [
			"HÀ NỘI",
			"TP. HỒ CHÍ MINH",
			"ĐÀ NẴNG",
			"CẦN THƠ",
			"Quy Nhơn"
		],
		"h3": [
			"Đăng ký tư vấn"
		],
		"b": [
			"Hãy để lại SĐT để cán bộ nhà trường hỗ trợ bạn sớm nhất nhé"
		],
		"option": [
			"Tỉnh / Thành phố *",
			"An Giang",
			"Bà Rịa-Vũng Tàu",
			"Bắc Giang",
			"Bắc Kạn",
			"Bạc Liêu",
			"Bắc Ninh",
			"Bến Tre",
			"Bình Dương",
			"Bình Định",
			"Bình Phước",
			"Bình Thuận",
			"Cà Mau",
			"Cần Thơ",
			"Cao Bằng",
			"Cục Cảnh sát ĐKQL cư trú và DLQG về dân cư",
			"Cục Cảnh sát quản lý hành chính về trật tự xã hội",
			"Đà Nẵng",
			"Đắk Lắk",
			"Đăk Nông",
			"Điện Biên",
			"Đồng Nai",
			"Đồng Tháp",
			"Gia Lai",
			"Hà Giang",
			"Hà Nam",
			"Hà Tĩnh",
			"Hải Dương",
			"Hải Phòng",
			"Hậu Giang",
			"Hoà Bình",
			"Hưng Yên",
			"Khánh Hoà",
			"Kiên Giang",
			"Kon Tum",
			"Lai Châu",
			"Lâm Đồng",
			"Lạng Sơn",
			"Lào Cai",
			"Long An",
			"Nam Định",
			"Nghệ An",
			"Ninh Bình",
			"Ninh Thuận",
			"Phú Thọ",
			"Phú Yên",
			"Quảng Bình",
			"Quảng Nam",
			"Quảng Ngãi",
			"Quảng Ninh",
			"Quảng Trị",
			"Sóc Trăng",
			"Sơn La",
			"Tây Ninh",
			"Thái Bình",
			"Thái Nguyên",
			"Thanh Hoá",
			"Thừa Thiên - Huế",
			"Tiền Giang",
			"Trà Vinh",
			"Tuyên Quang",
			"Vĩnh Long",
			"Vĩnh Phúc",
			"Yên Bái",
			"Hà Nội",
			"TP. Hồ Chí Minh"
		]
	},
	"url": "https://daihoc.fpt.edu.vn/sv-dh-fpt-dat-giai-thuong-cap-quoc-gia-linh-vuc-my-thuat-ung-dung/"
}