{
	"data": {
		"title": [
			"Tân sinh viên hào hứng tham quan “Company tour” tại VNP Group - Trường Đại học FPT"
		],
		"div": [
			"›\n\n›",
			"© 2024 Bản quyền thuộc về Trường Đại học FPT.",
			"Đăng ký tư vấn"
		],
		"a": [
			"Trường Đại học FPT",
			"Vietnamese",
			"English",
			"Trang chủ",
			"Giới thiệu",
			"Lịch sử thành lập",
			"Tập đoàn FPT",
			"Tổ chức giáo dục FPT",
			"Triết lý đào tạo",
			"Các giải thưởng và thành tích",
			"Ban lãnh đạo",
			"Gắn kết cộng đồng",
			"Tin tức",
			"Tin tức chung",
			"Hoạt động sinh viên",
			"Sự kiện",
			"Tuyển dụng",
			"Hướng nghiệp",
			"Ngành học",
			"Công nghệ thông tin",
			"Công nghệ ô tô số",
			"Kỹ thuật phần mềm",
			"Hệ thống thông tin",
			"Trí tuệ nhân tạo",
			"An toàn thông tin",
			"Thiết kế Mỹ thuật số",
			"Quản trị kinh doanh",
			"Tài chính",
			"Digital Marketing",
			"Kinh doanh quốc tế",
			"Quản lý Logistics & Chuỗi cung ứng toàn cầu",
			"Quản trị khách sạn",
			"Quản trị Du lịch và Lữ hành",
			"Công nghệ truyền thông",
			"Quản trị truyền thông đa phương tiện",
			"Quan hệ công chúng",
			"Ngôn ngữ Anh",
			"Ngôn ngữ Nhật",
			"Ngôn ngữ Hàn Quốc",
			"Ngôn ngữ Trung Quốc (Dự kiến)",
			"Đời sống sinh viên",
			"Một ngày tại Đại học FPT",
			"Vì sao nên học tại Đại học FPT",
			"Sự hài lòng của sinh viên",
			"Môi trường học tập",
			"Chương trình học linh hoạt",
			"Đời sống sinh viên",
			"Ký túc xá",
			"Các CLB & Cộng đồng sinh viên",
			"Các hoạt động thể thao trong trường",
			"Dịch vụ hỗ trợ",
			"Định hướng và khởi đầu",
			"Tốt nghiệp",
			"Câu chuyện sinh viên",
			"Hợp tác",
			"Ngành công nghiệp và doanh nghiệp",
			"Chương trình trao đổi sinh viên",
			"Chương trình học tập tại nước ngoài",
			"Hợp tác quốc tế",
			"Trao đổi sinh viên",
			"Học kỳ nước ngoài",
			"Các trường đại học đối tác",
			"Cựu sinh viên",
			"Cộng đồng cựu sinh viên",
			"Họ đang làm việc tại đâu",
			"Tuyển sinh",
			"Đề án tuyển sinh",
			"Tin tuyển sinh",
			"Liên hệ",
			"Đăng nhập",
			"Quỳnh",
			"Nữ sinh trường F trong tà áo dài ngày Xuân",
			"Gặp gỡ đội tuyển NGT’s OPEN ROBOT trước giải đấu FIRST Tech Challenge Vietnam",
			"Tỏa sáng với nghiên cứu khoa học, nữ sinh ĐH FPT khẳng định bản lĩnh và tài năng",
			"Phim ngắn “Thoi vàng chỉ ngọc” của SV ĐH FPT tại Cần Thơ được công chiếu ở Lotte Cinema",
			"SV trường ĐH FPT Hà Nội đón “tết trên bản” 2024",
			"Vietnamese",
			"English",
			"Facebook",
			"Youtube",
			"Tik Tok",
			"Hotline: (024)/(028) 73001866 - (0236)/(0292) 7301866"
		],
		"img": [
			"cropped cropped 2021 FPTU Long",
			"cropped cropped 2021 FPTU Long",
			"sinh vien dai hoc fpt 8",
			"sinh vien dai hoc fpt 8",
			"dai hoc fpt 1",
			"dai hoc fpt 1",
			"my duyen",
			"my duyen",
			"fpt 5",
			"fpt 5",
			"dai hoc fpt 1",
			"dai hoc fpt 1",
			"thông báo tuyển bổ sung",
			"thông báo tuyển bổ sung"
		],
		"p": [
			"Trang thông tin tuyển sinh chính thức của Trường Đại học FPT",
			"Đây cũng là hoạt động thường niên, thể hiện sự gắn kết giữa VNP Group và Đại học FPT, qua đó giúp tân sinh viên FPT có cơ hội tiếp cận môi trường làm việc năng động, sáng tạo và gần gũi cũng như mang lại nhiều cơ hội thực tập, cơ hội việc làm cho sinh viên năm 3, năm 4.",
			"Tập trung từ sớm tại Toà nhà Innovation, Trường Đại học FPT, sinh viên K12 bước lên chuyến xe thực tế tìm hiểu môi trường làm việc tại VNP Group, một trong những “gương mặt” uy tín của ngành thương mại điện tử hiện nay.",
			"Tại đây, VNP Group chào đón đoàn – áo – cam FPT bằng một tiết mục văn nghệ “cây nhà lá vườn” từ hai thành viên trong công ty. Tiếp sau đó, anh Hồ Lê Diên Châu, trưởng nhóm PR nội bộ của VNP Group dẫn dắt các bạn sinh viên tìm hiểu kỹ hơn về quá trình thành lập, phát triển và những sứ mệnh mà doanh nghiệp đang theo đuổi.",
			"á",
			"Giám đốc chi nhánh, anh Phạm Văn Phú cũng mang đến một buổi nói chuyện hết sức thú vị, vừa truyền đạt kinh nghiệm, cảm hứng kinh doanh vừa giúp các bạn hiểu nhiều hơn về con đường mà VNP Group đã và đang hướng đến. Các bạn sinh viên còn được tham quan một vòng các phòng ban của doanh nghiệp VNP trụ sở .",
			"“Chuyến đi ngày hôm nay thật sự rất bổ ích, đặc biệt là cuộc nói chuyện với anh Phạm Văn Phú, giám đốc chi nhánh. Chắc chắn đây sẽ là môi trường mà mình hướng đến cho những ngày thực tập sinh sau này. Và nhất định mình sẽ tham gia nhiều hơn nữa những chuyến “Company tour” thú vị mà trường tổ chức.” – bạn Đào Mai Minh Hiếu chia sẻ cuối buổi tham quan.",
			"Buổi gặp gỡ doanh nghiệp khép lại vào giữa trưa bằng những bức ảnh lưu niệm cùng các anh chị VNP. Sự hứng khởi về 4 năm học sắp tới nghề nghiệp đã lựa chọn được thắp lửa trong lòng tân sinh viên khóa 12, Đại học FPT.",
			"Minh Anh – Bùi Ngọc",
			"Khu Giáo dục và Đào tạo – Khu Công nghệ cao Hòa Lạc – Km29 Đại lộ Thăng Long, H. Thạch Thất,\nTP. Hà Nội",
			"Điện thoại: 024 7300 1866",
			"Email: daihocfpt@fpt.edu.vn",
			"Lô E2a-7, Đường D1 Khu Công nghệ cao, P. Long Thạnh Mỹ, TP. Thủ Đức, TP. Hồ Chí Minh",
			"Điện thoại: 028 7300 1866",
			"Email: daihocfpt@fpt.edu.vn",
			"Khu đô thị công nghệ FPT Đà Nẵng, P. Hoà Hải, Q. Ngũ Hành Sơn, TP. Đà Nẵng",
			"Điện thoại: 0236 730 1866",
			"Email: daihocfpt@fpt.edu.vn",
			"Số 600 Đường Nguyễn Văn Cừ (nối dài), P. An Bình, Q. Ninh Kiều, TP. Cần Thơ",
			"Điện thoại: 0292 730 1866",
			"Email: daihocfpt@fpt.edu.vn",
			"Khu đô thị mới An Phú Thịnh, Phường Nhơn Bình & Phường Đống Đa, TP. Quy\nNhơn, Bình Định",
			"Điện thoại: 0256 730 1866 /0256 7300 999",
			"Email: daihocfpt@fpt.edu.vn"
		],
		"label": [
			"Tìm kiếm",
			"Tìm kiếm"
		],
		"button": [
			"×",
			"Đăng ký",
			"Đóng"
		],
		"span": [
			"Trang chủ",
			"Hoạt động sinh viên",
			"Tân sinh viên hào hứng tham quan “Company tour” tại VNP Group",
			"bởi",
			"Bài trước",
			"Bài trước:",
			"← Nhiều chủ đề thời sự trong hội thảo học thuật Đại học FPT",
			"Bài tiếp",
			"Bài tiếp:",
			"Sinh viên Đại học FPT đạt giải Audience Award trong cuộc thi Reackathon →"
		],
		"h1": [
			"Tân sinh viên hào hứng tham quan “Company tour” tại VNP Group"
		],
		"time": [
			"Thứ Hai, ngày 19 tháng 12 năm 2016",
			"08/07/2022",
			"05/02/2024",
			"05/02/2024",
			"05/02/2024",
			"02/02/2024",
			"01/02/2024"
		],
		"strong": [
			"VNP Group mở đầu chuyến tham quan doanh nghiệp dành cho tân sinh viên khóa 12 trong khuôn khổ Company tour."
		],
		"em": [
			"Các bạn được tham quan văn phòng cũng như lắng nghe chia sẻ từ các anh chị VNP Group.",
			"Cuộc trò chuyện thú vị từ Anh Phạm Văn Phú, giám đốc chi nh",
			"nh VNP Group.",
			"Các bạn sinh viên FPT chụp ảnh lưu niệm cùng với anh chị đến từ VNP Group trong chương trình “Company tour”."
		],
		"h2": [
			"Điều hướng bài viết"
		],
		"h4": [
			"HÀ NỘI",
			"TP. HỒ CHÍ MINH",
			"ĐÀ NẴNG",
			"CẦN THƠ",
			"Quy Nhơn"
		],
		"h3": [
			"Đăng ký tư vấn"
		],
		"b": [
			"Hãy để lại SĐT để cán bộ nhà trường hỗ trợ bạn sớm nhất nhé"
		],
		"option": [
			"Tỉnh / Thành phố *",
			"An Giang",
			"Bà Rịa-Vũng Tàu",
			"Bắc Giang",
			"Bắc Kạn",
			"Bạc Liêu",
			"Bắc Ninh",
			"Bến Tre",
			"Bình Dương",
			"Bình Định",
			"Bình Phước",
			"Bình Thuận",
			"Cà Mau",
			"Cần Thơ",
			"Cao Bằng",
			"Cục Cảnh sát ĐKQL cư trú và DLQG về dân cư",
			"Cục Cảnh sát quản lý hành chính về trật tự xã hội",
			"Đà Nẵng",
			"Đắk Lắk",
			"Đăk Nông",
			"Điện Biên",
			"Đồng Nai",
			"Đồng Tháp",
			"Gia Lai",
			"Hà Giang",
			"Hà Nam",
			"Hà Tĩnh",
			"Hải Dương",
			"Hải Phòng",
			"Hậu Giang",
			"Hoà Bình",
			"Hưng Yên",
			"Khánh Hoà",
			"Kiên Giang",
			"Kon Tum",
			"Lai Châu",
			"Lâm Đồng",
			"Lạng Sơn",
			"Lào Cai",
			"Long An",
			"Nam Định",
			"Nghệ An",
			"Ninh Bình",
			"Ninh Thuận",
			"Phú Thọ",
			"Phú Yên",
			"Quảng Bình",
			"Quảng Nam",
			"Quảng Ngãi",
			"Quảng Ninh",
			"Quảng Trị",
			"Sóc Trăng",
			"Sơn La",
			"Tây Ninh",
			"Thái Bình",
			"Thái Nguyên",
			"Thanh Hoá",
			"Thừa Thiên - Huế",
			"Tiền Giang",
			"Trà Vinh",
			"Tuyên Quang",
			"Vĩnh Long",
			"Vĩnh Phúc",
			"Yên Bái",
			"Hà Nội",
			"TP. Hồ Chí Minh"
		]
	},
	"url": "https://daihoc.fpt.edu.vn/tan-sinh-vien-hao-hung-tham-quan-company-tour-tai-vnp-group/"
}