{
	"data": {
		"title": [
			"10 suất “du học” Nhật Bản mùa Thu dành cho sinh viên trường F - Trường Đại học FPT"
		],
		"div": [
			"›\n\n›\n\n›\n\n›",
			"© 2024 Bản quyền thuộc về Trường Đại học FPT.",
			"Đăng ký tư vấn"
		],
		"a": [
			"Trường Đại học FPT",
			"Vietnamese",
			"English",
			"Trang chủ",
			"Giới thiệu",
			"Lịch sử thành lập",
			"Tập đoàn FPT",
			"Tổ chức giáo dục FPT",
			"Triết lý đào tạo",
			"Các giải thưởng và thành tích",
			"Ban lãnh đạo",
			"Gắn kết cộng đồng",
			"Tin tức",
			"Tin tức chung",
			"Hoạt động sinh viên",
			"Sự kiện",
			"Tuyển dụng",
			"Hướng nghiệp",
			"Ngành học",
			"Công nghệ thông tin",
			"Công nghệ ô tô số",
			"Kỹ thuật phần mềm",
			"Hệ thống thông tin",
			"Trí tuệ nhân tạo",
			"An toàn thông tin",
			"Thiết kế Mỹ thuật số",
			"Quản trị kinh doanh",
			"Tài chính",
			"Digital Marketing",
			"Kinh doanh quốc tế",
			"Quản lý Logistics & Chuỗi cung ứng toàn cầu",
			"Quản trị khách sạn",
			"Quản trị Du lịch và Lữ hành",
			"Công nghệ truyền thông",
			"Quản trị truyền thông đa phương tiện",
			"Quan hệ công chúng",
			"Ngôn ngữ Anh",
			"Ngôn ngữ Nhật",
			"Ngôn ngữ Hàn Quốc",
			"Ngôn ngữ Trung Quốc (Dự kiến)",
			"Đời sống sinh viên",
			"Một ngày tại Đại học FPT",
			"Vì sao nên học tại Đại học FPT",
			"Sự hài lòng của sinh viên",
			"Môi trường học tập",
			"Chương trình học linh hoạt",
			"Đời sống sinh viên",
			"Ký túc xá",
			"Các CLB & Cộng đồng sinh viên",
			"Các hoạt động thể thao trong trường",
			"Dịch vụ hỗ trợ",
			"Định hướng và khởi đầu",
			"Tốt nghiệp",
			"Câu chuyện sinh viên",
			"Hợp tác",
			"Ngành công nghiệp và doanh nghiệp",
			"Chương trình trao đổi sinh viên",
			"Chương trình học tập tại nước ngoài",
			"Hợp tác quốc tế",
			"Trao đổi sinh viên",
			"Học kỳ nước ngoài",
			"Các trường đại học đối tác",
			"Cựu sinh viên",
			"Cộng đồng cựu sinh viên",
			"Họ đang làm việc tại đâu",
			"Tuyển sinh",
			"Đề án tuyển sinh",
			"Tin tuyển sinh",
			"Liên hệ",
			"Đăng nhập",
			"Nguyễn Thị Hồng Yến",
			"http://bit.ly/2VM6UgW",
			"http://bit.ly/39wpA8l",
			"Nữ sinh trường F trong tà áo dài ngày Xuân",
			"Gặp gỡ đội tuyển NGT’s OPEN ROBOT trước giải đấu FIRST Tech Challenge Vietnam",
			"Tỏa sáng với nghiên cứu khoa học, nữ sinh ĐH FPT khẳng định bản lĩnh và tài năng",
			"Phim ngắn “Thoi vàng chỉ ngọc” của SV ĐH FPT tại Cần Thơ được công chiếu ở Lotte Cinema",
			"SV trường ĐH FPT Hà Nội đón “tết trên bản” 2024",
			"Vietnamese",
			"English",
			"Facebook",
			"Youtube",
			"Tik Tok",
			"Hotline: (024)/(028) 73001866 - (0236)/(0292) 7301866"
		],
		"img": [
			"cropped cropped 2021 FPTU Long",
			"cropped cropped 2021 FPTU Long",
			"sinh vien dai hoc fpt 8",
			"sinh vien dai hoc fpt 8",
			"dai hoc fpt 1",
			"dai hoc fpt 1",
			"my duyen",
			"my duyen",
			"fpt 5",
			"fpt 5",
			"dai hoc fpt 1",
			"dai hoc fpt 1",
			"thông báo tuyển bổ sung",
			"thông báo tuyển bổ sung"
		],
		"p": [
			"Trang thông tin tuyển sinh chính thức của Trường Đại học FPT",
			"Chương trình chỉ có 10 suất dành cho 10 sinh viên ngành Ngôn Ngữ và Kỹ thuật phần mềm đại học FPT. Trong đó, 2 suất cho sinh viên ngành Ngôn Ngữ Nhật có điểm GPA cao nhất (miễn học phí) và 8 suất đăng ký tự do dành cho sinh viên ngành Ngôn Ngữ Nhật và Kỹ Thuật Phần Mềm.",
			"Thời gian: Từ 31/8/2020 đến 22/12/2020\nĐịa điểm: Kanto Gakuin University (KGU) – Yokohama, Nhật Bản",
			"Tọa lạc tại thành phố cảng Yokohama, thủ phủ tỉnh Kanagawa, trường Đại học Kanto Gakuin được biết đến như một trong những trường đại học tư thục tốt nhất của tỉnh Kanagawa nói riêng và của đất nước Nhật Bản nói chung trong suốt hơn 100 năm hình thành và phát triển.",
			"Chương trình học tiếng Nhật tại Đại học Kanto Gakuin, Nhật Bản kéo dài 4 tháng nhằm bồi dưỡng và phát triển khả năng tiếng Nhật. Chương trình học được thiết kế để tăng cường khả năng giao tiếp và phục vụ tốt nhất cho các công việc đòi hỏi tiếng Nhật.",
			"Ngoài các môn học chính là tiếng Nhật, sinh viên được tham gia các khóa học, chương trình trải nghiệm văn hóa khác để tìm hiểu thêm về đất nước, con người Nhật Bản. Đây cũng là cơ hội và môi trường thuận lợi cho việc thực hành sử dụng Tiếng Nhật cũng như học hỏi văn hoá mỗi ngày.",
			"Kết quả học tập tại Nhật Bản của sinh viên sẽ được xem xét công nhận tương đương & chuyển đổi kết quả tại FPTU, tuỳ thuộc vào trình độ của SV và nội dung học tập tại KGU, tối đa gồm các môn: JPD222, JPD223, JPD321, JPD322, JPC301 hoặc OJT.",
			"Hạn Đăng ký: 16h, 10/04/2020\nLink đăng ký: \nLiên hệ fanpage hoặc gọi điện thoại đến số 0901 377 317 (gặp chị Thu).\nThông tin chi tiết về chương trình:",
			"Với mục đích tạo điều kiện cho sinh viên có cơ hội học tập và trải nghiệm ở nước ngoài, tạo cơ hội nâng cao khả năng ngoại ngữ, mở rộng hiểu biết về văn hóa cũng như các kĩ năng tại nước ngoài, Trường Đại học FPT triển khai nhiều chương trình học kỳ tại nước ngoài dành cho sinh viên. Theo dõi website để cập nhật các chương trình thú vị tiếp theo nhé!",
			"Theo",
			"Khu Giáo dục và Đào tạo – Khu Công nghệ cao Hòa Lạc – Km29 Đại lộ Thăng Long, H. Thạch Thất,\nTP. Hà Nội",
			"Điện thoại: 024 7300 1866",
			"Email: daihocfpt@fpt.edu.vn",
			"Lô E2a-7, Đường D1 Khu Công nghệ cao, P. Long Thạnh Mỹ, TP. Thủ Đức, TP. Hồ Chí Minh",
			"Điện thoại: 028 7300 1866",
			"Email: daihocfpt@fpt.edu.vn",
			"Khu đô thị công nghệ FPT Đà Nẵng, P. Hoà Hải, Q. Ngũ Hành Sơn, TP. Đà Nẵng",
			"Điện thoại: 0236 730 1866",
			"Email: daihocfpt@fpt.edu.vn",
			"Số 600 Đường Nguyễn Văn Cừ (nối dài), P. An Bình, Q. Ninh Kiều, TP. Cần Thơ",
			"Điện thoại: 0292 730 1866",
			"Email: daihocfpt@fpt.edu.vn",
			"Khu đô thị mới An Phú Thịnh, Phường Nhơn Bình & Phường Đống Đa, TP. Quy\nNhơn, Bình Định",
			"Điện thoại: 0256 730 1866 /0256 7300 999",
			"Email: daihocfpt@fpt.edu.vn"
		],
		"label": [
			"Tìm kiếm",
			"Tìm kiếm"
		],
		"button": [
			"×",
			"Đăng ký",
			"Đóng"
		],
		"span": [
			"Trang chủ",
			"Cuộc sống tại đại học FPT",
			"Tại sao nên học tại Đại học FPT",
			"Chương trình học tập tại nước ngoài",
			"10 suất “du học” Nhật Bản mùa Thu dành cho sinh viên trường F",
			"bởi",
			"Bài trước",
			"Bài trước:",
			"← Hội cựu sinh viên Đại học FPT tại Nhật Bản chung tay ủng hộ, phòng chống Covid 19",
			"Bài tiếp",
			"Bài tiếp:",
			"Thi THPT quốc gia 2020: Không giảm môn, có đề minh hoạ →"
		],
		"h1": [
			"10 suất “du học” Nhật Bản mùa Thu dành cho sinh viên trường F"
		],
		"time": [
			"Thứ Tư, ngày 18 tháng 03 năm 2020",
			"10/06/2022",
			"05/02/2024",
			"05/02/2024",
			"05/02/2024",
			"02/02/2024",
			"01/02/2024"
		],
		"em": [
			"Một chuyến “du học” đến xứ sở mặt trời mọc ngắm hoa Anh Đào dành cho các Cóc sắp đến rồi. Chớp ngay cơ hội được học tập trong môi trường thuận lợi cho việc thực hành sử dụng Tiếng Nhật cũng như học hỏi văn hoá Nhật Bản mỗi ngày."
		],
		"strong": [
			"Study Overseas"
		],
		"h2": [
			"Điều hướng bài viết"
		],
		"h4": [
			"HÀ NỘI",
			"TP. HỒ CHÍ MINH",
			"ĐÀ NẴNG",
			"CẦN THƠ",
			"Quy Nhơn"
		],
		"h3": [
			"Đăng ký tư vấn"
		],
		"b": [
			"Hãy để lại SĐT để cán bộ nhà trường hỗ trợ bạn sớm nhất nhé"
		],
		"option": [
			"Tỉnh / Thành phố *",
			"An Giang",
			"Bà Rịa-Vũng Tàu",
			"Bắc Giang",
			"Bắc Kạn",
			"Bạc Liêu",
			"Bắc Ninh",
			"Bến Tre",
			"Bình Dương",
			"Bình Định",
			"Bình Phước",
			"Bình Thuận",
			"Cà Mau",
			"Cần Thơ",
			"Cao Bằng",
			"Cục Cảnh sát ĐKQL cư trú và DLQG về dân cư",
			"Cục Cảnh sát quản lý hành chính về trật tự xã hội",
			"Đà Nẵng",
			"Đắk Lắk",
			"Đăk Nông",
			"Điện Biên",
			"Đồng Nai",
			"Đồng Tháp",
			"Gia Lai",
			"Hà Giang",
			"Hà Nam",
			"Hà Tĩnh",
			"Hải Dương",
			"Hải Phòng",
			"Hậu Giang",
			"Hoà Bình",
			"Hưng Yên",
			"Khánh Hoà",
			"Kiên Giang",
			"Kon Tum",
			"Lai Châu",
			"Lâm Đồng",
			"Lạng Sơn",
			"Lào Cai",
			"Long An",
			"Nam Định",
			"Nghệ An",
			"Ninh Bình",
			"Ninh Thuận",
			"Phú Thọ",
			"Phú Yên",
			"Quảng Bình",
			"Quảng Nam",
			"Quảng Ngãi",
			"Quảng Ninh",
			"Quảng Trị",
			"Sóc Trăng",
			"Sơn La",
			"Tây Ninh",
			"Thái Bình",
			"Thái Nguyên",
			"Thanh Hoá",
			"Thừa Thiên - Huế",
			"Tiền Giang",
			"Trà Vinh",
			"Tuyên Quang",
			"Vĩnh Long",
			"Vĩnh Phúc",
			"Yên Bái",
			"Hà Nội",
			"TP. Hồ Chí Minh"
		]
	},
	"url": "https://daihoc.fpt.edu.vn/10-suat-du-hoc-nhat-ban-mua-thu-danh-cho-sinh-vien-xuat-sac/"
}