{
	"data": {
		"title": [
			"Vì sao gọi Đại học FPT là trường đại học giàu trải nghiệm? - Trường Đại học FPT"
		],
		"div": [
			"›\n\n›",
			"© 2024 Bản quyền thuộc về Trường Đại học FPT.",
			"Đăng ký tư vấn"
		],
		"a": [
			"Trường Đại học FPT",
			"Vietnamese",
			"English",
			"Trang chủ",
			"Giới thiệu",
			"Lịch sử thành lập",
			"Tập đoàn FPT",
			"Tổ chức giáo dục FPT",
			"Triết lý đào tạo",
			"Các giải thưởng và thành tích",
			"Ban lãnh đạo",
			"Gắn kết cộng đồng",
			"Tin tức",
			"Tin tức chung",
			"Hoạt động sinh viên",
			"Sự kiện",
			"Tuyển dụng",
			"Hướng nghiệp",
			"Ngành học",
			"Công nghệ thông tin",
			"Công nghệ ô tô số",
			"Kỹ thuật phần mềm",
			"Hệ thống thông tin",
			"Trí tuệ nhân tạo",
			"An toàn thông tin",
			"Thiết kế Mỹ thuật số",
			"Quản trị kinh doanh",
			"Tài chính",
			"Digital Marketing",
			"Kinh doanh quốc tế",
			"Quản lý Logistics & Chuỗi cung ứng toàn cầu",
			"Quản trị khách sạn",
			"Quản trị Du lịch và Lữ hành",
			"Công nghệ truyền thông",
			"Quản trị truyền thông đa phương tiện",
			"Quan hệ công chúng",
			"Ngôn ngữ Anh",
			"Ngôn ngữ Nhật",
			"Ngôn ngữ Hàn Quốc",
			"Ngôn ngữ Trung Quốc (Dự kiến)",
			"Đời sống sinh viên",
			"Một ngày tại Đại học FPT",
			"Vì sao nên học tại Đại học FPT",
			"Sự hài lòng của sinh viên",
			"Môi trường học tập",
			"Chương trình học linh hoạt",
			"Đời sống sinh viên",
			"Ký túc xá",
			"Các CLB & Cộng đồng sinh viên",
			"Các hoạt động thể thao trong trường",
			"Dịch vụ hỗ trợ",
			"Định hướng và khởi đầu",
			"Tốt nghiệp",
			"Câu chuyện sinh viên",
			"Hợp tác",
			"Ngành công nghiệp và doanh nghiệp",
			"Chương trình trao đổi sinh viên",
			"Chương trình học tập tại nước ngoài",
			"Hợp tác quốc tế",
			"Trao đổi sinh viên",
			"Học kỳ nước ngoài",
			"Các trường đại học đối tác",
			"Cựu sinh viên",
			"Cộng đồng cựu sinh viên",
			"Họ đang làm việc tại đâu",
			"Tuyển sinh",
			"Đề án tuyển sinh",
			"Tin tuyển sinh",
			"Liên hệ",
			"Đăng nhập",
			"Quỳnh",
			"Nữ sinh trường F trong tà áo dài ngày Xuân",
			"Gặp gỡ đội tuyển NGT’s OPEN ROBOT trước giải đấu FIRST Tech Challenge Vietnam",
			"Tỏa sáng với nghiên cứu khoa học, nữ sinh ĐH FPT khẳng định bản lĩnh và tài năng",
			"Phim ngắn “Thoi vàng chỉ ngọc” của SV ĐH FPT tại Cần Thơ được công chiếu ở Lotte Cinema",
			"SV trường ĐH FPT Hà Nội đón “tết trên bản” 2024",
			"Vietnamese",
			"English",
			"Facebook",
			"Youtube",
			"Tik Tok",
			"Hotline: (024)/(028) 73001866 - (0236)/(0292) 7301866"
		],
		"img": [
			"cropped cropped 2021 FPTU Long",
			"cropped cropped 2021 FPTU Long",
			"dai hoc fpt 1 1661136038",
			"dai hoc fpt 1 1661136038",
			"dai hoc fpt 2 1661136038",
			"dai hoc fpt 2 1661136038",
			"dai hoc fpt 3 1661136038",
			"dai hoc fpt 3 1661136038",
			"dai hoc fpt 4 1661136039",
			"dai hoc fpt 4 1661136039",
			"sinh vien dai hoc fpt 8",
			"sinh vien dai hoc fpt 8",
			"dai hoc fpt 1",
			"dai hoc fpt 1",
			"my duyen",
			"my duyen",
			"fpt 5",
			"fpt 5",
			"dai hoc fpt 1",
			"dai hoc fpt 1",
			"thông báo tuyển bổ sung",
			"thông báo tuyển bổ sung"
		],
		"p": [
			"Trang thông tin tuyển sinh chính thức của Trường Đại học FPT",
			"Sẽ thật nhàm chán và đôi chút tiếc nuối nếu cuộc sống sinh viên chỉ lặp đi lặp lại, quanh quẩn với lịch trình lên lớp rồi về nhà. Thay vào đó, việc tham gia một CLB liên quan đến lĩnh vực yêu thích hoặc ngay cả một CLB mà bạn chẳng hề biết gì sẽ giúp chúng ta phát huy được điểm mạnh cá nhân, mở rộng mối quan hệ và đặc biệt là nâng cao các kỹ năng mềm cần thiết.",
			"Có khoảng hơn 40 CLB đủ lĩnh vực từ học thuật đến nghệ thuật, chưa kể nhiều CLB mới được các bạn sinh viên thành lập mỗi năm. Bước chân ra khỏi giảng đường, bạn hoàn toàn có thể ‘rơi’ vào một sự kiện nào đó do chính bạn bè đồng môn của mình đang tổ chức. Cùng chờ đón ngày hội Câu lạc bộ – Ngày hội “quốc dân” sẽ được tổ chức vào đầu năm học mới nhé!",
			"Thanh xuân là tuổi chúng ta góp sức trẻ cho cộng đồng, ươm mầm sống trên khắp mọi nẻo đất nước. Trước khi kết thúc thời sinh viên của mình, bạn hãy một lần tham gia các hoạt động tình nguyện. Đó không chỉ là ngày tháng chúng ta góp một phần công sức nhỏ bé để xây dựng và phát triển đất nước mà còn là khoảng khắc khó quên khi được cùng ăn, cùng ngủ, cùng trải qua mưa nắng với mọi người để hòa nhập và dạn dĩ hơn.",
			"Nếu yêu thích các hoạt động tình nguyện bạn có thể tham gia CLB Vì cộng đồng iGO tại Đại học FPT Hà Nội, CLB Cộng đồng sinh viên tình nguyện Sitigroup tại Đại học FPT TP.HCM… Đây là những CLB thường xuyên tổ chức các hoạt động vì cộng đồng như hiến máu nhân đạo, dự án quyên góp sách, hỗ trợ trẻ em vùng cao, Hoa hướng dương hướng về trẻ ung thư…",
			"Thi cử tưởng như một áp lực mà các bạn học sinh sinh viên luôn muốn tránh xa. Tuy nhiên, thử ghi danh và nỗ lực hết mình tại một cuộc thi, biết đâu bạn lại có thể thấy mình có thể vượt xa giới hạn của bản thân trước đây, cũng như “ẵm” về những phần thưởng cực kỳ hẫp dẫn. Và dù có đạt giải hay không đây vẫn sẽ là một trải nghiệm quý báu giúp chúng ta tích lũy kinh nghiệm, làm quen nhiều bạn mới tài năng.",
			"Đại học FPT luôn hỗ trợ và tạo điều kiện giúp sinh viên phát triển, chẳng thế mà danh sách các cuộc thi tại Trường ngày càng nối dài từ học thuật cho đến nghệ thuật như: FPT Edu Hackathon, FPT Edu Color Up, FPT Edu Research Festival (ResFes), FPTU Talent Show, The Face FPTU…",
			"Bên cạnh việc được đào tạo định hướng theo nhu cầu doanh nghiệp, chú trọng trải nghiệm thực tế, sinh viên Đại học FPT vẫn được khuyến khích tham gia nghiên cứu khoa học. Hội thảo sinh viên nghiên cứu khoa học do ĐH FPT tổ chức định kỳ là cơ hội để sinh viên ứng dụng những kiến thức đã học, củng cố kiến thức, nâng cao kỹ năng cho công việc tương lai.",
			"Nhiều sinh viên Đại học FPT đã tham gia nghiên cứu khoa học cả trong và ngoài nước, thậm chí các bài nghiên cứu còn được xuất bản trên các tạp chí khoa học danh tiếng hay được trình bày tại các hội nghị quốc tế.",
			"Các bạn trẻ luôn được khuyến khích học tập kỹ năng mềm để phát triển bản thân. Bên cạnh ngành học chính theo đuổi, kỹ năng mềm sẽ là lợi thế cho sinh viên trong cuộc sống cũng như công việc sau này.",
			"Sinh viên ĐH FPT có vô số khóa học hay workshop do phòng Công tác sinh viên hay phòng IC-PDP (Phòng hợp tác quốc tế và Phát triển cá nhân) tổ chức như “Hồ sen chờ ai”, “Hành trình 7 ngày trải nghiệm”, “48h chuyển động”, “Tour xuyên Việt… hay các khoá học như “Khoá học trà đạo”, “Khoá học đọc hiểu truyền thông”, “Khoá học về hội hoạ”, “Khóa học Friend With Bàn tiệc”… Được làm giàu thêm trải nghiệm cá nhân, sinh viên ĐH FPT tự trang bị bộ kỹ năng sống hữu ích. Với những kỹ năng này, các bạn có thể tự tin dấn thân, trải nghiệm nhiều hoạt động thực tế trong đời sống.",
			"PV",
			"Khu Giáo dục và Đào tạo – Khu Công nghệ cao Hòa Lạc – Km29 Đại lộ Thăng Long, H. Thạch Thất,\nTP. Hà Nội",
			"Điện thoại: 024 7300 1866",
			"Email: daihocfpt@fpt.edu.vn",
			"Lô E2a-7, Đường D1 Khu Công nghệ cao, P. Long Thạnh Mỹ, TP. Thủ Đức, TP. Hồ Chí Minh",
			"Điện thoại: 028 7300 1866",
			"Email: daihocfpt@fpt.edu.vn",
			"Khu đô thị công nghệ FPT Đà Nẵng, P. Hoà Hải, Q. Ngũ Hành Sơn, TP. Đà Nẵng",
			"Điện thoại: 0236 730 1866",
			"Email: daihocfpt@fpt.edu.vn",
			"Số 600 Đường Nguyễn Văn Cừ (nối dài), P. An Bình, Q. Ninh Kiều, TP. Cần Thơ",
			"Điện thoại: 0292 730 1866",
			"Email: daihocfpt@fpt.edu.vn",
			"Khu đô thị mới An Phú Thịnh, Phường Nhơn Bình & Phường Đống Đa, TP. Quy\nNhơn, Bình Định",
			"Điện thoại: 0256 730 1866 /0256 7300 999",
			"Email: daihocfpt@fpt.edu.vn"
		],
		"label": [
			"Tìm kiếm",
			"Tìm kiếm"
		],
		"button": [
			"×",
			"Đăng ký",
			"Đóng"
		],
		"span": [
			"Trang chủ",
			"Hoạt động sinh viên",
			"Vì sao gọi Đại học FPT là trường đại học giàu trải nghiệm?",
			"bởi",
			"Bài trước",
			"Bài trước:",
			"← Tự hào dân tộc qua những giai điệu hòa tấu nhạc cụ truyền thống",
			"Bài tiếp",
			"Bài tiếp:",
			"Đại học FPT Đà Nẵng tổ chức ngày hội việc làm →"
		],
		"h1": [
			"Vì sao gọi Đại học FPT là trường đại học giàu trải nghiệm?"
		],
		"time": [
			"Thứ Hai, ngày 22 tháng 08 năm 2022",
			"22/08/2022",
			"05/02/2024",
			"05/02/2024",
			"05/02/2024",
			"02/02/2024",
			"01/02/2024"
		],
		"strong": [
			"Có cả tá lý do khiến các hoạt động trải nghiệm ở ĐH FPT hấp dẫn, lôi cuốn và đem lại cho sinh viên những giá trị đích thực. Dưới đây là 5 hoạt động trải nghiệm đáng nhớ nhất trong quãng đời sinh viên tại ngôi trường màu cam này. Em cùng tìm hiểu nhé!",
			"Trở thành thành viên của",
			"một Câu",
			"lạc bộ",
			"Tham gia hoạt động tình nguyện",
			"Thử sức tại các cuộc thi",
			"Tham gia nghiên cứu khoa học",
			"Trải nghiệm các lớp học kỹ năng mềm"
		],
		"em": [
			"Kỹ năng giá trị nhiều khi đến từ việc trải nghiệm những hoạt động bình thường trong đời sống sinh viên.",
			"Càng giàu trải nghiệm, sinh viên ĐH FPT càng khám phá nhiều tiềm năng của bản thân",
			"N",
			"hiều sinh viên ĐH FPT sau khi có thêm trải nghiệm ở trường đã xác định và quyết tâm theo đuổi mục tiêu mà họ cho là quan trọng nhất.",
			"Kỹ năng giá trị nhiều khi đến từ việc trải nghiệm những hoạt động bình thường trong đời sống sinh viên"
		],
		"h2": [
			"Điều hướng bài viết"
		],
		"h4": [
			"HÀ NỘI",
			"TP. HỒ CHÍ MINH",
			"ĐÀ NẴNG",
			"CẦN THƠ",
			"Quy Nhơn"
		],
		"h3": [
			"Đăng ký tư vấn"
		],
		"b": [
			"Hãy để lại SĐT để cán bộ nhà trường hỗ trợ bạn sớm nhất nhé"
		],
		"option": [
			"Tỉnh / Thành phố *",
			"An Giang",
			"Bà Rịa-Vũng Tàu",
			"Bắc Giang",
			"Bắc Kạn",
			"Bạc Liêu",
			"Bắc Ninh",
			"Bến Tre",
			"Bình Dương",
			"Bình Định",
			"Bình Phước",
			"Bình Thuận",
			"Cà Mau",
			"Cần Thơ",
			"Cao Bằng",
			"Cục Cảnh sát ĐKQL cư trú và DLQG về dân cư",
			"Cục Cảnh sát quản lý hành chính về trật tự xã hội",
			"Đà Nẵng",
			"Đắk Lắk",
			"Đăk Nông",
			"Điện Biên",
			"Đồng Nai",
			"Đồng Tháp",
			"Gia Lai",
			"Hà Giang",
			"Hà Nam",
			"Hà Tĩnh",
			"Hải Dương",
			"Hải Phòng",
			"Hậu Giang",
			"Hoà Bình",
			"Hưng Yên",
			"Khánh Hoà",
			"Kiên Giang",
			"Kon Tum",
			"Lai Châu",
			"Lâm Đồng",
			"Lạng Sơn",
			"Lào Cai",
			"Long An",
			"Nam Định",
			"Nghệ An",
			"Ninh Bình",
			"Ninh Thuận",
			"Phú Thọ",
			"Phú Yên",
			"Quảng Bình",
			"Quảng Nam",
			"Quảng Ngãi",
			"Quảng Ninh",
			"Quảng Trị",
			"Sóc Trăng",
			"Sơn La",
			"Tây Ninh",
			"Thái Bình",
			"Thái Nguyên",
			"Thanh Hoá",
			"Thừa Thiên - Huế",
			"Tiền Giang",
			"Trà Vinh",
			"Tuyên Quang",
			"Vĩnh Long",
			"Vĩnh Phúc",
			"Yên Bái",
			"Hà Nội",
			"TP. Hồ Chí Minh"
		]
	},
	"url": "https://daihoc.fpt.edu.vn/vi-sao-goi-dai-hoc-fpt-la-truong-dai-hoc-giau-trai-nghiem/"
}