{
	"data": {
		"title": [
			"Information System – FPT University"
		],
		"div": [
			"© 2024 FPT University. All rights reserved."
		],
		"img": [
			"Trường đại học FPT"
		],
		"p": [
			"Table of Contents",
			"with qualities and capacities to meet the needs of society, mastering professional knowledge and practice, being able to organize, implement and promote the creativity in jobs related to the trained specialization (Software Engineering, Information System, Information Assurance, Internet of Things, Artificial Intelligence).",
			"The training program aims to:",
			"Graduates of the IT training program must demonstrate the following:",
			"Having basic knowledge of social sciences, politics and law, security and defense, foundational knowledge of the IT industry & in-depth knowledge of the specialized training: techniques, methods, technologies, in-depth application areas; development trends in the world; at the same time understand the overall market, context, functions and tasks of the professions in the specialized training.",
			"Be able to work as a full member of a professional team in the field of training: participate in designing, selecting techniques and technologies in line with development trends, solving technical problems; understand technology trends and user requirements; can do the complete solution development plan; performance management and change management in his or her part of the job; understand state policies in specialized fields.",
			"Mastering professional skills and soft skills of 21st century citizens (thinking skills, work skills, skills in using work tools, life skills in a global society);",
			"Can use English well in study and work and a second foreign language in normal communication.",
			"Honesty, high discipline in study and work, know how to work effectively in groups; know how to behave culturally at work and in society; dynamic, creative and willing to learn constantly. Demonstrate professional attitude and behavior with the ability to conceive of ideas, design, implement and operate systems in the context of corporation and society.",
			"Graduates of Information Systems have diverse employment opportunities with some typical job positions such as:",
			"145 credits, excluding Orientation and General Training Program and Preparation English."
		],
		"a": [
			"FPT University",
			"Vietnamese",
			"English",
			"About",
			"President’s Messages",
			"FPT University",
			"Organizational Chart",
			"Faculty & Staff",
			"Recruitment Process",
			"Faculty",
			"Faculty of Business – Hanoi campus",
			"IT-related Departments",
			"Language-related Departments",
			"General Education Departments",
			"Students",
			"Admission",
			"Admission Regulations",
			"Scholarship & Financial Aids",
			"Tuition Fee",
			"Forms and Documents",
			"FAQs",
			"Student life",
			"Course Schedule",
			"Facilities",
			"Virtual Tour",
			"Program of Study",
			"Bachelor of Information Technology",
			"Software Engineering",
			"Information System",
			"Information Assurance",
			"Internet of Things",
			"Artificial Intelligence",
			"Digital Art & Design",
			"Bachelor of Business Administration",
			"Bachelor of English Studies",
			"Bachelor of Japanese Studies",
			"Bachelor of Korean Studies",
			"Syllabi",
			"News & Events",
			"Research",
			"Policy",
			"Publications",
			"Resources and Research Tools",
			"Faculty Exchange",
			"Accreditation",
			"ACBSP",
			"AQAS",
			"CDIO",
			"ISO Standards",
			"Sustainable Development",
			"Sustainable Development Policy",
			"SDGs Report",
			"Traditional Music",
			"Vovinam",
			"Documents",
			"Employee Handbook & Policies",
			"Forms & Templates for Lecturer",
			"Forms & Templates for Students",
			"Stakeholder involvement",
			"Certificates & Recognitions",
			"Student Achievement",
			"Contact",
			"Training Objectives",
			"1 General objective:",
			"2 Specific objectives:",
			"3. Career prospects",
			"Program Learning Outcomes",
			"Volume of knowledge of the program",
			"Admission eligibility",
			"Training process, graduating conditions",
			"Evaluation method",
			"A guide to implementation",
			"Online Consulting: (024)/(028) 73001866"
		],
		"span": [
			"Search for:",
			"Toggle"
		],
		"li": [
			"To equip students with fundamental knowledge of the IT industry together with fundamental and specialized methodologies, technologies related to the trained specialization;",
			"Train students the necessary virtues and skills in the professional working environment, know how to apply fundamental knowledge and specialized knowledge into practical work;",
			"Provide students with a strong foundation in foreign languages, science, culture and society, promoting their autonomy and creativity in the study, work and life.",
			"Administrators of the database systems;",
			"Information system designers, analysts, consultants;",
			"Specialists developing applications for information systems;",
			"Experts specializing in deploying and operating ERP and CRM systems;",
			"Managers of information/knowledge systems.",
			"In accordance with regulations on formal university enrollment; college enrollment of the Ministry of Education and Training.",
			"In accordance with regulations on enrollment of FPT university.",
			"In accordance with regulations on formal university and college training of the Ministry of Education and Training.",
			"In accordance with regulations on training of FPT University.",
			"In accordance with regulations on examination and assessment in the training regulations of FPT University.",
			"Most of the courses of major and specialized knowledge and skills will use materials and exams in English.",
			"Forms of teaching and learning: about 80% of the total courses will be deployed in the form of on-campus teaching (offline) and 20% will be studied online (on FPT-Coursera platform, etc.) with assessment tests are performed at school. There will be 1 online course/semester on average.",
			"To ensure a smooth training process, specializations need to have the same roadmap for implementing the blocks of the general knowledge and skills and the major knowledge and skills.",
			"Sandwich model: The overall training program is implemented in 4 phases, students must complete the previous period before moving to the following one:",
			"Phase 1 – Preparation: Students are required to get a general English level equivalent to IELTS 6.0 before moving to learn professional programs (from 1 to 3 semesters);",
			"Phase 2 – Foundation: General knowledge and foundation courses (the first 5 semesters);",
			"Phase 3 – On-the-Job-Training (semester 6);",
			"Choose teaching and learning methods that help promote students’ experiences in university such as group work experiences, internship experiences and academic experiences in various forms within courses and learning periods.",
			"Exploit and apply a variety of teaching and learning methods such as social constructionism, experiencing, learning through projects, collaboration, etc. to enhance students’ active learning, facilitate and instruct learners to access and utilize knowledge from different learning materials and utilize the strengths of methods in the new technology era."
		],
		"h1": [
			"Information System"
		],
		"strong": [
			"Training Objectives",
			"Training Information Technology (IT) engineers",
			"PO1.",
			"PO2.",
			"PO3.",
			"PO4.",
			"PO5.",
			"3. Career prospects",
			"Program Learning Outcomes",
			"1",
			"GENERAL KNOWLEDGE AND SKILLS",
			"2",
			"ETHICAL QUALITIES AND ATTITUDES",
			"3",
			"MAJOR KNOWLEDGE AND SKILLS",
			"4",
			"SPECIALIZED",
			"KNOWLEDGE AND SKILLS",
			"Volume of knowledge of the program",
			"No.",
			"Module",
			"Duration/Number of courses",
			"Credits",
			"Notes",
			"Admission eligibility",
			"Training process, graduating conditions",
			"Evaluation method",
			"A guide to implementation",
			"Training methods",
			":",
			"2. Teaching and Learning Methods:"
		],
		"h4": [
			"1 General objective:",
			"2 Specific objectives:"
		],
		"td": [
			"PLO1",
			"Demonstrate basic knowledge of social sciences, politics and law, national security and defense, contributing to the formation of worldview and scientific methodology",
			"PLO2",
			"Demonstrate an entrepreneurial, creative, critical, and problem-solving mindset",
			"PLO3",
			"Communicating and working in groups effectively in academic and practical environments",
			"PLO4",
			"Use English proficiently in communication and learning (equivalent to level 4 according to the 6-level Foreign Language Proficiency Framework for Vietnam, IELTS 6.0 or TOEFL (paper) 575-600 or TOEFL (iBT) 90 -100); and be able to communicate simply in Japanese.",
			"PLO5",
			"Demonstrate professional behaviors, morality, social responsibilities and a sense of dedication to community",
			"PLO6",
			"Be mentally and physically strong, be capable of expressing national identity and integrating confidently into the world",
			"PLO7",
			"Develop self-study and lifelong learning spirit and capabilities to adapt to the constant change of technology and society",
			"PLO8",
			"Be able to explain and apply essential mathematical knowledge related to information technology: Calculus, discrete math, linear algebra",
			"PLO9",
			"Be able to explain at a basic level the concepts related to computer architecture, operating systems, computer networks, databases, etc.",
			"PLO10",
			"Be able to apply knowledge of programming, software development (including data structures and algorithms, programming techniques, object-oriented programming…) to develop applications",
			"PLO11",
			"Be able to explain different viewpoints on professional ethics, the role of careers in the IT field and related skills to choose the right major in the later stage",
			"PLO12",
			"Be able to apply knowledge of business, society, knowledge of management (especially project management) in professional work",
			"PLO13",
			"Be able to explain the roles and responsibilities of an information system specialist",
			"PLO14",
			"Be able to analyze and process information for decision-making purposes, especially the ability to process and analyze big data",
			"PLO15",
			"Be able to design, build and manage information systems to meet business requirements",
			"PLO16",
			"Be able to evaluate techniques and technologies related to information system, highlighting strengths and weaknesses of techniques and technologies",
			"PLO17",
			"Be able to update and utilize advanced tools and techniques in the field of information system in particular and IT in general",
			"PLO18",
			"Have in-depth knowledge and skills in the pursuit major or extensive knowledge and skills in the major close to the pursuit major",
			"1",
			"Orientation and General Training Program",
			"5 weeks",
			"0",
			"Certificate",
			"2",
			"Preparation English",
			"0 – 1 year",
			"0",
			"Certificate",
			"3",
			"Physical Education",
			"Interleaved",
			"6",
			"Certificate",
			"4",
			"Professional program, including On-the-Job-Training",
			"9 semesters",
			"139",
			"Accumulated grades",
			"4.1",
			"General knowledge and skills",
			"12 courses",
			"32",
			"4.2",
			"Major knowledge and skills, including OJT",
			"15 courses",
			"52",
			"4.3",
			"Specialized knowledge and skills",
			"11 courses",
			"40",
			"4.4",
			"Elective knowledge and skills",
			"5 courses",
			"15"
		],
		"em": [
			"Information System (IS)",
			"Specialization"
		]
	},
	"url": "https://daihoc.fpt.edu.vn/en/information-system/"
}