{
	"data": {
		"title": [
			"Nữ tiến sĩ IT tại Australia về Việt Nam làm giảng viên trường Đại học FPT - Trường Đại học FPT"
		],
		"div": [
			"›\n\n›",
			"© 2024 Bản quyền thuộc về Trường Đại học FPT.",
			"Đăng ký tư vấn"
		],
		"a": [
			"Trường Đại học FPT",
			"Vietnamese",
			"English",
			"Trang chủ",
			"Giới thiệu",
			"Lịch sử thành lập",
			"Tập đoàn FPT",
			"Tổ chức giáo dục FPT",
			"Triết lý đào tạo",
			"Các giải thưởng và thành tích",
			"Ban lãnh đạo",
			"Gắn kết cộng đồng",
			"Tin tức",
			"Tin tức chung",
			"Hoạt động sinh viên",
			"Sự kiện",
			"Tuyển dụng",
			"Hướng nghiệp",
			"Ngành học",
			"Công nghệ thông tin",
			"Công nghệ ô tô số",
			"Kỹ thuật phần mềm",
			"Hệ thống thông tin",
			"Trí tuệ nhân tạo",
			"An toàn thông tin",
			"Thiết kế Mỹ thuật số",
			"Quản trị kinh doanh",
			"Tài chính",
			"Digital Marketing",
			"Kinh doanh quốc tế",
			"Quản lý Logistics & Chuỗi cung ứng toàn cầu",
			"Quản trị khách sạn",
			"Quản trị Du lịch và Lữ hành",
			"Công nghệ truyền thông",
			"Quản trị truyền thông đa phương tiện",
			"Quan hệ công chúng",
			"Ngôn ngữ Anh",
			"Ngôn ngữ Nhật",
			"Ngôn ngữ Hàn Quốc",
			"Ngôn ngữ Trung Quốc (Dự kiến)",
			"Đời sống sinh viên",
			"Một ngày tại Đại học FPT",
			"Vì sao nên học tại Đại học FPT",
			"Sự hài lòng của sinh viên",
			"Môi trường học tập",
			"Chương trình học linh hoạt",
			"Đời sống sinh viên",
			"Ký túc xá",
			"Các CLB & Cộng đồng sinh viên",
			"Các hoạt động thể thao trong trường",
			"Dịch vụ hỗ trợ",
			"Định hướng và khởi đầu",
			"Tốt nghiệp",
			"Câu chuyện sinh viên",
			"Hợp tác",
			"Ngành công nghiệp và doanh nghiệp",
			"Chương trình trao đổi sinh viên",
			"Chương trình học tập tại nước ngoài",
			"Hợp tác quốc tế",
			"Trao đổi sinh viên",
			"Học kỳ nước ngoài",
			"Các trường đại học đối tác",
			"Cựu sinh viên",
			"Cộng đồng cựu sinh viên",
			"Họ đang làm việc tại đâu",
			"Tuyển sinh",
			"Đề án tuyển sinh",
			"Tin tuyển sinh",
			"Liên hệ",
			"Đăng nhập",
			"Nguyễn Thị Hồng Yến",
			"Không sợ môn đại cương, còn mê mẩn môn Triết với cách dạy của giảng viên Trường ĐH FPT",
			"Tiến sĩ 8x trở về Việt Nam cống hiến cho giáo dục",
			"Cựu sinh viên Đại học FPT giành học bổng tiến sĩ tại Pháp",
			"Nữ sinh trường F trong tà áo dài ngày Xuân",
			"Gặp gỡ đội tuyển NGT’s OPEN ROBOT trước giải đấu FIRST Tech Challenge Vietnam",
			"Tỏa sáng với nghiên cứu khoa học, nữ sinh ĐH FPT khẳng định bản lĩnh và tài năng",
			"Phim ngắn “Thoi vàng chỉ ngọc” của SV ĐH FPT tại Cần Thơ được công chiếu ở Lotte Cinema",
			"SV trường ĐH FPT Hà Nội đón “tết trên bản” 2024",
			"Vietnamese",
			"English",
			"Facebook",
			"Youtube",
			"Tik Tok",
			"Hotline: (024)/(028) 73001866 - (0236)/(0292) 7301866"
		],
		"img": [
			"cropped cropped 2021 FPTU Long",
			"cropped cropped 2021 FPTU Long",
			"tien si giang vien dhFPT",
			"tien si giang vien dhFPT",
			"sinh vien dai hoc fpt 8",
			"sinh vien dai hoc fpt 8",
			"dai hoc fpt 1",
			"dai hoc fpt 1",
			"my duyen",
			"my duyen",
			"fpt 5",
			"fpt 5",
			"dai hoc fpt 1",
			"dai hoc fpt 1",
			"thông báo tuyển bổ sung",
			"thông báo tuyển bổ sung"
		],
		"p": [
			"Trang thông tin tuyển sinh chính thức của Trường Đại học FPT",
			"Sau khi tốt nghiệp cử nhân Công nghệ thông tin tại Đại học Hà Nội, chị Tâm tiếp tục học thạc sĩ tại Đại học James Cook (Singapore) và tiến sĩ ở Đại học Monash (Australia). Đầu năm 2022, chị trở về nước và bắt đầu sự nghiệp giảng dạy tại Việt Nam với Trường Đại học FPT.",
			"Nữ tiến sĩ kể lại, thời điểm tốt nghiệp THPT, chị khá mông lung, không biết phải theo học ngành nào. Lúc này, chị gái của chị đã tư vấn về công nghệ thông tin với niềm tin ngành này có tiềm năng lớn, có thể ứng dụng trong nhiều lĩnh vực khác trong cuộc sống.",
			"Nghe theo chị gái, từ cô gái không quá hứng thú với các môn tự nhiên, cô nữ sinh khi đó bắt đầu nuôi đam mê với công nghệ thông tin. Chị Tâm chia sẻ, khi đó, công nghệ thông tin chưa phổ biến, người theo học, làm việc cũng chủ yếu là nam giới. Tuy nhiên, tính cách của chị khá mạnh mẽ nên khi tiếp xúc với một nghề có đa phần là nam giới như vậy, chị không e ngại.",
			"“Nhiều người hay gọi phụ nữ là ‘phái yếu’ nhưng với tôi, không nên đặt ai vào thế yếu ngay từ ban đầu. Khi mình có niềm đam mê và năng lực, không có ai yếu cả, mọi người đều mạnh mẽ như nhau”, chị khẳng định.",
			"Sau khi ra trường, dù đã lập gia đình và có con, chị vẫn quyết tâm theo đuổi con đường học tập. Chị du học tại Singapore, Australia một mình và nắm bắt mọi cơ hội có được. Với chương trình bậc tiến sĩ, TS. Tâm nhận được học bổng toàn phần, bao gồm cả học phí và phí sinh hoạt khi đạt kết quả tốt nghiệp thạc sĩ xuất sắc.",
			"Theo chị Thanh Tâm, điều khó khăn nhất khi học tập tại nước ngoài là phải xa gia đình, từ mình lo liệu toàn bộ cuộc sống và những cú sốc văn hóa.",
			"“Thế nhưng, gia đình không phải là rào cản mà là động lực để tôi cố gắng. Tôi đã tự hỏi, nếu chỉ có năng lực và thu nhập tầm trung, mình liệu có thể giúp con vào học các trường tốt hay không. Ở đâu cũng vậy, khi bằng cấp cao hơn, công việc tốt hơn, bố mẹ có thể lo cho tương lai con tốt hơn”, chị nói thêm.",
			"Những năm đầu học tiến sĩ cũng là lúc bùng phát Covid-19 trên toàn cầu. Tất cả đều diễn ra trực tuyến. Với hứng thú về dữ liệu người học từ trước đó, chị tận dụng bối cảnh này và thực hiện nhiều công trình nghiên cứu nhằm tăng cường sự kết nối trong lĩnh vực giáo dục.",
			"Đến nay, chị đã tham gia ba đề tài nghiên cứu và nhiều bài báo đăng tải trên các tạp chí khoa học quốc tế, chủ yếu về ứng dụng công nghệ thông tin vào phát triển giáo dục.",
			"Bên cạnh công việc nghiên cứu, nữ tiến sĩ sinh năm 1987 bắt đầu làm trợ giảng tại Đại học Monash từ năm thứ hai học tiến sĩ để có thêm kinh nghiệm, tích lũy kỹ năng. Từ đây, chị khám phá thêm niềm đam mê với giáo dục.",
			"Sau bốn năm làm công việc giảng dạy tại Đại học Monash, TS. Tâm quyết định trở lại Việt Nam để gần gia đình hơn và đưa những điều mình đã học được để phát triển giáo dục trong nước. Lúc mới về nước, chị cân nhắc làm việc giữa hai đơn vị và quyết định chọn Trường Đại học FPT. Bởi lẽ, trước khi đi du học, chị từng có khoảng thời gian làm việc tại một công ty thành viên thuộc Tập đoàn FPT và nhận thấy môi trường năng động sáng tạo.",
			"Sau một thời gian cộng tác với Trường Đại học FPT, chị quyết định gắn bó với trường khi nhận thấy đồng nghiệp thân thiện, luôn sẵn sàng giúp đỡ nhau, môi trường cởi mở, khơi ngợi sự sáng tạo, khuyến khích phát triển năng lực cá nhân. Đồng thời, trường nằm trong hệ sinh thái của một tập đoàn công nghệ. Nữ tiến sĩ có thể tận dụng lợi thế này để tiếp tục phát triển bản thân.",
			"TS. Thanh Tâm chia sẻ, Trường Đại học FPT có nhiều chính sách hỗ trợ cho các tiến sĩ để thúc đẩy nghiên cứu khoa học. Đơn vị các cơ chế hỗ trợ và khen thưởng cho giảng viên, giảng viên – nghiên cứu viên có thành tích nghiên cứu khoa học xuất sắc. Trường cũng cấp mức kinh phí đến 100 triệu đồng cho mỗi đề tài nghiên cứu cấp trường; thưởng 20-100 triệu đồng cho mỗi công trình nghiên cứu được công bố trên các tạp chí khoa học thuộc danh mục ISI/Scopus…",
			"Bên cạnh đó, chị cũng ấn tượng với sinh viên FPT. Hầu hết các bạn đều năng động và cởi mở. Nữ tiến sĩ chia sẻ thêm, trong quá trình giảng dạy tại Australia, bản thân cũng gặp một số tình huống về định kiến giới. Sinh viên thường có xu hướng tin tưởng giảng viên nam hơn bởi có thể khi trải nghiệm trong ngành chưa đủ lớn, các bạn thường có góc nhìn toàn cảnh là ngành này hầu hết là nam giới làm việc.",
			"Trong khi đó, Trường Đại học FPT đề cao sự sáng tạo để mỗi giảng viên tận dụng tối đa tiềm lực cá nhân trong quá trình giảng dạy. Mỗi người có thể áp dụng cách thức giảng dạy riêng. Vì vậy, trong quá trình lên lớp, sinh viên FPT sẵn sàng chia sẻ và trao đổi để giảng viên đánh giá mức độ hiệu quả của phương pháp mình đưa ra..",
			"Trong thời gian tới, mục tiêu ngắn hạn của TS. Thanh Tâm là trau dồi, cập nhật kiến thức nhiều hơn để có thể giảng dạy ở nhiều nhóm môn. Sau khi có nền tảng vững chắc hơn, chị muốn thực hiện song song công việc giảng dạy và nghiên cứu công nghệ mới trong lĩnh vực giáo dục.",
			"“Tôi luôn chú trọng mục đích nâng cao trải nghiệm học cho sinh viên. FPT có nhiều hệ thống hỗ trợ học tập. Từ đó, tôi có thể thu thập được nhiều dữ liệu học tập của sinh viên, sử dụng và điều chỉnh lại. Điều này phục vụ rất lớn cho mục tiêu nghiên cứu của tôi”, chị nói thêm về mục tiêu dài hạn của mình.",
			"Cho sinh viên làm tem phiếu, nấu bo bo để học Lịch sử Đảng, đưa cả lớp đi tham quan Bảo tàng Thành phố để học Tư tưởng Hồ Chí Minh… Bằng cách “mềm hóa” các môn lý luận chính trị sao cho gần gũi với cuộc sống, gắn...",
			"Nguyễn Đình Chi (sinh năm 1988) trở về Việt Nam sau nhiều năm hoạt động tại Hàn Quốc, Singapore với khát khao thúc đẩy lĩnh vực nghiên cứu công nghệ mới cho sinh viên. Chi tốt nghiệp ngành Điện tử viễn thông tại Học viện Kỹ thuật...",
			"Nguyễn Phượng Hoa 3 lần giành học bổng vào ĐH FPT, thạc sĩ và trở thành nghiên cứu sinh tiến sĩ tại Pháp. Nhiều năm học và làm việc ở nước ngoài, Phượng Hoa cho biết trải nghiệm môi trường thực tế giúp hoàn thiện kỹ năng chuyên...",
			"Khu Giáo dục và Đào tạo – Khu Công nghệ cao Hòa Lạc – Km29 Đại lộ Thăng Long, H. Thạch Thất,\nTP. Hà Nội",
			"Điện thoại: 024 7300 1866",
			"Email: daihocfpt@fpt.edu.vn",
			"Lô E2a-7, Đường D1 Khu Công nghệ cao, P. Long Thạnh Mỹ, TP. Thủ Đức, TP. Hồ Chí Minh",
			"Điện thoại: 028 7300 1866",
			"Email: daihocfpt@fpt.edu.vn",
			"Khu đô thị công nghệ FPT Đà Nẵng, P. Hoà Hải, Q. Ngũ Hành Sơn, TP. Đà Nẵng",
			"Điện thoại: 0236 730 1866",
			"Email: daihocfpt@fpt.edu.vn",
			"Số 600 Đường Nguyễn Văn Cừ (nối dài), P. An Bình, Q. Ninh Kiều, TP. Cần Thơ",
			"Điện thoại: 0292 730 1866",
			"Email: daihocfpt@fpt.edu.vn",
			"Khu đô thị mới An Phú Thịnh, Phường Nhơn Bình & Phường Đống Đa, TP. Quy\nNhơn, Bình Định",
			"Điện thoại: 0256 730 1866 /0256 7300 999",
			"Email: daihocfpt@fpt.edu.vn"
		],
		"label": [
			"Tìm kiếm",
			"Tìm kiếm"
		],
		"button": [
			"×",
			"Đăng ký",
			"Đóng"
		],
		"span": [
			"Trang chủ",
			"Tin tức chung",
			"Nữ tiến sĩ IT tại Australia về Việt Nam làm giảng viên trường Đại học FPT",
			"bởi",
			"Bài trước",
			"Bài trước:",
			"← Những khoảnh khắc ấn tượng trong Lễ Tôn Vinh học kỳ Summer 2023 ĐH FPT",
			"Bài tiếp",
			"Bài tiếp:",
			"FPT khẳng định vị thế quốc tế bằng diễn đàn công nghệ Techday 2023 →"
		],
		"h1": [
			"Nữ tiến sĩ IT tại Australia về Việt Nam làm giảng viên trường Đại học FPT"
		],
		"time": [
			"Thứ Năm, ngày 26 tháng 10 năm 2023",
			"05/02/2024",
			"05/02/2024",
			"05/02/2024",
			"02/02/2024",
			"01/02/2024"
		],
		"em": [
			"Nhân vật cung cấp"
		],
		"strong": [
			"Nguyễn Thanh Tâm (sinh năm 1987) chọn khoa học tự nhiên theo lời khuyên của chị gái, và nhiều năm sau từ bỏ sự nghiệp tại Australia về nước làm giảng viên Trường Đại học FPT.",
			"Theo Vnxpress"
		],
		"figcaption": [
			"TS. Nguyễn Thanh Tâm du học thạc sĩ, tiến sĩ tại Singapore và Australia. Ảnh:"
		],
		"h2": [
			"Bài viết liên quan",
			"Điều hướng bài viết"
		],
		"h3": [
			"Đăng ký tư vấn"
		],
		"h4": [
			"HÀ NỘI",
			"TP. HỒ CHÍ MINH",
			"ĐÀ NẴNG",
			"CẦN THƠ",
			"Quy Nhơn"
		],
		"b": [
			"Hãy để lại SĐT để cán bộ nhà trường hỗ trợ bạn sớm nhất nhé"
		],
		"option": [
			"Tỉnh / Thành phố *",
			"An Giang",
			"Bà Rịa-Vũng Tàu",
			"Bắc Giang",
			"Bắc Kạn",
			"Bạc Liêu",
			"Bắc Ninh",
			"Bến Tre",
			"Bình Dương",
			"Bình Định",
			"Bình Phước",
			"Bình Thuận",
			"Cà Mau",
			"Cần Thơ",
			"Cao Bằng",
			"Cục Cảnh sát ĐKQL cư trú và DLQG về dân cư",
			"Cục Cảnh sát quản lý hành chính về trật tự xã hội",
			"Đà Nẵng",
			"Đắk Lắk",
			"Đăk Nông",
			"Điện Biên",
			"Đồng Nai",
			"Đồng Tháp",
			"Gia Lai",
			"Hà Giang",
			"Hà Nam",
			"Hà Tĩnh",
			"Hải Dương",
			"Hải Phòng",
			"Hậu Giang",
			"Hoà Bình",
			"Hưng Yên",
			"Khánh Hoà",
			"Kiên Giang",
			"Kon Tum",
			"Lai Châu",
			"Lâm Đồng",
			"Lạng Sơn",
			"Lào Cai",
			"Long An",
			"Nam Định",
			"Nghệ An",
			"Ninh Bình",
			"Ninh Thuận",
			"Phú Thọ",
			"Phú Yên",
			"Quảng Bình",
			"Quảng Nam",
			"Quảng Ngãi",
			"Quảng Ninh",
			"Quảng Trị",
			"Sóc Trăng",
			"Sơn La",
			"Tây Ninh",
			"Thái Bình",
			"Thái Nguyên",
			"Thanh Hoá",
			"Thừa Thiên - Huế",
			"Tiền Giang",
			"Trà Vinh",
			"Tuyên Quang",
			"Vĩnh Long",
			"Vĩnh Phúc",
			"Yên Bái",
			"Hà Nội",
			"TP. Hồ Chí Minh"
		]
	},
	"url": "https://daihoc.fpt.edu.vn/nu-tien-si-it-tai-australia-ve-viet-nam-lam-giang-vien-truong-dai-hoc-fpt/"
}