{
	"data": {
		"title": [
			"Sinh viên Đại học FPT Hà Nội xuất sắc tiến vào chung kết IoT Showcase Contest - Trường Đại học FPT"
		],
		"div": [
			"›\n\n›",
			"© 2024 Bản quyền thuộc về Trường Đại học FPT.",
			"Đăng ký tư vấn"
		],
		"a": [
			"Trường Đại học FPT",
			"Vietnamese",
			"English",
			"Trang chủ",
			"Giới thiệu",
			"Lịch sử thành lập",
			"Tập đoàn FPT",
			"Tổ chức giáo dục FPT",
			"Triết lý đào tạo",
			"Các giải thưởng và thành tích",
			"Ban lãnh đạo",
			"Gắn kết cộng đồng",
			"Tin tức",
			"Tin tức chung",
			"Hoạt động sinh viên",
			"Sự kiện",
			"Tuyển dụng",
			"Hướng nghiệp",
			"Ngành học",
			"Công nghệ thông tin",
			"Công nghệ ô tô số",
			"Kỹ thuật phần mềm",
			"Hệ thống thông tin",
			"Trí tuệ nhân tạo",
			"An toàn thông tin",
			"Thiết kế Mỹ thuật số",
			"Quản trị kinh doanh",
			"Tài chính",
			"Digital Marketing",
			"Kinh doanh quốc tế",
			"Quản lý Logistics & Chuỗi cung ứng toàn cầu",
			"Quản trị khách sạn",
			"Quản trị Du lịch và Lữ hành",
			"Công nghệ truyền thông",
			"Quản trị truyền thông đa phương tiện",
			"Quan hệ công chúng",
			"Ngôn ngữ Anh",
			"Ngôn ngữ Nhật",
			"Ngôn ngữ Hàn Quốc",
			"Ngôn ngữ Trung Quốc (Dự kiến)",
			"Đời sống sinh viên",
			"Một ngày tại Đại học FPT",
			"Vì sao nên học tại Đại học FPT",
			"Sự hài lòng của sinh viên",
			"Môi trường học tập",
			"Chương trình học linh hoạt",
			"Đời sống sinh viên",
			"Ký túc xá",
			"Các CLB & Cộng đồng sinh viên",
			"Các hoạt động thể thao trong trường",
			"Dịch vụ hỗ trợ",
			"Định hướng và khởi đầu",
			"Tốt nghiệp",
			"Câu chuyện sinh viên",
			"Hợp tác",
			"Ngành công nghiệp và doanh nghiệp",
			"Chương trình trao đổi sinh viên",
			"Chương trình học tập tại nước ngoài",
			"Hợp tác quốc tế",
			"Trao đổi sinh viên",
			"Học kỳ nước ngoài",
			"Các trường đại học đối tác",
			"Cựu sinh viên",
			"Cộng đồng cựu sinh viên",
			"Họ đang làm việc tại đâu",
			"Tuyển sinh",
			"Đề án tuyển sinh",
			"Tin tuyển sinh",
			"Liên hệ",
			"Đăng nhập",
			"Nguyễn Thị Mơ",
			"Nữ sinh trường F trong tà áo dài ngày Xuân",
			"Gặp gỡ đội tuyển NGT’s OPEN ROBOT trước giải đấu FIRST Tech Challenge Vietnam",
			"Tỏa sáng với nghiên cứu khoa học, nữ sinh ĐH FPT khẳng định bản lĩnh và tài năng",
			"Phim ngắn “Thoi vàng chỉ ngọc” của SV ĐH FPT tại Cần Thơ được công chiếu ở Lotte Cinema",
			"SV trường ĐH FPT Hà Nội đón “tết trên bản” 2024",
			"Vietnamese",
			"English",
			"Facebook",
			"Youtube",
			"Tik Tok",
			"Hotline: (024)/(028) 73001866 - (0236)/(0292) 7301866"
		],
		"img": [
			"cropped cropped 2021 FPTU Long",
			"cropped cropped 2021 FPTU Long",
			"sinh vien dai hoc fpt 8",
			"sinh vien dai hoc fpt 8",
			"dai hoc fpt 1",
			"dai hoc fpt 1",
			"my duyen",
			"my duyen",
			"fpt 5",
			"fpt 5",
			"dai hoc fpt 1",
			"dai hoc fpt 1",
			"thông báo tuyển bổ sung",
			"thông báo tuyển bổ sung"
		],
		"p": [
			"Trang thông tin tuyển sinh chính thức của Trường Đại học FPT",
			"Tham gia đánh giá chất lượng sản phẩm dự thi của các đội chơi tại vòng sơ loại miền Bắc cuộc thi IoT Showcase Contest có Thầy Phan Trường Lâm – Quản lý Đào tạo Khối Giáo dục với vai trò Chủ tịch Hội đồng Ban giám khảo (BGK) cùng các thầy cô, các chuyên gia công nghệ đến từ Tập đoàn FPT.",
			"Tại vòng sơ loại của cuộc thi IoT Showcase Contest, từng đội chơi sẽ phải thuyết trình và demo sản phẩm của nhóm mình trước BGK. Mỗi sản phẩm sẽ được đánh giá dựa theo các tiêu chí: Tính hoàn thiện của sản phẩm: chạy được và có thể kết nối tới Internet (40%), Tính sáng tạo của sản phẩm (20%), Mẫu mã sản phẩm (10%), Thuyết trình và trả lời câu hỏi (20%), Khả năng thương mại hóa của sản phẩm (10%).",
			"Tại cuộc thi, trường Đại học Đại học FPT Hà Nội tham dự với số lượng đội chơi lớn nhất, lên tới 6 đội với các sản phẩm:",
			"Chia sẻ về sản phẩm dự thi, hầu hết các đội chơi đều cho biết đã lên ý tưởng và hoàn thiện sản phẩm trong khoảng thời gian khá ngắn, từ 1 – 1.5 tháng. Bạn Cù Xuân Bách – Thành viên nhóm dự án Smart Rooms Management System cho biết:",
			"Từ phía BGK, anh Nguyễn Đình Mạnh Linh – Thành viên Ban Công nghệ Tập đoàn FPT đã đánh giá khá cao chất lượng các đội chơi năm nay:",
			"“ – Anh Mạnh Linh cho biết thêm.",
			"Chung cuộc, sản phẩm Smarthome control unit using Vietnamese speech command, Attendance Taking Support System for CCTV do các bạn sinh viên Đại học FPT phát triển đã xuất sắc giành chiến thắng với kết quả đầy thuyết phục.",
			"Sau vòng sơ loại, mỗi đội chiến thắng sẽ nhận được tài trợ của ban tổ chức để tiếp tục phát triển, hoàn thiện sản phẩm, phục vụ cho vòng chung kết cuộc thi sẽ diễn ra vào ngày 15-16/08 tới tại Cần Thơ.",
			"Khu Giáo dục và Đào tạo – Khu Công nghệ cao Hòa Lạc – Km29 Đại lộ Thăng Long, H. Thạch Thất,\nTP. Hà Nội",
			"Điện thoại: 024 7300 1866",
			"Email: daihocfpt@fpt.edu.vn",
			"Lô E2a-7, Đường D1 Khu Công nghệ cao, P. Long Thạnh Mỹ, TP. Thủ Đức, TP. Hồ Chí Minh",
			"Điện thoại: 028 7300 1866",
			"Email: daihocfpt@fpt.edu.vn",
			"Khu đô thị công nghệ FPT Đà Nẵng, P. Hoà Hải, Q. Ngũ Hành Sơn, TP. Đà Nẵng",
			"Điện thoại: 0236 730 1866",
			"Email: daihocfpt@fpt.edu.vn",
			"Số 600 Đường Nguyễn Văn Cừ (nối dài), P. An Bình, Q. Ninh Kiều, TP. Cần Thơ",
			"Điện thoại: 0292 730 1866",
			"Email: daihocfpt@fpt.edu.vn",
			"Khu đô thị mới An Phú Thịnh, Phường Nhơn Bình & Phường Đống Đa, TP. Quy\nNhơn, Bình Định",
			"Điện thoại: 0256 730 1866 /0256 7300 999",
			"Email: daihocfpt@fpt.edu.vn"
		],
		"label": [
			"Tìm kiếm",
			"Tìm kiếm"
		],
		"button": [
			"×",
			"Đăng ký",
			"Đóng"
		],
		"li": [
			"Temperature – Humidity Measurement,",
			"Smart Rooms Management System,",
			"Applied IoT and Cloud platform on smart building management,",
			"Smarthome control unit using Vietnamese speech command,",
			"Student behaviour checking in classroom,",
			"Attendance Taking Support System for CCTV."
		],
		"span": [
			"Trang chủ",
			"Hoạt động sinh viên",
			"Sinh viên Đại học FPT Hà Nội xuất sắc tiến vào chung kết IoT Showcase Contest",
			"bởi",
			"Bài trước",
			"Bài trước:",
			"← Tìm hiểu về Trí Tuệ Nhân Tạo (AI) – Công nghệ đột phá và dẫn dầu trong cuộc CMCN 4.0",
			"Bài tiếp",
			"Bài tiếp:",
			"Điều chỉnh nguyện vọng thi ĐH – sai một li, đi một dặm →"
		],
		"h1": [
			"Sinh viên Đại học FPT Hà Nội xuất sắc tiến vào chung kết IoT Showcase Contest"
		],
		"time": [
			"Thứ Ba, ngày 23 tháng 07 năm 2019",
			"23/07/2019",
			"05/02/2024",
			"05/02/2024",
			"05/02/2024",
			"02/02/2024",
			"01/02/2024"
		],
		"strong": [
			"Ngày 19/07/2019, vòng sơ loại miền Bắc cuộc thi IoT Showcase Contest đã diễn ra tại Hà Nội. Vòng sơ loại có sự tham gia của 14 đội chơi đến từ các trường Đại học, Cao đẳng trong Tổ chức giáo dục FPT. Ban giám khảo đã làm việc công tâm trong suốt gần 9 giờ để tìm ra 3 đội chơi xuất sắc tiến vào vòng chung kết cuộc thi.",
			"Tổng hợp"
		],
		"em": [
			"Thành phần BGK của cuộc thi",
			"“Nhóm chúng em biết tới cuộc thi vào thời điểm khá lưng chừng, vậy nên chúng em không có nhiều thời gian để hoàn thiện sản phẩm. Tuy nhiên, ngày hôm nay được tham dự vòng sơ loại cuộc thi, cá nhân em cảm thấy cuộc thi thú vị hơn những gì em đã tưởng tượng, đặc biệt là chúng em đã có cơ hội được tiếp cận những ý tưởng sáng tạo từ các đội chơi và nghe những lời góp ý chân thành từ BGK”.",
			"Các đội thi lần lượt thuyết trình về sản phẩm của mình trước BGK.",
			"“Với chủ dề IoT năm nay, các bạn đã đưa ra các bài toán tương đối cấp thiết đối với nhu cầu thực tiễn tại Việt Nam. Tuy nhiên bài toán một số nhóm đưa ra đang quá lớn, khiến các bạn khi trình bày không thể nói rõ ràng các bạn đang giải quyết cái gì trong đó. Tuy nhiên, có tới hơn 50% các sản phẩm các bạn mang đến ngày hôm nay đều có khả năng thương mại hóa tại Việt Nam nếu các bạn nghiêm túc phát triển nó từ prototype hiện nay. Đồng thời mình đánh giá cao sự nhiệt tình, chăm chỉ của các bạn để gấp rút hoàn thiện prototype của sản phẩm trong khoảng thời gian hơn 1 tháng mà ban tổ chức đưa ra”.",
			"Điểm mạnh của các bạn sinh viên hiện tại chính là việc được các thầy cô tại FPT định hướng rất tốt, các bạn sớm được tiếp cận với các bài toán thực tiễn. Tuy nhiên, do ý tưởng của một số đội mới, và các bạn chưa thử đưa sản phẩm của mình ra chạy thực tế nên nhiều khi các bạn chưa đánh giá được sản phẩm của mình tốt ở đâu, kém ở đâu”"
		],
		"h2": [
			"Điều hướng bài viết"
		],
		"h4": [
			"HÀ NỘI",
			"TP. HỒ CHÍ MINH",
			"ĐÀ NẴNG",
			"CẦN THƠ",
			"Quy Nhơn"
		],
		"h3": [
			"Đăng ký tư vấn"
		],
		"b": [
			"Hãy để lại SĐT để cán bộ nhà trường hỗ trợ bạn sớm nhất nhé"
		],
		"option": [
			"Tỉnh / Thành phố *",
			"An Giang",
			"Bà Rịa-Vũng Tàu",
			"Bắc Giang",
			"Bắc Kạn",
			"Bạc Liêu",
			"Bắc Ninh",
			"Bến Tre",
			"Bình Dương",
			"Bình Định",
			"Bình Phước",
			"Bình Thuận",
			"Cà Mau",
			"Cần Thơ",
			"Cao Bằng",
			"Cục Cảnh sát ĐKQL cư trú và DLQG về dân cư",
			"Cục Cảnh sát quản lý hành chính về trật tự xã hội",
			"Đà Nẵng",
			"Đắk Lắk",
			"Đăk Nông",
			"Điện Biên",
			"Đồng Nai",
			"Đồng Tháp",
			"Gia Lai",
			"Hà Giang",
			"Hà Nam",
			"Hà Tĩnh",
			"Hải Dương",
			"Hải Phòng",
			"Hậu Giang",
			"Hoà Bình",
			"Hưng Yên",
			"Khánh Hoà",
			"Kiên Giang",
			"Kon Tum",
			"Lai Châu",
			"Lâm Đồng",
			"Lạng Sơn",
			"Lào Cai",
			"Long An",
			"Nam Định",
			"Nghệ An",
			"Ninh Bình",
			"Ninh Thuận",
			"Phú Thọ",
			"Phú Yên",
			"Quảng Bình",
			"Quảng Nam",
			"Quảng Ngãi",
			"Quảng Ninh",
			"Quảng Trị",
			"Sóc Trăng",
			"Sơn La",
			"Tây Ninh",
			"Thái Bình",
			"Thái Nguyên",
			"Thanh Hoá",
			"Thừa Thiên - Huế",
			"Tiền Giang",
			"Trà Vinh",
			"Tuyên Quang",
			"Vĩnh Long",
			"Vĩnh Phúc",
			"Yên Bái",
			"Hà Nội",
			"TP. Hồ Chí Minh"
		]
	},
	"url": "https://daihoc.fpt.edu.vn/sinh-vien-dai-hoc-fpt-ha-noi-xuat-sac-tien-vao-chung-ket-iot-showcase-contest-mien-bac/"
}