{
	"data": {
		"title": [
			"Bộ Giáo dục lưu ý thí sinh tránh nhầm lẫn khi đăng ký bài thi tổ hợp - Trường Đại học FPT"
		],
		"div": [
			"›\n\n›",
			"© 2024 Bản quyền thuộc về Trường Đại học FPT.",
			"Đăng ký tư vấn"
		],
		"a": [
			"Trường Đại học FPT",
			"Vietnamese",
			"English",
			"Trang chủ",
			"Giới thiệu",
			"Lịch sử thành lập",
			"Tập đoàn FPT",
			"Tổ chức giáo dục FPT",
			"Triết lý đào tạo",
			"Các giải thưởng và thành tích",
			"Ban lãnh đạo",
			"Gắn kết cộng đồng",
			"Tin tức",
			"Tin tức chung",
			"Hoạt động sinh viên",
			"Sự kiện",
			"Tuyển dụng",
			"Hướng nghiệp",
			"Ngành học",
			"Công nghệ thông tin",
			"Công nghệ ô tô số",
			"Kỹ thuật phần mềm",
			"Hệ thống thông tin",
			"Trí tuệ nhân tạo",
			"An toàn thông tin",
			"Thiết kế Mỹ thuật số",
			"Quản trị kinh doanh",
			"Tài chính",
			"Digital Marketing",
			"Kinh doanh quốc tế",
			"Quản lý Logistics & Chuỗi cung ứng toàn cầu",
			"Quản trị khách sạn",
			"Quản trị Du lịch và Lữ hành",
			"Công nghệ truyền thông",
			"Quản trị truyền thông đa phương tiện",
			"Quan hệ công chúng",
			"Ngôn ngữ Anh",
			"Ngôn ngữ Nhật",
			"Ngôn ngữ Hàn Quốc",
			"Ngôn ngữ Trung Quốc (Dự kiến)",
			"Đời sống sinh viên",
			"Một ngày tại Đại học FPT",
			"Vì sao nên học tại Đại học FPT",
			"Sự hài lòng của sinh viên",
			"Môi trường học tập",
			"Chương trình học linh hoạt",
			"Đời sống sinh viên",
			"Ký túc xá",
			"Các CLB & Cộng đồng sinh viên",
			"Các hoạt động thể thao trong trường",
			"Dịch vụ hỗ trợ",
			"Định hướng và khởi đầu",
			"Tốt nghiệp",
			"Câu chuyện sinh viên",
			"Hợp tác",
			"Ngành công nghiệp và doanh nghiệp",
			"Chương trình trao đổi sinh viên",
			"Chương trình học tập tại nước ngoài",
			"Hợp tác quốc tế",
			"Trao đổi sinh viên",
			"Học kỳ nước ngoài",
			"Các trường đại học đối tác",
			"Cựu sinh viên",
			"Cộng đồng cựu sinh viên",
			"Họ đang làm việc tại đâu",
			"Tuyển sinh",
			"Đề án tuyển sinh",
			"Tin tuyển sinh",
			"Liên hệ",
			"Đăng nhập",
			"huonght20",
			"Nữ sinh trường F trong tà áo dài ngày Xuân",
			"Gặp gỡ đội tuyển NGT’s OPEN ROBOT trước giải đấu FIRST Tech Challenge Vietnam",
			"Tỏa sáng với nghiên cứu khoa học, nữ sinh ĐH FPT khẳng định bản lĩnh và tài năng",
			"Phim ngắn “Thoi vàng chỉ ngọc” của SV ĐH FPT tại Cần Thơ được công chiếu ở Lotte Cinema",
			"SV trường ĐH FPT Hà Nội đón “tết trên bản” 2024",
			"Vietnamese",
			"English",
			"Facebook",
			"Youtube",
			"Tik Tok",
			"Hotline: (024)/(028) 73001866 - (0236)/(0292) 7301866"
		],
		"img": [
			"cropped cropped 2021 FPTU Long",
			"cropped cropped 2021 FPTU Long",
			"sinh vien dai hoc fpt 8",
			"sinh vien dai hoc fpt 8",
			"dai hoc fpt 1",
			"dai hoc fpt 1",
			"my duyen",
			"my duyen",
			"fpt 5",
			"fpt 5",
			"dai hoc fpt 1",
			"dai hoc fpt 1",
			"thông báo tuyển bổ sung",
			"thông báo tuyển bổ sung"
		],
		"p": [
			"Trang thông tin tuyển sinh chính thức của Trường Đại học FPT",
			"Năm nay là năm đầu tiên Bộ GD-ĐT tổ chức các bài thi tổ hợp ở kỳ thi THPT Quốc gia. Từ kết quả của kỳ thi này, các trường ĐH, CĐ có thể chọn lựa thí sinh vào trường. Vì vậy, các thí sinh cần lưu ý gì khi đăng ký dự thi và khi làm bài thi tổ hợp Khoa học tự nhiên (KHTN) và Khoa học xã hội (KHXH).",
			"Theo Bộ GD-ĐT, bài thi tổ hợp gồm các môn thi thành phần. Bài KHTN gồm Vật lý, Hóa học, Sinh học; Bài KHXH gồm Lịch sử, Địa lí, Giáo dục công (dân đối với thí sinh học chương trình Giáo dục THPT); tổ hợp các môn Lịch sử, Địa lí (đối với thí sinh học chương trình Giáo dục thường xuyên cấp THPT).",
			"Khi đăng ký dự thi, thí sinh cần đăng ký môn thi tự chọn KHTN hay KHXH dùng để xét tốt nghiệp THPT. Quy chế cho phép các thí sinh thi cả 2 bài thi tự chọn, bài thi nào có kết quả cao hơn sẽ được lấy để xét công nhận tốt nghiệp THPT.",
			"Trong mỗi buổi thi bài thi tổ hợp, thí sinh sẽ làm bài thi theo từng môn thành phần với thứ tự xác định. Bài thi KHTN theo trình tự các môn thành phần: Vật lý, Hóa học, Sinh học. Bài thi KHXH theo trình tự các môn thành phần: Lịch sử, Địa lí, Giáo dục công dân (đối với thí sinh THPT); Lịch sử, Địa lí (đối với thí sinh học chương trình GDTX). Thí sinh làm các môn thành phần của một bài thi tổ hợp KHTN/KHXH trên cùng một phiếu trả lời trắc nghiệm.",
			"Khi dự thi môn thành phần đầu tiên, thí sinh cần lưu ý ghi đủ thông tin trên phiếu trả lời trắc nghiệm, đặc biệt là các thông tin về số báo danh, mã đề thi. Đặc biệt, thí sinh cần lưu ý các môn thi thành phần trong một bài thi tổ hợp phải có cùng một mã đề thi. Do đó, thí sinh cần kiểm tra mã đề thi trước khi làm bài.",
			"Thí sinh sẽ phải nộp lại đề thi, giấy nháp khi hết thời gian làm bài đối với môn thi thành phần để sau đó thi môn thành phần tiếp theo (ví dụ thí sinh phải nộp lại đề thi, giấy nháp môn Vật lý trước khi nhận đề thi môn Hóa học; nộp lại đề thi, giấy nháp môn Hóa học trước khi nhận đề thi môn Sinh học). Như vậy, thí sinh không phải nộp lại đề thi, giấy nháp đối với môn thi thành phần cuối cùng. Thí sinh cũng không phải nộp đề thi, giấy nháp đối với các bài thi Toán, Ngữ văn, Ngoại ngữ.",
			"Khu Giáo dục và Đào tạo – Khu Công nghệ cao Hòa Lạc – Km29 Đại lộ Thăng Long, H. Thạch Thất,\nTP. Hà Nội",
			"Điện thoại: 024 7300 1866",
			"Email: daihocfpt@fpt.edu.vn",
			"Lô E2a-7, Đường D1 Khu Công nghệ cao, P. Long Thạnh Mỹ, TP. Thủ Đức, TP. Hồ Chí Minh",
			"Điện thoại: 028 7300 1866",
			"Email: daihocfpt@fpt.edu.vn",
			"Khu đô thị công nghệ FPT Đà Nẵng, P. Hoà Hải, Q. Ngũ Hành Sơn, TP. Đà Nẵng",
			"Điện thoại: 0236 730 1866",
			"Email: daihocfpt@fpt.edu.vn",
			"Số 600 Đường Nguyễn Văn Cừ (nối dài), P. An Bình, Q. Ninh Kiều, TP. Cần Thơ",
			"Điện thoại: 0292 730 1866",
			"Email: daihocfpt@fpt.edu.vn",
			"Khu đô thị mới An Phú Thịnh, Phường Nhơn Bình & Phường Đống Đa, TP. Quy\nNhơn, Bình Định",
			"Điện thoại: 0256 730 1866 /0256 7300 999",
			"Email: daihocfpt@fpt.edu.vn"
		],
		"label": [
			"Tìm kiếm",
			"Tìm kiếm"
		],
		"button": [
			"×",
			"Đăng ký",
			"Đóng"
		],
		"span": [
			"Trang chủ",
			"Tin tuyển sinh",
			"Bộ Giáo dục lưu ý thí sinh tránh nhầm lẫn khi đăng ký bài thi tổ hợp",
			"bởi",
			"Bài trước",
			"Bài trước:",
			"← Chương trình học tiếng Anh tại Brunei và Malaysia",
			"Bài tiếp",
			"Bài tiếp:",
			"Lời nói dối chân thật: truyền cảm, đáng yêu và chân thành →"
		],
		"h1": [
			"Bộ Giáo dục lưu ý thí sinh tránh nhầm lẫn khi đăng ký bài thi tổ hợp"
		],
		"time": [
			"Thứ Tư, ngày 05 tháng 04 năm 2017",
			"14/04/2020",
			"05/02/2024",
			"05/02/2024",
			"05/02/2024",
			"02/02/2024",
			"01/02/2024"
		],
		"strong": [
			"VOV.VN – Thí sinh cần đăng ký môn thi tự chọn trong bài thi tổ hợp KHTN hay KHXH dùng để xét tốt nghiệp THPT và để tránh nhầm lẫn khi xét tuyển vào ĐH, CĐ.",
			"Theo VOV"
		],
		"figcaption": [
			"Các thí sinh cần lưu ý gì khi đăng ký dự thi và khi làm bài thi tổ hợp KHTN và KHXH (ảnh minh họa)"
		],
		"em": [
			"Năm 2017, Đại học FPT tuyển sinh theo hai hình thức: tham gia kỳ thi tuyển sinh ngày 14/5 hoặc đăng ký xét tuyển. Thí sinh có tổng điểm trung bình 3 môn trong 5 học kỳ liêp tiếp ở THPT từ 21 điểm trở lên (làm tròn đến một chữ số thập phân) hoặc tổng điểm 3 môn đạt từ 21 điểm trở lên (đã bao gồm điểm ưu tiên) trong kỳ thi THPT Quốc gia năm 2017 xét theo tổ hợp môn tương ứng với ngành đăng ký học tại Đại học FPT đủ điều kiện miễn thi kỳ thi tuyển sinh đầu vào của trường có thể nộp hồ sơ đăng ký xét tuyển.",
			"Thí sinh thực hiện đăng ký xét tuyển vào trường Đại học FPT theo 1 trong 3 cách: Đăng ký xét tuyển trực tuyến trên website của trường; Gửi hồ sơ qua bưu điện; Đăng ký xét tuyển trực tiếp tại văn phòng tuyển sinh. Thời hạn cuối cùng để các thí sinh đăng ký xét tuyển vào Đại học FPT là ngày 11/5/2017. Kết quả xét tuyển sẽ được trường công bố sau ngày 15/5/2017 trên website của trường."
		],
		"h2": [
			"Điều hướng bài viết"
		],
		"h4": [
			"HÀ NỘI",
			"TP. HỒ CHÍ MINH",
			"ĐÀ NẴNG",
			"CẦN THƠ",
			"Quy Nhơn"
		],
		"h3": [
			"Đăng ký tư vấn"
		],
		"b": [
			"Hãy để lại SĐT để cán bộ nhà trường hỗ trợ bạn sớm nhất nhé"
		],
		"option": [
			"Tỉnh / Thành phố *",
			"An Giang",
			"Bà Rịa-Vũng Tàu",
			"Bắc Giang",
			"Bắc Kạn",
			"Bạc Liêu",
			"Bắc Ninh",
			"Bến Tre",
			"Bình Dương",
			"Bình Định",
			"Bình Phước",
			"Bình Thuận",
			"Cà Mau",
			"Cần Thơ",
			"Cao Bằng",
			"Cục Cảnh sát ĐKQL cư trú và DLQG về dân cư",
			"Cục Cảnh sát quản lý hành chính về trật tự xã hội",
			"Đà Nẵng",
			"Đắk Lắk",
			"Đăk Nông",
			"Điện Biên",
			"Đồng Nai",
			"Đồng Tháp",
			"Gia Lai",
			"Hà Giang",
			"Hà Nam",
			"Hà Tĩnh",
			"Hải Dương",
			"Hải Phòng",
			"Hậu Giang",
			"Hoà Bình",
			"Hưng Yên",
			"Khánh Hoà",
			"Kiên Giang",
			"Kon Tum",
			"Lai Châu",
			"Lâm Đồng",
			"Lạng Sơn",
			"Lào Cai",
			"Long An",
			"Nam Định",
			"Nghệ An",
			"Ninh Bình",
			"Ninh Thuận",
			"Phú Thọ",
			"Phú Yên",
			"Quảng Bình",
			"Quảng Nam",
			"Quảng Ngãi",
			"Quảng Ninh",
			"Quảng Trị",
			"Sóc Trăng",
			"Sơn La",
			"Tây Ninh",
			"Thái Bình",
			"Thái Nguyên",
			"Thanh Hoá",
			"Thừa Thiên - Huế",
			"Tiền Giang",
			"Trà Vinh",
			"Tuyên Quang",
			"Vĩnh Long",
			"Vĩnh Phúc",
			"Yên Bái",
			"Hà Nội",
			"TP. Hồ Chí Minh"
		]
	},
	"url": "https://daihoc.fpt.edu.vn/bo-giao-duc-luu-y-thi-sinh-tranh-nham-lan-khi-dang-ky-bai-thi-to-hop/"
}