{
	"data": {
		"title": [
			"Gặp cô nàng \"phiêu\" cùng ngành học Thiết kế Mỹ thuật số - Trường Đại học FPT"
		],
		"div": [
			"›\n\n›\n\n›\n\n›",
			"© 2024 Bản quyền thuộc về Trường Đại học FPT.",
			"Đăng ký tư vấn"
		],
		"a": [
			"Trường Đại học FPT",
			"Vietnamese",
			"English",
			"Trang chủ",
			"Giới thiệu",
			"Lịch sử thành lập",
			"Tập đoàn FPT",
			"Tổ chức giáo dục FPT",
			"Triết lý đào tạo",
			"Các giải thưởng và thành tích",
			"Ban lãnh đạo",
			"Gắn kết cộng đồng",
			"Tin tức",
			"Tin tức chung",
			"Hoạt động sinh viên",
			"Sự kiện",
			"Tuyển dụng",
			"Hướng nghiệp",
			"Ngành học",
			"Công nghệ thông tin",
			"Công nghệ ô tô số",
			"Kỹ thuật phần mềm",
			"Hệ thống thông tin",
			"Trí tuệ nhân tạo",
			"An toàn thông tin",
			"Thiết kế Mỹ thuật số",
			"Quản trị kinh doanh",
			"Tài chính",
			"Digital Marketing",
			"Kinh doanh quốc tế",
			"Quản lý Logistics & Chuỗi cung ứng toàn cầu",
			"Quản trị khách sạn",
			"Quản trị Du lịch và Lữ hành",
			"Công nghệ truyền thông",
			"Quản trị truyền thông đa phương tiện",
			"Quan hệ công chúng",
			"Ngôn ngữ Anh",
			"Ngôn ngữ Nhật",
			"Ngôn ngữ Hàn Quốc",
			"Ngôn ngữ Trung Quốc (Dự kiến)",
			"Đời sống sinh viên",
			"Một ngày tại Đại học FPT",
			"Vì sao nên học tại Đại học FPT",
			"Sự hài lòng của sinh viên",
			"Môi trường học tập",
			"Chương trình học linh hoạt",
			"Đời sống sinh viên",
			"Ký túc xá",
			"Các CLB & Cộng đồng sinh viên",
			"Các hoạt động thể thao trong trường",
			"Dịch vụ hỗ trợ",
			"Định hướng và khởi đầu",
			"Tốt nghiệp",
			"Câu chuyện sinh viên",
			"Hợp tác",
			"Ngành công nghiệp và doanh nghiệp",
			"Chương trình trao đổi sinh viên",
			"Chương trình học tập tại nước ngoài",
			"Hợp tác quốc tế",
			"Trao đổi sinh viên",
			"Học kỳ nước ngoài",
			"Các trường đại học đối tác",
			"Cựu sinh viên",
			"Cộng đồng cựu sinh viên",
			"Họ đang làm việc tại đâu",
			"Tuyển sinh",
			"Đề án tuyển sinh",
			"Tin tuyển sinh",
			"Liên hệ",
			"Đăng nhập",
			"Phạm Thị Phương",
			"Nữ sinh trường F trong tà áo dài ngày Xuân",
			"Gặp gỡ đội tuyển NGT’s OPEN ROBOT trước giải đấu FIRST Tech Challenge Vietnam",
			"Tỏa sáng với nghiên cứu khoa học, nữ sinh ĐH FPT khẳng định bản lĩnh và tài năng",
			"Phim ngắn “Thoi vàng chỉ ngọc” của SV ĐH FPT tại Cần Thơ được công chiếu ở Lotte Cinema",
			"SV trường ĐH FPT Hà Nội đón “tết trên bản” 2024",
			"Vietnamese",
			"English",
			"Facebook",
			"Youtube",
			"Tik Tok",
			"Hotline: (024)/(028) 73001866 - (0236)/(0292) 7301866"
		],
		"img": [
			"cropped cropped 2021 FPTU Long",
			"cropped cropped 2021 FPTU Long",
			"sinh vien dai hoc fpt 8",
			"sinh vien dai hoc fpt 8",
			"dai hoc fpt 1",
			"dai hoc fpt 1",
			"my duyen",
			"my duyen",
			"fpt 5",
			"fpt 5",
			"dai hoc fpt 1",
			"dai hoc fpt 1",
			"thông báo tuyển bổ sung",
			"thông báo tuyển bổ sung"
		],
		"p": [
			"Trang thông tin tuyển sinh chính thức của Trường Đại học FPT",
			"Minh Phương là gương mặt quen thuộc trong nhiều sự kiện lớn nhỏ của Đại học FPT với những bước nhảy điêu luyện, khoẻ khoắn đầy sức sống nhưng vô cùng quyến rũ như: F-Camp, Booster, Fresh Nation Jam… Gần đây nhất, trong sự kiện F-Camp 2019 – chào mừng tân sinh viên K15, cô nàng giữ vị trí Lead SCDC – Sing Cheer Dance Crew góp phần giúp không khí sôi động, gần gũi hơn.",
			"“Những năm học ĐH, vì muốn bản thân năng động hơn, hoạt náo hơn nên mình thường tham gia các sự kiện cũng như biểu diễn tại trong và ngoài trường. Nhớ nhất là từng nằm trong đội đại diện cho trường đi thi đấu giải VUG và đem về các giải: Giải Tư mùa VUG 2017, Giải Ba mùa VUG 2018 và VUG 2019” – Minh Phương chia sẻ.",
			"Đấy là chưa kể Pi Lú giờ còn đầu quân tại Milky Way Crew – 1 nhóm nhảy lớn tại Hà Nội và cùng nhóm đạt Giải Nhất cuộc thi Dance ‘Y All. Tham gia mỗi sự kiện giúp cô bạn học hỏi được nhiều điều. Đó là những kinh nghiệm từ những anh chị, bạn bè đi trước chỉ bảo; là những bài học tự mình ngộ ra sau những vấp váp; là được làm quen với nhiều người chung niềm đam mê, cùng chơi và hoạt động chung với nhau như 1 gia đình. Cô bạn cũng rất thích chia sẻ suy nghĩ, kinh nghiệm của bản thân, những thứ mà mình có với mọi người.",
			"Cô sinh viên trường F tâm niệm khi tham gia các hoạt động này mục đích vẫn luôn là học hỏi, trau dồi các kĩ năng mềm và mài rũa tài năng.",
			"Mới đây Pi Lú được mọi người tín nhiệm bầu giữ chức Chủ nhiệm CLB HFU (CLB Hiphop – ĐH FPT). Đây là món quà ý nghĩa cho sự nỗ lực, hoạt động bền bỉ của cô bạn trong suốt thời gian qua.",
			"Thuộc tuýp người năng động, táo bạo Minh Phương đã không ngần ngại dấn thân theo con đường Thiết kế mỹ thuật số (TKMTS) đầy tính nghệ sĩ. Phương bật mí: “Việc mình học chuyên ngành Thiết kế mỹ thuật số cũng như học tại Đại học FPT là một cơ duyên. Trước mình đỗ ĐH Hà Nội chuyên ngành Kế Toán sau đó bố mẹ đổi ý và cho Phương đi du học. Nhưng vì một vài lý do, chuyến du học đã không thành hiện thực. Lúc đó tình cờ mình thấy ĐH FPT cũng đang tuyển sinh nên đã đăng kí ngay, cũng như chuyển sang một lĩnh vực khác hẳn đó là Thiết kế đồ hoạ. Ban đầu chỉ là thử sức với sự lựa chọn táo bạo của mình thôi, một phần lại rất thích quay, chụp và chỉnh ảnh, video nhưng sau đó thấy hợp nên mình đã quyết định gắn bó với ngành này luôn.”",
			"Mang một chút phiêu lưu vào ngành học, cô nàng Pi Lú cảm thấy thú vị khi nhận ra Thiết kế Mỹ thuật số là một lựa chọn hoàn hảo giúp tâm hồn mình thanh – sạch – đẹp hơn. Pi Lú cho biết việc học TKMTS đã khiến cách nhìn về mọi thứ xung quanh của cô trở nên tươi mới đầy màu sắc, đậm tính nghệ thuật hơn và nó cũng giúp cô có nhiều cảm xúc hơn trong việc sáng tạo.",
			"Về ngôi tường đang theo học cô gái không tiếc những lời khen ngợi: “Mình thấy cơ sở vật chất hiện đại, khang trang. Nhất là khu học Đồ hoạ có thể nói được đầu tư để trang trí đẹp đẽ nhất khiến mỗi lần đi học là nguồn cảm hứng lại tràn đầy. Một điểm nữa khiến mình càng yêu thích chuyên ngành này chính bởi những cái tên quen thuộc như cô Yến, thầy Khoa, thầy Trường, thầy Tuần và các thầy cô dạy TKMTS nói chung. Các thầy cô đều rất đáng yêu vừa ngầu mà nếu có khó tính thì cũng theo kiểu rất “nghệ”.",
			"Vui vẻ, hay cười, hay làm trò vui hoạt náo thêm chút phóng khoáng trong cả suy nghĩ và hành động cô sinh viên Minh Phương – Pi Lú gây được thiện cảm với bất cứ ai từng gặp gỡ.",
			"Trên trang facebook cá nhân, Minh Phương luôn cập nhật nhiều hình ảnh đẹp các chuyến đi nên nhiều người thường đùa vui cô có nhiều hoa chân và theo chủ nghĩa xê dịch. “Cũng như bao người, mình cũng rất thích đi đây đi đó. Dù xa hay gần, miễn là được đi khám phá, đi chơi, đi “chill” cùng gia đình, anh em, bạn bè. Sau mỗi chuyến đi mình càng nghĩ phải cố gắng “cày cuốc” nhiều hơn để mai sau có thể đi du lịch nhiều hơn, khám phá nhiều điểm đến mới, với những nền văn hoá mới nhiều hơn nữa”.",
			"Với Phương còn trẻ thì thì còn đi. Những chuyến đi sẽ giúp tư duy của càng rộng mở đồng thời cũng bồi đắp tâm hồn, sự sáng tạo phục vụ mỗi giờ học trên lớp và nghề nghiệp của cô sau này.",
			"Khu Giáo dục và Đào tạo – Khu Công nghệ cao Hòa Lạc – Km29 Đại lộ Thăng Long, H. Thạch Thất,\nTP. Hà Nội",
			"Điện thoại: 024 7300 1866",
			"Email: daihocfpt@fpt.edu.vn",
			"Lô E2a-7, Đường D1 Khu Công nghệ cao, P. Long Thạnh Mỹ, TP. Thủ Đức, TP. Hồ Chí Minh",
			"Điện thoại: 028 7300 1866",
			"Email: daihocfpt@fpt.edu.vn",
			"Khu đô thị công nghệ FPT Đà Nẵng, P. Hoà Hải, Q. Ngũ Hành Sơn, TP. Đà Nẵng",
			"Điện thoại: 0236 730 1866",
			"Email: daihocfpt@fpt.edu.vn",
			"Số 600 Đường Nguyễn Văn Cừ (nối dài), P. An Bình, Q. Ninh Kiều, TP. Cần Thơ",
			"Điện thoại: 0292 730 1866",
			"Email: daihocfpt@fpt.edu.vn",
			"Khu đô thị mới An Phú Thịnh, Phường Nhơn Bình & Phường Đống Đa, TP. Quy\nNhơn, Bình Định",
			"Điện thoại: 0256 730 1866 /0256 7300 999",
			"Email: daihocfpt@fpt.edu.vn"
		],
		"label": [
			"Tìm kiếm",
			"Tìm kiếm"
		],
		"button": [
			"×",
			"Đăng ký",
			"Đóng"
		],
		"span": [
			"Trang chủ",
			"Cuộc sống tại đại học FPT",
			"Tại sao nên học tại Đại học FPT",
			"Câu chuyện sinh viên",
			"Gặp cô nàng “phiêu” cùng ngành học Thiết kế Mỹ thuật số",
			"bởi",
			"Bài trước",
			"Bài trước:",
			"← Nữ sinh IT trường F trở thành Đại sứ kết nối Việt Nam – Nhật Bản",
			"Bài tiếp",
			"Bài tiếp:",
			"Lộ diện 28 đội thi xuất sắc bước vào vòng Sơ loại FPT Edu Hackathon 2019 →"
		],
		"h1": [
			"Gặp cô nàng “phiêu” cùng ngành học Thiết kế Mỹ thuật số"
		],
		"time": [
			"Thứ Hai, ngày 23 tháng 12 năm 2019",
			"25/12/2019",
			"05/02/2024",
			"05/02/2024",
			"05/02/2024",
			"02/02/2024",
			"01/02/2024"
		],
		"strong": [
			"Trong cộng đồng sinh viên Đại học FPT không ai xa lạ với cái tên Pi Lú biệt danh của cô nàng Nguyễn Hoàng Minh Phương, sinh viên Khoá 12 chuyên ngành Thiết kế Mỹ thuật số.",
			"Tân chủ nhiệm CLB HFU",
			"Phiêu cùng ngành học Thiết kế Mỹ thuật số",
			"Cô nàng sở hữu nhiều hoa chân",
			"P.Phương",
			"Ảnh: NVCC"
		],
		"h2": [
			"Điều hướng bài viết"
		],
		"h4": [
			"HÀ NỘI",
			"TP. HỒ CHÍ MINH",
			"ĐÀ NẴNG",
			"CẦN THƠ",
			"Quy Nhơn"
		],
		"h3": [
			"Đăng ký tư vấn"
		],
		"b": [
			"Hãy để lại SĐT để cán bộ nhà trường hỗ trợ bạn sớm nhất nhé"
		],
		"option": [
			"Tỉnh / Thành phố *",
			"An Giang",
			"Bà Rịa-Vũng Tàu",
			"Bắc Giang",
			"Bắc Kạn",
			"Bạc Liêu",
			"Bắc Ninh",
			"Bến Tre",
			"Bình Dương",
			"Bình Định",
			"Bình Phước",
			"Bình Thuận",
			"Cà Mau",
			"Cần Thơ",
			"Cao Bằng",
			"Cục Cảnh sát ĐKQL cư trú và DLQG về dân cư",
			"Cục Cảnh sát quản lý hành chính về trật tự xã hội",
			"Đà Nẵng",
			"Đắk Lắk",
			"Đăk Nông",
			"Điện Biên",
			"Đồng Nai",
			"Đồng Tháp",
			"Gia Lai",
			"Hà Giang",
			"Hà Nam",
			"Hà Tĩnh",
			"Hải Dương",
			"Hải Phòng",
			"Hậu Giang",
			"Hoà Bình",
			"Hưng Yên",
			"Khánh Hoà",
			"Kiên Giang",
			"Kon Tum",
			"Lai Châu",
			"Lâm Đồng",
			"Lạng Sơn",
			"Lào Cai",
			"Long An",
			"Nam Định",
			"Nghệ An",
			"Ninh Bình",
			"Ninh Thuận",
			"Phú Thọ",
			"Phú Yên",
			"Quảng Bình",
			"Quảng Nam",
			"Quảng Ngãi",
			"Quảng Ninh",
			"Quảng Trị",
			"Sóc Trăng",
			"Sơn La",
			"Tây Ninh",
			"Thái Bình",
			"Thái Nguyên",
			"Thanh Hoá",
			"Thừa Thiên - Huế",
			"Tiền Giang",
			"Trà Vinh",
			"Tuyên Quang",
			"Vĩnh Long",
			"Vĩnh Phúc",
			"Yên Bái",
			"Hà Nội",
			"TP. Hồ Chí Minh"
		]
	},
	"url": "https://daihoc.fpt.edu.vn/gap-co-nang-phieu-cung-nganh-hoc-thiet-ke-my-thuat-so/"
}