{
	"data": {
		"title": [
			"Hành trình sáng tạo nội dung của TikTokers Gen Z là sinh viên ĐH FPT - Trường Đại học FPT"
		],
		"div": [
			"© 2024 Bản quyền thuộc về Trường Đại học FPT.",
			"Đăng ký tư vấn"
		],
		"a": [
			"Trường Đại học FPT",
			"Vietnamese",
			"English",
			"Trang chủ",
			"Giới thiệu",
			"Lịch sử thành lập",
			"Tập đoàn FPT",
			"Tổ chức giáo dục FPT",
			"Triết lý đào tạo",
			"Các giải thưởng và thành tích",
			"Ban lãnh đạo",
			"Gắn kết cộng đồng",
			"Tin tức",
			"Tin tức chung",
			"Hoạt động sinh viên",
			"Sự kiện",
			"Tuyển dụng",
			"Hướng nghiệp",
			"Ngành học",
			"Công nghệ thông tin",
			"Công nghệ ô tô số",
			"Kỹ thuật phần mềm",
			"Hệ thống thông tin",
			"Trí tuệ nhân tạo",
			"An toàn thông tin",
			"Thiết kế Mỹ thuật số",
			"Quản trị kinh doanh",
			"Tài chính",
			"Digital Marketing",
			"Kinh doanh quốc tế",
			"Quản lý Logistics & Chuỗi cung ứng toàn cầu",
			"Quản trị khách sạn",
			"Quản trị Du lịch và Lữ hành",
			"Công nghệ truyền thông",
			"Quản trị truyền thông đa phương tiện",
			"Quan hệ công chúng",
			"Ngôn ngữ Anh",
			"Ngôn ngữ Nhật",
			"Ngôn ngữ Hàn Quốc",
			"Ngôn ngữ Trung Quốc (Dự kiến)",
			"Đời sống sinh viên",
			"Một ngày tại Đại học FPT",
			"Vì sao nên học tại Đại học FPT",
			"Sự hài lòng của sinh viên",
			"Môi trường học tập",
			"Chương trình học linh hoạt",
			"Đời sống sinh viên",
			"Ký túc xá",
			"Các CLB & Cộng đồng sinh viên",
			"Các hoạt động thể thao trong trường",
			"Dịch vụ hỗ trợ",
			"Định hướng và khởi đầu",
			"Tốt nghiệp",
			"Câu chuyện sinh viên",
			"Hợp tác",
			"Ngành công nghiệp và doanh nghiệp",
			"Chương trình trao đổi sinh viên",
			"Chương trình học tập tại nước ngoài",
			"Hợp tác quốc tế",
			"Trao đổi sinh viên",
			"Học kỳ nước ngoài",
			"Các trường đại học đối tác",
			"Cựu sinh viên",
			"Cộng đồng cựu sinh viên",
			"Họ đang làm việc tại đâu",
			"Tuyển sinh",
			"Đề án tuyển sinh",
			"Tin tuyển sinh",
			"Liên hệ",
			"Đăng nhập",
			"Nguyễn Thị Hồng Yến",
			"Tiktoker “Trần Nguyên học FPT”: Bản thân phải đặc biệt trong số đông sinh viên",
			"Dương Minh Nguyệt – Nàng Tiktoker mê làm sự kiện ở trường FPT",
			"Hot girl Đại học FPT sở hữu hàng chục clip Tiktok triệu views, nửa triệu followers Youtube",
			"Nữ sinh trường F trong tà áo dài ngày Xuân",
			"Gặp gỡ đội tuyển NGT’s OPEN ROBOT trước giải đấu FIRST Tech Challenge Vietnam",
			"Tỏa sáng với nghiên cứu khoa học, nữ sinh ĐH FPT khẳng định bản lĩnh và tài năng",
			"Phim ngắn “Thoi vàng chỉ ngọc” của SV ĐH FPT tại Cần Thơ được công chiếu ở Lotte Cinema",
			"SV trường ĐH FPT Hà Nội đón “tết trên bản” 2024",
			"Vietnamese",
			"English",
			"Facebook",
			"Youtube",
			"Tik Tok",
			"Hotline: (024)/(028) 73001866 - (0236)/(0292) 7301866"
		],
		"img": [
			"cropped cropped 2021 FPTU Long",
			"cropped cropped 2021 FPTU Long",
			"hot tiktoker thanh nam sinh vien dh fpt",
			"hot tiktoker thanh nam sinh vien dh fpt",
			"hot tiktoker thanh nam sinh vien dh fpt 1",
			"hot tiktoker thanh nam sinh vien dh fpt 1",
			"hot tiktoker thanh nam sinh vien dh fpt 3",
			"hot tiktoker thanh nam sinh vien dh fpt 3",
			"hot tiktoker thanh nam sinh vien dh fpt 4",
			"hot tiktoker thanh nam sinh vien dh fpt 4",
			"sinh vien dai hoc fpt 8",
			"sinh vien dai hoc fpt 8",
			"dai hoc fpt 1",
			"dai hoc fpt 1",
			"my duyen",
			"my duyen",
			"fpt 5",
			"fpt 5",
			"dai hoc fpt 1",
			"dai hoc fpt 1",
			"thông báo tuyển bổ sung",
			"thông báo tuyển bổ sung"
		],
		"p": [
			"Trang thông tin tuyển sinh chính thức của Trường Đại học FPT",
			"Xây dựng kênh TikTok vào 8 tháng trước, Đinh Thành Nam hiện sở hữu 1 kênh TikTok 157.000 người theo dõi. Kênh của Nam chia sẻ về nội dung tích cực trong đời sống hàng ngày của một cậu bạn có xu hướng tính dục là gay (đồng tính nam), đang học tập tại Trường ĐH FPT (Hòa Lạc, Hà Nội) và làm nhà sáng tạo nội dung bán thời gian.",
			"Theo Nam, khi bắt đầu xây kênh TikTok, cậu được một nhóm bạn mời tham gia net (nhóm các nhà sáng tạo cùng làm việc với nhau). Khi tham gia nhóm, Nam sẽ được hỗ trợ xây dựng hình ảnh và đổi lại là chia sẻ quyền lợi. Thời điểm đó Nam hoàn toàn không biết gì về những khái niệm như vậy. Khi được mời, cậu bạn đặt bút ký hợp đồng mà không tính toán.",
			"Sau đó, Nam có 5 tháng hoạt động trong net, phát triển hình ảnh và làm các video trả nhãn hàng. Tuy nhiên, cậu bạn chỉ nhận về số tài chính ít ỏi, không đúng với thỏa thuận và công sức cậu bỏ ra. Sau nhiều ồn ào, Nam có sự chia tay không mấy êm đẹp với nhóm, chấp nhận mất trắng kênh TikTok 100.000 người theo dõi và làm lại từ đầu.",
			"Ngoài ra, trong 8 tháng làm nội dung, Nam cho biết cậu cũng đối mặt với những áp lực quản lý thời gian chưa từng có của một người mới 19 tuổi. Khi làm việc với nhãn hàng, Nam phải cân nhắc làm kịch bản đúng ý khách nhưng không sai hình ảnh của mình.",
			"Khi sắp xếp lịch làm việc, Nam phải đắn đo suy nghĩ việc nhận job (hợp đồng), tính toán điều chỉnh thời gian để không trùng lịch quay, không gấp lịch trả sản phẩm, nếu không sẽ phải đền hợp đồng.",
			"Có những ngày đi học cả ngày, tối về Nam viết kịch bản, 10h đêm lên livestream để giao lưu, duy trì tương tác với người theo dõi, sáng hôm sau lại lặp lại. “Lần đầu tiên mình biết thế nào là áp lực đồng tiền một cách thật sự. Có những ngày mình mệt lả ra rồi vẫn đánh ít kem phấn, bôi ít son để lên livestream” – Nam kể lại.",
			"Làm nội dung trên một nền tảng mạng xã hội trẻ và nhiều người dùng như TikTok cũng rất dễ vấp phải ý kiến trái chiều. Video của Nam không thiếu những bình luận tiêu cực miệt thị ngoại hình, giọng nói hay nhiều nhất là “ném đá” xu hướng tính dục của cậu.",
			"“Ban đầu cũng buồn, nhưng hiện tại, mình xác định sẽ cố gắng bỏ ngoài tai. Mình cứ làm tốt việc của mình thôi. Người xem bình luận nhận xét mà có tính xây dựng thì mình tiếp thu”.",
			"Đinh Thành Nam chưa một lần nản lòng trên con đường làm TikTok vì cậu bạn xác định việc làm nội dung sẽ đem đến một khoản thu nhập cho bản thân. Số tiền đó Nam dùng để trang trải cuộc sống hàng ngày và tích góp cho sau này.",
			"Nam nói: “Có nghề, có tiền giúp mình yên tâm hơn để sau này có thể công khai xu hướng giới tính với bố mẹ. Trường hợp xấu nhất là bố mẹ không chấp nhận thì mình vẫn có thể tự lo cho bản thân”.",
			"Việc làm video review cho nhãn hàng cũng đem lại cho Nam nhiều trải nghiệm. Cậu bạn được gặp gỡ những người giỏi giang, hay ho và được vi vu ở nhiều địa điểm thú vị. “Nam rất biết ơn những trải nghiệm này”, Nam nhấn mạnh.",
			"Đinh Thành Nam xác định bên cạnh việc làm nội dung, cậu bạn phải tự trang bị thêm những kiến thức về truyền thông để phát triển lâu dài.",
			"Nam đang theo học chuyên ngành Quản trị truyền thông đa phương tiện tại Trường ĐH FPT Hà Nội. Tại đây, Nam được hiểu về những kiến thức truyền thông căn bản, phân tích tâm lý người xem, học kỹ năng viết kịch bản, luyện tập làm nội dung đa nền tảng.",
			"Việc tham gia vào các lớp học và những dự án truyền thông trên trường đã giúp cậu bạn có kinh nghiệm trong việc xây dựng kênh cá nhân của mình.",
			"“Trong tương lai, Nam mong muốn có thể trở thành một nhà sáng tạo nội dung có ảnh hưởng tích cực cho cộng đồng LGBTIQA+ nói riêng và các bạn trẻ nói chung. Nam tin rằng với định hướng đúng đắn của mình và với sự giúp đỡ của chuyên ngành tại Trường ĐH FPT, trong thời gian tới, Nam sẽ có thể đạt được ước mơ của mình”, Nam nói.",
			"Trần Thuận Nguyên (năm thứ nhất, chuyên ngành Digital Marketing, trường ĐH FPT TP. HCM) được nhiều bạn trẻ biết đến với kênh TikTok “Trần Nguyên học FPT”. Ngoài làm chủ kênh đạt hơn 10.000 người theo dõi, Nguyên còn sở hữu thành tích...",
			"Dương Minh Nguyệt, nàng Tiktoker với 63K lượt theo dõi là trưởng Ban tổ chức FCamp chào đón tân sinh viên Khoá 18 ĐH FPT Hà Nội vừa qua. Cùng lắng nghe chia sẻ của cô nàng mê làm sự kiện này nhé! Minh Nguyệt hiện là sinh viên khoá 15 chuyên...",
			"Sở hữu kênh Youtube gần nửa triệu followers cùng hàng loạt video cover hơn 1 triệu views trên nền tảng TikTok, cô nữ sinh gen Z tại ĐH FPT Hà Nội gây ấn tượng mạnh mẽ với cộng đồng mạng bởi hình ảnh thanh thuần, vừa ôm đàn guitar vừa...",
			"Khu Giáo dục và Đào tạo – Khu Công nghệ cao Hòa Lạc – Km29 Đại lộ Thăng Long, H. Thạch Thất,\nTP. Hà Nội",
			"Điện thoại: 024 7300 1866",
			"Email: daihocfpt@fpt.edu.vn",
			"Lô E2a-7, Đường D1 Khu Công nghệ cao, P. Long Thạnh Mỹ, TP. Thủ Đức, TP. Hồ Chí Minh",
			"Điện thoại: 028 7300 1866",
			"Email: daihocfpt@fpt.edu.vn",
			"Khu đô thị công nghệ FPT Đà Nẵng, P. Hoà Hải, Q. Ngũ Hành Sơn, TP. Đà Nẵng",
			"Điện thoại: 0236 730 1866",
			"Email: daihocfpt@fpt.edu.vn",
			"Số 600 Đường Nguyễn Văn Cừ (nối dài), P. An Bình, Q. Ninh Kiều, TP. Cần Thơ",
			"Điện thoại: 0292 730 1866",
			"Email: daihocfpt@fpt.edu.vn",
			"Khu đô thị mới An Phú Thịnh, Phường Nhơn Bình & Phường Đống Đa, TP. Quy\nNhơn, Bình Định",
			"Điện thoại: 0256 730 1866 /0256 7300 999",
			"Email: daihocfpt@fpt.edu.vn"
		],
		"label": [
			"Tìm kiếm",
			"Tìm kiếm"
		],
		"button": [
			"×",
			"Đăng ký",
			"Đóng"
		],
		"span": [
			"Trang chủ",
			"bởi",
			"Bài trước",
			"Bài trước:",
			"← Nữ sinh ĐH FPT “visual” đỉnh cao như mỹ nhân TVB",
			"Bài tiếp",
			"Bài tiếp:",
			"Cơ hội du học ngành Digital Marketing ngắn hạn khi học ở Đại học FPT →"
		],
		"h1": [
			"Hành trình sáng tạo nội dung của TikTokers Gen Z là sinh viên ĐH FPT"
		],
		"time": [
			"Thứ Tư, ngày 12 tháng 07 năm 2023",
			"05/02/2024",
			"05/02/2024",
			"05/02/2024",
			"02/02/2024",
			"01/02/2024"
		],
		"strong": [
			"Hành trình 8 tháng “tập trưởng thành” cùng TikTok",
			"Kiếm tiền từ TikTok để được là chính mình",
			"Làm TikTok, muốn bền phải học nhiều"
		],
		"em": [
			"Đinh Thành Nam (sinh viên K17 Đại học FPT) là một TikTokers với 157 nghìn người theo dõi. Trên kênh TikTok cá nhân, cậu bạn thường xuyên chia sẻ những nội dung tích cực về cộng đồng LGBTIQA+"
		],
		"figcaption": [
			"Đinh Thành Nam, sinh viên K17 Trường Đại học (ĐH) FPT đã có 1 hành trình trưởng thành đáng kể trong thời gian làm TikTokers (Ảnh: NVCC).",
			"Thành Nam học được những bài học đắt giá trên hành trình làm TikTok (Ảnh: NVCC).",
			"Việc làm video review cho nhãn hàng cũng đem lại cho Nam nhiều trải nghiệm (Ảnh: NVCC).",
			"Nam đang là sinh viên năm 2 tại Trường ĐH FPT chuyên ngành Quản trị truyền thông đa phương tiện (Ảnh: NVCC)."
		],
		"h2": [
			"Bài viết liên quan",
			"Điều hướng bài viết"
		],
		"h3": [
			"Đăng ký tư vấn"
		],
		"h4": [
			"HÀ NỘI",
			"TP. HỒ CHÍ MINH",
			"ĐÀ NẴNG",
			"CẦN THƠ",
			"Quy Nhơn"
		],
		"b": [
			"Hãy để lại SĐT để cán bộ nhà trường hỗ trợ bạn sớm nhất nhé"
		],
		"option": [
			"Tỉnh / Thành phố *",
			"An Giang",
			"Bà Rịa-Vũng Tàu",
			"Bắc Giang",
			"Bắc Kạn",
			"Bạc Liêu",
			"Bắc Ninh",
			"Bến Tre",
			"Bình Dương",
			"Bình Định",
			"Bình Phước",
			"Bình Thuận",
			"Cà Mau",
			"Cần Thơ",
			"Cao Bằng",
			"Cục Cảnh sát ĐKQL cư trú và DLQG về dân cư",
			"Cục Cảnh sát quản lý hành chính về trật tự xã hội",
			"Đà Nẵng",
			"Đắk Lắk",
			"Đăk Nông",
			"Điện Biên",
			"Đồng Nai",
			"Đồng Tháp",
			"Gia Lai",
			"Hà Giang",
			"Hà Nam",
			"Hà Tĩnh",
			"Hải Dương",
			"Hải Phòng",
			"Hậu Giang",
			"Hoà Bình",
			"Hưng Yên",
			"Khánh Hoà",
			"Kiên Giang",
			"Kon Tum",
			"Lai Châu",
			"Lâm Đồng",
			"Lạng Sơn",
			"Lào Cai",
			"Long An",
			"Nam Định",
			"Nghệ An",
			"Ninh Bình",
			"Ninh Thuận",
			"Phú Thọ",
			"Phú Yên",
			"Quảng Bình",
			"Quảng Nam",
			"Quảng Ngãi",
			"Quảng Ninh",
			"Quảng Trị",
			"Sóc Trăng",
			"Sơn La",
			"Tây Ninh",
			"Thái Bình",
			"Thái Nguyên",
			"Thanh Hoá",
			"Thừa Thiên - Huế",
			"Tiền Giang",
			"Trà Vinh",
			"Tuyên Quang",
			"Vĩnh Long",
			"Vĩnh Phúc",
			"Yên Bái",
			"Hà Nội",
			"TP. Hồ Chí Minh"
		]
	},
	"url": "https://daihoc.fpt.edu.vn/hanh-trinh-sang-tao-noi-dung-cua-tiktokers-gen-z-la-sinh-vien-dh-fpt/"
}