{
	"data": {
		"title": [
			"Ngắm nhan sắc \"ngọt lịm\" của nữ sinh ĐH FPT được coi là 'bản sao' của ca sĩ Văn Mai Hương - Trường Đại học FPT"
		],
		"div": [
			"›\n\n›\n\n›\n\n›",
			"© 2024 Bản quyền thuộc về Trường Đại học FPT.",
			"Đăng ký tư vấn"
		],
		"a": [
			"Trường Đại học FPT",
			"Vietnamese",
			"English",
			"Trang chủ",
			"Giới thiệu",
			"Lịch sử thành lập",
			"Tập đoàn FPT",
			"Tổ chức giáo dục FPT",
			"Triết lý đào tạo",
			"Các giải thưởng và thành tích",
			"Ban lãnh đạo",
			"Gắn kết cộng đồng",
			"Tin tức",
			"Tin tức chung",
			"Hoạt động sinh viên",
			"Sự kiện",
			"Tuyển dụng",
			"Hướng nghiệp",
			"Ngành học",
			"Công nghệ thông tin",
			"Công nghệ ô tô số",
			"Kỹ thuật phần mềm",
			"Hệ thống thông tin",
			"Trí tuệ nhân tạo",
			"An toàn thông tin",
			"Thiết kế Mỹ thuật số",
			"Quản trị kinh doanh",
			"Tài chính",
			"Digital Marketing",
			"Kinh doanh quốc tế",
			"Quản lý Logistics & Chuỗi cung ứng toàn cầu",
			"Quản trị khách sạn",
			"Quản trị Du lịch và Lữ hành",
			"Công nghệ truyền thông",
			"Quản trị truyền thông đa phương tiện",
			"Quan hệ công chúng",
			"Ngôn ngữ Anh",
			"Ngôn ngữ Nhật",
			"Ngôn ngữ Hàn Quốc",
			"Ngôn ngữ Trung Quốc (Dự kiến)",
			"Đời sống sinh viên",
			"Một ngày tại Đại học FPT",
			"Vì sao nên học tại Đại học FPT",
			"Sự hài lòng của sinh viên",
			"Môi trường học tập",
			"Chương trình học linh hoạt",
			"Đời sống sinh viên",
			"Ký túc xá",
			"Các CLB & Cộng đồng sinh viên",
			"Các hoạt động thể thao trong trường",
			"Dịch vụ hỗ trợ",
			"Định hướng và khởi đầu",
			"Tốt nghiệp",
			"Câu chuyện sinh viên",
			"Hợp tác",
			"Ngành công nghiệp và doanh nghiệp",
			"Chương trình trao đổi sinh viên",
			"Chương trình học tập tại nước ngoài",
			"Hợp tác quốc tế",
			"Trao đổi sinh viên",
			"Học kỳ nước ngoài",
			"Các trường đại học đối tác",
			"Cựu sinh viên",
			"Cộng đồng cựu sinh viên",
			"Họ đang làm việc tại đâu",
			"Tuyển sinh",
			"Đề án tuyển sinh",
			"Tin tuyển sinh",
			"Liên hệ",
			"Đăng nhập",
			"Nguyễn Thị Hồng Yến",
			"Nữ sinh trường F trong tà áo dài ngày Xuân",
			"Gặp gỡ đội tuyển NGT’s OPEN ROBOT trước giải đấu FIRST Tech Challenge Vietnam",
			"Tỏa sáng với nghiên cứu khoa học, nữ sinh ĐH FPT khẳng định bản lĩnh và tài năng",
			"Phim ngắn “Thoi vàng chỉ ngọc” của SV ĐH FPT tại Cần Thơ được công chiếu ở Lotte Cinema",
			"SV trường ĐH FPT Hà Nội đón “tết trên bản” 2024",
			"Vietnamese",
			"English",
			"Facebook",
			"Youtube",
			"Tik Tok",
			"Hotline: (024)/(028) 73001866 - (0236)/(0292) 7301866"
		],
		"img": [
			"cropped cropped 2021 FPTU Long",
			"cropped cropped 2021 FPTU Long",
			"sinh vien dai hoc fpt 8",
			"sinh vien dai hoc fpt 8",
			"dai hoc fpt 1",
			"dai hoc fpt 1",
			"my duyen",
			"my duyen",
			"fpt 5",
			"fpt 5",
			"dai hoc fpt 1",
			"dai hoc fpt 1",
			"thông báo tuyển bổ sung",
			"thông báo tuyển bổ sung"
		],
		"p": [
			"Trang thông tin tuyển sinh chính thức của Trường Đại học FPT",
			"Giành giải Á khôi 1 cuộc thi “Sinh viên Thanh lịch Cần Thơ năm 2017”, Hoàng Yến Ngọc có nhiều cơ hội tham gia vào lĩnh vực nghệ thuật, giải trí. Hoàng Yến Ngọc (sinh năm 2000, tại TP. Cần Thơ) trở thành gương mặt được chú ý khi giành giải Á khôi 1 cuộc thi “Sinh viên Thanh lịch Cần Thơ năm 2017”.",
			"Yến Ngọc hiện đang theo học năm 2 tại trường ĐH FPT Cần Thơ. Trước khi trở thành Á khôi của cuộc thi, 10X từng thu hút sự chú ý của dân mạng khi hình ảnh cô mặc áo dài trắng được chia sẻ trên các diễn đàn mạng. Không những thế, nữ sinh này được coi là “bản sao” ngoại hình của ca sĩ Văn Mai Hương.",
			"Chia sẻ về những trải nghiệm sau khi tham gia cuộc thi dành cho sinh viên, 10X chia sẻ, thời gian này, cô học được nhiều kỹ năng mới và được không ít người biết đến.",
			"Dù không giành được vị trí cao nhất tại cuộc thi nhưng Yến Ngọc cho rằng đó là kết quả xứng đáng khi bản thân giành giải Á khôi 1. Với 10x, cuộc thi đã mở ra cho cô nhiều cơ hội mới. Nữ sinh ĐH FPT Cần Thơ nhận được nhiều lời mời hợp tác, được thử sức trong nhiều lĩnh vực khác nhau như làm mẫu ảnh, gương mặt đại diện, truyền thông.",
			"Song song với việc họp tập, Hoàng Yến Ngọc thường xuyên tham gia các hợp đồng truyền thông, chụp hình quảng cáo. Với lợi thế ngoại hình, nữ sinh đã trở thành người mẫu ảnh cho nhiều nhãn hàng thời trang tại Cần Thơ.",
			"Tham gia nhiều công việc liên quan đến nghệ thuật, giải trí nhưng Yến Ngọc cho biết, cô không có ý định theo đuổi con đường này. Hiện tại, ngoài công việc làm mẫu ảnh tự do, cô nàng còn ấp ủ nghiêm túc những ý định tham gia vào lĩnh vực kinh doanh của cá nhân.",
			"Ngoài ra, Yến Ngọc thường xuyên tham gia các hoạt động xã hội như làm thiện nguyện cùng với các tổ chức tại Cần Thơ. Nữ sinh ĐH FPT chia sẻ: “Tham gia các hoạt động trên giúp mình trở thành người biết yêu thương, đùm bọc những “chiếc lá chưa lành” khác”.",
			"Khu Giáo dục và Đào tạo – Khu Công nghệ cao Hòa Lạc – Km29 Đại lộ Thăng Long, H. Thạch Thất,\nTP. Hà Nội",
			"Điện thoại: 024 7300 1866",
			"Email: daihocfpt@fpt.edu.vn",
			"Lô E2a-7, Đường D1 Khu Công nghệ cao, P. Long Thạnh Mỹ, TP. Thủ Đức, TP. Hồ Chí Minh",
			"Điện thoại: 028 7300 1866",
			"Email: daihocfpt@fpt.edu.vn",
			"Khu đô thị công nghệ FPT Đà Nẵng, P. Hoà Hải, Q. Ngũ Hành Sơn, TP. Đà Nẵng",
			"Điện thoại: 0236 730 1866",
			"Email: daihocfpt@fpt.edu.vn",
			"Số 600 Đường Nguyễn Văn Cừ (nối dài), P. An Bình, Q. Ninh Kiều, TP. Cần Thơ",
			"Điện thoại: 0292 730 1866",
			"Email: daihocfpt@fpt.edu.vn",
			"Khu đô thị mới An Phú Thịnh, Phường Nhơn Bình & Phường Đống Đa, TP. Quy\nNhơn, Bình Định",
			"Điện thoại: 0256 730 1866 /0256 7300 999",
			"Email: daihocfpt@fpt.edu.vn"
		],
		"label": [
			"Tìm kiếm",
			"Tìm kiếm"
		],
		"button": [
			"×",
			"Đăng ký",
			"Đóng"
		],
		"span": [
			"Trang chủ",
			"Cuộc sống tại đại học FPT",
			"Tại sao nên học tại Đại học FPT",
			"Câu chuyện sinh viên",
			"Ngắm nhan sắc “ngọt lịm” của nữ sinh ĐH FPT được coi là ‘bản sao’ của ca sĩ Văn Mai Hương",
			"bởi",
			"Bài trước",
			"Bài trước:",
			"← Những bí mật thú vị về tháng Rèn luyện tập trung của Tân sinh viên Đại học FPT",
			"Bài tiếp",
			"Bài tiếp:",
			"SV Kinh tế Đại học FPT gợi ý giải pháp phát triển thị trường xuất khẩu gạo thời Covid: trong “nguy có cơ” →"
		],
		"h1": [
			"Ngắm nhan sắc “ngọt lịm” của nữ sinh ĐH FPT được coi là ‘bản sao’ của ca sĩ Văn Mai Hương"
		],
		"time": [
			"Thứ Tư, ngày 09 tháng 09 năm 2020",
			"08/09/2020",
			"05/02/2024",
			"05/02/2024",
			"05/02/2024",
			"02/02/2024",
			"01/02/2024"
		],
		"em": [
			"Nổi danh sau cuộc thi ‘Sinh viên Thanh lịch Cần Thơ năm 2017’ với danh hiệu á khôi sinh viên, nữ sinh trường ĐH FPT Cần Thơ được cộng đồng mạng gán cho biệt danh là ‘bản sao’ ngoại hình của nữ ca sĩ Văn Mai Hương. Cùng ngắm nhìn nhan sắc vô cùng ngọt ngào của nữ sinh trường F này nhé.",
			"Bức ảnh được cộng đồng mạng xã hội gán cho nữ sinh Cần Thơ biệt danh bản sao của ca sĩ Văn Mai Hương.",
			"Photo & Retouch: Nhật Đỗ;",
			"Makeup: Thoa Nguyễn;",
			"Model Hoàng Yến Ngọc;",
			"Costume: NTK Lâm Lâm – by Cửu Long Studio Team."
		],
		"h2": [
			"Điều hướng bài viết"
		],
		"h4": [
			"HÀ NỘI",
			"TP. HỒ CHÍ MINH",
			"ĐÀ NẴNG",
			"CẦN THƠ",
			"Quy Nhơn"
		],
		"h3": [
			"Đăng ký tư vấn"
		],
		"b": [
			"Hãy để lại SĐT để cán bộ nhà trường hỗ trợ bạn sớm nhất nhé"
		],
		"option": [
			"Tỉnh / Thành phố *",
			"An Giang",
			"Bà Rịa-Vũng Tàu",
			"Bắc Giang",
			"Bắc Kạn",
			"Bạc Liêu",
			"Bắc Ninh",
			"Bến Tre",
			"Bình Dương",
			"Bình Định",
			"Bình Phước",
			"Bình Thuận",
			"Cà Mau",
			"Cần Thơ",
			"Cao Bằng",
			"Cục Cảnh sát ĐKQL cư trú và DLQG về dân cư",
			"Cục Cảnh sát quản lý hành chính về trật tự xã hội",
			"Đà Nẵng",
			"Đắk Lắk",
			"Đăk Nông",
			"Điện Biên",
			"Đồng Nai",
			"Đồng Tháp",
			"Gia Lai",
			"Hà Giang",
			"Hà Nam",
			"Hà Tĩnh",
			"Hải Dương",
			"Hải Phòng",
			"Hậu Giang",
			"Hoà Bình",
			"Hưng Yên",
			"Khánh Hoà",
			"Kiên Giang",
			"Kon Tum",
			"Lai Châu",
			"Lâm Đồng",
			"Lạng Sơn",
			"Lào Cai",
			"Long An",
			"Nam Định",
			"Nghệ An",
			"Ninh Bình",
			"Ninh Thuận",
			"Phú Thọ",
			"Phú Yên",
			"Quảng Bình",
			"Quảng Nam",
			"Quảng Ngãi",
			"Quảng Ninh",
			"Quảng Trị",
			"Sóc Trăng",
			"Sơn La",
			"Tây Ninh",
			"Thái Bình",
			"Thái Nguyên",
			"Thanh Hoá",
			"Thừa Thiên - Huế",
			"Tiền Giang",
			"Trà Vinh",
			"Tuyên Quang",
			"Vĩnh Long",
			"Vĩnh Phúc",
			"Yên Bái",
			"Hà Nội",
			"TP. Hồ Chí Minh"
		]
	},
	"url": "https://daihoc.fpt.edu.vn/ngam-nhan-sac-ngot-lim-cua-nu-sinh-dh-fpt-duoc-coi-la-ban-sao-cua-ca-si-van-mai-huong/"
}