{
	"data": {
		"title": [
			"Sinh viên ĐH FPT đón đầu cơ hội việc làm tại công ty Đường sắt Đông Nhật Bản JEIS - Trường Đại học FPT"
		],
		"div": [
			"›\n\n›",
			"© 2024 Bản quyền thuộc về Trường Đại học FPT.",
			"Đăng ký tư vấn"
		],
		"a": [
			"Trường Đại học FPT",
			"Vietnamese",
			"English",
			"Trang chủ",
			"Giới thiệu",
			"Lịch sử thành lập",
			"Tập đoàn FPT",
			"Tổ chức giáo dục FPT",
			"Triết lý đào tạo",
			"Các giải thưởng và thành tích",
			"Ban lãnh đạo",
			"Gắn kết cộng đồng",
			"Tin tức",
			"Tin tức chung",
			"Hoạt động sinh viên",
			"Sự kiện",
			"Tuyển dụng",
			"Hướng nghiệp",
			"Ngành học",
			"Công nghệ thông tin",
			"Công nghệ ô tô số",
			"Kỹ thuật phần mềm",
			"Hệ thống thông tin",
			"Trí tuệ nhân tạo",
			"An toàn thông tin",
			"Thiết kế Mỹ thuật số",
			"Quản trị kinh doanh",
			"Tài chính",
			"Digital Marketing",
			"Kinh doanh quốc tế",
			"Quản lý Logistics & Chuỗi cung ứng toàn cầu",
			"Quản trị khách sạn",
			"Quản trị Du lịch và Lữ hành",
			"Công nghệ truyền thông",
			"Quản trị truyền thông đa phương tiện",
			"Quan hệ công chúng",
			"Ngôn ngữ Anh",
			"Ngôn ngữ Nhật",
			"Ngôn ngữ Hàn Quốc",
			"Ngôn ngữ Trung Quốc (Dự kiến)",
			"Đời sống sinh viên",
			"Một ngày tại Đại học FPT",
			"Vì sao nên học tại Đại học FPT",
			"Sự hài lòng của sinh viên",
			"Môi trường học tập",
			"Chương trình học linh hoạt",
			"Đời sống sinh viên",
			"Ký túc xá",
			"Các CLB & Cộng đồng sinh viên",
			"Các hoạt động thể thao trong trường",
			"Dịch vụ hỗ trợ",
			"Định hướng và khởi đầu",
			"Tốt nghiệp",
			"Câu chuyện sinh viên",
			"Hợp tác",
			"Ngành công nghiệp và doanh nghiệp",
			"Chương trình trao đổi sinh viên",
			"Chương trình học tập tại nước ngoài",
			"Hợp tác quốc tế",
			"Trao đổi sinh viên",
			"Học kỳ nước ngoài",
			"Các trường đại học đối tác",
			"Cựu sinh viên",
			"Cộng đồng cựu sinh viên",
			"Họ đang làm việc tại đâu",
			"Tuyển sinh",
			"Đề án tuyển sinh",
			"Tin tuyển sinh",
			"Liên hệ",
			"Đăng nhập",
			"huonght20",
			"Nữ sinh trường F trong tà áo dài ngày Xuân",
			"Gặp gỡ đội tuyển NGT’s OPEN ROBOT trước giải đấu FIRST Tech Challenge Vietnam",
			"Tỏa sáng với nghiên cứu khoa học, nữ sinh ĐH FPT khẳng định bản lĩnh và tài năng",
			"Phim ngắn “Thoi vàng chỉ ngọc” của SV ĐH FPT tại Cần Thơ được công chiếu ở Lotte Cinema",
			"SV trường ĐH FPT Hà Nội đón “tết trên bản” 2024",
			"Vietnamese",
			"English",
			"Facebook",
			"Youtube",
			"Tik Tok",
			"Hotline: (024)/(028) 73001866 - (0236)/(0292) 7301866"
		],
		"img": [
			"cropped cropped 2021 FPTU Long",
			"cropped cropped 2021 FPTU Long",
			"sinh vien dai hoc fpt 8",
			"sinh vien dai hoc fpt 8",
			"dai hoc fpt 1",
			"dai hoc fpt 1",
			"my duyen",
			"my duyen",
			"fpt 5",
			"fpt 5",
			"dai hoc fpt 1",
			"dai hoc fpt 1",
			"thông báo tuyển bổ sung",
			"thông báo tuyển bổ sung"
		],
		"p": [
			"Trang thông tin tuyển sinh chính thức của Trường Đại học FPT",
			"Đến thăm và làm việc tại Đại học FPT, đại diện công ty JEIS: ông Koichi Ishii (Executive Director), ông Yoshinobu Yamamoto (General Manager), và bà Akihiro Yoshimura (Head of JEIS – ICT Training Center) dành nhiều lời khen ngợi về cơ sở vật chất và chất lượng sinh viên của nhà trường. Đón đoàn công ty JEIS, đại diện bên phía trường Đại học FPT gồm ông Tạ Ngọc Cầu – Giám đốc cơ sở Hòa Lạc, bà Phạm Tuyết Hạnh Hà (Trưởng phòng Công tác sinh viên).",
			"Đại diện phía công ty JEIS bày tỏ mong muốn được hợp tác cùng FPTU, đem đến cho sinh viên nhiều cơ hội nghề nghiệp hơn nữa tại JEIS. Đặc biệt, Kỹ sư hệ thống (System Engineering) là vị trí mà JEIS đặc biệt chú trọng trong chiến dịch tuyển dụng gần đây.",
			"Tại sự kiện, thầy Tạ Ngọc Cầu cũng có những chia sẻ tới đối tác về tầm nhìn và sứ mệnh của Đại học FPT trong lĩnh vực giáo dục đào tạo trong bối cảnh xu hướng toàn cầu hóa và sự bùng nổ mạnh mẽ của Cuộc cách mạng công nghiệp 4.0.",
			"Hai sinh viên Đại học FPT – Lý Linh và Nguyễn Thành Luân đã xuất sắc vượt qua vòng phỏng vấn để trở thành nhân sự của JEIS.",
			"Ngay sau đó, JEIS cũng đã có buổi Seminar trao đổi trực tiếp với sinh viên Đại học FPT về lĩnh vực hoạt động và cơ hội nghề nghiệp tại công ty trong thời gian tới. Công ty mong muốn sẽ có 20 bạn sinh viên năm thứ 4 Đại học FPT (tốt nghiệp tháng 6/2018) có thể sang Nhật làm việc vào tháng 4/2019 với vị trí System Engineering. Đặc biệt, công ty cũng có những chương trình thực tập đáng chú ý, trong đó có chương trình thực tập “7 ngày”.",
			"Hy vọng sau buổi gặp mặt, công ty Đường sắt Đông Nhật Bản JEIS và trường Đại học FPT sẽ thắt chặt mối quan hệ hợp tác. Mong rằng trong thời gian tới, cơ hội nghề nghiệp và số lượng sinh viên FPT “xuất ngoại” làm việc sẽ gia tặng nhiều hơn tại JEIS.",
			"Khu Giáo dục và Đào tạo – Khu Công nghệ cao Hòa Lạc – Km29 Đại lộ Thăng Long, H. Thạch Thất,\nTP. Hà Nội",
			"Điện thoại: 024 7300 1866",
			"Email: daihocfpt@fpt.edu.vn",
			"Lô E2a-7, Đường D1 Khu Công nghệ cao, P. Long Thạnh Mỹ, TP. Thủ Đức, TP. Hồ Chí Minh",
			"Điện thoại: 028 7300 1866",
			"Email: daihocfpt@fpt.edu.vn",
			"Khu đô thị công nghệ FPT Đà Nẵng, P. Hoà Hải, Q. Ngũ Hành Sơn, TP. Đà Nẵng",
			"Điện thoại: 0236 730 1866",
			"Email: daihocfpt@fpt.edu.vn",
			"Số 600 Đường Nguyễn Văn Cừ (nối dài), P. An Bình, Q. Ninh Kiều, TP. Cần Thơ",
			"Điện thoại: 0292 730 1866",
			"Email: daihocfpt@fpt.edu.vn",
			"Khu đô thị mới An Phú Thịnh, Phường Nhơn Bình & Phường Đống Đa, TP. Quy\nNhơn, Bình Định",
			"Điện thoại: 0256 730 1866 /0256 7300 999",
			"Email: daihocfpt@fpt.edu.vn"
		],
		"label": [
			"Tìm kiếm",
			"Tìm kiếm"
		],
		"button": [
			"×",
			"Đăng ký",
			"Đóng"
		],
		"span": [
			"Trang chủ",
			"Hoạt động sinh viên",
			"Sinh viên ĐH FPT đón đầu cơ hội việc làm tại công ty Đường sắt Đông Nhật Bản JEIS",
			"bởi",
			"Bài trước",
			"Bài trước:",
			"← Chương trình học bổng Nguyễn Văn Đạo năm 2018",
			"Bài tiếp",
			"Bài tiếp:",
			"Sinh viên Việt được doanh nghiệp Nhật chào đón với mức lương nghìn đô →"
		],
		"h1": [
			"Sinh viên ĐH FPT đón đầu cơ hội việc làm tại công ty Đường sắt Đông Nhật Bản JEIS"
		],
		"time": [
			"Thứ Sáu, ngày 02 tháng 02 năm 2018",
			"14/04/2020",
			"05/02/2024",
			"05/02/2024",
			"05/02/2024",
			"02/02/2024",
			"01/02/2024"
		],
		"strong": [
			"Ngày 1/2/2018 đại diện công ty Đường sắt Đông Nhật Bản JEIS đã đến thăm và trao đổi cơ hội hợp tác với trường Đại học FPT. Đồng thời, Nguyễn Thị Lý Linh (sinh viên Khóa 9) – 1 trong 2 sinh viên của Đại học FPT (cơ sở Hòa Lạc) vinh dự được trao tặng chứng nhận công tác tại công ty.",
			"Ngô Thành Đại"
		],
		"em": [
			"Mở đầu chương trình là sự gặp gỡ và trao đổi của công ty JEIS với Đại học FPT.",
			"Ông Koichi Ishii – Giám đốc điều hành Công ty JEIS trao tặng chứng nhận công tác cho Nguyễn Thị Lý Linh – sinh viên Khóa 9 khối ngành Công nghệ thông tin",
			"Sinh viên Đại học FPT hào hứng tìm hiểu về cơ hội việc làm tại công ty Đường sắt Đông Nhật Bản JEIS"
		],
		"h2": [
			"Điều hướng bài viết"
		],
		"h4": [
			"HÀ NỘI",
			"TP. HỒ CHÍ MINH",
			"ĐÀ NẴNG",
			"CẦN THƠ",
			"Quy Nhơn"
		],
		"h3": [
			"Đăng ký tư vấn"
		],
		"b": [
			"Hãy để lại SĐT để cán bộ nhà trường hỗ trợ bạn sớm nhất nhé"
		],
		"option": [
			"Tỉnh / Thành phố *",
			"An Giang",
			"Bà Rịa-Vũng Tàu",
			"Bắc Giang",
			"Bắc Kạn",
			"Bạc Liêu",
			"Bắc Ninh",
			"Bến Tre",
			"Bình Dương",
			"Bình Định",
			"Bình Phước",
			"Bình Thuận",
			"Cà Mau",
			"Cần Thơ",
			"Cao Bằng",
			"Cục Cảnh sát ĐKQL cư trú và DLQG về dân cư",
			"Cục Cảnh sát quản lý hành chính về trật tự xã hội",
			"Đà Nẵng",
			"Đắk Lắk",
			"Đăk Nông",
			"Điện Biên",
			"Đồng Nai",
			"Đồng Tháp",
			"Gia Lai",
			"Hà Giang",
			"Hà Nam",
			"Hà Tĩnh",
			"Hải Dương",
			"Hải Phòng",
			"Hậu Giang",
			"Hoà Bình",
			"Hưng Yên",
			"Khánh Hoà",
			"Kiên Giang",
			"Kon Tum",
			"Lai Châu",
			"Lâm Đồng",
			"Lạng Sơn",
			"Lào Cai",
			"Long An",
			"Nam Định",
			"Nghệ An",
			"Ninh Bình",
			"Ninh Thuận",
			"Phú Thọ",
			"Phú Yên",
			"Quảng Bình",
			"Quảng Nam",
			"Quảng Ngãi",
			"Quảng Ninh",
			"Quảng Trị",
			"Sóc Trăng",
			"Sơn La",
			"Tây Ninh",
			"Thái Bình",
			"Thái Nguyên",
			"Thanh Hoá",
			"Thừa Thiên - Huế",
			"Tiền Giang",
			"Trà Vinh",
			"Tuyên Quang",
			"Vĩnh Long",
			"Vĩnh Phúc",
			"Yên Bái",
			"Hà Nội",
			"TP. Hồ Chí Minh"
		]
	},
	"url": "https://daihoc.fpt.edu.vn/sinh-vien-dh-fpt-don-dau-co-hoi-viec-lam-tai-cong-ty-duong-sat-dong-nhat-ban-jeis/"
}