{
	"data": {
		"title": [
			"Nhật Bản và những điểm đến không thể bỏ qua đang đợi sinh viên ĐH FPT - Trường Đại học FPT"
		],
		"div": [
			"© 2024 Bản quyền thuộc về Trường Đại học FPT.",
			"Đăng ký tư vấn"
		],
		"a": [
			"Trường Đại học FPT",
			"Vietnamese",
			"English",
			"Trang chủ",
			"Giới thiệu",
			"Lịch sử thành lập",
			"Tập đoàn FPT",
			"Tổ chức giáo dục FPT",
			"Triết lý đào tạo",
			"Các giải thưởng và thành tích",
			"Ban lãnh đạo",
			"Gắn kết cộng đồng",
			"Tin tức",
			"Tin tức chung",
			"Hoạt động sinh viên",
			"Sự kiện",
			"Tuyển dụng",
			"Hướng nghiệp",
			"Ngành học",
			"Công nghệ thông tin",
			"Công nghệ ô tô số",
			"Kỹ thuật phần mềm",
			"Hệ thống thông tin",
			"Trí tuệ nhân tạo",
			"An toàn thông tin",
			"Thiết kế Mỹ thuật số",
			"Quản trị kinh doanh",
			"Tài chính",
			"Digital Marketing",
			"Kinh doanh quốc tế",
			"Quản lý Logistics & Chuỗi cung ứng toàn cầu",
			"Quản trị khách sạn",
			"Quản trị Du lịch và Lữ hành",
			"Công nghệ truyền thông",
			"Quản trị truyền thông đa phương tiện",
			"Quan hệ công chúng",
			"Ngôn ngữ Anh",
			"Ngôn ngữ Nhật",
			"Ngôn ngữ Hàn Quốc",
			"Ngôn ngữ Trung Quốc (Dự kiến)",
			"Đời sống sinh viên",
			"Một ngày tại Đại học FPT",
			"Vì sao nên học tại Đại học FPT",
			"Sự hài lòng của sinh viên",
			"Môi trường học tập",
			"Chương trình học linh hoạt",
			"Đời sống sinh viên",
			"Ký túc xá",
			"Các CLB & Cộng đồng sinh viên",
			"Các hoạt động thể thao trong trường",
			"Dịch vụ hỗ trợ",
			"Định hướng và khởi đầu",
			"Tốt nghiệp",
			"Câu chuyện sinh viên",
			"Hợp tác",
			"Ngành công nghiệp và doanh nghiệp",
			"Chương trình trao đổi sinh viên",
			"Chương trình học tập tại nước ngoài",
			"Hợp tác quốc tế",
			"Trao đổi sinh viên",
			"Học kỳ nước ngoài",
			"Các trường đại học đối tác",
			"Cựu sinh viên",
			"Cộng đồng cựu sinh viên",
			"Họ đang làm việc tại đâu",
			"Tuyển sinh",
			"Đề án tuyển sinh",
			"Tin tuyển sinh",
			"Liên hệ",
			"Đăng nhập",
			"Nguyễn Thị Hồng Yến",
			"Nữ sinh trường F trong tà áo dài ngày Xuân",
			"Gặp gỡ đội tuyển NGT’s OPEN ROBOT trước giải đấu FIRST Tech Challenge Vietnam",
			"Tỏa sáng với nghiên cứu khoa học, nữ sinh ĐH FPT khẳng định bản lĩnh và tài năng",
			"Phim ngắn “Thoi vàng chỉ ngọc” của SV ĐH FPT tại Cần Thơ được công chiếu ở Lotte Cinema",
			"SV trường ĐH FPT Hà Nội đón “tết trên bản” 2024",
			"Vietnamese",
			"English",
			"Facebook",
			"Youtube",
			"Tik Tok",
			"Hotline: (024)/(028) 73001866 - (0236)/(0292) 7301866"
		],
		"img": [
			"cropped cropped 2021 FPTU Long",
			"cropped cropped 2021 FPTU Long",
			"Hoc ky xuan Nhat DHFPT",
			"Hoc ky xuan Nhat DHFPT",
			"Hoc ky xuan Nhat DHFPT 7",
			"Hoc ky xuan Nhat DHFPT 7",
			"Hoc ky xuan Nhat DHFPT 1",
			"Hoc ky xuan Nhat DHFPT 1",
			"Hoc ky xuan Nhat DHFPT 2",
			"Hoc ky xuan Nhat DHFPT 2",
			"Hoc ky xuan Nhat DHFPT 4",
			"Hoc ky xuan Nhat DHFPT 4",
			"Hoc ky xuan Nhat DHFPT 3",
			"Hoc ky xuan Nhat DHFPT 3",
			"Hoc ky xuan Nhat DHFPT 5",
			"Hoc ky xuan Nhat DHFPT 5",
			"Hoc ky xuan Nhat DHFPT 6",
			"Hoc ky xuan Nhat DHFPT 6",
			"sinh vien dai hoc fpt 8",
			"sinh vien dai hoc fpt 8",
			"dai hoc fpt 1",
			"dai hoc fpt 1",
			"my duyen",
			"my duyen",
			"fpt 5",
			"fpt 5",
			"dai hoc fpt 1",
			"dai hoc fpt 1",
			"thông báo tuyển bổ sung",
			"thông báo tuyển bổ sung"
		],
		"p": [
			"Trang thông tin tuyển sinh chính thức của Trường Đại học FPT",
			"Study tour là một trong những chương trình du lịch học tập ngắn hạn ở nước ngoài được sinh viên Đại học FPT mong đợi. Điểm đến tiếp theo là Nhật Bản với những điểm đến nổi tiếng hứa hẹn mang đến nhiều trải nghiệm không thể bỏ qua cho các Cóc nhà F.",
			"Cùng điểm qua những điểm đến này nhé:",
			"Tháp Tokyo là một địa điểm không thể bỏ lỡ khi lấy cảm hứng từ tháp Eiffel của Pháp, tháp có khối kiến trúc khá tương đồng với bốn chân bằng sắt. Được xây dựng vào năm 1958, với chiều cao khoảng 333 mét. Tháp Tokyo một đài phát sóng của khu vực Shibakoen thuộc quận Minato, và cũng là địa điểm du lịch nổi tiếng thu hút hàng triệu du khách trong và ngoài nước.",
			"Ameyoko được ví như một trong những “thiên đường” mua sắm và vui chơi nhộn nhịp bậc nhất tại Tokyo. Đây là khu chợ nằm ngay trước ga Ueno, trong khu vực rộng khoảng 500- 600m có đến hơn 400 quán ăn, cửa hàng nằm liền kề nhau.",
			"Ga Tokyo vừa là điểm giao thông quan trọng, vừa là tài sản văn hóa quan trọng của Nhật Bản mà còn là địa điểm du lịch Tokyo siêu hot. Công trình được xây dựng theo lối kiến trúc nhà ga từ hơn 100 năm trước.",
			"Asakusa Kannon còn được biết đến với tên gọi là Sensoji. Senso là một cách gọi khác của Asakusa, còn “ji” tiếng Nhật có nghĩa là đền, chùa. Sensoji là ngôi đền cổ xưa nhất không những của Asakusa, mà là của cả thành phố Tokyo. Đền được xây dựng hoàn chỉnh vào năm 645 (Thế kỷ thứ 7).",
			"Đối với những khách du lịch Tokyo muốn tìm hiểu về văn hóa, lịch sử của Nhật Bản thì bảo tàng Edo chính là điểm đến không thể bỏ qua. Đến đây, bạn sẽ được “xuyên không”, trở về vùng đất Edo xa xưa và chiêm ngưỡng nhiều mô hình không gian 3 chiều độc đáo. Ngoài ra, bảo tàng cũng là nơi lưu giữ các hình ảnh về “văn hóa Kawaii” của những năm thập niên 90.",
			"Mì Ramen hay Sushi là những món ăn không còn xa lạ nhưng chắc chắn sẽ đặc biệt hấp dẫn nếu như chúng ta được thưởng thức phiên bản “authentic” đúng không các Cóc ơi.",
			"THÔNG TIN CHƯƠNG TRÌNH:",
			"Khu Giáo dục và Đào tạo – Khu Công nghệ cao Hòa Lạc – Km29 Đại lộ Thăng Long, H. Thạch Thất,\nTP. Hà Nội",
			"Điện thoại: 024 7300 1866",
			"Email: daihocfpt@fpt.edu.vn",
			"Lô E2a-7, Đường D1 Khu Công nghệ cao, P. Long Thạnh Mỹ, TP. Thủ Đức, TP. Hồ Chí Minh",
			"Điện thoại: 028 7300 1866",
			"Email: daihocfpt@fpt.edu.vn",
			"Khu đô thị công nghệ FPT Đà Nẵng, P. Hoà Hải, Q. Ngũ Hành Sơn, TP. Đà Nẵng",
			"Điện thoại: 0236 730 1866",
			"Email: daihocfpt@fpt.edu.vn",
			"Số 600 Đường Nguyễn Văn Cừ (nối dài), P. An Bình, Q. Ninh Kiều, TP. Cần Thơ",
			"Điện thoại: 0292 730 1866",
			"Email: daihocfpt@fpt.edu.vn",
			"Khu đô thị mới An Phú Thịnh, Phường Nhơn Bình & Phường Đống Đa, TP. Quy\nNhơn, Bình Định",
			"Điện thoại: 0256 730 1866 /0256 7300 999",
			"Email: daihocfpt@fpt.edu.vn"
		],
		"label": [
			"Tìm kiếm",
			"Tìm kiếm"
		],
		"button": [
			"×",
			"Đăng ký",
			"Đóng"
		],
		"li": [
			"Đối tượng: Sinh viên FPT Hà Nội",
			"Số lượng: 16 sinh viên",
			"Thời gian tham gia: 09/04/2023 – 16/04/2023",
			"Chi phí: 23,800,000 VNĐ (Chi phí đã bao gồm: Phí tham gia chương trình, vé máy bay, visa, bảo hiểm, chỗ ở, đưa – đón tại sân bay ở Nhật Bản, hỗ trợ một phần ăn uống và di chuyển)",
			"Link đăng ký: https://forms.gle/8Yzd1zyco8pcF56A7",
			"Hạn đăng ký và đặt cọc: 09/03/2023",
			"Thông báo về chương trình: https://bit.ly/3IUNtdN",
			"Mọi thắc mắc xin vui lòng liên hệ qua fanpage ICPDP – Global Study Opportunities hoặc qua SĐT: 0961593742 (Ms. Hà)"
		],
		"span": [
			"Trang chủ",
			"bởi",
			"Bài trước",
			"Bài trước:",
			"← Đại học FPT đón tiếp Tham Tán Công Sứ Indonesia và đại diện Tarumanagara Foundation",
			"Bài tiếp",
			"Bài tiếp:",
			"VTV1 đưa tin về chương trình học bổng “FPTU Scholarship 1000” năm 2023 →"
		],
		"h1": [
			"Nhật Bản và những điểm đến không thể bỏ qua đang đợi sinh viên ĐH FPT"
		],
		"time": [
			"Thứ Năm, ngày 09 tháng 03 năm 2023",
			"09/03/2023",
			"05/02/2024",
			"05/02/2024",
			"05/02/2024",
			"02/02/2024",
			"01/02/2024"
		],
		"strong": [
			"Tháng 4 này, sinh viên Đại học FPT tại Hà Nội sẽ có có hội được học tập và tham quan Nhật Bản trong vòng 1 tuần với những điểm đến nổi tiếng tại sứ xở Hoa Anh Đào.",
			"Tháp Tokyo",
			"Khu phố Ameyoko",
			"Ga Tokyo",
			"Đền Asakusa/ Sensoji",
			"Bảo tàng Edo Tokyo",
			"Ẩm thực đặc trưng",
			"Theo IC-PDP"
		],
		"h2": [
			"Điều hướng bài viết"
		],
		"h4": [
			"HÀ NỘI",
			"TP. HỒ CHÍ MINH",
			"ĐÀ NẴNG",
			"CẦN THƠ",
			"Quy Nhơn"
		],
		"h3": [
			"Đăng ký tư vấn"
		],
		"b": [
			"Hãy để lại SĐT để cán bộ nhà trường hỗ trợ bạn sớm nhất nhé"
		],
		"option": [
			"Tỉnh / Thành phố *",
			"An Giang",
			"Bà Rịa-Vũng Tàu",
			"Bắc Giang",
			"Bắc Kạn",
			"Bạc Liêu",
			"Bắc Ninh",
			"Bến Tre",
			"Bình Dương",
			"Bình Định",
			"Bình Phước",
			"Bình Thuận",
			"Cà Mau",
			"Cần Thơ",
			"Cao Bằng",
			"Cục Cảnh sát ĐKQL cư trú và DLQG về dân cư",
			"Cục Cảnh sát quản lý hành chính về trật tự xã hội",
			"Đà Nẵng",
			"Đắk Lắk",
			"Đăk Nông",
			"Điện Biên",
			"Đồng Nai",
			"Đồng Tháp",
			"Gia Lai",
			"Hà Giang",
			"Hà Nam",
			"Hà Tĩnh",
			"Hải Dương",
			"Hải Phòng",
			"Hậu Giang",
			"Hoà Bình",
			"Hưng Yên",
			"Khánh Hoà",
			"Kiên Giang",
			"Kon Tum",
			"Lai Châu",
			"Lâm Đồng",
			"Lạng Sơn",
			"Lào Cai",
			"Long An",
			"Nam Định",
			"Nghệ An",
			"Ninh Bình",
			"Ninh Thuận",
			"Phú Thọ",
			"Phú Yên",
			"Quảng Bình",
			"Quảng Nam",
			"Quảng Ngãi",
			"Quảng Ninh",
			"Quảng Trị",
			"Sóc Trăng",
			"Sơn La",
			"Tây Ninh",
			"Thái Bình",
			"Thái Nguyên",
			"Thanh Hoá",
			"Thừa Thiên - Huế",
			"Tiền Giang",
			"Trà Vinh",
			"Tuyên Quang",
			"Vĩnh Long",
			"Vĩnh Phúc",
			"Yên Bái",
			"Hà Nội",
			"TP. Hồ Chí Minh"
		]
	},
	"url": "https://daihoc.fpt.edu.vn/nhat-ban-va-nhung-diem-den-khong-the-bo-qua-dang-doi-sinh-vien-dh-fpt/"
}