{
	"data": {
		"title": [
			"SV học kiểu kiến tạo, tuy bỡ ngỡ nhưng hiệu quả bất ngờ - Trường Đại học FPT"
		],
		"div": [
			"›\n\n›\n\n›\n\n›",
			"© 2024 Bản quyền thuộc về Trường Đại học FPT.",
			"Đăng ký tư vấn"
		],
		"a": [
			"Trường Đại học FPT",
			"Vietnamese",
			"English",
			"Trang chủ",
			"Giới thiệu",
			"Lịch sử thành lập",
			"Tập đoàn FPT",
			"Tổ chức giáo dục FPT",
			"Triết lý đào tạo",
			"Các giải thưởng và thành tích",
			"Ban lãnh đạo",
			"Gắn kết cộng đồng",
			"Tin tức",
			"Tin tức chung",
			"Hoạt động sinh viên",
			"Sự kiện",
			"Tuyển dụng",
			"Hướng nghiệp",
			"Ngành học",
			"Công nghệ thông tin",
			"Công nghệ ô tô số",
			"Kỹ thuật phần mềm",
			"Hệ thống thông tin",
			"Trí tuệ nhân tạo",
			"An toàn thông tin",
			"Thiết kế Mỹ thuật số",
			"Quản trị kinh doanh",
			"Tài chính",
			"Digital Marketing",
			"Kinh doanh quốc tế",
			"Quản lý Logistics & Chuỗi cung ứng toàn cầu",
			"Quản trị khách sạn",
			"Quản trị Du lịch và Lữ hành",
			"Công nghệ truyền thông",
			"Quản trị truyền thông đa phương tiện",
			"Quan hệ công chúng",
			"Ngôn ngữ Anh",
			"Ngôn ngữ Nhật",
			"Ngôn ngữ Hàn Quốc",
			"Ngôn ngữ Trung Quốc (Dự kiến)",
			"Đời sống sinh viên",
			"Một ngày tại Đại học FPT",
			"Vì sao nên học tại Đại học FPT",
			"Sự hài lòng của sinh viên",
			"Môi trường học tập",
			"Chương trình học linh hoạt",
			"Đời sống sinh viên",
			"Ký túc xá",
			"Các CLB & Cộng đồng sinh viên",
			"Các hoạt động thể thao trong trường",
			"Dịch vụ hỗ trợ",
			"Định hướng và khởi đầu",
			"Tốt nghiệp",
			"Câu chuyện sinh viên",
			"Hợp tác",
			"Ngành công nghiệp và doanh nghiệp",
			"Chương trình trao đổi sinh viên",
			"Chương trình học tập tại nước ngoài",
			"Hợp tác quốc tế",
			"Trao đổi sinh viên",
			"Học kỳ nước ngoài",
			"Các trường đại học đối tác",
			"Cựu sinh viên",
			"Cộng đồng cựu sinh viên",
			"Họ đang làm việc tại đâu",
			"Tuyển sinh",
			"Đề án tuyển sinh",
			"Tin tuyển sinh",
			"Liên hệ",
			"Đăng nhập",
			"Quỳnh",
			"Dân trí",
			"Nữ sinh trường F trong tà áo dài ngày Xuân",
			"Gặp gỡ đội tuyển NGT’s OPEN ROBOT trước giải đấu FIRST Tech Challenge Vietnam",
			"Tỏa sáng với nghiên cứu khoa học, nữ sinh ĐH FPT khẳng định bản lĩnh và tài năng",
			"Phim ngắn “Thoi vàng chỉ ngọc” của SV ĐH FPT tại Cần Thơ được công chiếu ở Lotte Cinema",
			"SV trường ĐH FPT Hà Nội đón “tết trên bản” 2024",
			"Vietnamese",
			"English",
			"Facebook",
			"Youtube",
			"Tik Tok",
			"Hotline: (024)/(028) 73001866 - (0236)/(0292) 7301866"
		],
		"img": [
			"cropped cropped 2021 FPTU Long",
			"cropped cropped 2021 FPTU Long",
			"sinh vien dai hoc fpt 8",
			"sinh vien dai hoc fpt 8",
			"dai hoc fpt 1",
			"dai hoc fpt 1",
			"my duyen",
			"my duyen",
			"fpt 5",
			"fpt 5",
			"dai hoc fpt 1",
			"dai hoc fpt 1",
			"thông báo tuyển bổ sung",
			"thông báo tuyển bổ sung"
		],
		"p": [
			"Trang thông tin tuyển sinh chính thức của Trường Đại học FPT",
			"Vượt qua những bỡ ngỡ ban đầu, sử dụng công nghệ hỗ trợ việc học theo phương pháp kiến tạo, sinh viên ĐH FPT đã có được nhiều trải nghiệm học tập đầy mới mẻ và hứng khởi.",
			"Đi học phải ngồi nghe lý thuyết, ghi chép bài vở không thiếu chữ nào hay thầy cô hỏi thì phải trả lời đúng… là những “tiêu chuẩn” không còn tồn tại trong lớp học theo phương pháp kiến tạo ở ĐH FPT.",
			"Học tập theo phương pháp này, sinh viên ĐH FPT trở thành trung tâm của giờ học. Các bạn là người chủ động nghiên cứu kiến thức dựa trên định hướng của giảng viên, nghiên cứu vấn đề cùng nhau và cùng giảng viên, trao đổi, phản biện một cách thẳng thắn và bình đẳng với nhau và với thầy cô giáo của mình. “Mọi ý kiến ở lớp học kiến tạo đều là một quan điểm cá nhân được tôn trọng. Thầy cô luôn khuyến khích chúng mình trao đổi, tương tác để hiểu bài sâu hơn. Không có đúng hay sai một cách tuyệt đối nên sinh viên chúng mình cũng chẳng lo trả lời sai bị điểm kém.” Đỗ Bạch Diệp (sinh viên K15) chia sẻ về trải nghiệm học kiến tạo của mình.",
			"Ban đầu, khi nghe đến “Constructivism” hay “học thuyết kiến tạo”, Bạch Diệp bộc bạch bản thân có chút “lo lắng không hiểu phương pháp này là gì, mình sẽ phải làm thế nào để học theo một phương pháp mới mà vẫn giữ được kết quả tốt.”",
			"Tuy nhiên, khi trải nghiệm phương pháp học tập này, Diệp nhận ra, nó không quá xa lạ với những gì nữ sinh đã được làm quen ở môi trường học tập ĐH FPT. “Đó là khuyến khích sự chủ động của sinh viên qua việc tìm hiểu kiến thức trước mỗi giờ lên lớp, mạnh dạn trao đổi với thầy cô và bạn bè, không sợ sai để khám phá và tự lĩnh hội kiến thức của riêng mình”, Diệp cho biết.",
			"Học online trong thời gian dài do ảnh hưởng của Covid-19, lại học tập theo phương pháp đòi hỏi sự chủ động, tương tác từ phía người dạy và người học nhưng sinh viên ĐH FPT không gặp quá nhiều khó khăn. Đó là do ĐH FPT đã phát triển nền tảng công nghệ hỗ trợ học tập kiến tạo và sinh viên ĐH FPT cũng rất nhanh nhạy, hào hứng khi sử dụng ứng dụng này.",
			"“Mình đã rất hào hứng khi biết thông tin sẽ được trải nghiệm phương pháp học kiến tạo trên nền tảng EduNext”, Trần Phương Nhật Chung (sinh viên ngành Truyền thông Đa phương tiện, ĐH FPT) chia sẻ. Theo nữ sinh này, phương pháp học kiến tạo rất hữu ích, phù hợp với cả việc học online hoặc offline. Nền tảng EduNext cho phép tạo ra những “lớp nhóm học tập” để sinh viên tương tác với nhau qua tin nhắn, video trực tuyến. Giảng viên có thể lựa chọn livestream giảng dạy và trao đổi với nhiều sinh viên cùng lúc. Các tính năng khác như đánh giá chéo, tích hợp học liệu, thưởng “sao”, phát hiện chuyên gia… hỗ trợ sinh viên học một cách chủ động và được hỗ trợ, khuyến khích kịp thời trong quá trình học tập.",
			"“Mình làm quen với phương pháp học kiến tạo trên nền tảng EduNext chỉ trong vòng hơn 1 tháng. Ban đầu còn chút băn khoăn về việc đánh giá kết quả học tập nhưng được thực hành trong thực tế, mình thấy các giảng viên hoàn toàn có thể kiểm soát, đánh giá hiệu quả học tập của sinh viên. Tính năng “vote sao” rất thú vị khi các bạn trong lớp “đua” nhau đưa ra ý kiến, đáp án để giành được nhiều “sao”, tạo ra bầu không khí học tập hứng khởi, sôi nổi.”",
			"Ngoài EduNext, nhiều giảng viên ĐH FPT còn linh hoạt sử dụng các ứng dụng, platform có sẵn trên Internet như Quizizz hay Padlet để khuyến khích sinh viên tìm hiểu kiến thức, có những tương tác thú vị xoay quanh chủ đề bài học trong mỗi giờ học kiến tạo. “Học kiến tạo giúp mình và bạn bè có trách nhiệm hơn trong việc chuẩn bị bài vở trước khi lên lớp. Sự tương tác nhiều giữa sinh viên với giảng viên và sinh viên chúng mình với nhau khiến giờ học kiến tạo sôi nổi, hào hứng hơn rất nhiều”, Diệp nói.",
			"Được biết, Constructivism hay Học thuyết kiến tạo là phương pháp khuyến khích sinh viên tự học, tự nghiên cứu và xây dựng kiến thức cho mình còn giảng viên đóng vai trò tổ chức và kiểm soát quá trình tự học của sinh viên. ĐH FPT là một trong những trường ĐH sớm đưa phương pháp này vào chương trình giảng dạy, tạo ra những trải nghiệm học tập mới cho người học.",
			"Theo",
			"Khu Giáo dục và Đào tạo – Khu Công nghệ cao Hòa Lạc – Km29 Đại lộ Thăng Long, H. Thạch Thất,\nTP. Hà Nội",
			"Điện thoại: 024 7300 1866",
			"Email: daihocfpt@fpt.edu.vn",
			"Lô E2a-7, Đường D1 Khu Công nghệ cao, P. Long Thạnh Mỹ, TP. Thủ Đức, TP. Hồ Chí Minh",
			"Điện thoại: 028 7300 1866",
			"Email: daihocfpt@fpt.edu.vn",
			"Khu đô thị công nghệ FPT Đà Nẵng, P. Hoà Hải, Q. Ngũ Hành Sơn, TP. Đà Nẵng",
			"Điện thoại: 0236 730 1866",
			"Email: daihocfpt@fpt.edu.vn",
			"Số 600 Đường Nguyễn Văn Cừ (nối dài), P. An Bình, Q. Ninh Kiều, TP. Cần Thơ",
			"Điện thoại: 0292 730 1866",
			"Email: daihocfpt@fpt.edu.vn",
			"Khu đô thị mới An Phú Thịnh, Phường Nhơn Bình & Phường Đống Đa, TP. Quy\nNhơn, Bình Định",
			"Điện thoại: 0256 730 1866 /0256 7300 999",
			"Email: daihocfpt@fpt.edu.vn"
		],
		"label": [
			"Tìm kiếm",
			"Tìm kiếm"
		],
		"button": [
			"×",
			"Đăng ký",
			"Đóng"
		],
		"span": [
			"Trang chủ",
			"Cuộc sống tại đại học FPT",
			"Tại sao nên học tại Đại học FPT",
			"Môi trường học tập",
			"SV học kiểu kiến tạo, tuy bỡ ngỡ nhưng hiệu quả bất ngờ",
			"bởi",
			"Bài trước",
			"Bài trước:",
			"← Đại học FPT TP.HCM mang mô hình CLB Nhạc cụ dân tộc đến trường THPT",
			"Bài tiếp",
			"Bài tiếp:",
			"Cách chinh phục học bổng toàn phần vào ĐH FPT →"
		],
		"h1": [
			"SV học kiểu kiến tạo, tuy bỡ ngỡ nhưng hiệu quả bất ngờ"
		],
		"time": [
			"Thứ Ba, ngày 05 tháng 04 năm 2022",
			"26/04/2022",
			"05/02/2024",
			"05/02/2024",
			"05/02/2024",
			"02/02/2024",
			"01/02/2024"
		],
		"h2": [
			"Điều hướng bài viết"
		],
		"strong": [
			"Lớp học chẳng có đúng hay sai, chỉ có sinh viên làm trung tâm",
			"Ứng dụng công nghệ tạo nên trải nghiệm học hứng khởi"
		],
		"figcaption": [
			"Vượt qua những bỡ ngỡ ban đầu, sử dụng công nghệ hỗ trợ việc học theo phương pháp kiến tạo, sinh viên ĐH FPT đã có được nhiều trải nghiệm học tập đầy mới mẻ và hứng khởi.",
			"Được biết, Constructivism hay Học thuyết kiến tạo là phương pháp khuyến khích sinh viên tự học, tự nghiên cứu và xây dựng kiến thức cho mình còn giảng viên đóng vai trò tổ chức và kiểm soát quá trình tự học của sinh viên."
		],
		"h4": [
			"HÀ NỘI",
			"TP. HỒ CHÍ MINH",
			"ĐÀ NẴNG",
			"CẦN THƠ",
			"Quy Nhơn"
		],
		"h3": [
			"Đăng ký tư vấn"
		],
		"b": [
			"Hãy để lại SĐT để cán bộ nhà trường hỗ trợ bạn sớm nhất nhé"
		],
		"option": [
			"Tỉnh / Thành phố *",
			"An Giang",
			"Bà Rịa-Vũng Tàu",
			"Bắc Giang",
			"Bắc Kạn",
			"Bạc Liêu",
			"Bắc Ninh",
			"Bến Tre",
			"Bình Dương",
			"Bình Định",
			"Bình Phước",
			"Bình Thuận",
			"Cà Mau",
			"Cần Thơ",
			"Cao Bằng",
			"Cục Cảnh sát ĐKQL cư trú và DLQG về dân cư",
			"Cục Cảnh sát quản lý hành chính về trật tự xã hội",
			"Đà Nẵng",
			"Đắk Lắk",
			"Đăk Nông",
			"Điện Biên",
			"Đồng Nai",
			"Đồng Tháp",
			"Gia Lai",
			"Hà Giang",
			"Hà Nam",
			"Hà Tĩnh",
			"Hải Dương",
			"Hải Phòng",
			"Hậu Giang",
			"Hoà Bình",
			"Hưng Yên",
			"Khánh Hoà",
			"Kiên Giang",
			"Kon Tum",
			"Lai Châu",
			"Lâm Đồng",
			"Lạng Sơn",
			"Lào Cai",
			"Long An",
			"Nam Định",
			"Nghệ An",
			"Ninh Bình",
			"Ninh Thuận",
			"Phú Thọ",
			"Phú Yên",
			"Quảng Bình",
			"Quảng Nam",
			"Quảng Ngãi",
			"Quảng Ninh",
			"Quảng Trị",
			"Sóc Trăng",
			"Sơn La",
			"Tây Ninh",
			"Thái Bình",
			"Thái Nguyên",
			"Thanh Hoá",
			"Thừa Thiên - Huế",
			"Tiền Giang",
			"Trà Vinh",
			"Tuyên Quang",
			"Vĩnh Long",
			"Vĩnh Phúc",
			"Yên Bái",
			"Hà Nội",
			"TP. Hồ Chí Minh"
		]
	},
	"url": "https://daihoc.fpt.edu.vn/sv-hoc-kieu-kien-tao-tuy-bo-ngo-nhung-hieu-qua-bat-ngo/"
}