{
	"data": {
		"title": [
			"Chủ tịch Hoàng Nam Tiến chia sẻ với học sinh THPT Chuyên Lào Cai về “Câu chuyện ra biển lớn” - Trường Đại học FPT"
		],
		"div": [
			"© 2024 Bản quyền thuộc về Trường Đại học FPT.",
			"Đăng ký tư vấn"
		],
		"a": [
			"Trường Đại học FPT",
			"Vietnamese",
			"English",
			"Trang chủ",
			"Giới thiệu",
			"Lịch sử thành lập",
			"Tập đoàn FPT",
			"Tổ chức giáo dục FPT",
			"Triết lý đào tạo",
			"Các giải thưởng và thành tích",
			"Ban lãnh đạo",
			"Gắn kết cộng đồng",
			"Tin tức",
			"Tin tức chung",
			"Hoạt động sinh viên",
			"Sự kiện",
			"Tuyển dụng",
			"Hướng nghiệp",
			"Ngành học",
			"Công nghệ thông tin",
			"Công nghệ ô tô số",
			"Kỹ thuật phần mềm",
			"Hệ thống thông tin",
			"Trí tuệ nhân tạo",
			"An toàn thông tin",
			"Thiết kế Mỹ thuật số",
			"Quản trị kinh doanh",
			"Tài chính",
			"Digital Marketing",
			"Kinh doanh quốc tế",
			"Quản lý Logistics & Chuỗi cung ứng toàn cầu",
			"Quản trị khách sạn",
			"Quản trị Du lịch và Lữ hành",
			"Công nghệ truyền thông",
			"Quản trị truyền thông đa phương tiện",
			"Quan hệ công chúng",
			"Ngôn ngữ Anh",
			"Ngôn ngữ Nhật",
			"Ngôn ngữ Hàn Quốc",
			"Ngôn ngữ Trung Quốc (Dự kiến)",
			"Đời sống sinh viên",
			"Một ngày tại Đại học FPT",
			"Vì sao nên học tại Đại học FPT",
			"Sự hài lòng của sinh viên",
			"Môi trường học tập",
			"Chương trình học linh hoạt",
			"Đời sống sinh viên",
			"Ký túc xá",
			"Các CLB & Cộng đồng sinh viên",
			"Các hoạt động thể thao trong trường",
			"Dịch vụ hỗ trợ",
			"Định hướng và khởi đầu",
			"Tốt nghiệp",
			"Câu chuyện sinh viên",
			"Hợp tác",
			"Ngành công nghiệp và doanh nghiệp",
			"Chương trình trao đổi sinh viên",
			"Chương trình học tập tại nước ngoài",
			"Hợp tác quốc tế",
			"Trao đổi sinh viên",
			"Học kỳ nước ngoài",
			"Các trường đại học đối tác",
			"Cựu sinh viên",
			"Cộng đồng cựu sinh viên",
			"Họ đang làm việc tại đâu",
			"Tuyển sinh",
			"Đề án tuyển sinh",
			"Tin tuyển sinh",
			"Liên hệ",
			"Đăng nhập",
			"Nguyễn Thị Mơ",
			"Nữ sinh trường F trong tà áo dài ngày Xuân",
			"Gặp gỡ đội tuyển NGT’s OPEN ROBOT trước giải đấu FIRST Tech Challenge Vietnam",
			"Tỏa sáng với nghiên cứu khoa học, nữ sinh ĐH FPT khẳng định bản lĩnh và tài năng",
			"Phim ngắn “Thoi vàng chỉ ngọc” của SV ĐH FPT tại Cần Thơ được công chiếu ở Lotte Cinema",
			"SV trường ĐH FPT Hà Nội đón “tết trên bản” 2024",
			"Vietnamese",
			"English",
			"Facebook",
			"Youtube",
			"Tik Tok",
			"Hotline: (024)/(028) 73001866 - (0236)/(0292) 7301866"
		],
		"img": [
			"cropped cropped 2021 FPTU Long",
			"cropped cropped 2021 FPTU Long",
			"photo output",
			"photo output",
			"IMG 8681",
			"IMG 8681",
			"IMG 8675",
			"IMG 8675",
			"IMG 8783",
			"IMG 8783",
			"IMG 8815",
			"IMG 8815",
			"IMG 8797 1",
			"IMG 8797 1",
			"IMG 8846",
			"IMG 8846",
			"IMG 8867",
			"IMG 8867",
			"IMG 8840",
			"IMG 8840",
			"IMG 8656",
			"IMG 8656",
			"sinh vien dai hoc fpt 8",
			"sinh vien dai hoc fpt 8",
			"dai hoc fpt 1",
			"dai hoc fpt 1",
			"my duyen",
			"my duyen",
			"fpt 5",
			"fpt 5",
			"dai hoc fpt 1",
			"dai hoc fpt 1",
			"thông báo tuyển bổ sung",
			"thông báo tuyển bổ sung"
		],
		"p": [
			"Trang thông tin tuyển sinh chính thức của Trường Đại học FPT",
			"Xuất hiện tại trường THPT Chuyên Lào cai với phong thái và nụ cười gần gũi quen thuộc, Chủ tịch FPT Telecom Hoàng Nam Tiến mở đầu chương trình bằng mini game vô cùng thú vị liên quan đến bóng đá và câu chuyện về cầu thủ Quang Hải.",
			"Chia sẻ về câu chuyện “Go Global”, anh Tiến tin rằng ngày xưa, thế hệ cha ông đã nói chuyện với nhau bằng súng đạn, thế hệ trẻ sẽ chinh phục thế giới bằng trí tuệ. Chỉ 5-7 năm nữa thôi, các bạn học sinh sẽ ra trường, tham gia vào thị trường lao động, các bạn bắt buộc phải có những kỹ năng của công dân toàn cầu, nên các bạn cần định vị nghề nghiệp của mình không chỉ ở Việt Nam mà trên thị trường quốc tế vì quy mô thị trường này lớn gấp 3.000 lần so với tại Việt Nam.",
			"Anh Tiến cho rằng những vấn đề nhỏ nhặt trong đời sống lại là những thứ “làm khó” chúng ta khi ra nước ngoài. Bản thân không thể tự chăm lo, tự chủ trong đời sống thì nói gì đến việc cạnh tranh năng lực với bạn bè quốc tế. Thông qua một dự đoán từ diễn đàn kinh tế thế giới với câu hỏi “Năm 2030 phẩm chất nào của người đi làm được đánh giá cao nhất?” Anh Hoàng Nam Tiến đã đưa ra những lời khuyên cho các bạn học sinh THPT Chuyên Lào Cai qua 4 phẩm chất: thứ nhất: khả năng tư duy độc lập và có năng lực phản biện; thứ 2: khả năng Lifelong learning – học tập suốt đời, thứ 3: tiếng Anh là ngôn ngữ để sống, làm việc, giải trí…không phải là ngoại ngữ và điều cuối cùng là luôn cần rèn luyện thể lực để có một cơ thể khỏe mạnh. Anh Hoàng Nam Tiến cũng khuyên các bạn chơi thật nhiều, nhưng chơi cũng phải khác biệt và chơi có mục đích.",
			"Cũng trong buổi tư vấn hướng nghiệp, đại diện phía Đại học FPT – cô Vũ Thu Chinh – Giám đốc Tuyển sinh nhà trường đã trao học bổng cho 3 bạn học sinh xuất sắc của THPT Chuyên lào Cai với thành tích đạt giải cao trong cuộc thi quốc gia và quốc tế.",
			"Về phía đại diện trường THPT Chuyên Lào cai, thầy hiệu trưởng Ngô Thanh Xuân cũng gửi lời cảm ơn tới ĐH FPT đã phối hợp tổ chức chương trình hướng nghiệp và giành những suất học bổng cho học sinh; đặc biệt cảm ơn anh Hoàng Nam Tiến với bài diễn thuyết và những chia sẻ giá trị. Thầy Xuân cho biết: Hy vọng sau buổi tư vấn các em học sinh sẽ tự tin hơn, khát vọng và quyết tâm nỗ lực trong học tập, lựa chọn cho mình con đường nghề nghiệp đúng để thành công và tỏa sáng trong tương lai.”",
			"Nhận học bổng 70% toàn khóa học tại ĐH FPT với thành tích giải Nhì môn Tin học Quốc Gia, bạn Phạm Hoàng Tiến, học sinh lớp 12 Toán Tin trường THPT Chuyên Lào Cai chia sẻ: “Sau khi được thầy Tiến chia sẻ, em đã phần nào hiểu được về ngôi trường mình sắp đến và theo học. Em cảm thấy rất vui và tin tưởng về quãng đường sắp tới của em ở trường đại học FPT, và em sẽ cố gắng học và làm theo những lời tư vấn của thầy Tiến, để cố gắng trở thành một học sinh tốt, hướng tới làm một công dân toàn cầu sau này. Về học bổng đại học FPT, em cảm thấy rất vui và em sẽ coi đây là nguồn động lực trong quá trình học và rèn luyện sắp tới trong ngôi trường này.”",
			"Kết thúc buổi buổi tư vấn hướng nghiệp, Đại học FPT giải đáp các thắc mắc của học sinh Trường THPT Chuyên Lào Cai về quy chế tuyển sinh, quy chế học bổng của Đại học FPT,",
			"Một số hình ảnh trong chương trình",
			"Hy vọng buổi Tư vấn hướng nghiệp đã giúp các bạn học sinh có định hướng nghề nghiệp đúng đắn trong xu thế phát triển cách mạng công nghiệp 4.0 hiện nay.",
			"Khu Giáo dục và Đào tạo – Khu Công nghệ cao Hòa Lạc – Km29 Đại lộ Thăng Long, H. Thạch Thất,\nTP. Hà Nội",
			"Điện thoại: 024 7300 1866",
			"Email: daihocfpt@fpt.edu.vn",
			"Lô E2a-7, Đường D1 Khu Công nghệ cao, P. Long Thạnh Mỹ, TP. Thủ Đức, TP. Hồ Chí Minh",
			"Điện thoại: 028 7300 1866",
			"Email: daihocfpt@fpt.edu.vn",
			"Khu đô thị công nghệ FPT Đà Nẵng, P. Hoà Hải, Q. Ngũ Hành Sơn, TP. Đà Nẵng",
			"Điện thoại: 0236 730 1866",
			"Email: daihocfpt@fpt.edu.vn",
			"Số 600 Đường Nguyễn Văn Cừ (nối dài), P. An Bình, Q. Ninh Kiều, TP. Cần Thơ",
			"Điện thoại: 0292 730 1866",
			"Email: daihocfpt@fpt.edu.vn",
			"Khu đô thị mới An Phú Thịnh, Phường Nhơn Bình & Phường Đống Đa, TP. Quy\nNhơn, Bình Định",
			"Điện thoại: 0256 730 1866 /0256 7300 999",
			"Email: daihocfpt@fpt.edu.vn"
		],
		"label": [
			"Tìm kiếm",
			"Tìm kiếm"
		],
		"button": [
			"×",
			"Đăng ký",
			"Đóng"
		],
		"i": [
			"Sáng ngày 13/03, Trường Đại học FPT đã tổ chức Talkshow – TƯ VẤN HƯỚNG NGHIỆP: “Câu chuyện ra biển lớn” tại trường THPT Chuyên Lào cai.",
			"”,",
			"“"
		],
		"span": [
			"Trang chủ",
			"bởi",
			"Bài trước",
			"Bài trước:",
			"← Định hướng chương trình thực tập tại doanh nghiệp cho SV CNTT Hà Nội",
			"Bài tiếp",
			"Bài tiếp:",
			"1 ngày trải nghiệm làm sinh viên ĐH FPT của hơn 200 học sinh THPT Chuyên Biên Hoà, Hà Nam →"
		],
		"h1": [
			"Chủ tịch Hoàng Nam Tiến chia sẻ với học sinh THPT Chuyên Lào Cai về “Câu chuyện ra biển lớn”"
		],
		"time": [
			"Thứ Hai, ngày 13 tháng 03 năm 2023",
			"13/03/2023",
			"05/02/2024",
			"05/02/2024",
			"05/02/2024",
			"02/02/2024",
			"01/02/2024"
		],
		"b": [
			"Khách mời đặc biệt của chương trình là anh Hoàng Nam Tiến – Chủ tịch Công ty Công ty Cổ phần viễn thông FPT.Với chủ đề “Câu chuyện ra biển lớn",
			"talkshow đã thu hút đông đảo sự quan tâm của toàn bộ học sinh, phụ huynh và giáo viên của trường THPT Chuyên Lào Cai.",
			"Hãy để lại SĐT để cán bộ nhà trường hỗ trợ bạn sớm nhất nhé"
		],
		"figcaption": [
			"Anh Hoàng Nam tiến chủ tịch FPT Telecom chia sẻ cùng học sinh THPT Chuyên Lào Cai",
			"Anh Tiến giao lưu và tặng quà cho học sinh, món quà vô cùng bất ngờ là chiếc áo thi đấu có chữ ký của cầu thủ Nguyễn Quang Hải tại CLB PAU (Pháp)",
			"Sau phần chia sẻ, anh Tiến đã có phần hỏi đáp, giao lưu rất sôi nổi với các bạn học sinh",
			"Trường ĐH FPT trao học bổng cho 3 học sinh xuất sắc của THPT Chuyên Lào Cai",
			"Lãnh đạo trường THPT Chuyên Lào Cai tặng hoa cảm ơn anh Hoàng Nam Tiến",
			"Phạm Hoàng Tiến nhận học bổng 70% của Đại học FPT với thành tích Giải Nhì môn Tin học Quốc gia",
			"Các bạn học sinh lên xin chữ ký và xin chia sẻ từ chủ tịch Hoàng Nam Tiến sau chương trình"
		],
		"strong": [
			"MoNg"
		],
		"h2": [
			"Điều hướng bài viết"
		],
		"h4": [
			"HÀ NỘI",
			"TP. HỒ CHÍ MINH",
			"ĐÀ NẴNG",
			"CẦN THƠ",
			"Quy Nhơn"
		],
		"h3": [
			"Đăng ký tư vấn"
		],
		"option": [
			"Tỉnh / Thành phố *",
			"An Giang",
			"Bà Rịa-Vũng Tàu",
			"Bắc Giang",
			"Bắc Kạn",
			"Bạc Liêu",
			"Bắc Ninh",
			"Bến Tre",
			"Bình Dương",
			"Bình Định",
			"Bình Phước",
			"Bình Thuận",
			"Cà Mau",
			"Cần Thơ",
			"Cao Bằng",
			"Cục Cảnh sát ĐKQL cư trú và DLQG về dân cư",
			"Cục Cảnh sát quản lý hành chính về trật tự xã hội",
			"Đà Nẵng",
			"Đắk Lắk",
			"Đăk Nông",
			"Điện Biên",
			"Đồng Nai",
			"Đồng Tháp",
			"Gia Lai",
			"Hà Giang",
			"Hà Nam",
			"Hà Tĩnh",
			"Hải Dương",
			"Hải Phòng",
			"Hậu Giang",
			"Hoà Bình",
			"Hưng Yên",
			"Khánh Hoà",
			"Kiên Giang",
			"Kon Tum",
			"Lai Châu",
			"Lâm Đồng",
			"Lạng Sơn",
			"Lào Cai",
			"Long An",
			"Nam Định",
			"Nghệ An",
			"Ninh Bình",
			"Ninh Thuận",
			"Phú Thọ",
			"Phú Yên",
			"Quảng Bình",
			"Quảng Nam",
			"Quảng Ngãi",
			"Quảng Ninh",
			"Quảng Trị",
			"Sóc Trăng",
			"Sơn La",
			"Tây Ninh",
			"Thái Bình",
			"Thái Nguyên",
			"Thanh Hoá",
			"Thừa Thiên - Huế",
			"Tiền Giang",
			"Trà Vinh",
			"Tuyên Quang",
			"Vĩnh Long",
			"Vĩnh Phúc",
			"Yên Bái",
			"Hà Nội",
			"TP. Hồ Chí Minh"
		]
	},
	"url": "https://daihoc.fpt.edu.vn/chu-tich-hoang-nam-tien-chia-se-voi-hoc-sinh-thpt-chuyen-lao-cai-ve-cau-chuyen-ra-bien-lon/"
}