{
	"data": {
		"title": [
			"Chọn trường theo học ngành ngôn ngữ Nhật - Trường Đại học FPT"
		],
		"div": [
			"›\n\n›",
			"© 2024 Bản quyền thuộc về Trường Đại học FPT.",
			"Đăng ký tư vấn"
		],
		"a": [
			"Trường Đại học FPT",
			"Vietnamese",
			"English",
			"Trang chủ",
			"Giới thiệu",
			"Lịch sử thành lập",
			"Tập đoàn FPT",
			"Tổ chức giáo dục FPT",
			"Triết lý đào tạo",
			"Các giải thưởng và thành tích",
			"Ban lãnh đạo",
			"Gắn kết cộng đồng",
			"Tin tức",
			"Tin tức chung",
			"Hoạt động sinh viên",
			"Sự kiện",
			"Tuyển dụng",
			"Hướng nghiệp",
			"Ngành học",
			"Công nghệ thông tin",
			"Công nghệ ô tô số",
			"Kỹ thuật phần mềm",
			"Hệ thống thông tin",
			"Trí tuệ nhân tạo",
			"An toàn thông tin",
			"Thiết kế Mỹ thuật số",
			"Quản trị kinh doanh",
			"Tài chính",
			"Digital Marketing",
			"Kinh doanh quốc tế",
			"Quản lý Logistics & Chuỗi cung ứng toàn cầu",
			"Quản trị khách sạn",
			"Quản trị Du lịch và Lữ hành",
			"Công nghệ truyền thông",
			"Quản trị truyền thông đa phương tiện",
			"Quan hệ công chúng",
			"Ngôn ngữ Anh",
			"Ngôn ngữ Nhật",
			"Ngôn ngữ Hàn Quốc",
			"Ngôn ngữ Trung Quốc (Dự kiến)",
			"Đời sống sinh viên",
			"Một ngày tại Đại học FPT",
			"Vì sao nên học tại Đại học FPT",
			"Sự hài lòng của sinh viên",
			"Môi trường học tập",
			"Chương trình học linh hoạt",
			"Đời sống sinh viên",
			"Ký túc xá",
			"Các CLB & Cộng đồng sinh viên",
			"Các hoạt động thể thao trong trường",
			"Dịch vụ hỗ trợ",
			"Định hướng và khởi đầu",
			"Tốt nghiệp",
			"Câu chuyện sinh viên",
			"Hợp tác",
			"Ngành công nghiệp và doanh nghiệp",
			"Chương trình trao đổi sinh viên",
			"Chương trình học tập tại nước ngoài",
			"Hợp tác quốc tế",
			"Trao đổi sinh viên",
			"Học kỳ nước ngoài",
			"Các trường đại học đối tác",
			"Cựu sinh viên",
			"Cộng đồng cựu sinh viên",
			"Họ đang làm việc tại đâu",
			"Tuyển sinh",
			"Đề án tuyển sinh",
			"Tin tuyển sinh",
			"Liên hệ",
			"Đăng nhập",
			"Quỳnh",
			"tổ hợp môn",
			"Nữ sinh trường F trong tà áo dài ngày Xuân",
			"Gặp gỡ đội tuyển NGT’s OPEN ROBOT trước giải đấu FIRST Tech Challenge Vietnam",
			"Tỏa sáng với nghiên cứu khoa học, nữ sinh ĐH FPT khẳng định bản lĩnh và tài năng",
			"Phim ngắn “Thoi vàng chỉ ngọc” của SV ĐH FPT tại Cần Thơ được công chiếu ở Lotte Cinema",
			"SV trường ĐH FPT Hà Nội đón “tết trên bản” 2024",
			"Vietnamese",
			"English",
			"Facebook",
			"Youtube",
			"Tik Tok",
			"Hotline: (024)/(028) 73001866 - (0236)/(0292) 7301866"
		],
		"img": [
			"cropped cropped 2021 FPTU Long",
			"cropped cropped 2021 FPTU Long",
			"sinh vien dai hoc fpt 8",
			"sinh vien dai hoc fpt 8",
			"dai hoc fpt 1",
			"dai hoc fpt 1",
			"my duyen",
			"my duyen",
			"fpt 5",
			"fpt 5",
			"dai hoc fpt 1",
			"dai hoc fpt 1",
			"thông báo tuyển bổ sung",
			"thông báo tuyển bổ sung"
		],
		"p": [
			"Trang thông tin tuyển sinh chính thức của Trường Đại học FPT",
			"Tại Việt Nam, tiếng Nhật có thể coi là cầu nối đến thành công cho các bạn trẻ trong xu thế hợp tác phát triển kinh tế Việt – Nhật ngày càng sâu rộng.",
			"Chọn trường học tiếng Nhật chính là nấc thang đầu tiên giúp bạn trẻ yêu thích ngành ngôn ngữ Nhật thành công.",
			"Những năm gần đây, Việt Nam dần trở thành điểm đến của nhiều nhà đầu tư nước ngoài, trong đó có Nhật Bản. Nhiều công ty Nhật Bản hoặc doanh nghiệp có yếu tố Nhật Bản mở rộng kinh doanh, sản xuất tại Việt Nam. Các công ty liên tục tuyển dụng nhân lực có ngoại ngữ tiếng Nhật với đãi ngộ hấp dẫn. Mức lương phổ biến cho các vị trí tuyển dụng tiếng Nhật cho người mới ra trường là từ 500 USD đến 1.000 USD, thậm chí vài nghìn USD nếu có kinh nghiệm. Môi trường làm việc tại các doanh nghiệp Nhật Bản hoặc công ty có yếu tố Nhật Bản cũng nổi tiếng chuyên nghiệp, chế độ tốt.",
			"Bởi vậy, ngôn ngữ Nhật dần được coi là một trong những ngành hấp dẫn vì mở ra nhiều cơ hội việc làm trong các lĩnh vực: kinh tế, thương mại, công nghệ, điện tử.",
			"Tuy nhiên, ngôn ngữ Nhật sẽ là cánh cửa hẹp nếu bạn trẻ không chọn được môi trường học tập phù hợp, không có định hướng và quyết tâm theo ngành, theo nghề. Bởi lẽ, học ngoại ngữ nói chung, học tiếng Nhật ở Việt Nam nói riêng, không phải sinh viên trường nào cũng có thể trở nên thông thạo ngôn ngữ chỉ sau 4 năm đại học.",
			"“Đa số do cách dạy, môi trường hạn chế thực hành và giao lưu văn hóa Nhật, nên người học sau khi tốt nghiệp vẫn không thể nói tiếng Nhật tốt. Nhiều người muốn trở thành phiên dịch viên chuyên nghiệp còn phải sang Nhật du học, tiêu tốn thời gian và chi phí học tập lớn”, chị Ánh Hà, một cử nhân Nhật ngữ hiện là phiên dịch viên tiếng Nhật tại Hà Nội chia sẻ.",
			"Chị Hà cũng cho rằng, ngoài tiếng Nhật, sinh viên phải học thêm tiếng Anh bổ trợ thì mới có thể cạnh tranh tốt khi tìm việc lương cao.",
			"Theo những người trong ngành, yêu cầu công việc của các công ty, doanh nghiệp Nhật Bản là bằng tiếng Nhật N2 trở lên, có hiểu biết tốt về văn hóa xứ sở anh đào. Nếu có thêm kiến thức chuyên ngành riêng thì cơ hội thăng tiến, lương bổng càng rộng mở. Vì thế, muốn chinh phục cánh cửa ngành ngôn ngữ Nhật, bạn cần lựa chọn môi trường học tập đáp ứng được những tiêu chí trên. Bạn phải được học trong môi trường đào tạo tốt, có nhiều cơ hội thực hành ngôn ngữ, giao lưu văn hóa Nhật Bản, được bổ sung kiến thức các chuyên ngành khác và được thực hành kỹ năng làm việc càng nhiều càng tốt.",
			"Nhắm đến mục tiêu cung cấp nguồn nhân lực chất lượng cao ngành Nhật ngữ, Đại học FPT tuyển sinh chuyên ngành ngôn ngữ Nhật. Trường có nhiều điểm khác biệt so với chương trình đào tạo Nhật ngữ của hầu hết trường đại học. Cụ thể, về kiến thức, chương trình đào tạo ngôn ngữ Nhật trang bị cho sinh viên kiến thức thực hành và lý luận cơ bản; Cung cấp hệ thống về tiếng Nhật và chuyên ngành bổ trợ như thương mại, công nghệ thông tin theo hướng chuyên sâu. Sinh viên ngành ngôn ngữ Nhật của trường tự tin với chuyên ngành bổ trợ, được trang bị nhiều kiến thức, kỹ năng trước khi ra trường.",
			"Tại Đại học FPT, sinh viên ngành ngôn ngữ Nhật còn được trang bị những kỹ năng mềm, kiến thức văn hóa Nhật Bản. Sinh viên được tham gia các chương trình phát triển cá nhân, hoạt động ngoại khóa phong phú và những sự kiện, chương trình học tập, trao đổi tại Nhật Bản. Nhờ vậy, sinh viên tốt nghiệp ngành ngôn ngữ Nhật có thể tự tin am hiểu văn hóa người Nhật, nắm vững nhiều kỹ năng cần thiết cho công việc như giao tiếp, đàm phán, quản lý, làm việc nhóm…",
			"Là điểm đến của nhiều trường quốc tế, Đại học FPT còn thường xuyên đón tiếp các đoàn sinh viên Nhật Bản tới trao đổi, giao lưu văn hóa. Đây là cơ hội tốt để sinh viên Nhật ngữ của trường được tiếp xúc, học hỏi và hiểu về văn hóa Nhật, con người Nhật.",
			"Theo Zing",
			"Năm 2017, Đại học FPT tuyển sinh ngành Ngôn Ngữ Nhật theo hai hình thức: tham gia kỳ thi tuyển sinh ngày 14/5 hoặc đăng ký xét tuyển. Thí sinh có tổng điểm trung bình 3 môn trong 5 học kỳ liêp tiếp ở THPT từ 21 điểm trở lên (làm tròn đến một chữ số thập phân) xét theo  tương ứng với ngành đăng ký học tại Đại học FPT đủ điều kiện miễn thi kỳ thi tuyển sinh đầu vào của Trường Đại học FPT có thể nộp hồ sơ đăng ký xét tuyển về Trường.",
			"Thí sinh thực hiện đăng ký xét tuyển vào trường Đại học FPT theo 1 trong 3 cách: Đăng ký xét tuyển trực tuyến trên website của trường; Gửi hồ sơ qua bưu điện; Đăng ký xét tuyển trực tiếp tại văn phòng tuyển sinh. Thời hạn cuối cùng để các thí sinh đăng ký xét tuyển vào Đại học FPT là ngày 11/5/2017. Kết quả xét tuyển sẽ được trường công bố sau ngày 15/5/2017 trên website của trường.",
			"Khu Giáo dục và Đào tạo – Khu Công nghệ cao Hòa Lạc – Km29 Đại lộ Thăng Long, H. Thạch Thất,\nTP. Hà Nội",
			"Điện thoại: 024 7300 1866",
			"Email: daihocfpt@fpt.edu.vn",
			"Lô E2a-7, Đường D1 Khu Công nghệ cao, P. Long Thạnh Mỹ, TP. Thủ Đức, TP. Hồ Chí Minh",
			"Điện thoại: 028 7300 1866",
			"Email: daihocfpt@fpt.edu.vn",
			"Khu đô thị công nghệ FPT Đà Nẵng, P. Hoà Hải, Q. Ngũ Hành Sơn, TP. Đà Nẵng",
			"Điện thoại: 0236 730 1866",
			"Email: daihocfpt@fpt.edu.vn",
			"Số 600 Đường Nguyễn Văn Cừ (nối dài), P. An Bình, Q. Ninh Kiều, TP. Cần Thơ",
			"Điện thoại: 0292 730 1866",
			"Email: daihocfpt@fpt.edu.vn",
			"Khu đô thị mới An Phú Thịnh, Phường Nhơn Bình & Phường Đống Đa, TP. Quy\nNhơn, Bình Định",
			"Điện thoại: 0256 730 1866 /0256 7300 999",
			"Email: daihocfpt@fpt.edu.vn"
		],
		"label": [
			"Tìm kiếm",
			"Tìm kiếm"
		],
		"button": [
			"×",
			"Đăng ký",
			"Đóng"
		],
		"span": [
			"Trang chủ",
			"Tin tức chung",
			"Chọn trường theo học ngành ngôn ngữ Nhật",
			"bởi",
			"Bài trước",
			"Bài trước:",
			"← Triển vọng nghề nghiệp của cử nhân quản trị kinh doanh",
			"Bài tiếp",
			"Bài tiếp:",
			"Kỹ năng cần thiết để ghi điểm với nhà tuyển dụng →"
		],
		"h1": [
			"Chọn trường theo học ngành ngôn ngữ Nhật"
		],
		"time": [
			"Thứ Năm, ngày 02 tháng 03 năm 2017",
			"14/03/2017",
			"05/02/2024",
			"05/02/2024",
			"05/02/2024",
			"02/02/2024",
			"01/02/2024"
		],
		"strong": [
			"Tiếng Nhật đang là một trong những ngôn ngữ được ưa chuộng tại châu Á bởi sự ảnh hưởng mạnh mẽ của nền kinh tế, văn hóa, khoa học kỹ thuật Nhật Bản đối với khu vực và thế giới.",
			"Ngành hấp dẫn, lương cao nhưng khó",
			"Lựa chọn trường phù hợp"
		],
		"figcaption": [
			"Hiệp hội phần mềm Nhật Bản (NSA) trong chuyến tìm kiếm nguồn nhân lực tại Đại học FPT.",
			"Ngày hội giao lưu văn hóa Nhật Bản với sinh viên bản xứ diễn ra thường xuyên tại Đại học FPT.",
			"Sinh viên ngành ngôn ngữ Nhật, Đại học FPT trong thời gian du học tại Đại học Rissho, Nhật Bản."
		],
		"h2": [
			"Điều hướng bài viết"
		],
		"h4": [
			"HÀ NỘI",
			"TP. HỒ CHÍ MINH",
			"ĐÀ NẴNG",
			"CẦN THƠ",
			"Quy Nhơn"
		],
		"h3": [
			"Đăng ký tư vấn"
		],
		"b": [
			"Hãy để lại SĐT để cán bộ nhà trường hỗ trợ bạn sớm nhất nhé"
		],
		"option": [
			"Tỉnh / Thành phố *",
			"An Giang",
			"Bà Rịa-Vũng Tàu",
			"Bắc Giang",
			"Bắc Kạn",
			"Bạc Liêu",
			"Bắc Ninh",
			"Bến Tre",
			"Bình Dương",
			"Bình Định",
			"Bình Phước",
			"Bình Thuận",
			"Cà Mau",
			"Cần Thơ",
			"Cao Bằng",
			"Cục Cảnh sát ĐKQL cư trú và DLQG về dân cư",
			"Cục Cảnh sát quản lý hành chính về trật tự xã hội",
			"Đà Nẵng",
			"Đắk Lắk",
			"Đăk Nông",
			"Điện Biên",
			"Đồng Nai",
			"Đồng Tháp",
			"Gia Lai",
			"Hà Giang",
			"Hà Nam",
			"Hà Tĩnh",
			"Hải Dương",
			"Hải Phòng",
			"Hậu Giang",
			"Hoà Bình",
			"Hưng Yên",
			"Khánh Hoà",
			"Kiên Giang",
			"Kon Tum",
			"Lai Châu",
			"Lâm Đồng",
			"Lạng Sơn",
			"Lào Cai",
			"Long An",
			"Nam Định",
			"Nghệ An",
			"Ninh Bình",
			"Ninh Thuận",
			"Phú Thọ",
			"Phú Yên",
			"Quảng Bình",
			"Quảng Nam",
			"Quảng Ngãi",
			"Quảng Ninh",
			"Quảng Trị",
			"Sóc Trăng",
			"Sơn La",
			"Tây Ninh",
			"Thái Bình",
			"Thái Nguyên",
			"Thanh Hoá",
			"Thừa Thiên - Huế",
			"Tiền Giang",
			"Trà Vinh",
			"Tuyên Quang",
			"Vĩnh Long",
			"Vĩnh Phúc",
			"Yên Bái",
			"Hà Nội",
			"TP. Hồ Chí Minh"
		]
	},
	"url": "https://daihoc.fpt.edu.vn/chon-truong-theo-hoc-nganh-ngon-ngu-nhat/"
}