{
	"data": {
		"title": [
			"Thí sinh 2k2 nói gì về hệ thống xếp hạng THPT toàn quốc Schoolrank - Trường Đại học FPT"
		],
		"div": [
			"›\n\n›",
			"© 2024 Bản quyền thuộc về Trường Đại học FPT.",
			"Đăng ký tư vấn"
		],
		"a": [
			"Trường Đại học FPT",
			"Vietnamese",
			"English",
			"Trang chủ",
			"Giới thiệu",
			"Lịch sử thành lập",
			"Tập đoàn FPT",
			"Tổ chức giáo dục FPT",
			"Triết lý đào tạo",
			"Các giải thưởng và thành tích",
			"Ban lãnh đạo",
			"Gắn kết cộng đồng",
			"Tin tức",
			"Tin tức chung",
			"Hoạt động sinh viên",
			"Sự kiện",
			"Tuyển dụng",
			"Hướng nghiệp",
			"Ngành học",
			"Công nghệ thông tin",
			"Công nghệ ô tô số",
			"Kỹ thuật phần mềm",
			"Hệ thống thông tin",
			"Trí tuệ nhân tạo",
			"An toàn thông tin",
			"Thiết kế Mỹ thuật số",
			"Quản trị kinh doanh",
			"Tài chính",
			"Digital Marketing",
			"Kinh doanh quốc tế",
			"Quản lý Logistics & Chuỗi cung ứng toàn cầu",
			"Quản trị khách sạn",
			"Quản trị Du lịch và Lữ hành",
			"Công nghệ truyền thông",
			"Quản trị truyền thông đa phương tiện",
			"Quan hệ công chúng",
			"Ngôn ngữ Anh",
			"Ngôn ngữ Nhật",
			"Ngôn ngữ Hàn Quốc",
			"Ngôn ngữ Trung Quốc (Dự kiến)",
			"Đời sống sinh viên",
			"Một ngày tại Đại học FPT",
			"Vì sao nên học tại Đại học FPT",
			"Sự hài lòng của sinh viên",
			"Môi trường học tập",
			"Chương trình học linh hoạt",
			"Đời sống sinh viên",
			"Ký túc xá",
			"Các CLB & Cộng đồng sinh viên",
			"Các hoạt động thể thao trong trường",
			"Dịch vụ hỗ trợ",
			"Định hướng và khởi đầu",
			"Tốt nghiệp",
			"Câu chuyện sinh viên",
			"Hợp tác",
			"Ngành công nghiệp và doanh nghiệp",
			"Chương trình trao đổi sinh viên",
			"Chương trình học tập tại nước ngoài",
			"Hợp tác quốc tế",
			"Trao đổi sinh viên",
			"Học kỳ nước ngoài",
			"Các trường đại học đối tác",
			"Cựu sinh viên",
			"Cộng đồng cựu sinh viên",
			"Họ đang làm việc tại đâu",
			"Tuyển sinh",
			"Đề án tuyển sinh",
			"Tin tuyển sinh",
			"Liên hệ",
			"Đăng nhập",
			"Nguyễn Thị Hồng Yến",
			"Nữ sinh trường F trong tà áo dài ngày Xuân",
			"Gặp gỡ đội tuyển NGT’s OPEN ROBOT trước giải đấu FIRST Tech Challenge Vietnam",
			"Tỏa sáng với nghiên cứu khoa học, nữ sinh ĐH FPT khẳng định bản lĩnh và tài năng",
			"Phim ngắn “Thoi vàng chỉ ngọc” của SV ĐH FPT tại Cần Thơ được công chiếu ở Lotte Cinema",
			"SV trường ĐH FPT Hà Nội đón “tết trên bản” 2024",
			"Vietnamese",
			"English",
			"Facebook",
			"Youtube",
			"Tik Tok",
			"Hotline: (024)/(028) 73001866 - (0236)/(0292) 7301866"
		],
		"img": [
			"cropped cropped 2021 FPTU Long",
			"cropped cropped 2021 FPTU Long",
			"sinh vien dai hoc fpt 8",
			"sinh vien dai hoc fpt 8",
			"dai hoc fpt 1",
			"dai hoc fpt 1",
			"my duyen",
			"my duyen",
			"fpt 5",
			"fpt 5",
			"dai hoc fpt 1",
			"dai hoc fpt 1",
			"thông báo tuyển bổ sung",
			"thông báo tuyển bổ sung"
		],
		"p": [
			"Trang thông tin tuyển sinh chính thức của Trường Đại học FPT",
			"Thí sinh Cao Nguyễn Hoàng Hiệp, học sinh lớp 12A2 trường THPT Nguyễn Bỉnh Khiêm, tỉnh Đắk Lắk chia sẻ: “ Mình cảm thấy hình thức tuyển sinh mới của Trường đại học FPT dễ thực hiện và cũng tạo điều kiện rất nhiều cho bọn mình, tối ưu hơn những hình thức trước”.",
			"Cậu bạn đến từ Đắk Lắk nói thêm: “ Mình chọn FPT vì mình cảm thấy yên tâm về chất lượng đào tạo ngành công nghệ thông tin, các khóa học, giáo trình nước ngoài…cũng rất hấp dẫn đối với mình. Mình dự định sẽ học ngành Kĩ thuật phần mềm của trường”.",
			"Có một niềm đam mê mãnh liệt với ngành Digital Marketing, và sau một lần tìm hiểu và thấy đại học FPT nằm trong top 4 trường đào tạo chuyên ngành này tốt nhất ở Hà Nội, Trần Ngọc Mai, học sinh lớp 12A1 trường THPT Bình Lục, tỉnh Hà Nam đã quyết định sẽ đồng hành cùng trường F trong những năm đại học. Ngọc Mai cho biết: “Nhờ SchoolRank mà mình biết được kết quả phấn đấu nỗ lực trong học tập  của mình trong năm trước và năm nay so với mặt bằng chung của các bạn thí sinh khác trên toàn quốc như thế nào. Bên cạnh đó thì mình cảm thấy hình thức tuyển sinh này vô cùng tiện lợi, giúp học sinh tiếp cận với công nghệ tốt hơn, nhanh hơn và gần gũi hơn.",
			"Hiện là học sinh lớp 12 Lý, trường THPT chuyên Nguyễn Chí Thanh, tỉnh Đắk Nông, bạn Nguyễn Huy Sơn nhận xét về SchoolRank: “ Biết đến đại học FPT qua lời giới thiệu của bạn bè, và sau một thời gian tìm hiểu về trường và cả hình thức tuyển sinh mới thì mình cảm thấy cách đánh giá này rất hay và phù hợp”.",
			"Khu Giáo dục và Đào tạo – Khu Công nghệ cao Hòa Lạc – Km29 Đại lộ Thăng Long, H. Thạch Thất,\nTP. Hà Nội",
			"Điện thoại: 024 7300 1866",
			"Email: daihocfpt@fpt.edu.vn",
			"Lô E2a-7, Đường D1 Khu Công nghệ cao, P. Long Thạnh Mỹ, TP. Thủ Đức, TP. Hồ Chí Minh",
			"Điện thoại: 028 7300 1866",
			"Email: daihocfpt@fpt.edu.vn",
			"Khu đô thị công nghệ FPT Đà Nẵng, P. Hoà Hải, Q. Ngũ Hành Sơn, TP. Đà Nẵng",
			"Điện thoại: 0236 730 1866",
			"Email: daihocfpt@fpt.edu.vn",
			"Số 600 Đường Nguyễn Văn Cừ (nối dài), P. An Bình, Q. Ninh Kiều, TP. Cần Thơ",
			"Điện thoại: 0292 730 1866",
			"Email: daihocfpt@fpt.edu.vn",
			"Khu đô thị mới An Phú Thịnh, Phường Nhơn Bình & Phường Đống Đa, TP. Quy\nNhơn, Bình Định",
			"Điện thoại: 0256 730 1866 /0256 7300 999",
			"Email: daihocfpt@fpt.edu.vn"
		],
		"label": [
			"Tìm kiếm",
			"Tìm kiếm"
		],
		"button": [
			"×",
			"Đăng ký",
			"Đóng"
		],
		"span": [
			"Trang chủ",
			"Tin tức chung",
			"Thí sinh 2k2 nói gì về hệ thống xếp hạng THPT toàn quốc Schoolrank",
			"bởi",
			"Bài trước",
			"Bài trước:",
			"← Nụ cười tỏa nắng bên hoa của nữ sinh trường Đại học FPT",
			"Bài tiếp",
			"Bài tiếp:",
			"Chia sẻ kinh nghiệm làm đồ án cho sinh viên Đại học FPT với Seminar Capstone kỳ 2 →"
		],
		"h1": [
			"Thí sinh 2k2 nói gì về hệ thống xếp hạng THPT toàn quốc Schoolrank"
		],
		"time": [
			"Thứ Sáu, ngày 05 tháng 06 năm 2020",
			"05/02/2024",
			"05/02/2024",
			"05/02/2024",
			"02/02/2024",
			"01/02/2024"
		],
		"em": [
			"Từ ngày 01/04/2020, Trường Đại học FPT đã sử dụng trang SchoolRank Tra cứu Xếp hạng học sinh Trung học phổ thông toàn quốc. Hình thức tuyển sinh mới này đã mang lại rất nhiều điều thú vị cho các bạn thí sinh 2k2. Nào, cùng lắng nghe những chia sẻ của các bạn ý nhé!",
			"Giao diện trang SchoolRank Tra cứu Xếp hạng học sinh Trung học phổ thông toàn quốc của Trường Đại học FPT.",
			"Kết quả SchoolRank của bạn Hoàng Hiệp. (Ảnh: NVCC)",
			"Kết quả SchoolRank của bạn Ngọc Mai. (Ảnh: NVCC)",
			"Kết quả SchoolRank của bạn Huy Sơn. (Ảnh: NVCC)",
			"Chỉ với vài bước nhanh gọn và hoàn toàn miễn phí, bạn đã có thể biết được kết quả học tập của mình trên “bảng xếp hạng toàn quốc” mới toanh, lần đầu tiên xuất hiện tại trường đại học FPT. Còn chần chờ gì nữa các thí sinh 2k2 ơi, chúng tớ đang rất háo hức được gặp các bạn tại trường F đó!!!"
		],
		"h2": [
			"Điều hướng bài viết"
		],
		"strong": [
			"Hình thức tuyển sinh mới rất dễ thực hiện.",
			"Biết kết quả học tập của mình so với mặt bằng chung.",
			"SchoolRank rất hay và phù hợp.",
			"Gia Hảo."
		],
		"h4": [
			"HÀ NỘI",
			"TP. HỒ CHÍ MINH",
			"ĐÀ NẴNG",
			"CẦN THƠ",
			"Quy Nhơn"
		],
		"h3": [
			"Đăng ký tư vấn"
		],
		"b": [
			"Hãy để lại SĐT để cán bộ nhà trường hỗ trợ bạn sớm nhất nhé"
		],
		"option": [
			"Tỉnh / Thành phố *",
			"An Giang",
			"Bà Rịa-Vũng Tàu",
			"Bắc Giang",
			"Bắc Kạn",
			"Bạc Liêu",
			"Bắc Ninh",
			"Bến Tre",
			"Bình Dương",
			"Bình Định",
			"Bình Phước",
			"Bình Thuận",
			"Cà Mau",
			"Cần Thơ",
			"Cao Bằng",
			"Cục Cảnh sát ĐKQL cư trú và DLQG về dân cư",
			"Cục Cảnh sát quản lý hành chính về trật tự xã hội",
			"Đà Nẵng",
			"Đắk Lắk",
			"Đăk Nông",
			"Điện Biên",
			"Đồng Nai",
			"Đồng Tháp",
			"Gia Lai",
			"Hà Giang",
			"Hà Nam",
			"Hà Tĩnh",
			"Hải Dương",
			"Hải Phòng",
			"Hậu Giang",
			"Hoà Bình",
			"Hưng Yên",
			"Khánh Hoà",
			"Kiên Giang",
			"Kon Tum",
			"Lai Châu",
			"Lâm Đồng",
			"Lạng Sơn",
			"Lào Cai",
			"Long An",
			"Nam Định",
			"Nghệ An",
			"Ninh Bình",
			"Ninh Thuận",
			"Phú Thọ",
			"Phú Yên",
			"Quảng Bình",
			"Quảng Nam",
			"Quảng Ngãi",
			"Quảng Ninh",
			"Quảng Trị",
			"Sóc Trăng",
			"Sơn La",
			"Tây Ninh",
			"Thái Bình",
			"Thái Nguyên",
			"Thanh Hoá",
			"Thừa Thiên - Huế",
			"Tiền Giang",
			"Trà Vinh",
			"Tuyên Quang",
			"Vĩnh Long",
			"Vĩnh Phúc",
			"Yên Bái",
			"Hà Nội",
			"TP. Hồ Chí Minh"
		]
	},
	"url": "https://daihoc.fpt.edu.vn/thi-sinh-2k2-noi-gi-ve-he-thong-xep-hang-thpt-toan-quoc-schoolrank/"
}