{
	"data": {
		"title": [
			"News – Page 19 – FPT University"
		],
		"div": [
			"© 2024 FPT University. All rights reserved."
		],
		"img": [
			"The image of the MV \"Thien Am\". Image: Cut from MV",
			"ISO 21001_FPTU CERT_2021",
			"FPTU AI Quy Nhon has promised to assist Binh Dinh province in becoming the premier Artificial Intelligence center in the region",
			"ACBSP Certificate_FPTU_2019",
			"Certificate of Institutional Accreditation_MOET",
			"Certificate of ANU-QA Associate Membership",
			"This is the first year FPT University HCMC held a scientific research conference for students.",
			"Many CEOs of prestigious companies attended the workshop at FPT University.",
			"Scholar professional activities workshop for the 2017 Spring Semester.",
			"Scholar professional activities workshop for the 2017 Spring Semester."
		],
		"a": [
			"FPT University",
			"Vietnamese",
			"English",
			"About",
			"President’s Messages",
			"FPT University",
			"Organizational Chart",
			"Faculty & Staff",
			"Recruitment Process",
			"Faculty",
			"Faculty of Business – Hanoi campus",
			"IT-related Departments",
			"Language-related Departments",
			"General Education Departments",
			"Students",
			"Admission",
			"Admission Regulations",
			"Scholarship & Financial Aids",
			"Tuition Fee",
			"Forms and Documents",
			"FAQs",
			"Student life",
			"Course Schedule",
			"Facilities",
			"Virtual Tour",
			"Program of Study",
			"Bachelor of Information Technology",
			"Software Engineering",
			"Information System",
			"Information Assurance",
			"Internet of Things",
			"Artificial Intelligence",
			"Digital Art & Design",
			"Bachelor of Business Administration",
			"Bachelor of English Studies",
			"Bachelor of Japanese Studies",
			"Bachelor of Korean Studies",
			"Syllabi",
			"News & Events",
			"Research",
			"Policy",
			"Publications",
			"Resources and Research Tools",
			"Faculty Exchange",
			"Accreditation",
			"ACBSP",
			"AQAS",
			"CDIO",
			"ISO Standards",
			"Sustainable Development",
			"Sustainable Development Policy",
			"SDGs Report",
			"Traditional Music",
			"Vovinam",
			"Documents",
			"Employee Handbook & Policies",
			"Forms & Templates for Lecturer",
			"Forms & Templates for Students",
			"Stakeholder involvement",
			"Certificates & Recognitions",
			"Student Achievement",
			"Contact",
			"Continue reading",
			"Continue reading",
			"Continue reading",
			"Continue reading",
			"Continue reading",
			"Continue reading",
			"Continue reading",
			"Continue reading",
			"Continue reading",
			"Continue reading",
			"Continue reading",
			"Continue reading",
			"Continue reading",
			"Continue reading",
			"Continue reading",
			"Continue reading",
			"Continue reading",
			"Continue reading",
			"Continue reading",
			"Continue reading",
			"Continue reading",
			"Continue reading",
			"Continue reading",
			"Continue reading",
			"Continue reading",
			"Continue reading",
			"Continue reading",
			"Continue reading",
			"Continue reading",
			"Continue reading",
			"Continue reading",
			"Continue reading",
			"Continue reading",
			"Continue reading",
			"Continue reading",
			"Continue reading",
			"Continue reading",
			"Continue reading",
			"Continue reading",
			"Continue reading",
			"Continue reading",
			"Continue reading",
			"Continue reading",
			"Continue reading",
			"Continue reading",
			"Continue reading",
			"Continue reading",
			"Continue reading",
			"Continue reading",
			"Continue reading",
			"Continue reading",
			"Continue reading",
			"Continue reading",
			"Continue reading",
			"Continue reading",
			"Continue reading",
			"Continue reading",
			"Continue reading",
			"Continue reading",
			"Continue reading",
			"Continue reading",
			"Continue reading",
			"Continue reading",
			"Continue reading",
			"Continue reading",
			"Continue reading",
			"Continue reading",
			"Continue reading",
			"Continue reading",
			"Continue reading",
			"Continue reading",
			"Continue reading",
			"Continue reading",
			"Continue reading",
			"Continue reading",
			"Continue reading",
			"Continue reading",
			"Continue reading",
			"Continue reading",
			"Continue reading",
			"Continue reading",
			"Continue reading",
			"Continue reading",
			"Continue reading",
			"Continue reading",
			"Continue reading",
			"Continue reading",
			"Continue reading",
			"Continue reading",
			"Continue reading",
			"Continue reading",
			"Continue reading",
			"Continue reading",
			"Continue reading",
			"Continue reading",
			"Continue reading",
			"Continue reading",
			"Continue reading",
			"Continue reading",
			"Continue reading",
			"Continue reading",
			"Continue reading",
			"Continue reading",
			"Continue reading",
			"Continue reading",
			"Continue reading",
			"Continue reading",
			"Continue reading",
			"Continue reading",
			"Continue reading",
			"Continue reading",
			"Continue reading",
			"Continue reading",
			"Continue reading",
			"Continue reading",
			"Continue reading",
			"Continue reading",
			"Continue reading",
			"Continue reading",
			"Continue reading",
			"Continue reading",
			"Continue reading",
			"Continue reading",
			"Continue reading",
			"Continue reading",
			"Continue reading",
			"Continue reading",
			"Continue reading",
			"Continue reading",
			"Continue reading",
			"Continue reading",
			"Continue reading",
			"Continue reading",
			"Continue reading",
			"Continue reading",
			"Continue reading",
			"Continue reading",
			"Continue reading",
			"Continue reading",
			"Continue reading",
			"Continue reading",
			"Continue reading",
			"Continue reading",
			"Continue reading",
			"Continue reading",
			"Continue reading",
			"Continue reading",
			"Continue reading",
			"Continue reading",
			"Continue reading",
			"Continue reading",
			"Continue reading",
			"Continue reading",
			"Continue reading",
			"Continue reading",
			"Continue reading",
			"Continue reading",
			"Continue reading",
			"Continue reading",
			"Continue reading",
			"Continue reading",
			"Continue reading",
			"Continue reading",
			"Continue reading",
			"Continue reading",
			"Continue reading",
			"Continue reading",
			"Continue reading",
			"Continue reading",
			"Continue reading",
			"Continue reading",
			"Continue reading",
			"Continue reading",
			"Continue reading",
			"Continue reading",
			"Continue reading",
			"Continue reading",
			"Continue reading",
			"Continue reading",
			"Continue reading",
			"Continue reading",
			"Continue reading",
			"Continue reading",
			"Continue reading",
			"Continue reading",
			"Continue reading",
			"Continue reading",
			"FE Lecture, Vo Minh Hieu (Mr) receives 2017 ACBSP Teaching Excellence Award",
			"Van",
			"ACBSP holds the first workshop on scholar professional activities",
			"Van",
			"3 Messages from Minister of Education and Training to FPT University",
			"Van",
			"FPT University gains two Sao Khue Awards 2015",
			"Linh ntm22",
			"Holding kickoff meeting with a theme of ACBSP – Pathways to success",
			"Van",
			"ACBSP delegation visits FPT University students",
			"Van",
			"1",
			"18",
			"Online Consulting: (024)/(028) 73001866"
		],
		"span": [
			"Search for:",
			"by",
			"by",
			"by",
			"by",
			"by",
			"by",
			"…",
			"19"
		],
		"button": [
			"Previous",
			"Next"
		],
		"h2": [
			"Thousands of international students gathered at FPT University for the World University Debating Championship",
			"FPT University welcomed the senior executives of the Germany’s leading multinational energy corporation",
			"FPTU Da Nang Campus welcomed the representatives of 5 Filipino universities",
			"FPTU students have a discussion with the Former Vice Chairman of Samsung Group and CEOs of large Korean enterprises",
			"FPT University students have completed their On-the-Job Training (OJT) program at the 4-star hotel in the Philippines",
			"FPT’s Significant Win at ASOCIO 2023 International Awards",
			"VORC 2023 – the financial key helps FPT candidates to reach the First Tech Challenge US",
			"A physical education subject at FPT University is recognized as a national intangible cultural heritage",
			"FPT University’s Sustainability Report 2022",
			"FPT University’s student achieves the ‘Vietnam Female Student in Science and Technology 2023’ award",
			"What is the study tour experience in Japan like for FPT University students?",
			"FPT University welcomed the representatives of Canadian universities",
			"The AQAS accreditation experts carried out an assessment of the quality of Linguistics majors at FPT University",
			"FCBEM 2023’s official kick-off: the first opportunity to publish in an international journal under ISI/Scopus",
			"FPT University to host an international accreditation conference",
			"FPT University’s Faculty of Business jump-start the Fall 2023 semester with quarterly meeting",
			"1.350 FPT Edu students and lecturers performed traditional musical instruments",
			"FPT University students and lecturers performed traditional musical instruments to mark the 56th founding anniversary of the ASEAN",
			"FPT University students performed traditional musical instruments in the art and cultural exchange programs",
			"Talk show Series “Successful Women in Science” With Experts from Google",
			"The cultural exchange program between Canadian students and students of FPT University",
			"FPT University students carried out a project to change the community’s perspective on people with intellectual disabilities",
			"The FPT Edu NihongoEng Language Contest 2023 is coming back with the opportunity for FPT students to go to Japan and Malaysia",
			"Internship-Orientation Program at enterprises for IT students of Hoa Lac FPT University Campus",
			"SEMINAR – WORKSHOP: Inspiring Creative Futures",
			"Assoc. Prof. Dr. Satirenjit Kaur Johl shared about scientific research with staff and students of FPTU Can Tho",
			"LAB IA – OPEN CEREMONY 2023, Cooperation program between FPT University Hanoi and FPT Software Hoa Lac",
			"Review from A to Z about the OJT: “Study, work, play, and take the exam – Unforgettable memories”",
			"Exhibition “Cung Dan Dat Nuoc (Traditional Musical Instruments)” – The journey back to traditional cultural music of FPT University students",
			"Seminar “Critical Reading for University Students: What, Why and How?”",
			"FPT University students make a strong impression with the exhibition named “Parasite”",
			"Introducing traditional music to visitors at Saigon Central Post Office",
			"FPT University priorities pedestrian access on campus",
			"Measure and set targets for more sustainable commuting at FPT University",
			"FPT University provides free access to libraries and Vovinam dojos for those not studying at the university",
			"Policies for green construction in FPT University",
			"[Check-in FPTU] FPT University provides public free access to significant buildings, monuments and heritage landscapes",
			"Community Project “Introducing Vietnamese Traditional Musical Instruments to High School students” at FPT University",
			"FPT University welcomes the representative of Lucy Cavendish College – Cambridge University, UK",
			"Opportunities for experiential learning in China and the Philippines for FPT University students",
			"Experience day for Hotel Management students at Westlake Hotel & Resort Vinh Phuc",
			"[Check-in Libraries] FPTU provides free access to the libraries",
			"A sex education application designed by a lecturer of FPTU HN was awarded first prize in the creative category",
			"Global Project Base Learning 2022",
			"FPT University, Vietnam and Centre for Sustainable Development, VIPS-TC & DSB to virtually sign MOU in educational cooperation and exchange of faculty",
			"FPT University’s Sustainability Report 2021",
			"FPT University and ISBR Business School to Virtually Sign an MOU in educational cooperation",
			"FPT University students learn about Startup in talkshow “Hacking Go-to-Market”",
			"Traditional and modern music festivals and Vovinam (a Vietnamese Martial Art) performances at FPT University contribute to local art",
			"Brownfields over the years at FPT University: from definition to sustainable reuse",
			"FPT University to Welcome Architecture Students from Malaysia to a Three-Day Field Trip Experience in Vietnam",
			"FPT University to promote collaboration on educational programs with institutions worldwide",
			"[Intangible cultural heritage] Record and preserve Vovinam – a Vietnamese Martial Art and Traditional Musical Instruments",
			"FPT University students learn philosophy in constructivism classes",
			"Opening Ceremony at FPT University’s campuses",
			"Semester abroad in Malaysia with Transition 6 for FPTU’s K18 freshmen",
			"Chi Chi Chanh Chanh – A special cultural week at FPT University in Ho Chi Minh City",
			"Ho Chi Minh Communist Youth Union of the FPT University",
			"FPT Education Global – A promising destination for international students in the Post Covid-19",
			"Information Session: Apply for International Winter Camp 2022",
			"[Check-in Dormitories] Affordable housing for FPT University students",
			"FPT University’s national and international sustainable design awards and sustainable standards in upgrading old buildings",
			"[Check-in FPTU HCM] F-Bus with international 5-Star standard transporting FPT students",
			"[Check-in FPTU] Promoting Walking at FPT University",
			"[Check-in FPTU Hanoi] Promoting Using Bicycles and Electric Cars at FPT University",
			"FPT University Hanoi students talk with Prof. Rajesh Khajuria",
			"[Check-in Museums] World Hyper-Inflation Banknote Museum and “Toads” Museum Open at FPT University",
			"Member of ACBSP Global Committees shares trends for future work with FPT University HCM students",
			"FPT University students learn about Blockchain with an Indian expert",
			"The beginning of the journey of making musical instruments more accessible to everyone",
			"[Check-in FPTU] Promoting sustainable commuting at FPT University",
			"FPT Education Global to Organize International Summer Camp 2022 for Local and International Students at FPT University Da Nang Campus",
			"Successful AQAS workshop at FPT University",
			"Introduction to “Sustainable Development Goals”: Are FPT Education people aiming for “sustainable development”?",
			"Take a look at the sustainable development activities of FPT Edu-er",
			"Lecturer in physical education received a scholarship from the Royal Thai Embassy",
			"“Strategies for Teaching Speaking Skills” – Seminar for FPT Education’s faculty members",
			"FPT University organizes a professional competition for future ‘white hat’ hackers",
			"FPT Education Global to Successfully Carry Out Faculty Exchange Program with IIB Darmajaya in Data Science",
			"First Offline Study Tour Summer 2022 Post COVID-19 – What an Incredible Experience at FPT Education Global!",
			"Seminar: How to design a questionnaire?",
			"FPT Schools held seminar on STEM",
			"Collaborative exchange between FPT University Hanoi and Meiko Network Japan",
			"A FPT University faculty member shared at the International Workshop organized by GEU (India)",
			"Traditional music subject at FPT university",
			"Dr. Le Truong Tung, President of FPT University, is a member of Decrees’ Draft Board in The Ministry of Education and Training of Vietnam",
			"FPT Education Global with Science Management and International Affairs Office, FPT University to Carry Out a Remote Faculty Exchange Program in Chandigarh Group of Colleges",
			"Explore Vietnam – Melting Pot of Tradition and Modernization at Vietnam Talk",
			"[Sustainable Standards In Construction] FPT University’s regulations on using unburnt bricks and planting trees",
			"FPT University has been audited according to ISO 21001",
			"FSB, FPT University, was honored by Eduniversal as Top 2 best business schools in Vietnam for the 7th consecutive year",
			"FPT Education to focus on students’ growth experience and diverse-culture environment",
			"FPT Edu Global’s partner FUNiX to build online learning network with international universities",
			"FPT Edu Global welcomes first batch of European students experience virtual internship",
			"Opportunities for FPT students to do internships with Airbus’s global DX projects",
			"FPT Education Global Remote Internship Scholarship (FEGRIS) 2021 succesfully closed",
			"Young leader in team – Why not?",
			"FPT Edu Global to welcome first ‘future leaders’ for Global Leadership Program",
			"Technology experience activities at FPT Education",
			"FPT Education Global and ECAM-EPMI to jointly launch the first virtual program about business etiquette",
			"FPT University welcomes nearly 7000 new students in virtual Opening ceremony of new school year",
			"FPT University students experience Japanese corporate culture through the seminar “Japanese corporate culture from the perspective of Vietnamese culture”",
			"V.I.P Talk “Digital Transformation” with ‘father’ of Angry Birds and expert of FPT Digital",
			"What do FPT’s students need to become international AI experts?",
			"FPT University’s Sustainability Report 2020",
			"Top 5 tips to make your CV shine",
			"“I don’t say goodbye. See you later!”",
			"FPT Education Global to provide global competence for international students",
			"FPT Education reduce tuition fees by 25% for students facing difficulties because of Covid",
			"FPT Education holds “Conference on Business, Economics and Management 2021”",
			"Global Pathways – Your Route to University in Australia",
			"Global Connect Week – Virtual journey to 3 different cultures",
			"A Guide to Shine Online: Acing Scholarship Interviews",
			"Opportunity to get international experience and expand professional networks amid Covid-19",
			"Seminar: “Communication strategies in the classrooms: An interactive approach”",
			"FPT Edu kicks off a series of specialized seminars in 2021 with the theme “How to be a critical reader: New perspectives in new times”",
			"FPT Education Global’s Remote Internship Scholarship 2021",
			"FSB holds a bilateral seminar on customer experience management",
			"FPT Education pioneers in applying Constructivism theory to teaching",
			"Remote Internship Workshop – Remote Working Opportunities in Vietnamese Enterprises for International Students During COVID-19",
			"Pre-announcement: FPT Education Global to offer first ever fully-funded scholarship for talented students",
			"FPT’s digital transformation products among Top 10 Sao Khue Award 2021",
			"FSB trains and develops governance capacity of VietJet Air",
			"FPT Edu Biz Talent season 3 officially launched",
			"International students at FPT Education immersed to experience Vietnamese Lunar New Year",
			"FPT Edu Hackathon 2021 – Finding a technology solution using AI for image recognition",
			"FPT University among best business school in Vietnam",
			"FPT Edu Color Up 2020 returns with prizes up to more than VND 120 million",
			"FPT University is the first university in Vietnam to be rated by QS Stars",
			"Forbes: FPT is a representative in the fight against Covid-19",
			"Bachelor of Business Administration, FPT University, Hanoi, has been accredited by ACBSP",
			"Professor from Australia’s leading university: “Virtual reality fosters empathy”",
			"FPT UNIVERSITY STUDENTS INTO TOP 20 ASIA AT ACM-ICPC 2020",
			"FPTU Faculty of Business’ final preparation for ACBSP on-site visit",
			"Faculty exchange with Universiti Teknologi PETRONAS",
			"FPT University prepares for ACBSP on-site visit",
			"FPT University becomes strategic partner of Coursera",
			"FPT University has been accredited according to MOET accreditation standards at institutional level",
			"More than 20 FPT University (Ho Chi Minh City) lecturers participated in the English course",
			"FPT University gains autonomy in opening new programs and joint-training activities by being accredited by the Ministry of Education and Training",
			"Faculty exchange with Ural Federal University (Russia)",
			"FPT University receives ISO 9001:2015 certificates",
			"FPT University has followed the ISO 9001 standards",
			"Faculty of Business Holds Round-table Discourse to Jumpstart STEM Interest Among Youth",
			"Faculty exchange with Purdue University and University of Notre Dame",
			"5 Tips for successful scholarship interviews",
			"FPT receives Brand Influencer Award at Brandlaureate International 2018-2019",
			"FPT University showcases “Dream of Innovation” at International Education Fair Myanmar 2019",
			"Seminar Python Programming",
			"Teachers, students of FPT University (Hanoi) received the Design Thinking certificates of SAP Vietnam",
			"Opportunity to study in the UK for FPT University students",
			"Enjoy 5-Star Student Services at FPT University",
			"Opportunity to find a job for FPT University students at International day – Fly high jobs",
			"FPT University to offer 100-percent scholarship for potential international students in 2019",
			"FPT University’s Information Technology training program continues to receive the Sao Khue award 2019",
			"FPT University cooperated with Ural Federal University to organize 3 series of seminars on 3 consecutive days",
			"FPT University’s library where students find peace and knowledge",
			"A romantic Hoa Lac under the lens of FPT Education students",
			"FPT University – the place where modern meets tradition",
			"FPT University inaugurated the first SAP Next-Gen Lab in Vietnam",
			"“Brothers and Sisters” – a special program for freshers",
			"FPT Educamp 2018 officially launched",
			"FPT University is honored as excellent IT training unit in Asia",
			"FPT Education to organize FPT Edu Biz Talent",
			"Learn how to impress interviewers at FPT University",
			"FPT University in the top school with high employment rate",
			"Orientation talk: “A career path towards excellence”",
			"MOU Signing Ceremony between FPT University and SCMS Group of Educational Institutions, India",
			"Hundreds of recruitment opportunities for FPT University students in Japan Day",
			"FPT University is an ANU-QA Associate Member",
			"FPT University conducts business training following international standards",
			"The second ACBSP Awareness Seminar in Vietnam: “The power of global accreditation by ACBSP, USA”",
			"FPT Edu hosts international ACBSP conference",
			"FPTU lecturer receives international award for teaching excellence",
			"Siemens visited and worked with FPT Education",
			"Scholarships at FPTU for the best start-up ideas",
			"FPT University holds first scientific research conference for students",
			"FPT Edu has successfully become CDIO member",
			"Business Faculty Scholar Workshop, Spring 2017 – Pathway to Successful Accreditation",
			"Enterprises ‘order’ high quality students at Business Push up workshop",
			"FPT University participating the International Conference of ACBSP South Asia Council of Business Schools & Programs – Region 10",
			"FE Lecture, Vo Minh Hieu (Mr) receives 2017 ACBSP Teaching Excellence Award",
			"ACBSP holds the first workshop on scholar professional activities",
			"3 Messages from Minister of Education and Training to FPT University",
			"FPT University gains two Sao Khue Awards 2015",
			"Holding kickoff meeting with a theme of ACBSP – Pathways to success",
			"ACBSP delegation visits FPT University students",
			"Posts navigation"
		],
		"time": [
			"April 20, 2017",
			"June 5, 2017",
			"January 14, 2017",
			"June 8, 2017",
			"January 13, 2017",
			"June 5, 2017",
			"November 12, 2016",
			"September 12, 2022",
			"October 19, 2016",
			"September 5, 2019",
			"October 17, 2016",
			"June 5, 2017"
		]
	},
	"url": "https://daihoc.fpt.edu.vn/en/news/page/19/"
}