{
	"data": {
		"title": [
			"Trường Đại học FPT ký kết hợp tác với 3 trường đại học Thái Lan - Trường Đại học FPT"
		],
		"div": [
			"© 2024 Bản quyền thuộc về Trường Đại học FPT.",
			"Đăng ký tư vấn"
		],
		"a": [
			"Trường Đại học FPT",
			"Vietnamese",
			"English",
			"Trang chủ",
			"Giới thiệu",
			"Lịch sử thành lập",
			"Tập đoàn FPT",
			"Tổ chức giáo dục FPT",
			"Triết lý đào tạo",
			"Các giải thưởng và thành tích",
			"Ban lãnh đạo",
			"Gắn kết cộng đồng",
			"Tin tức",
			"Tin tức chung",
			"Hoạt động sinh viên",
			"Sự kiện",
			"Tuyển dụng",
			"Hướng nghiệp",
			"Ngành học",
			"Công nghệ thông tin",
			"Công nghệ ô tô số",
			"Kỹ thuật phần mềm",
			"Hệ thống thông tin",
			"Trí tuệ nhân tạo",
			"An toàn thông tin",
			"Thiết kế Mỹ thuật số",
			"Quản trị kinh doanh",
			"Tài chính",
			"Digital Marketing",
			"Kinh doanh quốc tế",
			"Quản lý Logistics & Chuỗi cung ứng toàn cầu",
			"Quản trị khách sạn",
			"Quản trị Du lịch và Lữ hành",
			"Công nghệ truyền thông",
			"Quản trị truyền thông đa phương tiện",
			"Quan hệ công chúng",
			"Ngôn ngữ Anh",
			"Ngôn ngữ Nhật",
			"Ngôn ngữ Hàn Quốc",
			"Ngôn ngữ Trung Quốc (Dự kiến)",
			"Đời sống sinh viên",
			"Một ngày tại Đại học FPT",
			"Vì sao nên học tại Đại học FPT",
			"Sự hài lòng của sinh viên",
			"Môi trường học tập",
			"Chương trình học linh hoạt",
			"Đời sống sinh viên",
			"Ký túc xá",
			"Các CLB & Cộng đồng sinh viên",
			"Các hoạt động thể thao trong trường",
			"Dịch vụ hỗ trợ",
			"Định hướng và khởi đầu",
			"Tốt nghiệp",
			"Câu chuyện sinh viên",
			"Hợp tác",
			"Ngành công nghiệp và doanh nghiệp",
			"Chương trình trao đổi sinh viên",
			"Chương trình học tập tại nước ngoài",
			"Hợp tác quốc tế",
			"Trao đổi sinh viên",
			"Học kỳ nước ngoài",
			"Các trường đại học đối tác",
			"Cựu sinh viên",
			"Cộng đồng cựu sinh viên",
			"Họ đang làm việc tại đâu",
			"Tuyển sinh",
			"Đề án tuyển sinh",
			"Tin tuyển sinh",
			"Liên hệ",
			"Đăng nhập",
			"Quỳnh",
			"Trường Đại học FPT hợp tác cùng chuyên gia Semiconductor đến từ Đài Loan",
			"FPT và doanh nghiệp Mỹ hợp tác phát triển nguồn nhân lực bán dẫn",
			"Đại học FPT ký kết hợp tác với 3 trường đại học Thái Lan",
			"Trường Đại học FPT, Việt Nam và Trường Cao đẳng Centennial College, Canada ký kết hợp tác",
			"Nữ sinh trường F trong tà áo dài ngày Xuân",
			"Gặp gỡ đội tuyển NGT’s OPEN ROBOT trước giải đấu FIRST Tech Challenge Vietnam",
			"Tỏa sáng với nghiên cứu khoa học, nữ sinh ĐH FPT khẳng định bản lĩnh và tài năng",
			"Phim ngắn “Thoi vàng chỉ ngọc” của SV ĐH FPT tại Cần Thơ được công chiếu ở Lotte Cinema",
			"SV trường ĐH FPT Hà Nội đón “tết trên bản” 2024",
			"Vietnamese",
			"English",
			"Facebook",
			"Youtube",
			"Tik Tok",
			"Hotline: (024)/(028) 73001866 - (0236)/(0292) 7301866"
		],
		"img": [
			"cropped cropped 2021 FPTU Long",
			"cropped cropped 2021 FPTU Long",
			"ky ket hop tac 1",
			"ky ket hop tac 1",
			"ky ket hop tac 2",
			"ky ket hop tac 2",
			"ky ket hop tac 3",
			"ky ket hop tac 3",
			"sinh vien dai hoc fpt 8",
			"sinh vien dai hoc fpt 8",
			"dai hoc fpt 1",
			"dai hoc fpt 1",
			"my duyen",
			"my duyen",
			"fpt 5",
			"fpt 5",
			"dai hoc fpt 1",
			"dai hoc fpt 1",
			"thông báo tuyển bổ sung",
			"thông báo tuyển bổ sung"
		],
		"p": [
			"Trang thông tin tuyển sinh chính thức của Trường Đại học FPT",
			"Lễ ký kết biên bản ghi nhớ hợp tác (MoU) diễn ra vào ngày 23/8 tại Hà Nội, trước sự chứng kiến của Đại sứ Vương quốc Thái Lan tại Việt Nam Nikorndej Balankura; ông Nguyễn Văn Thành – nguyên Ủy viên Trung ương Đảng, Phó Chủ tịch chuyên trách Hội đồng Lý luận Trung ương, Chủ tịch Hội hữu nghị Việt Nam – Thái Lan; đại diện Liên hiệp các tổ chức hữu nghị Việt Nam, Hội hữu nghị Thái Lan – Việt Nam, Hiệp hội Doanh nghiệp Thái Lan tại Việt Nam (ThaiCharm)…",
			"Tại sự kiện, Phó chủ tịch trường Đại học King Mongkut (KMUTT) Chawin Chantharasenawong khẳng định Việt Nam và Thái Lan có mối quan hệ hợp tác thân thiết và gắn bó. Trải qua gần 46 năm thiết lập quan hệ ngoại giao và 10 năm quan hệ đối tác chiến lược, hai nước đã đạt được nhiều thành tựu to lớn trong mọi lĩnh vực, trong đó có giáo dục.",
			"“Việt Nam là quốc gia giàu truyền thống lịch sử văn hóa cùng mong muốn tiến bộ mạnh mẽ, giới trẻ Việt Nam ham học hỏi cùng mong muốn thành công, người Việt Nam luôn có đạo đức và tinh thần làm việc tốt, vì vậy KMUTT mong muốn được làm việc với nhiều đối tác Việt Nam hơn”, đại diện KMUTT chia sẻ.",
			"Theo ông Chawin Chantharasenawong, KMUTT là trường đại học tập trung vào nghiên cứu công nghệ và kỹ thuật số, phát triển bền vững và chăm sóc sức khỏe thông minh. Tại Việt Nam, Trường Đại học FPT có nhiều điểm tương đồng cùng chuyên môn về công nghệ thông tin, khoa học và an ninh mạng. Với thế mạnh của đôi bên, hai trường có thể sung cho nhau và đem lại hiệu quả hợp tác tốt.",
			"Cũng tại sự kiện, Phó chủ tịch hội đồng Đại học Khon Kae, ông Surapon Petch-vra cho biết, với biên bản ghi nhớ, Trường Đại học FPT và Đại học Khon Kae sẽ thúc đẩy các chương trình hợp tác giáo dục hai bên trong nhiều năm tới.",
			"Về phía Trường Đại học FPT, Phó giám đốc Trường ĐH FPT cơ sở Hoà Lạc – TS. Tạ Ngọc Cầu chia sẻ: “Đại học FPT là một trường đại học trẻ có tuổi đời mới hơn 16, nhưng với tinh thần cầu tiến và cạnh tranh lành mạnh, các sinh viên của đại học FPT luôn sẵn sàng thử sức trong mọi lĩnh vực. Trong giai đoạn đầu hợp tác với 3 trường đại học Thái Lan, Trường Đại học FPT mong muốn gửi 90 sinh viên sang Thái Lan để học tập và trao đổi”.",
			"Các hoạt động cụ thể trong khuôn khổ hợp tác giữa Trường Đại học FPT và 3 trường đại học của Thái Lan bao gồm trao đổi học giả, chuyên gia và sinh viên; tổ chức các chương trình học tập ngắn hạn, thực tập, nghiên cứu giữa hai bên. Bên cạnh đó là trao đổi thông tin tài liệu, học thuật, hội nghị và các hoạt động hỗ trợ như đào tạo ngôn ngữ, định hướng và khóa dự bị…",
			"Chúng ta",
			"Ngày 11/01/2024, Trường Đại học FPT Hà Nội đã có buổi gặp gỡ và làm việc cùng chuyên gia Đài Loan lĩnh vực Semiconductor mở ra nhiều cơ hội học tập và thực tập nước ngoài cho sinh viên. Tại đây, Đại học FPT cùng đoàn chuyên gia đã...",
			"Công ty cổ phần bán dẫn FPT – FPT Semiconductor vừa ký kết hợp tác chiến lược với Công ty Silvaco (Mỹ) để phát triển nguồn nhân lực bán dẫn và kinh doanh ở lĩnh vực giàu tiềm năng này. Thông tin từ FPT cho hay, sự kiện ký kết biên...",
			"Vừa qua, trường Đại học FPT đã ký kết hợp tác với 3 trường đại học của Thái Lan là Đại học King Mongkut, Đại học Khon Kaen và Đại học Chulalongkorn. Đại học FPT và 3 trường của Thái Lan sẽ hợp tác trong các lĩnh vực công nghệ...",
			"Trong không khí chào đón kỷ niệm 50 năm thiết lập mối quan hệ ngoại giao Việt Nam – Canada, buổi lễ ký kết hợp tác giáo dục giữa Trường Đại học FPT, Việt Nam và Trường Cao đẳng Centennial College, Canada đã diễn ra sáng 21/8, tại...",
			"Khu Giáo dục và Đào tạo – Khu Công nghệ cao Hòa Lạc – Km29 Đại lộ Thăng Long, H. Thạch Thất,\nTP. Hà Nội",
			"Điện thoại: 024 7300 1866",
			"Email: daihocfpt@fpt.edu.vn",
			"Lô E2a-7, Đường D1 Khu Công nghệ cao, P. Long Thạnh Mỹ, TP. Thủ Đức, TP. Hồ Chí Minh",
			"Điện thoại: 028 7300 1866",
			"Email: daihocfpt@fpt.edu.vn",
			"Khu đô thị công nghệ FPT Đà Nẵng, P. Hoà Hải, Q. Ngũ Hành Sơn, TP. Đà Nẵng",
			"Điện thoại: 0236 730 1866",
			"Email: daihocfpt@fpt.edu.vn",
			"Số 600 Đường Nguyễn Văn Cừ (nối dài), P. An Bình, Q. Ninh Kiều, TP. Cần Thơ",
			"Điện thoại: 0292 730 1866",
			"Email: daihocfpt@fpt.edu.vn",
			"Khu đô thị mới An Phú Thịnh, Phường Nhơn Bình & Phường Đống Đa, TP. Quy\nNhơn, Bình Định",
			"Điện thoại: 0256 730 1866 /0256 7300 999",
			"Email: daihocfpt@fpt.edu.vn"
		],
		"label": [
			"Tìm kiếm",
			"Tìm kiếm"
		],
		"button": [
			"×",
			"Đăng ký",
			"Đóng"
		],
		"span": [
			"Trang chủ",
			"bởi",
			"Bài trước",
			"Bài trước:",
			"← Vũ Quý Hoàng Anh và hành trình chinh phục danh hiệu Cóc vàng tại Trường ĐH FPT",
			"Bài tiếp",
			"Bài tiếp:",
			"Chuyến Study Tour của sinh viên trường ANU (Úc) và HELP (Malaysia) →"
		],
		"h1": [
			"Trường Đại học FPT ký kết hợp tác với 3 trường đại học Thái Lan"
		],
		"time": [
			"Thứ Ba, ngày 30 tháng 01 năm 2024",
			"05/02/2024",
			"05/02/2024",
			"05/02/2024",
			"02/02/2024",
			"01/02/2024"
		],
		"strong": [
			"Trường Đại học FPT vừa ký kết hợp tác với trường Đại học Khon Kaen (KKU), Đại học Chulalongkorn (CU Language Institute) và Đại học Công nghệ King Mongkut Thonburi (KMUTT) của Thái Lan trong các lĩnh vực nghiên cứu, trao đổi học thuật và sinh viên…"
		],
		"figcaption": [
			"TS. Tạ Ngọc Cầu, PGĐ Trường ĐH FPT (bên phải) và Phó Giáo sư Charnchai Panthongviriyakul, Hiệu trưởng trường Đại học Khon Kaen ký kết biên bản ghi nhớ hợp tác. Ảnh: Thu Hà.",
			"Trường Đại học FPT và trường KMUTT ký kết biên bản ghi nhớ hợp tác. Ảnh: TH.",
			"Trường Đại học FPT và Đại học Chulalongkornký kết biên bản ghi nhớ hợp tác. Ảnh: TH."
		],
		"h2": [
			"Bài viết liên quan",
			"Điều hướng bài viết"
		],
		"h3": [
			"Đăng ký tư vấn"
		],
		"h4": [
			"HÀ NỘI",
			"TP. HỒ CHÍ MINH",
			"ĐÀ NẴNG",
			"CẦN THƠ",
			"Quy Nhơn"
		],
		"b": [
			"Hãy để lại SĐT để cán bộ nhà trường hỗ trợ bạn sớm nhất nhé"
		],
		"option": [
			"Tỉnh / Thành phố *",
			"An Giang",
			"Bà Rịa-Vũng Tàu",
			"Bắc Giang",
			"Bắc Kạn",
			"Bạc Liêu",
			"Bắc Ninh",
			"Bến Tre",
			"Bình Dương",
			"Bình Định",
			"Bình Phước",
			"Bình Thuận",
			"Cà Mau",
			"Cần Thơ",
			"Cao Bằng",
			"Cục Cảnh sát ĐKQL cư trú và DLQG về dân cư",
			"Cục Cảnh sát quản lý hành chính về trật tự xã hội",
			"Đà Nẵng",
			"Đắk Lắk",
			"Đăk Nông",
			"Điện Biên",
			"Đồng Nai",
			"Đồng Tháp",
			"Gia Lai",
			"Hà Giang",
			"Hà Nam",
			"Hà Tĩnh",
			"Hải Dương",
			"Hải Phòng",
			"Hậu Giang",
			"Hoà Bình",
			"Hưng Yên",
			"Khánh Hoà",
			"Kiên Giang",
			"Kon Tum",
			"Lai Châu",
			"Lâm Đồng",
			"Lạng Sơn",
			"Lào Cai",
			"Long An",
			"Nam Định",
			"Nghệ An",
			"Ninh Bình",
			"Ninh Thuận",
			"Phú Thọ",
			"Phú Yên",
			"Quảng Bình",
			"Quảng Nam",
			"Quảng Ngãi",
			"Quảng Ninh",
			"Quảng Trị",
			"Sóc Trăng",
			"Sơn La",
			"Tây Ninh",
			"Thái Bình",
			"Thái Nguyên",
			"Thanh Hoá",
			"Thừa Thiên - Huế",
			"Tiền Giang",
			"Trà Vinh",
			"Tuyên Quang",
			"Vĩnh Long",
			"Vĩnh Phúc",
			"Yên Bái",
			"Hà Nội",
			"TP. Hồ Chí Minh"
		]
	},
	"url": "https://daihoc.fpt.edu.vn/truong-dai-hoc-fpt-ky-ket-hop-tac-voi-3-truong-dai-hoc-thai-lan/"
}