{
	"data": {
		"title": [
			"SV Truyền thông đa phương tiện trình bày nghiên cứu khoa học tại Singpapore - Trường Đại học FPT"
		],
		"div": [
			"© 2024 Bản quyền thuộc về Trường Đại học FPT.",
			"Đăng ký tư vấn"
		],
		"a": [
			"Trường Đại học FPT",
			"Vietnamese",
			"English",
			"Trang chủ",
			"Giới thiệu",
			"Lịch sử thành lập",
			"Tập đoàn FPT",
			"Tổ chức giáo dục FPT",
			"Triết lý đào tạo",
			"Các giải thưởng và thành tích",
			"Ban lãnh đạo",
			"Gắn kết cộng đồng",
			"Tin tức",
			"Tin tức chung",
			"Hoạt động sinh viên",
			"Sự kiện",
			"Tuyển dụng",
			"Hướng nghiệp",
			"Ngành học",
			"Công nghệ thông tin",
			"Công nghệ ô tô số",
			"Kỹ thuật phần mềm",
			"Hệ thống thông tin",
			"Trí tuệ nhân tạo",
			"An toàn thông tin",
			"Thiết kế Mỹ thuật số",
			"Quản trị kinh doanh",
			"Tài chính",
			"Digital Marketing",
			"Kinh doanh quốc tế",
			"Quản lý Logistics & Chuỗi cung ứng toàn cầu",
			"Quản trị khách sạn",
			"Quản trị Du lịch và Lữ hành",
			"Công nghệ truyền thông",
			"Quản trị truyền thông đa phương tiện",
			"Quan hệ công chúng",
			"Ngôn ngữ Anh",
			"Ngôn ngữ Nhật",
			"Ngôn ngữ Hàn Quốc",
			"Ngôn ngữ Trung Quốc (Dự kiến)",
			"Đời sống sinh viên",
			"Một ngày tại Đại học FPT",
			"Vì sao nên học tại Đại học FPT",
			"Sự hài lòng của sinh viên",
			"Môi trường học tập",
			"Chương trình học linh hoạt",
			"Đời sống sinh viên",
			"Ký túc xá",
			"Các CLB & Cộng đồng sinh viên",
			"Các hoạt động thể thao trong trường",
			"Dịch vụ hỗ trợ",
			"Định hướng và khởi đầu",
			"Tốt nghiệp",
			"Câu chuyện sinh viên",
			"Hợp tác",
			"Ngành công nghiệp và doanh nghiệp",
			"Chương trình trao đổi sinh viên",
			"Chương trình học tập tại nước ngoài",
			"Hợp tác quốc tế",
			"Trao đổi sinh viên",
			"Học kỳ nước ngoài",
			"Các trường đại học đối tác",
			"Cựu sinh viên",
			"Cộng đồng cựu sinh viên",
			"Họ đang làm việc tại đâu",
			"Tuyển sinh",
			"Đề án tuyển sinh",
			"Tin tuyển sinh",
			"Liên hệ",
			"Đăng nhập",
			"Quỳnh",
			"Nữ sinh trường F trong tà áo dài ngày Xuân",
			"Gặp gỡ đội tuyển NGT’s OPEN ROBOT trước giải đấu FIRST Tech Challenge Vietnam",
			"Tỏa sáng với nghiên cứu khoa học, nữ sinh ĐH FPT khẳng định bản lĩnh và tài năng",
			"Phim ngắn “Thoi vàng chỉ ngọc” của SV ĐH FPT tại Cần Thơ được công chiếu ở Lotte Cinema",
			"SV trường ĐH FPT Hà Nội đón “tết trên bản” 2024",
			"Vietnamese",
			"English",
			"Facebook",
			"Youtube",
			"Tik Tok",
			"Hotline: (024)/(028) 73001866 - (0236)/(0292) 7301866"
		],
		"img": [
			"cropped cropped 2021 FPTU Long",
			"cropped cropped 2021 FPTU Long",
			"truyen thong da phuong tien 9",
			"truyen thong da phuong tien 9",
			"truyen thong da phuong tien 6",
			"truyen thong da phuong tien 6",
			"truyen thong da phuong tien 4",
			"truyen thong da phuong tien 4",
			"truyen thong da phuong tien 7",
			"truyen thong da phuong tien 7",
			"truyen thong da phuong tien 1",
			"truyen thong da phuong tien 1",
			"sinh vien dai hoc fpt 8",
			"sinh vien dai hoc fpt 8",
			"dai hoc fpt 1",
			"dai hoc fpt 1",
			"my duyen",
			"my duyen",
			"fpt 5",
			"fpt 5",
			"dai hoc fpt 1",
			"dai hoc fpt 1",
			"thông báo tuyển bổ sung",
			"thông báo tuyển bổ sung"
		],
		"p": [
			"Trang thông tin tuyển sinh chính thức của Trường Đại học FPT",
			"Tại sự kiện này, các nhóm SV chuyên ngành Truyền thông đa phương tiện lần lượt trình bày các đề tài nghiên cứu về:",
			"The Impact of Educational Facilities on University Choice Throughout Facebook Platform: A Case of FPT University’s Students.",
			"The influence of Emotional Intelligence (EI) on Academic Performance: A case study of FPT Students reading Multimedia Communication.",
			"The effects of time management on the GPA of Undergraduate students in FPTU HCMC, Faculty of Business Administration.",
			"The GPA of Undergraduate students in FPTU HCMC, Faculty of Business Administration.",
			"SEACE quy tụ các giáo viên, nhà nghiên cứu, giáo sư nổi tiếng và các nhà lãnh đạo doanh nghiệp, khách mời từ khắp nơi trên thế giới để chia sẻ những hiểu biết của họ. Mục tiêu là mở rộng nhận thức về các bối cảnh khác nhau trong việc theo đuổi các giải pháp và hiệp lực.",
			"Đẩy mạnh phong trào Nghiên cứu Khoa học, giảng viên và sinh viên Đại học FPT đang có nhiều nỗ lực được ghi nhận. Bên cạnh việc được đào tạo định hướng theo nhu cầu doanh nghiệp, chú trọng trải nghiệm thực tế, sinh viên Đại học FPT vẫn được khuyến khích tham gia nghiên cứu khoa học. Tham gia những hội thảo nghiên cứu khoa học quốc tế là cơ hội để sinh viên ứng dụng những kiến thức đã học, củng cố kiến thức, nâng cao kỹ năng cho công việc tương lai.",
			"Tháng 3 sắp tới, nhóm sinh viên khác sẽ tham gia trình bày viên trình bày tại hội thảo khoa học “The 8th World Conference on Media and Mass Communication (MEDCOM 2023)”. Chương trình diễn ra tại Bangkok, Thailand từ ngày 16 tháng 03 năm 2023 đến ngày 17 tháng 03 năm 2023.",
			"Khu Giáo dục và Đào tạo – Khu Công nghệ cao Hòa Lạc – Km29 Đại lộ Thăng Long, H. Thạch Thất,\nTP. Hà Nội",
			"Điện thoại: 024 7300 1866",
			"Email: daihocfpt@fpt.edu.vn",
			"Lô E2a-7, Đường D1 Khu Công nghệ cao, P. Long Thạnh Mỹ, TP. Thủ Đức, TP. Hồ Chí Minh",
			"Điện thoại: 028 7300 1866",
			"Email: daihocfpt@fpt.edu.vn",
			"Khu đô thị công nghệ FPT Đà Nẵng, P. Hoà Hải, Q. Ngũ Hành Sơn, TP. Đà Nẵng",
			"Điện thoại: 0236 730 1866",
			"Email: daihocfpt@fpt.edu.vn",
			"Số 600 Đường Nguyễn Văn Cừ (nối dài), P. An Bình, Q. Ninh Kiều, TP. Cần Thơ",
			"Điện thoại: 0292 730 1866",
			"Email: daihocfpt@fpt.edu.vn",
			"Khu đô thị mới An Phú Thịnh, Phường Nhơn Bình & Phường Đống Đa, TP. Quy\nNhơn, Bình Định",
			"Điện thoại: 0256 730 1866 /0256 7300 999",
			"Email: daihocfpt@fpt.edu.vn"
		],
		"label": [
			"Tìm kiếm",
			"Tìm kiếm"
		],
		"button": [
			"×",
			"Đăng ký",
			"Đóng"
		],
		"span": [
			"Trang chủ",
			"bởi",
			"Bài trước",
			"Bài trước:",
			"← Khởi động cuộc thi khởi nghiệp FPT Entrepreneurial Hackathon Spring 2023",
			"Bài tiếp",
			"Bài tiếp:",
			"Sinh viên FPTU “Vẽ hạnh phúc, nặn an nhiên” tại làng gốm Bát Tràng →"
		],
		"h1": [
			"SV Truyền thông đa phương tiện trình bày nghiên cứu khoa học tại Singpapore"
		],
		"time": [
			"Thứ Ba, ngày 14 tháng 02 năm 2023",
			"15/02/2023",
			"05/02/2024",
			"05/02/2024",
			"05/02/2024",
			"02/02/2024",
			"01/02/2024"
		],
		"strong": [
			"Vừa qua, sinh viên chuyên ngành Truyền thông đa phương tiện trường Đại học FPT TP.HCM vừa kết thúc đợt trình bày nghiên cứu khoa học tại “The 3rd Southeast Asian Conference on Education (SEACE2023)”. Diễn đàn do Singapore Management University tổ chức từ ngày 10/2/2023 đến ngày 13/2/2023.",
			"Minh Cúc"
		],
		"figcaption": [
			"SV Truyền thông đa phương tiện trình bày nghiên cứu khoa học tại Singpapore.",
			"Sinh viên tự tin trình bày lưu loát bằng tiếng Anh.",
			"Sinh viên tự tin trình bày lưu loát bằng tiếng Anh.",
			"Tham gia những hội thảo nghiên cứu khoa học quốc tế là cơ hội để sinh viên ứng dụng những kiến thức đã học, củng cố kiến thức, nâng cao kỹ năng cho công việc tương lai.",
			"Tham gia những hội thảo nghiên cứu khoa học quốc tế là cơ hội để sinh viên ứng dụng những kiến thức đã học, củng cố kiến thức, nâng cao kỹ năng cho công việc tương lai."
		],
		"h2": [
			"Điều hướng bài viết"
		],
		"h4": [
			"HÀ NỘI",
			"TP. HỒ CHÍ MINH",
			"ĐÀ NẴNG",
			"CẦN THƠ",
			"Quy Nhơn"
		],
		"h3": [
			"Đăng ký tư vấn"
		],
		"b": [
			"Hãy để lại SĐT để cán bộ nhà trường hỗ trợ bạn sớm nhất nhé"
		],
		"option": [
			"Tỉnh / Thành phố *",
			"An Giang",
			"Bà Rịa-Vũng Tàu",
			"Bắc Giang",
			"Bắc Kạn",
			"Bạc Liêu",
			"Bắc Ninh",
			"Bến Tre",
			"Bình Dương",
			"Bình Định",
			"Bình Phước",
			"Bình Thuận",
			"Cà Mau",
			"Cần Thơ",
			"Cao Bằng",
			"Cục Cảnh sát ĐKQL cư trú và DLQG về dân cư",
			"Cục Cảnh sát quản lý hành chính về trật tự xã hội",
			"Đà Nẵng",
			"Đắk Lắk",
			"Đăk Nông",
			"Điện Biên",
			"Đồng Nai",
			"Đồng Tháp",
			"Gia Lai",
			"Hà Giang",
			"Hà Nam",
			"Hà Tĩnh",
			"Hải Dương",
			"Hải Phòng",
			"Hậu Giang",
			"Hoà Bình",
			"Hưng Yên",
			"Khánh Hoà",
			"Kiên Giang",
			"Kon Tum",
			"Lai Châu",
			"Lâm Đồng",
			"Lạng Sơn",
			"Lào Cai",
			"Long An",
			"Nam Định",
			"Nghệ An",
			"Ninh Bình",
			"Ninh Thuận",
			"Phú Thọ",
			"Phú Yên",
			"Quảng Bình",
			"Quảng Nam",
			"Quảng Ngãi",
			"Quảng Ninh",
			"Quảng Trị",
			"Sóc Trăng",
			"Sơn La",
			"Tây Ninh",
			"Thái Bình",
			"Thái Nguyên",
			"Thanh Hoá",
			"Thừa Thiên - Huế",
			"Tiền Giang",
			"Trà Vinh",
			"Tuyên Quang",
			"Vĩnh Long",
			"Vĩnh Phúc",
			"Yên Bái",
			"Hà Nội",
			"TP. Hồ Chí Minh"
		]
	},
	"url": "https://daihoc.fpt.edu.vn/sv-truyen-thong-da-phuong-tien-trinh-bay-nghien-cuu-khoa-hoc-tai-singpapore/"
}