{
	"data": {
		"title": [
			"ACBSP delegation visits FPT University students – FPT University"
		],
		"div": [
			"›\n\n›",
			"© 2024 FPT University. All rights reserved."
		],
		"img": [
			"Processor Paul Schneiderman and FPT University staff photographed.",
			"The delegation was visiting FPT University in Hoa Lac.",
			"At the library of FPT University, the professor appreciated the fact that FPT University invested in knowledge resources with a large number of books, 90% of which were foreign ones.",
			"Dr. Ta Ngoc Cau introduced the architecture and function of Beta lecture hall to the delegation.",
			"\"A school drum is familiar to Vietnamese students, but it hardly exists in the United States,\" said Professor Paul Schneiderman.",
			"In Beta lecture hall, the professor beat the drum loudly.",
			"Professor Paul Schneiderman presented ACBSP certifications and answered questions about them."
		],
		"p": [
			"Professor Paul Schneiderman from Southern New Hampshire University, a member of ACBSP led the delegation on a week-long visit to at FPT University from October 17 to 23.",
			"Accordingly, on October 17, they visited FPT University Hoa Lac; exchanged views with business students and lecturers as well as met and worked with FPT University leaders.",
			"He expressed his interest in the wonderfully unique architecture of FPT University Alpha Building, which won the 1st prize in the education category at the World Architecture Festival Awards (October 2014).",
			"On the same day, he attended a talk to introduce ACBSP to leaders, lecturers and students of FPT University.",
			"Participating in ACBSP accreditation process would help with quality improvement of business specialty at FPT University. On the spur of the moment, there will be many marked improvements in curriculums in order that they could be equated to those of the world’s leading business schools, giving students the opportunity to increase their competitiveness in the labor market.",
			"In the following days, Professor Paul Schneiderman and the delegation will have a meeting with students, make a visit to FPT headquarters as well as understand the current curricula and deploy the quality accreditation of FPT University branches in Da Nang and Ho Chi Minh.",
			"You must be  to post a comment."
		],
		"a": [
			"FPT University",
			"Vietnamese",
			"English",
			"About",
			"President’s Messages",
			"FPT University",
			"Organizational Chart",
			"Faculty & Staff",
			"Recruitment Process",
			"Faculty",
			"Faculty of Business – Hanoi campus",
			"IT-related Departments",
			"Language-related Departments",
			"General Education Departments",
			"Students",
			"Admission",
			"Admission Regulations",
			"Scholarship & Financial Aids",
			"Tuition Fee",
			"Forms and Documents",
			"FAQs",
			"Student life",
			"Course Schedule",
			"Facilities",
			"Virtual Tour",
			"Program of Study",
			"Bachelor of Information Technology",
			"Software Engineering",
			"Information System",
			"Information Assurance",
			"Internet of Things",
			"Artificial Intelligence",
			"Digital Art & Design",
			"Bachelor of Business Administration",
			"Bachelor of English Studies",
			"Bachelor of Japanese Studies",
			"Bachelor of Korean Studies",
			"Syllabi",
			"News & Events",
			"Research",
			"Policy",
			"Publications",
			"Resources and Research Tools",
			"Faculty Exchange",
			"Accreditation",
			"ACBSP",
			"AQAS",
			"CDIO",
			"ISO Standards",
			"Sustainable Development",
			"Sustainable Development Policy",
			"SDGs Report",
			"Traditional Music",
			"Vovinam",
			"Documents",
			"Employee Handbook & Policies",
			"Forms & Templates for Lecturer",
			"Forms & Templates for Students",
			"Stakeholder involvement",
			"Certificates & Recognitions",
			"Student Achievement",
			"Contact",
			"Van",
			"Cancel reply",
			"logged in",
			"Online Consulting: (024)/(028) 73001866"
		],
		"span": [
			"Search for:",
			"Home",
			"News & Events",
			"ACBSP delegation visits FPT University students",
			"by",
			"Next",
			"Next post:",
			"Holding kickoff meeting with a theme of ACBSP – Pathways to success →"
		],
		"h1": [
			"ACBSP delegation visits FPT University students"
		],
		"time": [
			"Monday, October 17th, 2016",
			"June 5, 2017"
		],
		"strong": [
			"From October 17-23, some representatives from ACBSP visited FPT University and deployed quality accreditation here."
		],
		"figcaption": [
			"In Beta lecture hall, the professor beat the drum loudly."
		],
		"em": [
			"Processor Paul Schneiderman and FPT University staff photographed.",
			"The delegation was visiting FPT University in Hoa Lac.",
			"At the library of FPT University, the professor appreciated the fact that FPT University invested in knowledge resources with a large number of books, 90% of which were foreign ones.",
			"Dr. Ta Ngoc Cau introduced the architecture and function of Beta lecture hall to the delegation.",
			"“A school drum is familiar to Vietnamese students, but it hardly exists in the United States,” said Professor Paul Schneiderman.",
			"Professor Paul Schneiderman presented ACBSP certifications and answered questions about them.",
			"ACBSP stands for Accreditation Council for Business Schools and Programs. This is a U.S. organization offering accreditation services to business programs focused on teaching and learning.",
			"In the US, ACBSP or AACSB are the two most prestigious accrediting bodies in the business school arena. In order to obtain ACBSP accreditation, business schools must have an overall satisfactory score in the following categories: Leadership; Strategic planning; Student and stakeholder focus; Student learning and performance; Faculty and staff focus and Educational and business process management."
		],
		"h2": [
			"Post navigation"
		],
		"h3": [
			"Leave a Reply"
		]
	},
	"url": "https://daihoc.fpt.edu.vn/en/acbsp-delegation-visits-fpt-university-students/"
}