{
	"data": {
		"title": [
			"FPT University has followed the ISO 9001 standards – FPT University"
		],
		"div": [
			"›\n\n›",
			"© 2024 FPT University. All rights reserved."
		],
		"img": [
			"ISO 9001.2008_FPTU_2010"
		],
		"a": [
			"FPT University",
			"Vietnamese",
			"English",
			"About",
			"President’s Messages",
			"FPT University",
			"Organizational Chart",
			"Faculty & Staff",
			"Recruitment Process",
			"Faculty",
			"Faculty of Business – Hanoi campus",
			"IT-related Departments",
			"Language-related Departments",
			"General Education Departments",
			"Students",
			"Admission",
			"Admission Regulations",
			"Scholarship & Financial Aids",
			"Tuition Fee",
			"Forms and Documents",
			"FAQs",
			"Student life",
			"Course Schedule",
			"Facilities",
			"Virtual Tour",
			"Program of Study",
			"Bachelor of Information Technology",
			"Software Engineering",
			"Information System",
			"Information Assurance",
			"Internet of Things",
			"Artificial Intelligence",
			"Digital Art & Design",
			"Bachelor of Business Administration",
			"Bachelor of English Studies",
			"Bachelor of Japanese Studies",
			"Bachelor of Korean Studies",
			"Syllabi",
			"News & Events",
			"Research",
			"Policy",
			"Publications",
			"Resources and Research Tools",
			"Faculty Exchange",
			"Accreditation",
			"ACBSP",
			"AQAS",
			"CDIO",
			"ISO Standards",
			"Sustainable Development",
			"Sustainable Development Policy",
			"SDGs Report",
			"Traditional Music",
			"Vovinam",
			"Documents",
			"Employee Handbook & Policies",
			"Forms & Templates for Lecturer",
			"Forms & Templates for Students",
			"Stakeholder involvement",
			"Certificates & Recognitions",
			"Student Achievement",
			"Contact",
			"chi nd3",
			"Online Consulting: (024)/(028) 73001866"
		],
		"span": [
			"Search for:",
			"Home",
			"ISO Standards",
			"FPT University has followed the ISO 9001 standards",
			"by",
			"Previous",
			"Previous post:",
			"← Faculty of Business Holds Round-table Discourse to Jumpstart STEM Interest Among Youth",
			"Next",
			"Next post:",
			"FPT University receives ISO 9001:2015 certificates →"
		],
		"h1": [
			"FPT University has followed the ISO 9001 standards"
		],
		"time": [
			"Thursday, July 18th, 2019",
			"September 27, 2022"
		],
		"figcaption": [
			"ISO 9001.2008_FPTU_2010"
		],
		"h2": [
			"Post navigation"
		]
	},
	"url": "https://daihoc.fpt.edu.vn/en/iso-9001-2008_fptu_2010/"
}