{
	"data": {
		"title": [
			"Nên học Marketing hay Digital Marketing? Học phí liệu có quá đắt đỏ?"
		],
		"div": [
			"›\n\n›",
			"© 2024 Bản quyền thuộc về Trường Đại học FPT.",
			"Đăng ký tư vấn"
		],
		"a": [
			"Trường Đại học FPT",
			"Vietnamese",
			"English",
			"Trang chủ",
			"Giới thiệu",
			"Lịch sử thành lập",
			"Tập đoàn FPT",
			"Tổ chức giáo dục FPT",
			"Triết lý đào tạo",
			"Các giải thưởng và thành tích",
			"Ban lãnh đạo",
			"Gắn kết cộng đồng",
			"Tin tức",
			"Tin tức chung",
			"Hoạt động sinh viên",
			"Sự kiện",
			"Tuyển dụng",
			"Hướng nghiệp",
			"Ngành học",
			"Công nghệ thông tin",
			"Công nghệ ô tô số",
			"Kỹ thuật phần mềm",
			"Hệ thống thông tin",
			"Trí tuệ nhân tạo",
			"An toàn thông tin",
			"Thiết kế Mỹ thuật số",
			"Quản trị kinh doanh",
			"Tài chính",
			"Digital Marketing",
			"Kinh doanh quốc tế",
			"Quản lý Logistics & Chuỗi cung ứng toàn cầu",
			"Quản trị khách sạn",
			"Quản trị Du lịch và Lữ hành",
			"Công nghệ truyền thông",
			"Quản trị truyền thông đa phương tiện",
			"Quan hệ công chúng",
			"Ngôn ngữ Anh",
			"Ngôn ngữ Nhật",
			"Ngôn ngữ Hàn Quốc",
			"Ngôn ngữ Trung Quốc (Dự kiến)",
			"Đời sống sinh viên",
			"Một ngày tại Đại học FPT",
			"Vì sao nên học tại Đại học FPT",
			"Sự hài lòng của sinh viên",
			"Môi trường học tập",
			"Chương trình học linh hoạt",
			"Đời sống sinh viên",
			"Ký túc xá",
			"Các CLB & Cộng đồng sinh viên",
			"Các hoạt động thể thao trong trường",
			"Dịch vụ hỗ trợ",
			"Định hướng và khởi đầu",
			"Tốt nghiệp",
			"Câu chuyện sinh viên",
			"Hợp tác",
			"Ngành công nghiệp và doanh nghiệp",
			"Chương trình trao đổi sinh viên",
			"Chương trình học tập tại nước ngoài",
			"Hợp tác quốc tế",
			"Trao đổi sinh viên",
			"Học kỳ nước ngoài",
			"Các trường đại học đối tác",
			"Cựu sinh viên",
			"Cộng đồng cựu sinh viên",
			"Họ đang làm việc tại đâu",
			"Tuyển sinh",
			"Đề án tuyển sinh",
			"Tin tuyển sinh",
			"Liên hệ",
			"Đăng nhập",
			"Hán Như Ngọc",
			"Nữ sinh trường F trong tà áo dài ngày Xuân",
			"Gặp gỡ đội tuyển NGT’s OPEN ROBOT trước giải đấu FIRST Tech Challenge Vietnam",
			"Tỏa sáng với nghiên cứu khoa học, nữ sinh ĐH FPT khẳng định bản lĩnh và tài năng",
			"Phim ngắn “Thoi vàng chỉ ngọc” của SV ĐH FPT tại Cần Thơ được công chiếu ở Lotte Cinema",
			"SV trường ĐH FPT Hà Nội đón “tết trên bản” 2024",
			"Vietnamese",
			"English",
			"Facebook",
			"Youtube",
			"Tik Tok",
			"Hotline: (024)/(028) 73001866 - (0236)/(0292) 7301866"
		],
		"img": [
			"cropped cropped 2021 FPTU Long",
			"cropped cropped 2021 FPTU Long",
			"nen lua chon theo hoc marketing hay digital marketing",
			"nen lua chon theo hoc marketing hay digital marketing",
			"trien vong nganh digital marketing nam 2022",
			"trien vong nganh digital marketing nam 2022",
			"mot so cau hoi thuong gap va loi khuyen cho sinh vien nganh digital marketing",
			"mot so cau hoi thuong gap va loi khuyen cho sinh vien nganh digital marketing",
			"sinh vien dai hoc fpt 8",
			"sinh vien dai hoc fpt 8",
			"dai hoc fpt 1",
			"dai hoc fpt 1",
			"my duyen",
			"my duyen",
			"fpt 5",
			"fpt 5",
			"dai hoc fpt 1",
			"dai hoc fpt 1",
			"thông báo tuyển bổ sung",
			"thông báo tuyển bổ sung"
		],
		"p": [
			"Trang thông tin tuyển sinh chính thức của Trường Đại học FPT",
			"Nội dung bài viết",
			"Khu Giáo dục và Đào tạo – Khu Công nghệ cao Hòa Lạc – Km29 Đại lộ Thăng Long, H. Thạch Thất,\nTP. Hà Nội",
			"Điện thoại: 024 7300 1866",
			"Email: daihocfpt@fpt.edu.vn",
			"Lô E2a-7, Đường D1 Khu Công nghệ cao, P. Long Thạnh Mỹ, TP. Thủ Đức, TP. Hồ Chí Minh",
			"Điện thoại: 028 7300 1866",
			"Email: daihocfpt@fpt.edu.vn",
			"Khu đô thị công nghệ FPT Đà Nẵng, P. Hoà Hải, Q. Ngũ Hành Sơn, TP. Đà Nẵng",
			"Điện thoại: 0236 730 1866",
			"Email: daihocfpt@fpt.edu.vn",
			"Số 600 Đường Nguyễn Văn Cừ (nối dài), P. An Bình, Q. Ninh Kiều, TP. Cần Thơ",
			"Điện thoại: 0292 730 1866",
			"Email: daihocfpt@fpt.edu.vn",
			"Khu đô thị mới An Phú Thịnh, Phường Nhơn Bình & Phường Đống Đa, TP. Quy\nNhơn, Bình Định",
			"Điện thoại: 0256 730 1866 /0256 7300 999",
			"Email: daihocfpt@fpt.edu.vn"
		],
		"label": [
			"Tìm kiếm",
			"Tìm kiếm"
		],
		"button": [
			"×",
			"Đăng ký",
			"Đóng"
		],
		"i": [
			"Marketing là gì?",
			"Digital Marketing là gì?",
			"Vậy nên học Marketing hay Digital Marketing?",
			">>> Xem thêm:",
			"Ngành Digital Marketing học trường nào ở Hà Nội?",
			"Ngành Digital Marketing học trường nào TP. HCM?",
			"Ngành Digital Marketing yêu cầu những kỹ thuật gì?",
			"Không học chính quy có ra làm Digital Marketing được không?",
			"Học Digital Marketing nên học tất cả hay tập trung một lĩnh vực?"
		],
		"span": [
			"Trang chủ",
			"Hướng nghiệp",
			"Nên học Marketing hay Digital Marketing? Học phí liệu có quá đắt đỏ?",
			"bởi",
			"Marketing là gì? Digital Marketing là gì? Nên học Marketing hay Digital Marketing? Đâu mới là lựa chọn đúng đắn? Bài viết hôm nay sẽ giúp bạn gỡ rối vấn đề này, bên cạnh đó còn bật mí cho bạn những trường có đào tạo chất lượng và mức học phí chi tiết nhất.",
			"Muốn trả lời được câu hỏi này, bạn cần phân biệt rõ Marketing là gì và Digital Marketing là gì.",
			"Theo hiệp hội Marketing Mỹ (AMA) thì: “Marketing là một tập hợp các hoạt động và quy trình để tạo ra, giao tiếp, phân phối và trao đổi các dịch vụ có giá trị cho khách hàng, đối tác và xã hội nói chung”.",
			"Hiểu một cách chi tiết, Marketing là ngành học rất rộng, bao gồm nhiều hoạt động và quy trình mà doanh nghiệp áp dụng thực hiện để thúc đẩy quá trình kinh doanh, mang sản phẩm, dịch vụ tiếp cận đến khách hàng tiềm năng.",
			"Marketing bao gồm nhiều hình thức khác nhau như: Multi-level Marketing, Social Media Marketing, Content marketing, Email Marketing, Influencer Marketing, Digital Marketing, Brand Marketing, Video Marketing, Trade Marketing,…",
			"Theo Philips Kotler: “Digital marketing, hay marketing điện tử, là quá trình lập kế hoạch về sản phẩm, giá, phân phối và xúc tiến đối với sản phẩm, dịch vụ và ý tưởng để đáp ứng nhu cầu của tổ chức và cá nhân dựa trên các phương tiện điện tử và Internet”.",
			"Như vậy, Digital marketing là tập hợp các phương pháp tiếp thị, quảng cáo sản phẩm, dịch vụ trên nền tảng kỹ thuật số cũng như tất cả các thiết bị internet.",
			"Bạn cần nhận định rằng Digital Marketing là một hình thức chuyên sâu của Marketing, là tập hợp con chuyên sâu trong ngành học này. Nếu bạn muốn học Digital Marketing thì đương nhiên phải có kiến thức nền tảng về Marketing. Bạn đã có được lựa chọn cho bản thân mình rồi phải không nào. Đừng vội dừng lại, hãy tiếp tục theo dõi bài viết để được bật mí nên chọn trường nào để đảm bảo chất lượng đầu ra của mình.",
			"Học Digital Marketing ra làm gì? Lương bao nhiêu?",
			"Để đảm bảo đầu ra chất lượng và có nhiều cơ hội trong quá trình tìm kiếm việc làm sau khi tốt nghiệp, bạn cần lựa chọn đúng ngôi trường đào tạo chất lượng cho mình. Dưới đây là top những ngôi trường chất lượng dành cho bạn:",
			"Trường Đại học FPT Hà Nội",
			"Top40 theo trang xếp hạng School Rank:",
			"https://schoolrank.fpt.edu.vn/",
			"Học phí mỗi học kỳ là 27,300,000/học kỳ. Học phí đã bao gồm học liệu, giáo trình, các khóa học kỹ năng mềm, chương trình ngoại khóa…",
			"Trường Đại học Phenikaa",
			"20 điểm",
			"32 triệu đồng",
			"Trường Đại học Đại Nam",
			"15 điểm",
			"30 triệu đồng",
			"Đại học Kinh tế Quốc dân (NEU)",
			"28,15 điểm",
			"Từ 15 đến 20 triệu đồng",
			"Đại học Ngoại Thương (FTU)",
			"28,55 điểm",
			"20 – 25 triệu đồng",
			"Đại học Thương mại (TMU)",
			"27,45 điểm",
			"Từ 15 – 17 triệu đồng",
			"Học viện Công nghệ Bưu chính viễn thông (PTIT)",
			"25,65 điểm",
			"Từ 19 – 21 triệu đồng",
			"Học viện Báo chí và Tuyên truyền (AJC)",
			"27,77 điểm xét theo phương thức học bạ",
			"Khoảng 39 triệu đồng",
			"Trường Đại học FPT TP. Hồ Chí Minh",
			"(Ngoài ra còn có Đại học FPT Cần Thơ, Đại học FPT Quy Nhơn, Đại học FPT Đà Nẵng)",
			"Top40 theo trang xếp hạng School Rank:",
			"https://schoolrank.fpt.edu.vn/",
			"Học phí mỗi học kỳ là 27,300,000/học kỳ. Học phí đã bao gồm học liệu, giáo trình, các khóa học kỹ năng mềm, chương trình ngoại khóa…",
			"Đại học RMIT",
			"Điểm trung bình lớp 12 THPT và tiêu chuẩn tiếng Anh đầu vào của trường",
			"Khoảng 300 triệu đồng",
			"Đại học Swinburne",
			"Xét theo tiêu chí của trường",
			"Khoảng 50 triệu đồng",
			"Đại học Hồng Bàng (HBU)",
			"15 điểm",
			"Khoảng 105 triệu đồng",
			"Đại học Kinh tế TP. Hồ Chí Minh (UEH)",
			"27,5 điểm",
			"Khoảng 22 triệu đồng",
			"Đại học Tài chính – Marketing (UFM)",
			"27,1 điểm",
			"Khoảng 57 triệu đồng",
			"Đại học Kinh tế – tài chính TP. Hồ Chí Minh (UEF)",
			"24 điểm",
			"Khoảng 24 triệu đồng",
			"Đại học Kinh tế – luật – ĐHQG TP. Hồ Chí Minh (UEL)",
			"27,25 điểm",
			"Khoảng 18 triệu đồng",
			"Hãy tìm hiểu thật kỹ về ngôi trường bạn dự định sẽ theo học để có lựa chọn phù hợp với bản thân của mình nhất bạn nhé!",
			"Xu hướng về Digital Marketing năm 2020 – 2021 theo như báo cáo của các chuyên gia tại Việt Nam thì số người dùng Internet tại Việt nam là 68,72 triệu người, tương đương với 70% dân số. Con số này cho thấy mạng internet và nhu cầu sử dụng internet truy cập mạng xã hội đang ngày càng phổ biến hơn.",
			"Bên cạnh đó, số lượng người sử dụng các thiết bị di động để truy cập vào các mạng xã hội cũng đạt mức hơn 67,16 triệu người, chiếm 68% dân số.",
			"Dựa vào số liệu trên, có thể thấy tần suất sử dụng mạng Internet và truy cập vào các trang mạng xã hội là rất cao. Hành vi tiêu dùng, mua sắm của con người cùng đang dần chuyển hướng sang online. Các doanh nghiệp đã và đang chú trọng đẩy mạnh vào tiếp thị online, tăng khả năng nhận diện thương hiệu, tạo sức ảnh hưởng trực tiếp đến quyết định mua hàng. Tất cả những hoạt động này muốn đạt hiệu quả đòi hỏi phải có nguồn nhân lực có trình độ chuyên môn giỏi ở lĩnh vực Digital Marketing. Có thể nói, Digital Marketing là một trong những lĩnh vực dẫn đầu xu hướng hiện nay. Sinh viên sẽ có nhiều cơ hội về việc làm cũng như thăng tiến dễ dàng.",
			"Có không ít những vướng mắc mà sinh viên Digital Marketing gặp phải, dưới đây là một số vấn đề cụ thể:",
			"Muốn theo đuổi ngành này một cách lâu dài, bạn cần nắm rõ các vấn đề liên quan đến kỹ thuật. Đây là những yếu tố quan trọng giúp bạn có thể triển khai một kế hoạch, chiến lược hiệu quả. Một số kiến thức kỹ thuật chuyên môn bạn cần nắm vững đó là: nền tảng Marketing, nền tảng web, thiết kế và chiến lược, kỹ năng tổ chức và quản lý dự án, kỹ năng thu thập, phân tích dữ liệu nhanh chóng, kỹ năng viết và chỉnh sửa, kỹ năng về SEO/SEM,…",
			"Câu trả lời là “có”, cho dù bạn không theo học chính quy tại một trường đại học nhưng vẫn có thể lựa chọn làm Digital Marketing nếu có đủ kiến thức và năng lực chuyên môn. Tuy nhiên, để có thể đảm nhận công việc một cách tốt nhất thì việc học tập, nâng cao kiến thức chuyên môn một cách bài bản, có lộ trình và định hướng rõ ràng vẫn tốt hơn. Bên cạnh đó, bạn sẽ không cần phải “tự bơi” trong biển kiến thức rộng lớn liên quan đến Digital Marketing.",
			"Marketing bao gồm cả Digital Marketing, và đương nhiên Digital Marketing lại bao gồm rất nhiều mảng nhỏ như: Social Media Marketing, SEO, SEM và Email Marketing,… Chính vì vậy, để có thể phát triển một cách toàn diện trong nghề thì bạn nên học toàn bộ kiến thức trọng tâm và kỹ năng cần thiết của Digital Marketing.",
			"Hy vọng rằng với những thông tin hữu ích mà bài viết mang lại đã phần nào giúp bạn trả lời được câu hỏi nên học Marketing hay Digital Marketing cũng như lựa chọn được một ngôi trường phù hợp nhất. Ngoài ra, để tham khảo thông tin chi tiết về chương trình đào tạo của chuyên ngành Digital Marketing tại Đại học FPT, bạn có thể truy cập vào địa chỉ:",
			"https://daihoc.fpt.edu.vn/nganh-hoc/kinh-doanh-quan-ly/digital-marketing/",
			"Chúc bạn sẽ đưa ra lựa chọn đúng đắn dành cho bản thân mình nhé!",
			"Bài trước",
			"Bài trước:",
			"← Vì sao bạn nên lựa chọn học ngành Ngôn ngữ Nhật?",
			"Bài tiếp",
			"Bài tiếp:",
			"Các trường đào tạo ngành An Toàn Thông Tin và dự đoán điểm chuẩn 2022 →"
		],
		"h1": [
			"Nên học Marketing hay Digital Marketing? Học phí liệu có quá đắt đỏ?"
		],
		"time": [
			"Chủ Nhật, ngày 17 tháng 07 năm 2022",
			"05/02/2024",
			"05/02/2024",
			"05/02/2024",
			"02/02/2024",
			"01/02/2024"
		],
		"h2": [
			"Điều hướng bài viết"
		],
		"b": [
			"Nên lựa học Marketing hay Digital Marketing",
			"Những trường có ngành Digital Marketing và mức học phí cụ thể",
			"STT",
			"Tên trường",
			"Điểm chuẩn 2021",
			"Học phí",
			"1",
			"2",
			"3",
			"4",
			"5",
			"6",
			"7",
			"8",
			"1",
			"2",
			"3",
			"4",
			"5",
			"6",
			"7",
			"8",
			"Triển vọng ngành Digital Marketing năm 2022",
			"Một số câu hỏi thường gặp và lời khuyên cho sinh viên Digital Marketing",
			"Hãy để lại SĐT để cán bộ nhà trường hỗ trợ bạn sớm nhất nhé"
		],
		"h3": [
			"Đăng ký tư vấn"
		],
		"h4": [
			"HÀ NỘI",
			"TP. HỒ CHÍ MINH",
			"ĐÀ NẴNG",
			"CẦN THƠ",
			"Quy Nhơn"
		],
		"option": [
			"Tỉnh / Thành phố *",
			"An Giang",
			"Bà Rịa-Vũng Tàu",
			"Bắc Giang",
			"Bắc Kạn",
			"Bạc Liêu",
			"Bắc Ninh",
			"Bến Tre",
			"Bình Dương",
			"Bình Định",
			"Bình Phước",
			"Bình Thuận",
			"Cà Mau",
			"Cần Thơ",
			"Cao Bằng",
			"Cục Cảnh sát ĐKQL cư trú và DLQG về dân cư",
			"Cục Cảnh sát quản lý hành chính về trật tự xã hội",
			"Đà Nẵng",
			"Đắk Lắk",
			"Đăk Nông",
			"Điện Biên",
			"Đồng Nai",
			"Đồng Tháp",
			"Gia Lai",
			"Hà Giang",
			"Hà Nam",
			"Hà Tĩnh",
			"Hải Dương",
			"Hải Phòng",
			"Hậu Giang",
			"Hoà Bình",
			"Hưng Yên",
			"Khánh Hoà",
			"Kiên Giang",
			"Kon Tum",
			"Lai Châu",
			"Lâm Đồng",
			"Lạng Sơn",
			"Lào Cai",
			"Long An",
			"Nam Định",
			"Nghệ An",
			"Ninh Bình",
			"Ninh Thuận",
			"Phú Thọ",
			"Phú Yên",
			"Quảng Bình",
			"Quảng Nam",
			"Quảng Ngãi",
			"Quảng Ninh",
			"Quảng Trị",
			"Sóc Trăng",
			"Sơn La",
			"Tây Ninh",
			"Thái Bình",
			"Thái Nguyên",
			"Thanh Hoá",
			"Thừa Thiên - Huế",
			"Tiền Giang",
			"Trà Vinh",
			"Tuyên Quang",
			"Vĩnh Long",
			"Vĩnh Phúc",
			"Yên Bái",
			"Hà Nội",
			"TP. Hồ Chí Minh"
		]
	},
	"url": "https://daihoc.fpt.edu.vn/nen-hoc-marketing-hay-digital-marketing-hoc-phi-lieu-co-qua-dat-do/"
}