{
	"data": {
		"title": [
			"Thiết kế Mỹ thuật số nên học trường nào chất lượng?  - Trường Đại học FPT"
		],
		"div": [
			"›\n\n›",
			"© 2024 Bản quyền thuộc về Trường Đại học FPT.",
			"Đăng ký tư vấn"
		],
		"a": [
			"Trường Đại học FPT",
			"Vietnamese",
			"English",
			"Trang chủ",
			"Giới thiệu",
			"Lịch sử thành lập",
			"Tập đoàn FPT",
			"Tổ chức giáo dục FPT",
			"Triết lý đào tạo",
			"Các giải thưởng và thành tích",
			"Ban lãnh đạo",
			"Gắn kết cộng đồng",
			"Tin tức",
			"Tin tức chung",
			"Hoạt động sinh viên",
			"Sự kiện",
			"Tuyển dụng",
			"Hướng nghiệp",
			"Ngành học",
			"Công nghệ thông tin",
			"Công nghệ ô tô số",
			"Kỹ thuật phần mềm",
			"Hệ thống thông tin",
			"Trí tuệ nhân tạo",
			"An toàn thông tin",
			"Thiết kế Mỹ thuật số",
			"Quản trị kinh doanh",
			"Tài chính",
			"Digital Marketing",
			"Kinh doanh quốc tế",
			"Quản lý Logistics & Chuỗi cung ứng toàn cầu",
			"Quản trị khách sạn",
			"Quản trị Du lịch và Lữ hành",
			"Công nghệ truyền thông",
			"Quản trị truyền thông đa phương tiện",
			"Quan hệ công chúng",
			"Ngôn ngữ Anh",
			"Ngôn ngữ Nhật",
			"Ngôn ngữ Hàn Quốc",
			"Ngôn ngữ Trung Quốc (Dự kiến)",
			"Đời sống sinh viên",
			"Một ngày tại Đại học FPT",
			"Vì sao nên học tại Đại học FPT",
			"Sự hài lòng của sinh viên",
			"Môi trường học tập",
			"Chương trình học linh hoạt",
			"Đời sống sinh viên",
			"Ký túc xá",
			"Các CLB & Cộng đồng sinh viên",
			"Các hoạt động thể thao trong trường",
			"Dịch vụ hỗ trợ",
			"Định hướng và khởi đầu",
			"Tốt nghiệp",
			"Câu chuyện sinh viên",
			"Hợp tác",
			"Ngành công nghiệp và doanh nghiệp",
			"Chương trình trao đổi sinh viên",
			"Chương trình học tập tại nước ngoài",
			"Hợp tác quốc tế",
			"Trao đổi sinh viên",
			"Học kỳ nước ngoài",
			"Các trường đại học đối tác",
			"Cựu sinh viên",
			"Cộng đồng cựu sinh viên",
			"Họ đang làm việc tại đâu",
			"Tuyển sinh",
			"Đề án tuyển sinh",
			"Tin tuyển sinh",
			"Liên hệ",
			"Đăng nhập",
			"Quỳnh",
			"Nữ sinh trường F trong tà áo dài ngày Xuân",
			"Gặp gỡ đội tuyển NGT’s OPEN ROBOT trước giải đấu FIRST Tech Challenge Vietnam",
			"Tỏa sáng với nghiên cứu khoa học, nữ sinh ĐH FPT khẳng định bản lĩnh và tài năng",
			"Phim ngắn “Thoi vàng chỉ ngọc” của SV ĐH FPT tại Cần Thơ được công chiếu ở Lotte Cinema",
			"SV trường ĐH FPT Hà Nội đón “tết trên bản” 2024",
			"Vietnamese",
			"English",
			"Facebook",
			"Youtube",
			"Tik Tok",
			"Hotline: (024)/(028) 73001866 - (0236)/(0292) 7301866"
		],
		"img": [
			"cropped cropped 2021 FPTU Long",
			"cropped cropped 2021 FPTU Long",
			"thiet ke my thuat so dai hoc fpt 01 1655346989",
			"thiet ke my thuat so dai hoc fpt 01 1655346989",
			"thiet ke do hoa 4 1655346989",
			"thiet ke do hoa 4 1655346989",
			"thiet ke do hoa fpt 13 1655346988",
			"thiet ke do hoa fpt 13 1655346988",
			"thiet ke do hoa 3 1655346988",
			"thiet ke do hoa 3 1655346988",
			"sinh vien dai hoc fpt 8",
			"sinh vien dai hoc fpt 8",
			"dai hoc fpt 1",
			"dai hoc fpt 1",
			"my duyen",
			"my duyen",
			"fpt 5",
			"fpt 5",
			"dai hoc fpt 1",
			"dai hoc fpt 1",
			"thông báo tuyển bổ sung",
			"thông báo tuyển bổ sung"
		],
		"p": [
			"Trang thông tin tuyển sinh chính thức của Trường Đại học FPT",
			"Từ nền tảng đồ họa căn bản và kỹ năng ứng dụng CNTT trong đồ họa sinh viên được học sâu hơn về quá trình từ hình thành ý tưởng, phác thảo, chỉnh sửa, lựa chọn công nghệ và kỹ thuật; thực hành tạo ra sản phẩm. Sinh viên tốt nghiệp có khả năng kết hợp giữa thiết kế với truyền thông, mỹ thuật, thương mại để đáp ứng tốt những yêu cầu của nền công nghiệp hiện đại. Sinh viên có cơ hội áp dụng kiến thức và kỹ năng vào thiết kế thương hiệu, thiết kế web, thiết kế game, phim, 2D, 3D, thiết kế các ứng dụng cho các thiết bị di động,…",
			"Khu Giáo dục và Đào tạo – Khu Công nghệ cao Hòa Lạc – Km29 Đại lộ Thăng Long, H. Thạch Thất,\nTP. Hà Nội",
			"Điện thoại: 024 7300 1866",
			"Email: daihocfpt@fpt.edu.vn",
			"Lô E2a-7, Đường D1 Khu Công nghệ cao, P. Long Thạnh Mỹ, TP. Thủ Đức, TP. Hồ Chí Minh",
			"Điện thoại: 028 7300 1866",
			"Email: daihocfpt@fpt.edu.vn",
			"Khu đô thị công nghệ FPT Đà Nẵng, P. Hoà Hải, Q. Ngũ Hành Sơn, TP. Đà Nẵng",
			"Điện thoại: 0236 730 1866",
			"Email: daihocfpt@fpt.edu.vn",
			"Số 600 Đường Nguyễn Văn Cừ (nối dài), P. An Bình, Q. Ninh Kiều, TP. Cần Thơ",
			"Điện thoại: 0292 730 1866",
			"Email: daihocfpt@fpt.edu.vn",
			"Khu đô thị mới An Phú Thịnh, Phường Nhơn Bình & Phường Đống Đa, TP. Quy\nNhơn, Bình Định",
			"Điện thoại: 0256 730 1866 /0256 7300 999",
			"Email: daihocfpt@fpt.edu.vn"
		],
		"label": [
			"Tìm kiếm",
			"Tìm kiếm"
		],
		"button": [
			"×",
			"Đăng ký",
			"Đóng"
		],
		"i": [
			"Đại học Mỹ thuật Thành phố Hồ Chí Minh",
			"Đại học Mỹ thuật Công nghiệp Hà Nội",
			"Đại học Kiến trúc Thành phố Hồ Chí Minh",
			"Đại học FPT"
		],
		"span": [
			"Trang chủ",
			"Tin tức chung",
			"Thiết kế Mỹ thuật số nên học trường nào chất lượng?",
			"bởi",
			"Thiết kế Mỹ thuật số là chuyên ngành dành riêng cho những tín đồ không chỉ đam mê nghệ thuật mà còn yêu thích cả công nghệ số, và đường nhiên trường Đại học FPT là lựa chọn hàng đầu dành cho bạn.",
			"Chuyên ngành Thiết kế Mỹ thuật số tại trường Đại học FPT được sinh ra để dành riêng cho những ai đam mê nghệ thuật lẫn công nghệ số. Nhắc đến Thiết kế Mỹ thuật số, chúng ta sẽ hình dung ngay về những sản phẩm nghệ thuật được tạo ra từ công nghệ kỹ thuật đồ họa trên máy tính như: Phim hoạt hình, kỹ xảo điện ảnh, ấn phẩm quảng cáo,…Chính vì vậy, đây là một chuyên ngành có tính ứng dụng thực tế rất cao và đang trở thành xu hướng nghề nghiệp hiện tại. Tuy nhiên sinh viên nên học trường nào mới đảm bảo chất lượng? Tất cả sẽ được bật mí qua bài viết sau.",
			"Nếu bạn muốn trở thành một nhà thiết kế, Designer chuyên nghiệp, việc chọn trường học chất lượng là điều vô cùng quan trọng. Dưới đây là danh sách top các trường đào tạo chuyên ngành Thiết kế Mỹ thuật số uy tín và chất lượng nhất.",
			"Đây là một trong những ngôi trường lâu đời nhất tại TP. Hồ Chính Minh và được thành lập từ năm 1975. Với sự thay đổi theo năm tháng, trường đã dần khẳng định được vị trí và tên tuổi của mình trong lĩnh vực đào tạo chuyên ngành Thiết kế Mỹ thuật số.",
			"Là cái nôi đào tạo ra nhiều họa sĩ, nhà thiết kế tài năng, trường Đại học Mỹ thuật Công nghiệp Hà Nội cũng là một trong những lựa chọn hàng đầu dành cho các bạn mong muốn theo đuổi chuyên ngành Thiết kế Mỹ thuật số",
			"Là ngôi trường chuyên về nhóm ngành Xây dựng và Thiết kế tại Việt Nam. Trường Đại học Kiến trúc TP. Hồ Chí Minh có tiền thân là Ban Kiến Trúc thuộc trường Mỹ thuật Đông Dương của Pháp. Đến năm 1976 trường được quyết định thành lập. Với môi trường năng động, sáng tạo cùng với chương trình đào tạo chất lượng, Đại học Kiến trúc là ngôi trường bạn nên đưa vào “checklist” tìm kiếm của mình nếu muốn theo học Thiết kế Mỹ thuật số.",
			"Trường Đại học FPT là ngôi trường đầu tiên tại Việt Nam đạt được tiêu chuẩn đánh giá 3 sao từ Tổ chức Giáo dục Quốc tế QS Anh Quốc. Sinh viên theo học chuyên ngành Thiết kế Mỹ thuật số sẽ được tiếp nhận chương trình đào tạo dựa theo tiêu chuẩn các trường Đào tạo Nghệ thuật trên thế giới và Hiệp hội về Đào tạo nghệ thuật – NASAD. Luôn chú trọng vào việc đào tạo tư duy sáng tạo, tư duy thẩm mỹ cũng như kỹ năng nghề nghiệp cần thiết, sinh viên sau khi tốt nghiệp luôn có nhiều lợi thế cũng như cơ hội việc làm rộng mở hơn so với các sinh viên trường khác.",
			"Chuyên ngành Thiết kế Mỹ thuật số là một trong top những ngành mũi nhọn của trường Đại học FPT. Tại đây, sinh viên sẽ được trải nghiệm 4 năm Đại học trong môi trường chuẩn quốc tế, có nhiều cơ hội học hỏi và trải nghiệm thông qua các học kỳ trao đổi nước ngoài, thực tập thực tế tại Doanh nghiệp. Hơn thế nữa, sinh viên còn được tham gia, trải nghiệm vô số các hoạt động ngoại khóa giúp rèn luyện và hoàn thiện kỹ năng mềm.",
			"Sinh viên chuyên ngành Thiết kế Mỹ thuật số trường Đại học FPT không chỉ được chú trọng về mặt kỹ thuật đồ họa, các phần mềm, công cụ thiết kế mà còn giúp nâng cao tính thẩm mỹ, hoàn thiện tư duy sáng tạo bắt kịp xu hướng hiện đại.",
			"Môi trường đào tạo chuẩn quốc tế, trang thiết bị, cơ sở vật chất hiện đại, chương trình đào tạo chất lượng, gắn với nhu cầu thực tiễn của doanh nghiệp. Có thể nói, trường đại học FPT chính là sự lựa chọn tốt nhất dành cho các bạn trẻ có đam mê với Thiết kế Mỹ thuật số. Không chỉ được chú trọng vào phát triển chuyên môn mà còn được đầu tư phát triển bản thân toàn diện. Còn chần chờ gì nữa mà không nhanh chóng trở thành một mảnh ghép của Chuyên ngành Thiết kế Mỹ thuật số phải không nào. Hẹn gặp lại các bạn tại trường Đại học FPT nhé!",
			"Bài trước",
			"Bài trước:",
			"← Trần Đại Hiệp: “Học bổng ĐH FPT cho em sự thoải mái”",
			"Bài tiếp",
			"Bài tiếp:",
			"Làm thế nào để xây dựng bảng hỏi nghiên cứu hiệu quả nhất? →"
		],
		"h1": [
			"Thiết kế Mỹ thuật số nên học trường nào chất lượng?"
		],
		"time": [
			"Thứ Năm, ngày 16 tháng 06 năm 2022",
			"05/02/2024",
			"05/02/2024",
			"05/02/2024",
			"02/02/2024",
			"01/02/2024"
		],
		"b": [
			"Những trường đại học đào tạo chuyên ngành Thiết kế Mỹ thuật số chất lượng",
			"Trường Đại học FPT sự lựa chọn hoàn hảo dành cho bất cứ ai",
			"Hãy để lại SĐT để cán bộ nhà trường hỗ trợ bạn sớm nhất nhé"
		],
		"h2": [
			"Điều hướng bài viết"
		],
		"h4": [
			"HÀ NỘI",
			"TP. HỒ CHÍ MINH",
			"ĐÀ NẴNG",
			"CẦN THƠ",
			"Quy Nhơn"
		],
		"h3": [
			"Đăng ký tư vấn"
		],
		"option": [
			"Tỉnh / Thành phố *",
			"An Giang",
			"Bà Rịa-Vũng Tàu",
			"Bắc Giang",
			"Bắc Kạn",
			"Bạc Liêu",
			"Bắc Ninh",
			"Bến Tre",
			"Bình Dương",
			"Bình Định",
			"Bình Phước",
			"Bình Thuận",
			"Cà Mau",
			"Cần Thơ",
			"Cao Bằng",
			"Cục Cảnh sát ĐKQL cư trú và DLQG về dân cư",
			"Cục Cảnh sát quản lý hành chính về trật tự xã hội",
			"Đà Nẵng",
			"Đắk Lắk",
			"Đăk Nông",
			"Điện Biên",
			"Đồng Nai",
			"Đồng Tháp",
			"Gia Lai",
			"Hà Giang",
			"Hà Nam",
			"Hà Tĩnh",
			"Hải Dương",
			"Hải Phòng",
			"Hậu Giang",
			"Hoà Bình",
			"Hưng Yên",
			"Khánh Hoà",
			"Kiên Giang",
			"Kon Tum",
			"Lai Châu",
			"Lâm Đồng",
			"Lạng Sơn",
			"Lào Cai",
			"Long An",
			"Nam Định",
			"Nghệ An",
			"Ninh Bình",
			"Ninh Thuận",
			"Phú Thọ",
			"Phú Yên",
			"Quảng Bình",
			"Quảng Nam",
			"Quảng Ngãi",
			"Quảng Ninh",
			"Quảng Trị",
			"Sóc Trăng",
			"Sơn La",
			"Tây Ninh",
			"Thái Bình",
			"Thái Nguyên",
			"Thanh Hoá",
			"Thừa Thiên - Huế",
			"Tiền Giang",
			"Trà Vinh",
			"Tuyên Quang",
			"Vĩnh Long",
			"Vĩnh Phúc",
			"Yên Bái",
			"Hà Nội",
			"TP. Hồ Chí Minh"
		]
	},
	"url": "https://daihoc.fpt.edu.vn/thiet-ke-my-thuat-so-nen-hoc-truong-nao-chat-luong/"
}