{
	"data": {
		"title": [
			"Thầy cô ủng hộ xét học bạ vào đại học, giảm áp lực thi cử - Trường Đại học FPT"
		],
		"div": [
			"© 2024 Bản quyền thuộc về Trường Đại học FPT.",
			"Đăng ký tư vấn"
		],
		"a": [
			"Trường Đại học FPT",
			"Vietnamese",
			"English",
			"Trang chủ",
			"Giới thiệu",
			"Lịch sử thành lập",
			"Tập đoàn FPT",
			"Tổ chức giáo dục FPT",
			"Triết lý đào tạo",
			"Các giải thưởng và thành tích",
			"Ban lãnh đạo",
			"Gắn kết cộng đồng",
			"Tin tức",
			"Tin tức chung",
			"Hoạt động sinh viên",
			"Sự kiện",
			"Tuyển dụng",
			"Hướng nghiệp",
			"Ngành học",
			"Công nghệ thông tin",
			"Công nghệ ô tô số",
			"Kỹ thuật phần mềm",
			"Hệ thống thông tin",
			"Trí tuệ nhân tạo",
			"An toàn thông tin",
			"Thiết kế Mỹ thuật số",
			"Quản trị kinh doanh",
			"Tài chính",
			"Digital Marketing",
			"Kinh doanh quốc tế",
			"Quản lý Logistics & Chuỗi cung ứng toàn cầu",
			"Quản trị khách sạn",
			"Quản trị Du lịch và Lữ hành",
			"Công nghệ truyền thông",
			"Quản trị truyền thông đa phương tiện",
			"Quan hệ công chúng",
			"Ngôn ngữ Anh",
			"Ngôn ngữ Nhật",
			"Ngôn ngữ Hàn Quốc",
			"Ngôn ngữ Trung Quốc (Dự kiến)",
			"Đời sống sinh viên",
			"Một ngày tại Đại học FPT",
			"Vì sao nên học tại Đại học FPT",
			"Sự hài lòng của sinh viên",
			"Môi trường học tập",
			"Chương trình học linh hoạt",
			"Đời sống sinh viên",
			"Ký túc xá",
			"Các CLB & Cộng đồng sinh viên",
			"Các hoạt động thể thao trong trường",
			"Dịch vụ hỗ trợ",
			"Định hướng và khởi đầu",
			"Tốt nghiệp",
			"Câu chuyện sinh viên",
			"Hợp tác",
			"Ngành công nghiệp và doanh nghiệp",
			"Chương trình trao đổi sinh viên",
			"Chương trình học tập tại nước ngoài",
			"Hợp tác quốc tế",
			"Trao đổi sinh viên",
			"Học kỳ nước ngoài",
			"Các trường đại học đối tác",
			"Cựu sinh viên",
			"Cộng đồng cựu sinh viên",
			"Họ đang làm việc tại đâu",
			"Tuyển sinh",
			"Đề án tuyển sinh",
			"Tin tuyển sinh",
			"Liên hệ",
			"Đăng nhập",
			"Nguyễn Thị Hồng Yến",
			"Thầy cô khuyên học trò nộp hồ sơ học bạ sớm",
			"Thí sinh top đỉnh SchoolRank đã đẹp lại giỏi, chia sẻ bí kíp vào ĐH nhàn tênh",
			"Bố mẹ yên tâm khi con sớm đăng ký tuyển sinh vào Đại học bằng xếp hạng SchoolRank",
			"Nữ sinh trường F trong tà áo dài ngày Xuân",
			"Gặp gỡ đội tuyển NGT’s OPEN ROBOT trước giải đấu FIRST Tech Challenge Vietnam",
			"Tỏa sáng với nghiên cứu khoa học, nữ sinh ĐH FPT khẳng định bản lĩnh và tài năng",
			"Phim ngắn “Thoi vàng chỉ ngọc” của SV ĐH FPT tại Cần Thơ được công chiếu ở Lotte Cinema",
			"SV trường ĐH FPT Hà Nội đón “tết trên bản” 2024",
			"Vietnamese",
			"English",
			"Facebook",
			"Youtube",
			"Tik Tok",
			"Hotline: (024)/(028) 73001866 - (0236)/(0292) 7301866"
		],
		"img": [
			"cropped cropped 2021 FPTU Long",
			"cropped cropped 2021 FPTU Long",
			"Thầy cô ủng hộ xét học bạ vào đại học, giảm áp lực thi cử - Ảnh 1.",
			"Thầy cô ủng hộ xét học bạ vào đại học, giảm áp lực thi cử - Ảnh 1.",
			"Thầy cô ủng hộ xét học bạ vào đại học, giảm áp lực thi cử - Ảnh 2.",
			"Thầy cô ủng hộ xét học bạ vào đại học, giảm áp lực thi cử - Ảnh 2.",
			"sinh vien dai hoc fpt 8",
			"sinh vien dai hoc fpt 8",
			"dai hoc fpt 1",
			"dai hoc fpt 1",
			"my duyen",
			"my duyen",
			"fpt 5",
			"fpt 5",
			"dai hoc fpt 1",
			"dai hoc fpt 1",
			"thông báo tuyển bổ sung",
			"thông báo tuyển bổ sung"
		],
		"p": [
			"Trang thông tin tuyển sinh chính thức của Trường Đại học FPT",
			"Theo cô Vân Khánh (giáo viên Trường THPT chuyên Biên Hòa, tỉnh Hà Nam) – người đã có hơn 20 năm kinh nghiệm giảng dạy, đồng hành cùng học sinh qua nhiều mùa tuyển sinh đại học – cao đẳng, trong “cuộc đua” thi cử, không chỉ học sinh mà cả giáo viên cũng có những lo lắng, áp lực nhất định.",
			"Cô Khánh thường có những định hướng chọn trường, chọn ngành cho học sinh dựa trên năng lực học tập, nhu cầu nguyện vọng của các em cũng như kinh nghiệm về giáo dục, việc làm mà cô có được.",
			"Những năm học sinh chỉ có cơ hội vào đại học khi vượt qua kỳ thi tuyển chung, cô Khánh phải “nâng lên, đặt xuống” những chia sẻ này của mình đối với học sinh rất nhiều lần.",
			"Định hướng sao cho chuẩn, cân nhắc cả yếu tố sức học cũng như tâm lý, bản lĩnh của học sinh khi thi cử, đoán định xu hướng tăng, giảm điểm chuẩn các trường… rất nhiều yếu tố tác động khiến những giáo viên phổ thông như cô không dễ dàng để đưa ra tư vấn chính xác cho học sinh.",
			"Vài năm trở lại đây, phương thức xét tuyển bằng điểm học bạ THPT (xét học bạ) được nhiều trường đại học ưu tiên sử dụng. Một chuyển biến dễ nhận thấy ở trường, lớp mà cô Khánh đang phụ trách giảng dạy đó là đã ít dần đi những lo lắng, áp lực, chạy đua học để thi, để vượt qua điểm chuẩn trường, điểm chuẩn ngành như những năm trước.",
			"“Tôi thấy phương thức này rất phù hợp với thực tế, giúp cả học sinh và giáo viên giảm bớt áp lực”, cô Khánh nói.",
			"Biết tới phương thức xét tuyển vào đại học bằng học bạ, học sinh hiện nay khá chủ động trong việc học tập để thể hiện tối đa năng lực bản thân trong suốt quá trình 3 năm THPT.",
			"Ngay từ năm lớp 10, các em đã có ý thức phân phối thời gian học và có động lực duy trì sức học đều đặn ở các môn. Đặc biệt, tình trạng chỉ tập trung học các môn hoặc tổ hợp các môn thi đại học – diễn ra khá phổ biến trước đây – nay đã giảm rõ rệt.",
			"“Học sinh hoàn toàn tự chủ được việc mình sẽ học như thế nào, kết quả là điểm học bạ sẽ phản ánh quá trình học tập, nỗ lực đó của học sinh, quyết định việc các em có thể xét tuyển vào trường đại học mình mong muốn hay không”, cô Vân Khánh chia sẻ.",
			"Căn cứ vào điểm học bạ của mình, học sinh có thể sớm chọn trường, chọn ngành phù hợp với sở thích, năng lực hoặc nhờ sự tư vấn, định hướng thêm từ phía thầy cô.",
			"“Với học sinh trường tôi đang công tác, các em có nhiều cơ hội lựa chọn vào các trường đại học sử dụng phương thức xét tuyển học bạ. Kỳ thi tốt nghiệp THPT Quốc gia vì vậy trở nên nhẹ nhàng hơn, không còn gây áp lực với các em”, cô Khánh cho biết.",
			"Về phía trường đại học, sử dụng phương thức xét tuyển học bạ vẫn đảm bảo đánh giá đầy đủ năng lực học sinh, lựa chọn được đầu vào chất lượng cao khi kết hợp thêm với một số yếu tố khác.",
			"Như ĐH FPT, thí sinh nộp hồ sơ học bạ sớm vào trường đồng thời nhận được tư vấn và sớm chọn được ngành học phù hợp với năng lực và nguyện vọng, sở thích của mình.",
			"Nhiều bạn song song với việc nộp hồ sơ học bạ còn đăng ký tham gia thi học bổng vào ĐH FPT cũng như tham gia các chương trình tham quan trải nghiệm một ngày làm sinh viên tại trường để có lựa chọn chính xác nhất cho quyết định chọn ngành học.",
			"“Theo tôi, học sinh nên sử dụng phương thức xét tuyển học bạ kết hợp nhận tư vấn từ trường để có đánh giá tốt hơn về năng lực và mức độ phù hợp ngành nghề của mình. Đây sẽ là con đường ngắn và rõ ràng nhất dẫn các em tới mục tiêu vào đại học đúng trường, đúng ngành mình có nguyện vọng.",
			"Rất nhiều học sinh xuất sắc của tôi đang là sinh viên ĐH FPT nhờ nộp hồ sơ học bạ sớm vào trường”, cô Khánh cho biết.",
			"Biết được xếp hạng học tập của mình so với học sinh THPT toàn quốc là căn cứ cực kỳ tin cậy để lớp 12 lựa chọn nguyện vọng, sớm nộp hồ sơ học bạ vào trường mình vừa yêu, vừa có khả năng cao trúng tuyển. Đồng hành cũng...",
			"Tận dụng lợi thế điểm học bạ, các thí sinh 2k5 này không chỉ đẹp lại còn giỏi đã sớm kiểm tra xếp hạng trên trang SchoolRank bằng điểm học bạ và đăng ký tuyển sinh vào Đại học FPT bằng phương thức xét theo xếp hạng học sinh...",
			"Đồng hành cùng con mùa tuyển sinh đại học, cao đẳng đang “nóng” lên từng ngày, nhiều phụ huynh nhận định phương thức xét tuyển theo xếp hạng học sinh THPT 2023 thực hiện trang SchoolRank của ĐH FPT giúp thí sinh giảm áp lực, chủ...",
			"Khu Giáo dục và Đào tạo – Khu Công nghệ cao Hòa Lạc – Km29 Đại lộ Thăng Long, H. Thạch Thất,\nTP. Hà Nội",
			"Điện thoại: 024 7300 1866",
			"Email: daihocfpt@fpt.edu.vn",
			"Lô E2a-7, Đường D1 Khu Công nghệ cao, P. Long Thạnh Mỹ, TP. Thủ Đức, TP. Hồ Chí Minh",
			"Điện thoại: 028 7300 1866",
			"Email: daihocfpt@fpt.edu.vn",
			"Khu đô thị công nghệ FPT Đà Nẵng, P. Hoà Hải, Q. Ngũ Hành Sơn, TP. Đà Nẵng",
			"Điện thoại: 0236 730 1866",
			"Email: daihocfpt@fpt.edu.vn",
			"Số 600 Đường Nguyễn Văn Cừ (nối dài), P. An Bình, Q. Ninh Kiều, TP. Cần Thơ",
			"Điện thoại: 0292 730 1866",
			"Email: daihocfpt@fpt.edu.vn",
			"Khu đô thị mới An Phú Thịnh, Phường Nhơn Bình & Phường Đống Đa, TP. Quy\nNhơn, Bình Định",
			"Điện thoại: 0256 730 1866 /0256 7300 999",
			"Email: daihocfpt@fpt.edu.vn"
		],
		"label": [
			"Tìm kiếm",
			"Tìm kiếm"
		],
		"button": [
			"×",
			"Đăng ký",
			"Đóng"
		],
		"span": [
			"Trang chủ",
			"bởi",
			"Bài trước",
			"Bài trước:",
			"← Mở đơn đăng ký Seminar: Sinh viên với Quyền Sở hữu trí tuệ",
			"Bài tiếp",
			"Bài tiếp:",
			"Hành trình bước ra thế giới của nữ sinh Đại học FPT →"
		],
		"h1": [
			"Thầy cô ủng hộ xét học bạ vào đại học, giảm áp lực thi cử"
		],
		"time": [
			"Thứ Tư, ngày 17 tháng 05 năm 2023",
			"05/02/2024",
			"05/02/2024",
			"05/02/2024",
			"02/02/2024",
			"01/02/2024"
		],
		"strong": [
			"Giáo viên cũng bớt áp lực",
			"Ủng hộ phương thức có lợi cho cả học sinh và trường đại học",
			"Theo Tuổi Trẻ"
		],
		"em": [
			"Xét học bạ vào đại học đánh giá được toàn diện năng lực của học sinh, tạo điều kiện thuận lợi cho các em chọn trường, chọn ngành sớm, giảm áp lực phụ thuộc hoàn toàn vào điểm thi THPT Quốc gia."
		],
		"figcaption": [
			"Phụ huynh, học sinh nghe tư vấn trực tiếp từ cán bộ tuyển sinh của ĐH FPT để có lựa chọn ngành học phù hợp với con em mình",
			"Cô Vân Khánh cho rằng phương thức xét tuyển học bạ vào đại học phù hợp với thực tế, tạo thuận lợi cho học sinh"
		],
		"h2": [
			"Bài viết liên quan",
			"Điều hướng bài viết"
		],
		"h3": [
			"Đăng ký tư vấn"
		],
		"h4": [
			"HÀ NỘI",
			"TP. HỒ CHÍ MINH",
			"ĐÀ NẴNG",
			"CẦN THƠ",
			"Quy Nhơn"
		],
		"b": [
			"Hãy để lại SĐT để cán bộ nhà trường hỗ trợ bạn sớm nhất nhé"
		],
		"option": [
			"Tỉnh / Thành phố *",
			"An Giang",
			"Bà Rịa-Vũng Tàu",
			"Bắc Giang",
			"Bắc Kạn",
			"Bạc Liêu",
			"Bắc Ninh",
			"Bến Tre",
			"Bình Dương",
			"Bình Định",
			"Bình Phước",
			"Bình Thuận",
			"Cà Mau",
			"Cần Thơ",
			"Cao Bằng",
			"Cục Cảnh sát ĐKQL cư trú và DLQG về dân cư",
			"Cục Cảnh sát quản lý hành chính về trật tự xã hội",
			"Đà Nẵng",
			"Đắk Lắk",
			"Đăk Nông",
			"Điện Biên",
			"Đồng Nai",
			"Đồng Tháp",
			"Gia Lai",
			"Hà Giang",
			"Hà Nam",
			"Hà Tĩnh",
			"Hải Dương",
			"Hải Phòng",
			"Hậu Giang",
			"Hoà Bình",
			"Hưng Yên",
			"Khánh Hoà",
			"Kiên Giang",
			"Kon Tum",
			"Lai Châu",
			"Lâm Đồng",
			"Lạng Sơn",
			"Lào Cai",
			"Long An",
			"Nam Định",
			"Nghệ An",
			"Ninh Bình",
			"Ninh Thuận",
			"Phú Thọ",
			"Phú Yên",
			"Quảng Bình",
			"Quảng Nam",
			"Quảng Ngãi",
			"Quảng Ninh",
			"Quảng Trị",
			"Sóc Trăng",
			"Sơn La",
			"Tây Ninh",
			"Thái Bình",
			"Thái Nguyên",
			"Thanh Hoá",
			"Thừa Thiên - Huế",
			"Tiền Giang",
			"Trà Vinh",
			"Tuyên Quang",
			"Vĩnh Long",
			"Vĩnh Phúc",
			"Yên Bái",
			"Hà Nội",
			"TP. Hồ Chí Minh"
		]
	},
	"url": "https://daihoc.fpt.edu.vn/thay-co-ung-ho-xet-hoc-ba-vao-dai-hoc-giam-ap-luc-thi-cu/"
}