{
	"data": {
		"title": [
			"Ngôi trường tích cực đưa sinh viên ra nước ngoài học tập - Trường Đại học FPT"
		],
		"div": [
			"›\n\n›\n\n›\n\n›",
			"© 2024 Bản quyền thuộc về Trường Đại học FPT.",
			"Đăng ký tư vấn"
		],
		"a": [
			"Trường Đại học FPT",
			"Vietnamese",
			"English",
			"Trang chủ",
			"Giới thiệu",
			"Lịch sử thành lập",
			"Tập đoàn FPT",
			"Tổ chức giáo dục FPT",
			"Triết lý đào tạo",
			"Các giải thưởng và thành tích",
			"Ban lãnh đạo",
			"Gắn kết cộng đồng",
			"Tin tức",
			"Tin tức chung",
			"Hoạt động sinh viên",
			"Sự kiện",
			"Tuyển dụng",
			"Hướng nghiệp",
			"Ngành học",
			"Công nghệ thông tin",
			"Công nghệ ô tô số",
			"Kỹ thuật phần mềm",
			"Hệ thống thông tin",
			"Trí tuệ nhân tạo",
			"An toàn thông tin",
			"Thiết kế Mỹ thuật số",
			"Quản trị kinh doanh",
			"Tài chính",
			"Digital Marketing",
			"Kinh doanh quốc tế",
			"Quản lý Logistics & Chuỗi cung ứng toàn cầu",
			"Quản trị khách sạn",
			"Quản trị Du lịch và Lữ hành",
			"Công nghệ truyền thông",
			"Quản trị truyền thông đa phương tiện",
			"Quan hệ công chúng",
			"Ngôn ngữ Anh",
			"Ngôn ngữ Nhật",
			"Ngôn ngữ Hàn Quốc",
			"Ngôn ngữ Trung Quốc (Dự kiến)",
			"Đời sống sinh viên",
			"Một ngày tại Đại học FPT",
			"Vì sao nên học tại Đại học FPT",
			"Sự hài lòng của sinh viên",
			"Môi trường học tập",
			"Chương trình học linh hoạt",
			"Đời sống sinh viên",
			"Ký túc xá",
			"Các CLB & Cộng đồng sinh viên",
			"Các hoạt động thể thao trong trường",
			"Dịch vụ hỗ trợ",
			"Định hướng và khởi đầu",
			"Tốt nghiệp",
			"Câu chuyện sinh viên",
			"Hợp tác",
			"Ngành công nghiệp và doanh nghiệp",
			"Chương trình trao đổi sinh viên",
			"Chương trình học tập tại nước ngoài",
			"Hợp tác quốc tế",
			"Trao đổi sinh viên",
			"Học kỳ nước ngoài",
			"Các trường đại học đối tác",
			"Cựu sinh viên",
			"Cộng đồng cựu sinh viên",
			"Họ đang làm việc tại đâu",
			"Tuyển sinh",
			"Đề án tuyển sinh",
			"Tin tuyển sinh",
			"Liên hệ",
			"Đăng nhập",
			"Phạm Thị Phương",
			"Nữ sinh trường F trong tà áo dài ngày Xuân",
			"Gặp gỡ đội tuyển NGT’s OPEN ROBOT trước giải đấu FIRST Tech Challenge Vietnam",
			"Tỏa sáng với nghiên cứu khoa học, nữ sinh ĐH FPT khẳng định bản lĩnh và tài năng",
			"Phim ngắn “Thoi vàng chỉ ngọc” của SV ĐH FPT tại Cần Thơ được công chiếu ở Lotte Cinema",
			"SV trường ĐH FPT Hà Nội đón “tết trên bản” 2024",
			"Vietnamese",
			"English",
			"Facebook",
			"Youtube",
			"Tik Tok",
			"Hotline: (024)/(028) 73001866 - (0236)/(0292) 7301866"
		],
		"img": [
			"cropped cropped 2021 FPTU Long",
			"cropped cropped 2021 FPTU Long",
			"sinh vien dai hoc fpt 8",
			"sinh vien dai hoc fpt 8",
			"dai hoc fpt 1",
			"dai hoc fpt 1",
			"my duyen",
			"my duyen",
			"fpt 5",
			"fpt 5",
			"dai hoc fpt 1",
			"dai hoc fpt 1",
			"thông báo tuyển bổ sung",
			"thông báo tuyển bổ sung"
		],
		"p": [
			"Trang thông tin tuyển sinh chính thức của Trường Đại học FPT",
			"Một trong những điểm nhấn trong chương trình đào tạo của Đại học FPT là nhà trường có chương trình 1 học kỳ tại nước ngoài. Theo đó, sinh viên sẽ được đăng ký 1 học kỳ nước ngoài tại những trường đối tác của ĐH FPT với mức học phí chỉ bằng một học kỳ trong nước. Kết quả học tập của sinh viên trong thời gian này cũng sẽ được công nhận và chuyển đổi sang chương trình của nhà trường nếu nội dung học tương đương. Tổng thời gian học vì thế không thay đổi.",
			"Với riêng ngành Ngôn ngữ Nhật, Đại học FPT đã phối hợp với 5 trường ĐH của Nhật Bản để thiết kế một chương trình giảng dạy riêng cho sinh viên ĐH FPT khi các bạn đăng ký sang học tập.",
			"“Học kỳ ở nước ngoài – Semester abroad” được Đại học FPT chính thức tổ chức từ đầu năm 2013. Đây là nỗ lực của ĐH FPT trong công tác xây dựng và đào tạo sinh viên trở thành công dân toàn cầu.",
			"Bên cạnh đó, trong 4 năm học, sinh viên ĐH FPT còn có thể tham gia chương trình thực tập tại nước ngoài kéo dài khoảng 6 tháng. Các bạn có thể lựa chọn Trường Ngee Ann Polytechnic (Singapore), Trường École d’électricité, de Production et Méthodes Industrielles (Pháp) nếu đang theo học ngành Công nghệ thông tin, hoặc Công ty Intelligence System Corporation Co., LTD (Thái Lan) nếu học chuyên ngành Kỹ thuật phần mềm và Thiết kế đồ họa.",
			"Từng trải nghiệm chuyến “du học” tại Trường Ngee Ann Polytechnic (Singapore), anh Lê Tuấn Anh (sinh viên ngành An toàn thông tin, Đại học FPT) cảm nhận: “Học kỳ ở nước ngoài với tôi là một trong những điều thú vị nhất của quãng đời sinh viên. Trường Ngee Ann và Trường ĐH FPT đã có một thời gian hợp tác lâu dài. Tính tới nay đã có khoảng 3 – 4 khóa sinh viên sang đây thực tập và đều được đánh giá rất cao”.",
			"Ngoài kỳ thực tập ở nước ngoài, sinh viên ĐH FPT còn có rất nhiều cơ hội khác để trải nghiệm môi trường giáo dục cũng như văn hóa quốc tế.",
			"Ngay trong năm đầu tiên, tân sinh viên có thể lựa chọn học tiếng Anh tại Philippines, Brunei hoặc Malaysia để trau dồi khả năng Anh ngữ. Chương trình học diễn ra 6 đợt trong năm, tập trung vào tháng 1, 3, 5, 7, 9 và tháng 11.",
			"Sinh viên tham gia chương trình này ngoài việc học trên lớp còn có cơ hội tham gia vào các hoạt động giao lưu văn hóa, thăm quan các danh lam thắng cảnh của nước bạn nhằm trải nghiệm cuộc sống sinh viên tại môi trường quốc tế và học hỏi để trưởng thành.",
			"Một chương trình khác cũng thu hút sự quan tâm của đông đảo sinh viên ĐH FPT là Passage to ASEAN. Đúng như tên gọi, chương trình này giúp sinh viên khám phá những nền văn hóa, giáo dục khác nhau của các nước ASEAN. Các bạn sẽ được trải nghiệm đời sống sinh viên điển hình tại một trường đại học trong tổ chức Passage to ASEAN với đầy đủ các hoạt động thăm quan trải nghiệm và giao lưu với bạn bè quốc tế.",
			"Sinh viên tham gia Passage to ASEAN sẽ được nhà trường ưu tiên khi xét cấp các học bổng tham gia các chương trình học kỳ nước ngoài và trao đổi sinh viên sau này. Sau chuyến đi, mỗi sinh viên tham gia sẽ nhận được một chứng chỉ ASEAN Citizen của chương trình.",
			"Hiện nay, Đại học FPT đã triển khai chương trình hợp tác với hơn 60 trường thuộc gần 30 quốc gia trên thế giới và sẽ tiếp tục mở rộng trong tương lai. Điều đó đồng nghĩa với việc cơ hội trải nghiệm môi trường giáo dục quốc tế sẽ ngày càng tăng lên với tất cả sinh viên theo học tại trường.",
			"Theo",
			"Khu Giáo dục và Đào tạo – Khu Công nghệ cao Hòa Lạc – Km29 Đại lộ Thăng Long, H. Thạch Thất,\nTP. Hà Nội",
			"Điện thoại: 024 7300 1866",
			"Email: daihocfpt@fpt.edu.vn",
			"Lô E2a-7, Đường D1 Khu Công nghệ cao, P. Long Thạnh Mỹ, TP. Thủ Đức, TP. Hồ Chí Minh",
			"Điện thoại: 028 7300 1866",
			"Email: daihocfpt@fpt.edu.vn",
			"Khu đô thị công nghệ FPT Đà Nẵng, P. Hoà Hải, Q. Ngũ Hành Sơn, TP. Đà Nẵng",
			"Điện thoại: 0236 730 1866",
			"Email: daihocfpt@fpt.edu.vn",
			"Số 600 Đường Nguyễn Văn Cừ (nối dài), P. An Bình, Q. Ninh Kiều, TP. Cần Thơ",
			"Điện thoại: 0292 730 1866",
			"Email: daihocfpt@fpt.edu.vn",
			"Khu đô thị mới An Phú Thịnh, Phường Nhơn Bình & Phường Đống Đa, TP. Quy\nNhơn, Bình Định",
			"Điện thoại: 0256 730 1866 /0256 7300 999",
			"Email: daihocfpt@fpt.edu.vn"
		],
		"label": [
			"Tìm kiếm",
			"Tìm kiếm"
		],
		"button": [
			"×",
			"Đăng ký",
			"Đóng"
		],
		"span": [
			"Trang chủ",
			"Cuộc sống tại đại học FPT",
			"Tại sao nên học tại Đại học FPT",
			"Chương trình học tập tại nước ngoài",
			"Ngôi trường tích cực đưa sinh viên ra nước ngoài học tập",
			"bởi",
			"Bài trước",
			"Bài trước:",
			"← Tỷ lệ sinh viên Đại học FPT ra trường có việc làm đạt 5 sao theo chuẩn QS",
			"Bài tiếp",
			"Bài tiếp:",
			"Cựu sinh viên ĐH FPT biến tình yêu tiếng Anh thành dự án khởi nghiệp →"
		],
		"h1": [
			"Ngôi trường tích cực đưa sinh viên ra nước ngoài học tập"
		],
		"time": [
			"Thứ Sáu, ngày 03 tháng 05 năm 2019",
			"08/07/2022",
			"05/02/2024",
			"05/02/2024",
			"05/02/2024",
			"02/02/2024",
			"01/02/2024"
		],
		"strong": [
			"Được trải nghiệm môi trường học tập ở các quốc gia phát triển là mơ ước của nhiều sinh viên nhưng không phải ai cũng có điều kiện để hiện thực nó. Tuy nhiên, ở Đại học FPT, nhiều sinh viên có cơ hội học tập và trải nghiệm môi trường đa văn hóa ở các quốc gia khác với chi phí có khi bằng tiền học trong nước.",
			"Học nước ngoài với chi phí… Việt Nam",
			"Đa dạng các cơ hội “vi vu” thế giới",
			"Thanh Niên"
		],
		"figcaption": [
			"Sinh viên ĐH FPT lên đường “du học”",
			"Sinh viên ĐH FPT tham gia học kỳ trao đổi tại Brunei"
		],
		"h2": [
			"Điều hướng bài viết"
		],
		"h4": [
			"HÀ NỘI",
			"TP. HỒ CHÍ MINH",
			"ĐÀ NẴNG",
			"CẦN THƠ",
			"Quy Nhơn"
		],
		"h3": [
			"Đăng ký tư vấn"
		],
		"b": [
			"Hãy để lại SĐT để cán bộ nhà trường hỗ trợ bạn sớm nhất nhé"
		],
		"option": [
			"Tỉnh / Thành phố *",
			"An Giang",
			"Bà Rịa-Vũng Tàu",
			"Bắc Giang",
			"Bắc Kạn",
			"Bạc Liêu",
			"Bắc Ninh",
			"Bến Tre",
			"Bình Dương",
			"Bình Định",
			"Bình Phước",
			"Bình Thuận",
			"Cà Mau",
			"Cần Thơ",
			"Cao Bằng",
			"Cục Cảnh sát ĐKQL cư trú và DLQG về dân cư",
			"Cục Cảnh sát quản lý hành chính về trật tự xã hội",
			"Đà Nẵng",
			"Đắk Lắk",
			"Đăk Nông",
			"Điện Biên",
			"Đồng Nai",
			"Đồng Tháp",
			"Gia Lai",
			"Hà Giang",
			"Hà Nam",
			"Hà Tĩnh",
			"Hải Dương",
			"Hải Phòng",
			"Hậu Giang",
			"Hoà Bình",
			"Hưng Yên",
			"Khánh Hoà",
			"Kiên Giang",
			"Kon Tum",
			"Lai Châu",
			"Lâm Đồng",
			"Lạng Sơn",
			"Lào Cai",
			"Long An",
			"Nam Định",
			"Nghệ An",
			"Ninh Bình",
			"Ninh Thuận",
			"Phú Thọ",
			"Phú Yên",
			"Quảng Bình",
			"Quảng Nam",
			"Quảng Ngãi",
			"Quảng Ninh",
			"Quảng Trị",
			"Sóc Trăng",
			"Sơn La",
			"Tây Ninh",
			"Thái Bình",
			"Thái Nguyên",
			"Thanh Hoá",
			"Thừa Thiên - Huế",
			"Tiền Giang",
			"Trà Vinh",
			"Tuyên Quang",
			"Vĩnh Long",
			"Vĩnh Phúc",
			"Yên Bái",
			"Hà Nội",
			"TP. Hồ Chí Minh"
		]
	},
	"url": "https://daihoc.fpt.edu.vn/ngoi-truong-tich-cuc-dua-sinh-vien-ra-nuoc-ngoai-hoc-tap/"
}