{
	"data": {
		"title": [
			"ĐH FPT giành HCV tại hội thao Hoa Sen mở rộng lần V - Trường Đại học FPT"
		],
		"div": [
			"›\n\n›",
			"© 2024 Bản quyền thuộc về Trường Đại học FPT.",
			"Đăng ký tư vấn"
		],
		"a": [
			"Trường Đại học FPT",
			"Vietnamese",
			"English",
			"Trang chủ",
			"Giới thiệu",
			"Lịch sử thành lập",
			"Tập đoàn FPT",
			"Tổ chức giáo dục FPT",
			"Triết lý đào tạo",
			"Các giải thưởng và thành tích",
			"Ban lãnh đạo",
			"Gắn kết cộng đồng",
			"Tin tức",
			"Tin tức chung",
			"Hoạt động sinh viên",
			"Sự kiện",
			"Tuyển dụng",
			"Hướng nghiệp",
			"Ngành học",
			"Công nghệ thông tin",
			"Công nghệ ô tô số",
			"Kỹ thuật phần mềm",
			"Hệ thống thông tin",
			"Trí tuệ nhân tạo",
			"An toàn thông tin",
			"Thiết kế Mỹ thuật số",
			"Quản trị kinh doanh",
			"Tài chính",
			"Digital Marketing",
			"Kinh doanh quốc tế",
			"Quản lý Logistics & Chuỗi cung ứng toàn cầu",
			"Quản trị khách sạn",
			"Quản trị Du lịch và Lữ hành",
			"Công nghệ truyền thông",
			"Quản trị truyền thông đa phương tiện",
			"Quan hệ công chúng",
			"Ngôn ngữ Anh",
			"Ngôn ngữ Nhật",
			"Ngôn ngữ Hàn Quốc",
			"Ngôn ngữ Trung Quốc (Dự kiến)",
			"Đời sống sinh viên",
			"Một ngày tại Đại học FPT",
			"Vì sao nên học tại Đại học FPT",
			"Sự hài lòng của sinh viên",
			"Môi trường học tập",
			"Chương trình học linh hoạt",
			"Đời sống sinh viên",
			"Ký túc xá",
			"Các CLB & Cộng đồng sinh viên",
			"Các hoạt động thể thao trong trường",
			"Dịch vụ hỗ trợ",
			"Định hướng và khởi đầu",
			"Tốt nghiệp",
			"Câu chuyện sinh viên",
			"Hợp tác",
			"Ngành công nghiệp và doanh nghiệp",
			"Chương trình trao đổi sinh viên",
			"Chương trình học tập tại nước ngoài",
			"Hợp tác quốc tế",
			"Trao đổi sinh viên",
			"Học kỳ nước ngoài",
			"Các trường đại học đối tác",
			"Cựu sinh viên",
			"Cộng đồng cựu sinh viên",
			"Họ đang làm việc tại đâu",
			"Tuyển sinh",
			"Đề án tuyển sinh",
			"Tin tuyển sinh",
			"Liên hệ",
			"Đăng nhập",
			"Phạm Thị Phương",
			"Nữ sinh trường F trong tà áo dài ngày Xuân",
			"Gặp gỡ đội tuyển NGT’s OPEN ROBOT trước giải đấu FIRST Tech Challenge Vietnam",
			"Tỏa sáng với nghiên cứu khoa học, nữ sinh ĐH FPT khẳng định bản lĩnh và tài năng",
			"Phim ngắn “Thoi vàng chỉ ngọc” của SV ĐH FPT tại Cần Thơ được công chiếu ở Lotte Cinema",
			"SV trường ĐH FPT Hà Nội đón “tết trên bản” 2024",
			"Vietnamese",
			"English",
			"Facebook",
			"Youtube",
			"Tik Tok",
			"Hotline: (024)/(028) 73001866 - (0236)/(0292) 7301866"
		],
		"img": [
			"cropped cropped 2021 FPTU Long",
			"cropped cropped 2021 FPTU Long",
			"sinh vien dai hoc fpt 8",
			"sinh vien dai hoc fpt 8",
			"dai hoc fpt 1",
			"dai hoc fpt 1",
			"my duyen",
			"my duyen",
			"fpt 5",
			"fpt 5",
			"dai hoc fpt 1",
			"dai hoc fpt 1",
			"thông báo tuyển bổ sung",
			"thông báo tuyển bổ sung"
		],
		"p": [
			"Trang thông tin tuyển sinh chính thức của Trường Đại học FPT",
			"CLB FVC đã vinh dự đại diện ĐH FPT tham gia hội thao truyền thống sinh viên Hoa Sen mở rộng lần V năm 2018 được tổ chức vào ngày 15/4.",
			"Với sự tham gia của gần 40 đơn vị đến từ các tỉnh trên địa bàn TP.HCM, hội thao đã tạo ra một sân chơi lành mạnh cho tất cả các vận động viên đến từ các đơn vị, đặc biệt là học sinh sinh viên. Ngoài ra tạo môi trường tích cho các đơn vị giao lưu, học hỏi lẫn nhau, cùng nhau đẩy mạnh phong trào rèn luyện thể dục thể thao, noi gương theo Bác Hồ vỹ đại.",
			"Tham gia hội thao lần này, Đoàn ĐH FPT tham dự tranh tài ở bộ môn võ Vovinam. Đây là lần đầu tiên FPTU tham gia giải Hội thao truyền thống của ĐH Hoa Sen. Ở bộ môn tham gia thi đấu, 6 vận động viên (VĐV) đến từ trường đại học FPT đã có những màn cạnh tranh quyết liệt với 11 đơn vị khác.",
			"Sau những ngày tập luyện vất vả, kết quả đã mỉm cười với nỗ lực không ngừng nghỉ của các VĐV. Nguyễn Thanh Tiến- sinh viên k10 thuộc khối ngành Kỹ thuật phần mềm đã mang về cho mình 1 HCV nội dung đánh Long Hổ Quyền nam với tổng số điểm 25.8.",
			"Bên cạnh đó là 2 HCĐ trong nội dung đối kháng nam với tỷ số lần lượt là 3-0 và 4-0 cũng gọi tên FPTU.",
			"Với nỗ lực tuyệt với, tất cả các VĐV đến từ ĐH FPT đã cống hiến cho Hội thao những trận thi đấu đẹp mắt, tình thần fair play và hơn hết là tô điểm thêm màu cờ sắc áo của FPTU tại ngày hội sinh viên các trương ĐH.",
			"Shinichi Jay",
			"Khu Giáo dục và Đào tạo – Khu Công nghệ cao Hòa Lạc – Km29 Đại lộ Thăng Long, H. Thạch Thất,\nTP. Hà Nội",
			"Điện thoại: 024 7300 1866",
			"Email: daihocfpt@fpt.edu.vn",
			"Lô E2a-7, Đường D1 Khu Công nghệ cao, P. Long Thạnh Mỹ, TP. Thủ Đức, TP. Hồ Chí Minh",
			"Điện thoại: 028 7300 1866",
			"Email: daihocfpt@fpt.edu.vn",
			"Khu đô thị công nghệ FPT Đà Nẵng, P. Hoà Hải, Q. Ngũ Hành Sơn, TP. Đà Nẵng",
			"Điện thoại: 0236 730 1866",
			"Email: daihocfpt@fpt.edu.vn",
			"Số 600 Đường Nguyễn Văn Cừ (nối dài), P. An Bình, Q. Ninh Kiều, TP. Cần Thơ",
			"Điện thoại: 0292 730 1866",
			"Email: daihocfpt@fpt.edu.vn",
			"Khu đô thị mới An Phú Thịnh, Phường Nhơn Bình & Phường Đống Đa, TP. Quy\nNhơn, Bình Định",
			"Điện thoại: 0256 730 1866 /0256 7300 999",
			"Email: daihocfpt@fpt.edu.vn"
		],
		"label": [
			"Tìm kiếm",
			"Tìm kiếm"
		],
		"button": [
			"×",
			"Đăng ký",
			"Đóng"
		],
		"span": [
			"Trang chủ",
			"Hoạt động sinh viên",
			"ĐH FPT giành HCV tại hội thao Hoa Sen mở rộng lần V",
			"bởi",
			"CLB FVC đại diện ĐH FPT tham gia Hội thao.",
			"Hội thao quy tụ nhiều trường ĐH tham gia.",
			"VĐV được chăm sóc, hướng dẫn tận tình",
			"Với sự cổ vũ nhiệt tình và sự tự tin vào bản thân VĐV Nguyễn Thanh Tiến đã mang về cho mình HCV trong phần thi đánh bài Long Hổ Quyền.",
			"Với sự quyết tâm của mình VĐV Hoàng Bách Tỷ- sinh viên k10 khối ngành KTPM trong nội dung đối kháng hạn cân dưới 57kg, giành huy chương đồng với tỷ số 3-0.",
			"Được nhận xét là “đối thủ đáng gờm” VĐV Huỳnh Minh Đức với những cú đá đẹp mắt đã vinh dự mang về HCĐ cho đơn vị của mình với tỷ số 4-0.",
			"Bài trước",
			"Bài trước:",
			"← Đại học FPT – á quân giải bóng rổ RMIT Open 2018",
			"Bài tiếp",
			"Bài tiếp:",
			"Cháy hết mình cùng NINJA – ĐH FPT →"
		],
		"h1": [
			"ĐH FPT giành HCV tại hội thao Hoa Sen mở rộng lần V"
		],
		"time": [
			"Thứ Hai, ngày 16 tháng 04 năm 2018",
			"14/06/2022",
			"05/02/2024",
			"05/02/2024",
			"05/02/2024",
			"02/02/2024",
			"01/02/2024"
		],
		"strong": [
			"Tại hội thao truyền thống sinh viên Hoa Sen mở rộng lần V năm 2018, Đai học FPT đã xuất sắc giành 1 HCV, 02 HCĐ bộ môn võ Vovinam."
		],
		"h2": [
			"Điều hướng bài viết"
		],
		"h4": [
			"HÀ NỘI",
			"TP. HỒ CHÍ MINH",
			"ĐÀ NẴNG",
			"CẦN THƠ",
			"Quy Nhơn"
		],
		"h3": [
			"Đăng ký tư vấn"
		],
		"b": [
			"Hãy để lại SĐT để cán bộ nhà trường hỗ trợ bạn sớm nhất nhé"
		],
		"option": [
			"Tỉnh / Thành phố *",
			"An Giang",
			"Bà Rịa-Vũng Tàu",
			"Bắc Giang",
			"Bắc Kạn",
			"Bạc Liêu",
			"Bắc Ninh",
			"Bến Tre",
			"Bình Dương",
			"Bình Định",
			"Bình Phước",
			"Bình Thuận",
			"Cà Mau",
			"Cần Thơ",
			"Cao Bằng",
			"Cục Cảnh sát ĐKQL cư trú và DLQG về dân cư",
			"Cục Cảnh sát quản lý hành chính về trật tự xã hội",
			"Đà Nẵng",
			"Đắk Lắk",
			"Đăk Nông",
			"Điện Biên",
			"Đồng Nai",
			"Đồng Tháp",
			"Gia Lai",
			"Hà Giang",
			"Hà Nam",
			"Hà Tĩnh",
			"Hải Dương",
			"Hải Phòng",
			"Hậu Giang",
			"Hoà Bình",
			"Hưng Yên",
			"Khánh Hoà",
			"Kiên Giang",
			"Kon Tum",
			"Lai Châu",
			"Lâm Đồng",
			"Lạng Sơn",
			"Lào Cai",
			"Long An",
			"Nam Định",
			"Nghệ An",
			"Ninh Bình",
			"Ninh Thuận",
			"Phú Thọ",
			"Phú Yên",
			"Quảng Bình",
			"Quảng Nam",
			"Quảng Ngãi",
			"Quảng Ninh",
			"Quảng Trị",
			"Sóc Trăng",
			"Sơn La",
			"Tây Ninh",
			"Thái Bình",
			"Thái Nguyên",
			"Thanh Hoá",
			"Thừa Thiên - Huế",
			"Tiền Giang",
			"Trà Vinh",
			"Tuyên Quang",
			"Vĩnh Long",
			"Vĩnh Phúc",
			"Yên Bái",
			"Hà Nội",
			"TP. Hồ Chí Minh"
		]
	},
	"url": "https://daihoc.fpt.edu.vn/dh-fpt-gianh-hcv-tai-hoi-thao-hoa-sen-mo-rong-lan-v/"
}