{
	"data": {
		"title": [
			"“Học tỷ Bắc Đại” khiến sinh viên ĐH FPT cực mê mỗi giờ lên lớp - Trường Đại học FPT"
		],
		"div": [
			"›\n\n›",
			"© 2024 Bản quyền thuộc về Trường Đại học FPT.",
			"Đăng ký tư vấn"
		],
		"a": [
			"Trường Đại học FPT",
			"Vietnamese",
			"English",
			"Trang chủ",
			"Giới thiệu",
			"Lịch sử thành lập",
			"Tập đoàn FPT",
			"Tổ chức giáo dục FPT",
			"Triết lý đào tạo",
			"Các giải thưởng và thành tích",
			"Ban lãnh đạo",
			"Gắn kết cộng đồng",
			"Tin tức",
			"Tin tức chung",
			"Hoạt động sinh viên",
			"Sự kiện",
			"Tuyển dụng",
			"Hướng nghiệp",
			"Ngành học",
			"Công nghệ thông tin",
			"Công nghệ ô tô số",
			"Kỹ thuật phần mềm",
			"Hệ thống thông tin",
			"Trí tuệ nhân tạo",
			"An toàn thông tin",
			"Thiết kế Mỹ thuật số",
			"Quản trị kinh doanh",
			"Tài chính",
			"Digital Marketing",
			"Kinh doanh quốc tế",
			"Quản lý Logistics & Chuỗi cung ứng toàn cầu",
			"Quản trị khách sạn",
			"Quản trị Du lịch và Lữ hành",
			"Công nghệ truyền thông",
			"Quản trị truyền thông đa phương tiện",
			"Quan hệ công chúng",
			"Ngôn ngữ Anh",
			"Ngôn ngữ Nhật",
			"Ngôn ngữ Hàn Quốc",
			"Ngôn ngữ Trung Quốc (Dự kiến)",
			"Đời sống sinh viên",
			"Một ngày tại Đại học FPT",
			"Vì sao nên học tại Đại học FPT",
			"Sự hài lòng của sinh viên",
			"Môi trường học tập",
			"Chương trình học linh hoạt",
			"Đời sống sinh viên",
			"Ký túc xá",
			"Các CLB & Cộng đồng sinh viên",
			"Các hoạt động thể thao trong trường",
			"Dịch vụ hỗ trợ",
			"Định hướng và khởi đầu",
			"Tốt nghiệp",
			"Câu chuyện sinh viên",
			"Hợp tác",
			"Ngành công nghiệp và doanh nghiệp",
			"Chương trình trao đổi sinh viên",
			"Chương trình học tập tại nước ngoài",
			"Hợp tác quốc tế",
			"Trao đổi sinh viên",
			"Học kỳ nước ngoài",
			"Các trường đại học đối tác",
			"Cựu sinh viên",
			"Cộng đồng cựu sinh viên",
			"Họ đang làm việc tại đâu",
			"Tuyển sinh",
			"Đề án tuyển sinh",
			"Tin tuyển sinh",
			"Liên hệ",
			"Đăng nhập",
			"Nguyễn Thị Hồng Yến",
			"Thạc sỹ Hồ Yên Thục – Giảng viên ĐH FPT truyền cảm hứng cho sinh viên",
			"Giảng viên Đại học FPT được công nhận là giảng viên cao cấp toàn cầu",
			"“Anh giáo kinh tế” từ chối con rồng Châu Á về Hola làm giảng viên ĐH FPT",
			"Bộ tứ giảng viên Vovinam đẹp trai chuẩn “soái ca” của Đại học FPT",
			"Thầy giáo “hot” khiến 2k5 rần rần nộp đơn theo học Quản trị Du lịch – Khách sạn – Nhà hàng",
			"Nữ sinh trường F trong tà áo dài ngày Xuân",
			"Gặp gỡ đội tuyển NGT’s OPEN ROBOT trước giải đấu FIRST Tech Challenge Vietnam",
			"Tỏa sáng với nghiên cứu khoa học, nữ sinh ĐH FPT khẳng định bản lĩnh và tài năng",
			"Phim ngắn “Thoi vàng chỉ ngọc” của SV ĐH FPT tại Cần Thơ được công chiếu ở Lotte Cinema",
			"SV trường ĐH FPT Hà Nội đón “tết trên bản” 2024",
			"Vietnamese",
			"English",
			"Facebook",
			"Youtube",
			"Tik Tok",
			"Hotline: (024)/(028) 73001866 - (0236)/(0292) 7301866"
		],
		"img": [
			"cropped cropped 2021 FPTU Long",
			"cropped cropped 2021 FPTU Long",
			"giang vien dh fpt sinh vien thich me 1",
			"giang vien dh fpt sinh vien thich me 1",
			"giang vien dh fpt sinh vien thich me",
			"giang vien dh fpt sinh vien thich me",
			"giang vien dh fpt sinh vien thich me 3",
			"giang vien dh fpt sinh vien thich me 3",
			"giang vien dh fpt sinh vien thich me 2",
			"giang vien dh fpt sinh vien thich me 2",
			"sinh vien dai hoc fpt 8",
			"sinh vien dai hoc fpt 8",
			"dai hoc fpt 1",
			"dai hoc fpt 1",
			"my duyen",
			"my duyen",
			"fpt 5",
			"fpt 5",
			"dai hoc fpt 1",
			"dai hoc fpt 1",
			"thông báo tuyển bổ sung",
			"thông báo tuyển bổ sung"
		],
		"p": [
			"Trang thông tin tuyển sinh chính thức của Trường Đại học FPT",
			"Học tập tại ĐH Bắc Kinh (Bắc Đại) – ngôi trường nổi danh với những giảng viên hàng đầu cùng sinh viên, học viên “siêu phàm” là quãng thời gian giúp Phạm Khánh Huyền tích luỹ kiến thức, tự tin theo đuổi sự nghiệp giáo dục của mình.",
			"2 năm theo học ở Bắc Đại, chị nhận thấy điều quý giá nhất chính là được học và có mối quan hệ tốt với đội ngũ giảng viên và bạn học “xịn sò”. Các thầy cô đều là Tiến sĩ từ những trường đào tạo Kinh doanh hàng đầu thế giới. Bạn học không chỉ xuất thân trâm anh thế phiệt mà còn có kinh nghiệm làm việc cực “khủng”: người thừa kế việc kinh doanh của gia đình; người lại nắm giữ những vị trí quan trọng trong các công ty, tập đoàn đa quốc gia với quy mô lớn.",
			"Chị quan niệm, kinh doanh là lĩnh vực nếu không học hỏi từng phút thì sẽ tụt hậu trong từng giờ nên mục tiêu đặt ra là tích luỹ kinh nghiệm thực tiễn từ các “học bá” cùng lớp. Chị chủ động học hỏi kiến thức chuyên ngành, kinh nghiệm sống, kinh nghiệm kinh doanh từ mọi người thông qua những tiết học chung, giờ làm việc nhóm.",
			"“Điều đó ảnh hưởng rất lớn tới tư duy giảng dạy của mình. Tại ĐH FPT, mình chú trọng truyền tải phương pháp làm chủ tri thức của các trường đại học lớn (không chỉ riêng Bắc Đại) tới sinh viên. Chương trình học ở đâu cũng tương tự nhau nhưng hệ tư duy và cách học, cách áp dụng kiến thức để hiểu bài sâu hơn, ứng dụng tốt hơn thì nên học tập các nền giáo dục tiên tiến”, Khánh Huyền chia sẻ.",
			"Xuất thân trong một gia đình có truyền thống giáo dục nên Khánh Huyền cũng phần nào ảnh hưởng tư tưởng “nhà giáo” từ khi còn bé. Sau khi tốt nghiệp Cử nhân chuyên chuyên ngành Quản trị Kinh doanh, ĐH Wisconsin – Eau Claire (Mỹ), Huyền từng làm thực tập sinh tại một doanh nghiệp tài chính công tại Mỹ.",
			"Trở về Việt Nam, chị từng thử sức với vai trò nhân viên Marketing cho một trung tâm ngoại ngữ. Từ khi gia nhập Tổ chức Giáo dục FPT, chị có cơ hội khám phá bản thân ở các vị trí như Cán bộ Hợp tác Quốc tế (Ban Nghiên cứu Phát triển chương trình), Cán bộ Phát triển kinh doanh và Nghiên cứu thị trường (FPT Edu Global). Cuối cùng, chị lựa chọn “trẻ hoá” bản thân với công việc lên lớp cùng sinh viên.",
			"“Mình may mắn đã được đặt chân tới 7 quốc gia và vùng lãnh thổ như Mỹ, Malaysia, Thái, Trung Quốc (đại lục và Đài Loan), Philippines, Singapore, Hàn Quốc và đúc kết được những ví dụ thực tế để xây dựng bài giảng cho sinh viên. Các bạn sẽ nhớ câu chuyện về mô hình kinh doanh hoặc chọn tệp khách hàng mục tiêu khi gắn với một nhân vật cụ thể. Ngoài việc lấy các công ty ví dụ, mình cũng lồng ghép một số kỷ niệm, trải nghiệm thực tế cá nhân với những nhãn hàng, công ty đó để sinh viên vừa được học, vừa được nghe chuyện cuộc đời cô”, Huyền chia sẻ.",
			"Sau một thời gian gắn bó với ĐH FPT, nữ giảng viên đánh giá cao 2 chương trình trải nghiệm: học kỳ nước ngoài, thực tập doanh nghiệp nước ngoài. Chưa có nhiều trường đại học tại Việt Nam đưa yếu tố này vào khung chương trình và đầu tư phát triển mạnh như tại ĐH FPT.",
			"“Cả hai trường đại học mình từng học qua đều đề cao yếu tố quốc tế hoá và trải nghiệm thực tiễn thông qua các chương trình tương tự như ĐH FPT nên mình thấy trải nghiệm sinh viên FPT nhận được rất trọn vẹn. Ngoài ra, cơ sở vật chất hiện đại với các phòng chức năng cho sinh viên chuyên ngành thực hành ngay tại trường cũng là điểm cộng lớn của ĐH FPT”, nữ giảng viên đánh giá.",
			"Sắp tới, giảng viên Khánh Huyền có dự định xin học bổng học lên Tiến sỹ ở một nước châu Âu như Thuỵ Sĩ, Hy Lạp, Ý, Pháp… để được tiếp cận với thêm với nền giáo dục hiện đại cũng như được đặt chân tới các quốc gia mà mình mong muốn.",
			"Xuất hiện tại chương trình “Khách mời hôm nay” là giảng viên Hồ Yên Thục, người phụ trách bộ môn kỹ năng mềm tại Đại học FPT TP. HCM và là giảng viên truyền truyền cảm hứng do sinh viên bình chọn. Cô Hồ Yên Thục tốt nghiệp...",
			"Vừa qua, 2 giảng viên của trường Đại học FPT đã xuất sắc được công nhận là giảng viên cao cấp toàn cầu do học việc Mạng Cisco bình chọn ️ Vượt qua các tiêu chí khắt khe của Giải thưởng Expert Level Instructor, vừa qua hai giảng...",
			"Các Cóc Kinh tế FPTU thời gian gần đây truyền tai nhau về một thầy giáo siêu thú vị với biệt danh “Anh giáo Kinh tế”. Đó chính là thầy giáo 8x Nguyễn Phi Hùng – người không chỉ “mê hoặc” các sinh viên bởi gương mặt...",
			"Đẹp trai, nhiều tài lẻ, thành tích võ thuật ‘khủng’, giảng viên Vovinam trường Đại học FPT đúng là không bao giờ khiến bạn thất vọng, chỉ… GATO đến ‘nổ đom đóm mắt’ mà thôi. Giảng viên Nguyễn Văn Út Bảo sao những giờ học...",
			"Không chỉ có khu thực hành đẹp long lanh, dàn giảng viên đẹp như hoa cùng vốn kiến thức phong phú là điểm cộng khiến sinh viên chuyên ngành Quản trị Du lịch – Khách sạn – Nhà hàng tại ĐH FPT cực mê đến trường. Thầy Quảng Trung...",
			"Khu Giáo dục và Đào tạo – Khu Công nghệ cao Hòa Lạc – Km29 Đại lộ Thăng Long, H. Thạch Thất,\nTP. Hà Nội",
			"Điện thoại: 024 7300 1866",
			"Email: daihocfpt@fpt.edu.vn",
			"Lô E2a-7, Đường D1 Khu Công nghệ cao, P. Long Thạnh Mỹ, TP. Thủ Đức, TP. Hồ Chí Minh",
			"Điện thoại: 028 7300 1866",
			"Email: daihocfpt@fpt.edu.vn",
			"Khu đô thị công nghệ FPT Đà Nẵng, P. Hoà Hải, Q. Ngũ Hành Sơn, TP. Đà Nẵng",
			"Điện thoại: 0236 730 1866",
			"Email: daihocfpt@fpt.edu.vn",
			"Số 600 Đường Nguyễn Văn Cừ (nối dài), P. An Bình, Q. Ninh Kiều, TP. Cần Thơ",
			"Điện thoại: 0292 730 1866",
			"Email: daihocfpt@fpt.edu.vn",
			"Khu đô thị mới An Phú Thịnh, Phường Nhơn Bình & Phường Đống Đa, TP. Quy\nNhơn, Bình Định",
			"Điện thoại: 0256 730 1866 /0256 7300 999",
			"Email: daihocfpt@fpt.edu.vn"
		],
		"label": [
			"Tìm kiếm",
			"Tìm kiếm"
		],
		"button": [
			"×",
			"Đăng ký",
			"Đóng"
		],
		"span": [
			"Trang chủ",
			"Tin tức chung",
			"“Học tỷ Bắc Đại” khiến sinh viên ĐH FPT cực mê mỗi giờ lên lớp",
			"bởi",
			"Bài trước",
			"Bài trước:",
			"← SV ĐH FPT làm đồ án tốt nghiệp dạng game mang thông điệp ý nghĩa",
			"Bài tiếp",
			"Bài tiếp:",
			"Sinh viên ĐH FPT tích hợp đồ hoạ, công nghệ và truyền thông trong sản phẩm tốt nghiệp →"
		],
		"h1": [
			"“Học tỷ Bắc Đại” khiến sinh viên ĐH FPT cực mê mỗi giờ lên lớp"
		],
		"time": [
			"Thứ Ba, ngày 16 tháng 05 năm 2023",
			"15/05/2023",
			"05/02/2024",
			"05/02/2024",
			"05/02/2024",
			"02/02/2024",
			"01/02/2024"
		],
		"strong": [
			"2 năm học Thạc sĩ tại ĐH Bắc Kinh, điều quý giá nhất với giảng viên Phạm Khánh Huyền là được học và có mối quan hệ với đội ngũ giảng viên, học viên có profile siêu khủng. Những kiến thức chuyên ngành cùng trải nghiệm sống đặc biệt này đã giúp chị có thêm nhiều “vốn liếng” để chia sẻ với sinh viên tại ĐH FPT.",
			"Theo Tri Thức Trẻ"
		],
		"b": [
			"Ngã rẽ đến với Bắc Đại",
			"Viết tiếp mối duyên với nghề giáo",
			"Hãy để lại SĐT để cán bộ nhà trường hỗ trợ bạn sớm nhất nhé"
		],
		"figcaption": [
			"Phạm Khánh Huyền giành suất học bổng toàn phần của Chính phủ Trung Quốc cho hệ Thạc sĩ tại Đại học Bắc Kinh",
			"“Học tỷ Bắc Đại” hiện đang là giảng viên Marketing (bộ môn Quản trị doanh nghiệp) tại ĐH FPT campus Hà Nội",
			"Những kinh nghiệm thực tế về Marketing và Sales tích luỹ được trong thời gian qua giúp Khánh Huyền có nhiều tư liệu hơn trong giảng dạy",
			"Nhan sắc cùng gu thời trang trendy và phương pháp dạy thú vị giúp tiết học của Khánh Huyền thu hút đông đảo sinh viên"
		],
		"h2": [
			"Bài viết liên quan",
			"Điều hướng bài viết"
		],
		"h3": [
			"Đăng ký tư vấn"
		],
		"h4": [
			"HÀ NỘI",
			"TP. HỒ CHÍ MINH",
			"ĐÀ NẴNG",
			"CẦN THƠ",
			"Quy Nhơn"
		],
		"option": [
			"Tỉnh / Thành phố *",
			"An Giang",
			"Bà Rịa-Vũng Tàu",
			"Bắc Giang",
			"Bắc Kạn",
			"Bạc Liêu",
			"Bắc Ninh",
			"Bến Tre",
			"Bình Dương",
			"Bình Định",
			"Bình Phước",
			"Bình Thuận",
			"Cà Mau",
			"Cần Thơ",
			"Cao Bằng",
			"Cục Cảnh sát ĐKQL cư trú và DLQG về dân cư",
			"Cục Cảnh sát quản lý hành chính về trật tự xã hội",
			"Đà Nẵng",
			"Đắk Lắk",
			"Đăk Nông",
			"Điện Biên",
			"Đồng Nai",
			"Đồng Tháp",
			"Gia Lai",
			"Hà Giang",
			"Hà Nam",
			"Hà Tĩnh",
			"Hải Dương",
			"Hải Phòng",
			"Hậu Giang",
			"Hoà Bình",
			"Hưng Yên",
			"Khánh Hoà",
			"Kiên Giang",
			"Kon Tum",
			"Lai Châu",
			"Lâm Đồng",
			"Lạng Sơn",
			"Lào Cai",
			"Long An",
			"Nam Định",
			"Nghệ An",
			"Ninh Bình",
			"Ninh Thuận",
			"Phú Thọ",
			"Phú Yên",
			"Quảng Bình",
			"Quảng Nam",
			"Quảng Ngãi",
			"Quảng Ninh",
			"Quảng Trị",
			"Sóc Trăng",
			"Sơn La",
			"Tây Ninh",
			"Thái Bình",
			"Thái Nguyên",
			"Thanh Hoá",
			"Thừa Thiên - Huế",
			"Tiền Giang",
			"Trà Vinh",
			"Tuyên Quang",
			"Vĩnh Long",
			"Vĩnh Phúc",
			"Yên Bái",
			"Hà Nội",
			"TP. Hồ Chí Minh"
		]
	},
	"url": "https://daihoc.fpt.edu.vn/hoc-ty-bac-dai-khien-sinh-vien-dh-fpt-cuc-me-moi-gio-len-lop/"
}