{
	"data": {
		"title": [
			"Dụ thí sinh bằng học bổng - Trường Đại học FPT"
		],
		"div": [
			"›\n\n›",
			"© 2024 Bản quyền thuộc về Trường Đại học FPT.",
			"Đăng ký tư vấn"
		],
		"a": [
			"Trường Đại học FPT",
			"Vietnamese",
			"English",
			"Trang chủ",
			"Giới thiệu",
			"Lịch sử thành lập",
			"Tập đoàn FPT",
			"Tổ chức giáo dục FPT",
			"Triết lý đào tạo",
			"Các giải thưởng và thành tích",
			"Ban lãnh đạo",
			"Gắn kết cộng đồng",
			"Tin tức",
			"Tin tức chung",
			"Hoạt động sinh viên",
			"Sự kiện",
			"Tuyển dụng",
			"Hướng nghiệp",
			"Ngành học",
			"Công nghệ thông tin",
			"Công nghệ ô tô số",
			"Kỹ thuật phần mềm",
			"Hệ thống thông tin",
			"Trí tuệ nhân tạo",
			"An toàn thông tin",
			"Thiết kế Mỹ thuật số",
			"Quản trị kinh doanh",
			"Tài chính",
			"Digital Marketing",
			"Kinh doanh quốc tế",
			"Quản lý Logistics & Chuỗi cung ứng toàn cầu",
			"Quản trị khách sạn",
			"Quản trị Du lịch và Lữ hành",
			"Công nghệ truyền thông",
			"Quản trị truyền thông đa phương tiện",
			"Quan hệ công chúng",
			"Ngôn ngữ Anh",
			"Ngôn ngữ Nhật",
			"Ngôn ngữ Hàn Quốc",
			"Ngôn ngữ Trung Quốc (Dự kiến)",
			"Đời sống sinh viên",
			"Một ngày tại Đại học FPT",
			"Vì sao nên học tại Đại học FPT",
			"Sự hài lòng của sinh viên",
			"Môi trường học tập",
			"Chương trình học linh hoạt",
			"Đời sống sinh viên",
			"Ký túc xá",
			"Các CLB & Cộng đồng sinh viên",
			"Các hoạt động thể thao trong trường",
			"Dịch vụ hỗ trợ",
			"Định hướng và khởi đầu",
			"Tốt nghiệp",
			"Câu chuyện sinh viên",
			"Hợp tác",
			"Ngành công nghiệp và doanh nghiệp",
			"Chương trình trao đổi sinh viên",
			"Chương trình học tập tại nước ngoài",
			"Hợp tác quốc tế",
			"Trao đổi sinh viên",
			"Học kỳ nước ngoài",
			"Các trường đại học đối tác",
			"Cựu sinh viên",
			"Cộng đồng cựu sinh viên",
			"Họ đang làm việc tại đâu",
			"Tuyển sinh",
			"Đề án tuyển sinh",
			"Tin tuyển sinh",
			"Liên hệ",
			"Đăng nhập",
			"Phạm Thị Phương",
			"Gần 2000 thí sinh tìm kiếm học bổng ĐH FPT",
			"cuộc thi FPT University Talent 2018",
			"Nữ sinh trường F trong tà áo dài ngày Xuân",
			"Gặp gỡ đội tuyển NGT’s OPEN ROBOT trước giải đấu FIRST Tech Challenge Vietnam",
			"Tỏa sáng với nghiên cứu khoa học, nữ sinh ĐH FPT khẳng định bản lĩnh và tài năng",
			"Phim ngắn “Thoi vàng chỉ ngọc” của SV ĐH FPT tại Cần Thơ được công chiếu ở Lotte Cinema",
			"SV trường ĐH FPT Hà Nội đón “tết trên bản” 2024",
			"Vietnamese",
			"English",
			"Facebook",
			"Youtube",
			"Tik Tok",
			"Hotline: (024)/(028) 73001866 - (0236)/(0292) 7301866"
		],
		"img": [
			"cropped cropped 2021 FPTU Long",
			"cropped cropped 2021 FPTU Long",
			"sinh vien dai hoc fpt 8",
			"sinh vien dai hoc fpt 8",
			"dai hoc fpt 1",
			"dai hoc fpt 1",
			"my duyen",
			"my duyen",
			"fpt 5",
			"fpt 5",
			"dai hoc fpt 1",
			"dai hoc fpt 1",
			"thông báo tuyển bổ sung",
			"thông báo tuyển bổ sung"
		],
		"p": [
			"Trang thông tin tuyển sinh chính thức của Trường Đại học FPT",
			"Có thể nói, trong môi trường giáo dục, đặc biệt là giáo dục đại học thì việc sinh viên được cấp, trao học bổnglaf một trong những đièu kiện, động lực để các cá nhân đó vươn lên trong học tập, khắc phục những khó khăn về kinh tế tài chính. Hoạc bổng được hiểu là khoản tiền được trợ cấp choc một học sinh, sinh viên, học viên… nhằm giúp họ học tiếp trong môi trường nào đó.",
			"Trường, tổ chức khác, hay cá nhân cấp học bổng vì nhiều lý do, ví dụ tài năng trong thi cử hay quá trình vươn lên trong học tập, hoặc cũng có các suất học bổng dành cho học sinh, sinh viên có hàn cảnh, điều kiện gia đình khó khăn nhưng có thành tích cao trong học tập.",
			"Về mặt tiền bạc thì giá trị của học bổng nhiều khi không đáng kể, nhưng nó là phương tiện, là động lực thúc đẩy sinh viên, học sinh phấn đấu học tập và nâng cao trình độ bản thân. Tuy nhiên không phải trường hợp nào cũng như vậy, cũng có khi đó lại là những học  bổng lớn nhất (toàn phần).",
			"Liên quan tới vấn đề này, năm nay, nhiều trường đại học ở nước ta có những chính sách ưu đãi, đặc biệt đưa ra các mức học bổng nhằm thu hút thí sinh vào trường.",
			"Đại học FPT cho biết, năm 2018, trường tiếp tục trao học bổng Nguyễn Văn Đạo cho các tân sinh viên với số lượng dự kiến là 400 suất. Mức học bổng cao nhất gồm toàn bộ học phí và sinh hoạt phí, dành cho thí sinh tham gia  đội tuyển trong các kì thi quốc tế IMO, HO (năm 2017, 2018). Học bổng 100% học phí dành cho thí sinh đạt giải nhất trong kì thi học sinh giỏi quốc gia (năm 2017, 2018) các môn Toán, Vật Lý, Hoá học, Tiếng Anh, Tin học…",
			"Ngoài ra các thí sinh còn có cơ hội săn học bổng Đại học FPT bằng cách vượt qua kỳ thi giành học bổng do trường tổ chức. Sau kỳ thi 13/5, vào 15/7 ĐH FPT sẽ tổ chức đợt thi học bổng thứ 2 trong năm 2018.",
			"Tham dự cũng là cách để thí sinh có năng khiếu đặc biệt trong các lĩnh vực: Văn hoá, Nghệ thuật, Thể thao giành học bổng ĐH FPT cho mình.",
			"Trong khi đó ĐH QT Sài Gòn cũng công bố chương trình học bổng với nhiều mức từ 5%-100%. ĐH Kinh tế Tài chính HCM mới đây cũng công bố học bổng 50% học phí toàn khoá học cho các thí sinh của ngành Thương mại điện tử, CNTT, Ngôn ngữ Nhật.",
			"Việc nhiều trường ĐH đã và đang có chính sách trao học bổng cho các tân sinh viên hoặc sinh viên đang theo học tại trường đac tạo sức hút và giúp các thí sinh chuẩn bị đi thi THPR Quốc gia săp tới có thêm động lực và không ngừng phấn đấu.",
			"Theo Thời báo Ngân Hàng",
			"Khu Giáo dục và Đào tạo – Khu Công nghệ cao Hòa Lạc – Km29 Đại lộ Thăng Long, H. Thạch Thất,\nTP. Hà Nội",
			"Điện thoại: 024 7300 1866",
			"Email: daihocfpt@fpt.edu.vn",
			"Lô E2a-7, Đường D1 Khu Công nghệ cao, P. Long Thạnh Mỹ, TP. Thủ Đức, TP. Hồ Chí Minh",
			"Điện thoại: 028 7300 1866",
			"Email: daihocfpt@fpt.edu.vn",
			"Khu đô thị công nghệ FPT Đà Nẵng, P. Hoà Hải, Q. Ngũ Hành Sơn, TP. Đà Nẵng",
			"Điện thoại: 0236 730 1866",
			"Email: daihocfpt@fpt.edu.vn",
			"Số 600 Đường Nguyễn Văn Cừ (nối dài), P. An Bình, Q. Ninh Kiều, TP. Cần Thơ",
			"Điện thoại: 0292 730 1866",
			"Email: daihocfpt@fpt.edu.vn",
			"Khu đô thị mới An Phú Thịnh, Phường Nhơn Bình & Phường Đống Đa, TP. Quy\nNhơn, Bình Định",
			"Điện thoại: 0256 730 1866 /0256 7300 999",
			"Email: daihocfpt@fpt.edu.vn"
		],
		"label": [
			"Tìm kiếm",
			"Tìm kiếm"
		],
		"button": [
			"×",
			"Đăng ký",
			"Đóng"
		],
		"span": [
			"Trang chủ",
			"Hoạt động sinh viên",
			"Dụ thí sinh bằng học bổng",
			"bởi",
			">",
			"Thí sinh Trần Hồng Diệu Linh (Thái Nguyên) giành được học bổng 100% của ĐH FPT thông qua cuộc thi FPT University Talent.",
			"Bài trước",
			"Bài trước:",
			"← ĐH FPT viết ước mơ cho học sinh từ cuộc thi tài năng",
			"Bài tiếp",
			"Bài tiếp:",
			"Giành học bổng tài năng ĐH FPT dễ ợt với những bí kíp sau →"
		],
		"h1": [
			"Dụ thí sinh bằng học bổng"
		],
		"time": [
			"Chủ Nhật, ngày 27 tháng 05 năm 2018",
			"16/05/2018",
			"05/02/2024",
			"05/02/2024",
			"05/02/2024",
			"02/02/2024",
			"01/02/2024"
		],
		"strong": [
			"Kỳ thi THPT quốc gia 2018 đang đến rất gần. Hàng ngàn thí sinh trên cả nước chuẩn bị bước vào đợt “vượt vũ môn” có ý nghia quan trọng của đời mình. Năm nay, để hút thí sinh, nhiều trường đại học ở nước ta có các phương hướng, cách tiếp cận mới, nổi bật là chính sách trao học bổng với số tiền lớn được nhiều phụ huynh, học sinh quan tâm."
		],
		"h2": [
			"Điều hướng bài viết"
		],
		"h4": [
			"HÀ NỘI",
			"TP. HỒ CHÍ MINH",
			"ĐÀ NẴNG",
			"CẦN THƠ",
			"Quy Nhơn"
		],
		"h3": [
			"Đăng ký tư vấn"
		],
		"b": [
			"Hãy để lại SĐT để cán bộ nhà trường hỗ trợ bạn sớm nhất nhé"
		],
		"option": [
			"Tỉnh / Thành phố *",
			"An Giang",
			"Bà Rịa-Vũng Tàu",
			"Bắc Giang",
			"Bắc Kạn",
			"Bạc Liêu",
			"Bắc Ninh",
			"Bến Tre",
			"Bình Dương",
			"Bình Định",
			"Bình Phước",
			"Bình Thuận",
			"Cà Mau",
			"Cần Thơ",
			"Cao Bằng",
			"Cục Cảnh sát ĐKQL cư trú và DLQG về dân cư",
			"Cục Cảnh sát quản lý hành chính về trật tự xã hội",
			"Đà Nẵng",
			"Đắk Lắk",
			"Đăk Nông",
			"Điện Biên",
			"Đồng Nai",
			"Đồng Tháp",
			"Gia Lai",
			"Hà Giang",
			"Hà Nam",
			"Hà Tĩnh",
			"Hải Dương",
			"Hải Phòng",
			"Hậu Giang",
			"Hoà Bình",
			"Hưng Yên",
			"Khánh Hoà",
			"Kiên Giang",
			"Kon Tum",
			"Lai Châu",
			"Lâm Đồng",
			"Lạng Sơn",
			"Lào Cai",
			"Long An",
			"Nam Định",
			"Nghệ An",
			"Ninh Bình",
			"Ninh Thuận",
			"Phú Thọ",
			"Phú Yên",
			"Quảng Bình",
			"Quảng Nam",
			"Quảng Ngãi",
			"Quảng Ninh",
			"Quảng Trị",
			"Sóc Trăng",
			"Sơn La",
			"Tây Ninh",
			"Thái Bình",
			"Thái Nguyên",
			"Thanh Hoá",
			"Thừa Thiên - Huế",
			"Tiền Giang",
			"Trà Vinh",
			"Tuyên Quang",
			"Vĩnh Long",
			"Vĩnh Phúc",
			"Yên Bái",
			"Hà Nội",
			"TP. Hồ Chí Minh"
		]
	},
	"url": "https://daihoc.fpt.edu.vn/du-thi-sinh-bang-hoc-bong/"
}