{
	"data": {
		"title": [
			"Sinh viên Đại học FPT tổ chức ngày hội Valentine dành cho những trái tim nhân ái - Trường Đại học FPT"
		],
		"div": [
			"›\n\n›",
			"© 2024 Bản quyền thuộc về Trường Đại học FPT.",
			"Đăng ký tư vấn"
		],
		"a": [
			"Trường Đại học FPT",
			"Vietnamese",
			"English",
			"Trang chủ",
			"Giới thiệu",
			"Lịch sử thành lập",
			"Tập đoàn FPT",
			"Tổ chức giáo dục FPT",
			"Triết lý đào tạo",
			"Các giải thưởng và thành tích",
			"Ban lãnh đạo",
			"Gắn kết cộng đồng",
			"Tin tức",
			"Tin tức chung",
			"Hoạt động sinh viên",
			"Sự kiện",
			"Tuyển dụng",
			"Hướng nghiệp",
			"Ngành học",
			"Công nghệ thông tin",
			"Công nghệ ô tô số",
			"Kỹ thuật phần mềm",
			"Hệ thống thông tin",
			"Trí tuệ nhân tạo",
			"An toàn thông tin",
			"Thiết kế Mỹ thuật số",
			"Quản trị kinh doanh",
			"Tài chính",
			"Digital Marketing",
			"Kinh doanh quốc tế",
			"Quản lý Logistics & Chuỗi cung ứng toàn cầu",
			"Quản trị khách sạn",
			"Quản trị Du lịch và Lữ hành",
			"Công nghệ truyền thông",
			"Quản trị truyền thông đa phương tiện",
			"Quan hệ công chúng",
			"Ngôn ngữ Anh",
			"Ngôn ngữ Nhật",
			"Ngôn ngữ Hàn Quốc",
			"Ngôn ngữ Trung Quốc (Dự kiến)",
			"Đời sống sinh viên",
			"Một ngày tại Đại học FPT",
			"Vì sao nên học tại Đại học FPT",
			"Sự hài lòng của sinh viên",
			"Môi trường học tập",
			"Chương trình học linh hoạt",
			"Đời sống sinh viên",
			"Ký túc xá",
			"Các CLB & Cộng đồng sinh viên",
			"Các hoạt động thể thao trong trường",
			"Dịch vụ hỗ trợ",
			"Định hướng và khởi đầu",
			"Tốt nghiệp",
			"Câu chuyện sinh viên",
			"Hợp tác",
			"Ngành công nghiệp và doanh nghiệp",
			"Chương trình trao đổi sinh viên",
			"Chương trình học tập tại nước ngoài",
			"Hợp tác quốc tế",
			"Trao đổi sinh viên",
			"Học kỳ nước ngoài",
			"Các trường đại học đối tác",
			"Cựu sinh viên",
			"Cộng đồng cựu sinh viên",
			"Họ đang làm việc tại đâu",
			"Tuyển sinh",
			"Đề án tuyển sinh",
			"Tin tuyển sinh",
			"Liên hệ",
			"Đăng nhập",
			"Nguyễn Thị Hồng Yến",
			"Applied Art Department – FPT Uni HCM",
			"Nữ sinh trường F trong tà áo dài ngày Xuân",
			"Gặp gỡ đội tuyển NGT’s OPEN ROBOT trước giải đấu FIRST Tech Challenge Vietnam",
			"Tỏa sáng với nghiên cứu khoa học, nữ sinh ĐH FPT khẳng định bản lĩnh và tài năng",
			"Phim ngắn “Thoi vàng chỉ ngọc” của SV ĐH FPT tại Cần Thơ được công chiếu ở Lotte Cinema",
			"SV trường ĐH FPT Hà Nội đón “tết trên bản” 2024",
			"Vietnamese",
			"English",
			"Facebook",
			"Youtube",
			"Tik Tok",
			"Hotline: (024)/(028) 73001866 - (0236)/(0292) 7301866"
		],
		"img": [
			"cropped cropped 2021 FPTU Long",
			"cropped cropped 2021 FPTU Long",
			"Với thông điệp \"Love only grows by sharing\", hãy cùng đến với Ngày hội gây quỹ từ thiện Simia De Chorus '19 để trao gửi và lan toả yêu thương trong mùa Valentine này nhé.",
			"Với thông điệp \"Love only grows by sharing\", hãy cùng đến với Ngày hội gây quỹ từ thiện Simia De Chorus '19 để trao gửi và lan toả yêu thương trong mùa Valentine này nhé.",
			"Thông qua 3 hoạt động chính của Ngày hội lần này, toàn bộ doanh thu sẽ dành tặng cho các mảnh đời còn khó khăn ở tỉnh Gia Lai.",
			"Thông qua 3 hoạt động chính của Ngày hội lần này, toàn bộ doanh thu sẽ dành tặng cho các mảnh đời còn khó khăn ở tỉnh Gia Lai.",
			"Posters của 10 bộ phim được trình chiếu tại Ngày hội gây quỹ từ thiện Simia De Chorus '19.",
			"Posters của 10 bộ phim được trình chiếu tại Ngày hội gây quỹ từ thiện Simia De Chorus '19.",
			"Các mặt hàng được bày bán tại Ngày hội gây quỹ từ thiện Simia De Chorus '19 bao gồm: túi xách, ly, thiệp tay, stickers, ốp lưng,... và không thể thiếu các món ăn vặt của giới trẻ.",
			"Các mặt hàng được bày bán tại Ngày hội gây quỹ từ thiện Simia De Chorus '19 bao gồm: túi xách, ly, thiệp tay, stickers, ốp lưng,... và không thể thiếu các món ăn vặt của giới trẻ.",
			"Hình ảnh của những em nhỏ tại tỉnh Gia Lai được ghi lại vào tháng 01/2019.",
			"Hình ảnh của những em nhỏ tại tỉnh Gia Lai được ghi lại vào tháng 01/2019.",
			"Hình ảnh của những em nhỏ tại tỉnh Gia Lai được ghi lại vào tháng 01/2019.",
			"Hình ảnh của những em nhỏ tại tỉnh Gia Lai được ghi lại vào tháng 01/2019.",
			"Doanh thu của Ngày hội sẽ được trao tặng cho các em nhỏ và những hoàn cảnh khó khăn ở nơi đây.",
			"Doanh thu của Ngày hội sẽ được trao tặng cho các em nhỏ và những hoàn cảnh khó khăn ở nơi đây.",
			"sinh vien dai hoc fpt 8",
			"sinh vien dai hoc fpt 8",
			"dai hoc fpt 1",
			"dai hoc fpt 1",
			"my duyen",
			"my duyen",
			"fpt 5",
			"fpt 5",
			"dai hoc fpt 1",
			"dai hoc fpt 1",
			"thông báo tuyển bổ sung",
			"thông báo tuyển bổ sung"
		],
		"p": [
			"Trang thông tin tuyển sinh chính thức của Trường Đại học FPT",
			"Simia De Chorus ’19 là ngày hội gây quỹ từ thiện được tổ chức bởi ngành Thiết kế Đồ hoạ của trường Đại học FPT với thông tin chi tiết như sau:",
			"Các hoạt động chính tại lễ hội:",
			"Trong đó, rạp chiếu phim mini tập hợp 10 tác phẩm phim hoạt hình 2D ngắn, mỗi phim với độ dài từ 3 – 5 phút, được thực hiện bởi sinh viên ngành Thiết kế Đồ hoạ của trường Đại học FPT, dưới sự hướng dẫn của cô Phan Bảo Châu. 10 bộ phim ngắn với những thông điệp ý nghĩa và nhân văn sẽ đem đến cho bạn những trải nghiệm tuyệt vời, được đắm mình trong sự chuyển động của hình ảnh và thăng hoa của cảm xúc trong ngày Valentine nhiều ý nghĩa.",
			"Đến đây, bạn sẽ có cơ hội được giao lưu, học hỏi và có cái nhìn thiết thực hơn về các sản phẩm phim hoạt hình do sinh viên Việt Nam tự tạo ra. Các sản phẩm đều được đầu tư tỉ mỉ và công phu từ việc lên ý tưởng đến khi hoàn thiện. Các bộ phim chắc chắn sẽ mang đến cho người xem sự mãn nhãn cả về thị giác lẫn thính giác.",
			"Đến với Ngày hội, bạn còn được tự do mua sắm những món hàng xinh xắn dành tặng người mình muốn trao gửi yêu thương như áo thun, móc khoá đôi, quai vải, ốp lưng,… Điểm đặc biệt là toàn bộ sản phẩm bày bán trong sự kiện được chính tay các bạn sinh viên – những nhà thiết kế trẻ – thiết kế và thực hiện nên chắc chắn bạn sẽ không tìm được những món hàng chất lượng và đặc biệt như vậy ở nơi khác.",
			"Bạn còn có thể thoả thích ăn uống những món ăn vặt quen thuộc như trà sữa, bắp rang, bánh cupcake, cookies,… Biết đâu bạn sẽ có những bộ ảnh mang khuynh hướng “vô tình bị chụp lén” để câu like và được hoà mình vào không khí lễ hội với những màn trình diễn âm nhạc vô cùng hấp dẫn và sôi động.",
			"Cuối cùng, mục đích của Ngày hội là gây quỹ từ thiện nhằm giúp đỡ các mảnh đời còn khó khăn tại tỉnh Gia Lai. Và chính các bạn sinh viên trường Đại học FPT sẽ mang những phần quà đến tận tay cho những người dân ở đấy.",
			"Bạn là một người có đam mê với những bộ phim hoạt hình? Thích giao lưu, kết nối bạn bè trong những hoạt động cộng đồng? Thích những món ăn lề đường hay những thức uống đang làm mưa làm gió trong giới trẻ hiện nay? Hãy cùng nhau đến với ngày hội Simia De Chorus ’19 tại trường Đại học FPT TP.HCM trong mùa Valentine năm nay nhé.",
			"Thông tin chi tiết chương trình tại Fanpage:",
			"Khu Giáo dục và Đào tạo – Khu Công nghệ cao Hòa Lạc – Km29 Đại lộ Thăng Long, H. Thạch Thất,\nTP. Hà Nội",
			"Điện thoại: 024 7300 1866",
			"Email: daihocfpt@fpt.edu.vn",
			"Lô E2a-7, Đường D1 Khu Công nghệ cao, P. Long Thạnh Mỹ, TP. Thủ Đức, TP. Hồ Chí Minh",
			"Điện thoại: 028 7300 1866",
			"Email: daihocfpt@fpt.edu.vn",
			"Khu đô thị công nghệ FPT Đà Nẵng, P. Hoà Hải, Q. Ngũ Hành Sơn, TP. Đà Nẵng",
			"Điện thoại: 0236 730 1866",
			"Email: daihocfpt@fpt.edu.vn",
			"Số 600 Đường Nguyễn Văn Cừ (nối dài), P. An Bình, Q. Ninh Kiều, TP. Cần Thơ",
			"Điện thoại: 0292 730 1866",
			"Email: daihocfpt@fpt.edu.vn",
			"Khu đô thị mới An Phú Thịnh, Phường Nhơn Bình & Phường Đống Đa, TP. Quy\nNhơn, Bình Định",
			"Điện thoại: 0256 730 1866 /0256 7300 999",
			"Email: daihocfpt@fpt.edu.vn"
		],
		"label": [
			"Tìm kiếm",
			"Tìm kiếm"
		],
		"button": [
			"×",
			"Đăng ký",
			"Đóng"
		],
		"li": [
			"Thời gian: 14 – 15/2/2019, từ 11:00 đến 16:00",
			"Địa điểm: Đại học FPT TP.HCM, toà nhà Innovation, Công viên phần mềm Quang Trung, Q.12, TP.HCM",
			"Rạp chiếu phim với 10 bộ phim hoạt hình 2D do sinh viên thực hiện.",
			"Hội chợ với 10 gian hàng bày bán các sản phẩm được thiết kế đặc biệt chỉ dành riêng cho mùa Valentine này.",
			"Văn nghệ với các tiết mục đặc sắc và hấp dẫn để hoà chung không khí của mùa lễ tình nhân nhiều sắc màu."
		],
		"span": [
			"Trang chủ",
			"Hoạt động sinh viên",
			"Sinh viên Đại học FPT tổ chức ngày hội Valentine dành cho những trái tim nhân ái",
			"bởi",
			"Bài trước",
			"Bài trước:",
			"← Những founder tuổi Hợi nổi bật trong giới startup",
			"Bài tiếp",
			"Bài tiếp:",
			"10 Hoa Khôi nổi bật năm 2018 & đầu năm 2019 →"
		],
		"h1": [
			"Sinh viên Đại học FPT tổ chức ngày hội Valentine dành cho những trái tim nhân ái"
		],
		"time": [
			"Thứ Ba, ngày 12 tháng 02 năm 2019",
			"12/02/2019",
			"05/02/2024",
			"05/02/2024",
			"05/02/2024",
			"02/02/2024",
			"01/02/2024"
		],
		"em": [
			"Với thông điệp “Love only grows by sharing”, hãy cùng đến với Ngày hội gây quỹ từ thiện  để trao gửi và lan toả yêu thương trong mùa Valentine này nhé."
		],
		"strong": [
			"Valentine với nhiều người là ngày để đánh dấu những cột mốc tình cảm lứa đôi, là ngày để những cặp đôi thể hiện sự yêu thương. Tuy nhiên, trong năm nay, các bạn sinh viên trường Đại học FPT mong muốn ngày Valentine không chỉ dừng lại ở đó, mà còn muốn san sẻ và lan toả tình yêu thương đến những hoàn cảnh khó khăn.",
			"Simia De Chorus ’19",
			"Đặc biệt, toàn bộ doanh thu trong Ngày hội sẽ được quyên góp làm thiện nguyện ở những nơi còn nhiều khó khăn của tỉnh Gia Lai.",
			"Theo Yan.vn"
		],
		"figcaption": [
			"Với thông điệp “Love only grows by sharing”, hãy cùng đến với Ngày hội gây quỹ từ thiện Simia De Chorus ’19 để trao gửi và lan toả yêu thương trong mùa Valentine này nhé.",
			"Thông qua 3 hoạt động chính của Ngày hội lần này, toàn bộ doanh thu sẽ dành tặng cho các mảnh đời còn khó khăn ở tỉnh Gia Lai.",
			"Posters của 10 bộ phim được trình chiếu tại Ngày hội gây quỹ từ thiện Simia De Chorus ’19.",
			"Các mặt hàng được bày bán tại Ngày hội gây quỹ từ thiện Simia De Chorus ’19 bao gồm: túi xách, ly, thiệp tay, stickers, ốp lưng,… và không thể thiếu các món ăn vặt của giới trẻ.",
			"Hình ảnh của những em nhỏ tại tỉnh Gia Lai được ghi lại vào tháng 01/2019.",
			"Hình ảnh của những em nhỏ tại tỉnh Gia Lai được ghi lại vào tháng 01/2019.",
			"Doanh thu của Ngày hội sẽ được trao tặng cho các em nhỏ và những hoàn cảnh khó khăn ở nơi đây."
		],
		"h2": [
			"Điều hướng bài viết"
		],
		"h4": [
			"HÀ NỘI",
			"TP. HỒ CHÍ MINH",
			"ĐÀ NẴNG",
			"CẦN THƠ",
			"Quy Nhơn"
		],
		"h3": [
			"Đăng ký tư vấn"
		],
		"b": [
			"Hãy để lại SĐT để cán bộ nhà trường hỗ trợ bạn sớm nhất nhé"
		],
		"option": [
			"Tỉnh / Thành phố *",
			"An Giang",
			"Bà Rịa-Vũng Tàu",
			"Bắc Giang",
			"Bắc Kạn",
			"Bạc Liêu",
			"Bắc Ninh",
			"Bến Tre",
			"Bình Dương",
			"Bình Định",
			"Bình Phước",
			"Bình Thuận",
			"Cà Mau",
			"Cần Thơ",
			"Cao Bằng",
			"Cục Cảnh sát ĐKQL cư trú và DLQG về dân cư",
			"Cục Cảnh sát quản lý hành chính về trật tự xã hội",
			"Đà Nẵng",
			"Đắk Lắk",
			"Đăk Nông",
			"Điện Biên",
			"Đồng Nai",
			"Đồng Tháp",
			"Gia Lai",
			"Hà Giang",
			"Hà Nam",
			"Hà Tĩnh",
			"Hải Dương",
			"Hải Phòng",
			"Hậu Giang",
			"Hoà Bình",
			"Hưng Yên",
			"Khánh Hoà",
			"Kiên Giang",
			"Kon Tum",
			"Lai Châu",
			"Lâm Đồng",
			"Lạng Sơn",
			"Lào Cai",
			"Long An",
			"Nam Định",
			"Nghệ An",
			"Ninh Bình",
			"Ninh Thuận",
			"Phú Thọ",
			"Phú Yên",
			"Quảng Bình",
			"Quảng Nam",
			"Quảng Ngãi",
			"Quảng Ninh",
			"Quảng Trị",
			"Sóc Trăng",
			"Sơn La",
			"Tây Ninh",
			"Thái Bình",
			"Thái Nguyên",
			"Thanh Hoá",
			"Thừa Thiên - Huế",
			"Tiền Giang",
			"Trà Vinh",
			"Tuyên Quang",
			"Vĩnh Long",
			"Vĩnh Phúc",
			"Yên Bái",
			"Hà Nội",
			"TP. Hồ Chí Minh"
		]
	},
	"url": "https://daihoc.fpt.edu.vn/sinh-vien-dai-hoc-fpt-to-chuc-ngay-hoi-valentine-danh-cho-nhung-trai-tim-nhan-ai/"
}