{
	"data": {
		"title": [
			"Có một ngôi trường nơi tháng quân sự được coi là phương pháp đào tạo đặc biệt - Trường Đại học FPT"
		],
		"div": [
			"›\n\n›",
			"© 2024 Bản quyền thuộc về Trường Đại học FPT.",
			"Đăng ký tư vấn"
		],
		"a": [
			"Trường Đại học FPT",
			"Vietnamese",
			"English",
			"Trang chủ",
			"Giới thiệu",
			"Lịch sử thành lập",
			"Tập đoàn FPT",
			"Tổ chức giáo dục FPT",
			"Triết lý đào tạo",
			"Các giải thưởng và thành tích",
			"Ban lãnh đạo",
			"Gắn kết cộng đồng",
			"Tin tức",
			"Tin tức chung",
			"Hoạt động sinh viên",
			"Sự kiện",
			"Tuyển dụng",
			"Hướng nghiệp",
			"Ngành học",
			"Công nghệ thông tin",
			"Công nghệ ô tô số",
			"Kỹ thuật phần mềm",
			"Hệ thống thông tin",
			"Trí tuệ nhân tạo",
			"An toàn thông tin",
			"Thiết kế Mỹ thuật số",
			"Quản trị kinh doanh",
			"Tài chính",
			"Digital Marketing",
			"Kinh doanh quốc tế",
			"Quản lý Logistics & Chuỗi cung ứng toàn cầu",
			"Quản trị khách sạn",
			"Quản trị Du lịch và Lữ hành",
			"Công nghệ truyền thông",
			"Quản trị truyền thông đa phương tiện",
			"Quan hệ công chúng",
			"Ngôn ngữ Anh",
			"Ngôn ngữ Nhật",
			"Ngôn ngữ Hàn Quốc",
			"Ngôn ngữ Trung Quốc (Dự kiến)",
			"Đời sống sinh viên",
			"Một ngày tại Đại học FPT",
			"Vì sao nên học tại Đại học FPT",
			"Sự hài lòng của sinh viên",
			"Môi trường học tập",
			"Chương trình học linh hoạt",
			"Đời sống sinh viên",
			"Ký túc xá",
			"Các CLB & Cộng đồng sinh viên",
			"Các hoạt động thể thao trong trường",
			"Dịch vụ hỗ trợ",
			"Định hướng và khởi đầu",
			"Tốt nghiệp",
			"Câu chuyện sinh viên",
			"Hợp tác",
			"Ngành công nghiệp và doanh nghiệp",
			"Chương trình trao đổi sinh viên",
			"Chương trình học tập tại nước ngoài",
			"Hợp tác quốc tế",
			"Trao đổi sinh viên",
			"Học kỳ nước ngoài",
			"Các trường đại học đối tác",
			"Cựu sinh viên",
			"Cộng đồng cựu sinh viên",
			"Họ đang làm việc tại đâu",
			"Tuyển sinh",
			"Đề án tuyển sinh",
			"Tin tuyển sinh",
			"Liên hệ",
			"Đăng nhập",
			"Nguyễn Thị Hồng Yến",
			"Nữ sinh trường F trong tà áo dài ngày Xuân",
			"Gặp gỡ đội tuyển NGT’s OPEN ROBOT trước giải đấu FIRST Tech Challenge Vietnam",
			"Tỏa sáng với nghiên cứu khoa học, nữ sinh ĐH FPT khẳng định bản lĩnh và tài năng",
			"Phim ngắn “Thoi vàng chỉ ngọc” của SV ĐH FPT tại Cần Thơ được công chiếu ở Lotte Cinema",
			"SV trường ĐH FPT Hà Nội đón “tết trên bản” 2024",
			"Vietnamese",
			"English",
			"Facebook",
			"Youtube",
			"Tik Tok",
			"Hotline: (024)/(028) 73001866 - (0236)/(0292) 7301866"
		],
		"img": [
			"cropped cropped 2021 FPTU Long",
			"cropped cropped 2021 FPTU Long",
			"sinh vien dai hoc fpt 8",
			"sinh vien dai hoc fpt 8",
			"dai hoc fpt 1",
			"dai hoc fpt 1",
			"my duyen",
			"my duyen",
			"fpt 5",
			"fpt 5",
			"dai hoc fpt 1",
			"dai hoc fpt 1",
			"thông báo tuyển bổ sung",
			"thông báo tuyển bổ sung"
		],
		"p": [
			"Trang thông tin tuyển sinh chính thức của Trường Đại học FPT",
			"Ngay sau tuần lễ định hướng, tân sinh viên ĐH FPT sẽ khăn gói bước vào tháng rèn luyện tập trung. Không chỉ đây là lần đầu sống xa nhà của đa số sinh viên, kỳ học quân sự còn đem đến những trải nghiệm có 1-0-2 cho hội “newbie” với vô vàn cung bậc cảm xúc.",
			"Trong gần một tháng rèn luyện tập trung, sinh viên ĐH FPT sẽ được học các nội dung giáo dục quốc phòng như: đội hình đội ngũ, chiến thuật, học bắn súng, thể dục quốc phòng.",
			"Ngoài ra, các bạn còn được tham dự những buổi nói chuyện chuyên đề, viết báo cáo, tham gia những hoạt động ngoại khóa, hội thao sôi nổi, được tổ chức mỗi tuần.",
			"Thông qua những hoạt động này, sinh viên ĐH FPT được trang bị tính kỷ luật, làm quen với môi trường tập thể, bồi đắp các kĩ năng sống và xây dựng tinh thần đồng đội.",
			"Tại quân khu, điện thoại có thể được đem theo nhưng không được sử dụng trong giờ học chính khoá. Đây là một cơ hội để các bạn sinh viên tập giảm bớt thói quen lướt điện thoại, tham gia các hoạt động tập thể, ngoài trời, rèn luyện thể chất thay vì cả ngày chỉ chú tâm vào Facebook, game online…",
			"Trải nghiệm môi trường giáo dục kỷ luật nghiêm khắc, những ngày nắng lăn lộn ở thao trường, những phòng sinh hoạt chung, giường tầng, bữa cơm tập thể… Đó đều là những kỷ niệm ý nghĩa và khó mà quên được trong những năm tháng giảng đường của sinh viên ĐH FPT.",
			"Bạn cùng phòng mới đầu lạ lẫm nhưng sau đó là những đêm cùng tám chuyện trên trời dưới đất, thậm chí bày trò cười nô nức xuyên đêm, cho đến khi thầy bắc loa gọi cả phòng xuống chịu phạt.",
			"Cuộc sống với kỉ luật nghiêm khắc, thời gian biểu như trong quân đội sẽ là môi trường lý tưởng để các bạn đi vào nề nếp sinh, hình thành tác phong nhanh nhẹn sẵn sàng cho năm học mới.",
			"Đây cũng là dịp để sinh viên ĐH FPT khóa mới làm quen với nhau cũng như ghi dấu nhiều kỉ niệm đáng nhớ thời sinh viên.",
			"Khu Giáo dục và Đào tạo – Khu Công nghệ cao Hòa Lạc – Km29 Đại lộ Thăng Long, H. Thạch Thất,\nTP. Hà Nội",
			"Điện thoại: 024 7300 1866",
			"Email: daihocfpt@fpt.edu.vn",
			"Lô E2a-7, Đường D1 Khu Công nghệ cao, P. Long Thạnh Mỹ, TP. Thủ Đức, TP. Hồ Chí Minh",
			"Điện thoại: 028 7300 1866",
			"Email: daihocfpt@fpt.edu.vn",
			"Khu đô thị công nghệ FPT Đà Nẵng, P. Hoà Hải, Q. Ngũ Hành Sơn, TP. Đà Nẵng",
			"Điện thoại: 0236 730 1866",
			"Email: daihocfpt@fpt.edu.vn",
			"Số 600 Đường Nguyễn Văn Cừ (nối dài), P. An Bình, Q. Ninh Kiều, TP. Cần Thơ",
			"Điện thoại: 0292 730 1866",
			"Email: daihocfpt@fpt.edu.vn",
			"Khu đô thị mới An Phú Thịnh, Phường Nhơn Bình & Phường Đống Đa, TP. Quy\nNhơn, Bình Định",
			"Điện thoại: 0256 730 1866 /0256 7300 999",
			"Email: daihocfpt@fpt.edu.vn"
		],
		"label": [
			"Tìm kiếm",
			"Tìm kiếm"
		],
		"button": [
			"×",
			"Đăng ký",
			"Đóng"
		],
		"span": [
			"Trang chủ",
			"Hoạt động sinh viên",
			"Có một ngôi trường nơi tháng quân sự được coi là phương pháp đào tạo đặc biệt",
			"bởi",
			"Bài trước",
			"Bài trước:",
			"← Sinh viên ĐH FPT phát triển trang tìm việc làm JobE hậu Covid-19",
			"Bài tiếp",
			"Bài tiếp:",
			"Những lớp học phát triển kỹ năng nghe tên thì lạ, học thì siêu hay tại ĐH FPT →"
		],
		"h1": [
			"Có một ngôi trường nơi tháng quân sự được coi là phương pháp đào tạo đặc biệt"
		],
		"time": [
			"Thứ Sáu, ngày 10 tháng 09 năm 2021",
			"10/09/2021",
			"05/02/2024",
			"05/02/2024",
			"05/02/2024",
			"02/02/2024",
			"01/02/2024"
		],
		"strong": [
			"Theo Tiin.vn"
		],
		"em": [
			"Năm nào cũng vậy, trước khi bắt đầu vào học chính thức, hội tân sinh viên ĐH FPT sẽ có một tháng học kỳ quân sự rèn luyện tập trung với nhiều hoạt động trải nghiệm mới lạ, thú vị và ý nghĩa."
		],
		"h2": [
			"Điều hướng bài viết"
		],
		"h4": [
			"HÀ NỘI",
			"TP. HỒ CHÍ MINH",
			"ĐÀ NẴNG",
			"CẦN THƠ",
			"Quy Nhơn"
		],
		"h3": [
			"Đăng ký tư vấn"
		],
		"b": [
			"Hãy để lại SĐT để cán bộ nhà trường hỗ trợ bạn sớm nhất nhé"
		],
		"option": [
			"Tỉnh / Thành phố *",
			"An Giang",
			"Bà Rịa-Vũng Tàu",
			"Bắc Giang",
			"Bắc Kạn",
			"Bạc Liêu",
			"Bắc Ninh",
			"Bến Tre",
			"Bình Dương",
			"Bình Định",
			"Bình Phước",
			"Bình Thuận",
			"Cà Mau",
			"Cần Thơ",
			"Cao Bằng",
			"Cục Cảnh sát ĐKQL cư trú và DLQG về dân cư",
			"Cục Cảnh sát quản lý hành chính về trật tự xã hội",
			"Đà Nẵng",
			"Đắk Lắk",
			"Đăk Nông",
			"Điện Biên",
			"Đồng Nai",
			"Đồng Tháp",
			"Gia Lai",
			"Hà Giang",
			"Hà Nam",
			"Hà Tĩnh",
			"Hải Dương",
			"Hải Phòng",
			"Hậu Giang",
			"Hoà Bình",
			"Hưng Yên",
			"Khánh Hoà",
			"Kiên Giang",
			"Kon Tum",
			"Lai Châu",
			"Lâm Đồng",
			"Lạng Sơn",
			"Lào Cai",
			"Long An",
			"Nam Định",
			"Nghệ An",
			"Ninh Bình",
			"Ninh Thuận",
			"Phú Thọ",
			"Phú Yên",
			"Quảng Bình",
			"Quảng Nam",
			"Quảng Ngãi",
			"Quảng Ninh",
			"Quảng Trị",
			"Sóc Trăng",
			"Sơn La",
			"Tây Ninh",
			"Thái Bình",
			"Thái Nguyên",
			"Thanh Hoá",
			"Thừa Thiên - Huế",
			"Tiền Giang",
			"Trà Vinh",
			"Tuyên Quang",
			"Vĩnh Long",
			"Vĩnh Phúc",
			"Yên Bái",
			"Hà Nội",
			"TP. Hồ Chí Minh"
		]
	},
	"url": "https://daihoc.fpt.edu.vn/co-mot-ngoi-truong-noi-thang-quan-su-duoc-coi-la-phuong-phap-dao-tao-dac-biet/"
}