{
	"data": {
		"title": [
			"Học Digital Marketing ở Đại học FPT có gì nổi bật? - Trường Đại học FPT"
		],
		"div": [
			"›\n\n›",
			"© 2024 Bản quyền thuộc về Trường Đại học FPT.",
			"Đăng ký tư vấn"
		],
		"a": [
			"Trường Đại học FPT",
			"Vietnamese",
			"English",
			"Trang chủ",
			"Giới thiệu",
			"Lịch sử thành lập",
			"Tập đoàn FPT",
			"Tổ chức giáo dục FPT",
			"Triết lý đào tạo",
			"Các giải thưởng và thành tích",
			"Ban lãnh đạo",
			"Gắn kết cộng đồng",
			"Tin tức",
			"Tin tức chung",
			"Hoạt động sinh viên",
			"Sự kiện",
			"Tuyển dụng",
			"Hướng nghiệp",
			"Ngành học",
			"Công nghệ thông tin",
			"Công nghệ ô tô số",
			"Kỹ thuật phần mềm",
			"Hệ thống thông tin",
			"Trí tuệ nhân tạo",
			"An toàn thông tin",
			"Thiết kế Mỹ thuật số",
			"Quản trị kinh doanh",
			"Tài chính",
			"Digital Marketing",
			"Kinh doanh quốc tế",
			"Quản lý Logistics & Chuỗi cung ứng toàn cầu",
			"Quản trị khách sạn",
			"Quản trị Du lịch và Lữ hành",
			"Công nghệ truyền thông",
			"Quản trị truyền thông đa phương tiện",
			"Quan hệ công chúng",
			"Ngôn ngữ Anh",
			"Ngôn ngữ Nhật",
			"Ngôn ngữ Hàn Quốc",
			"Ngôn ngữ Trung Quốc (Dự kiến)",
			"Đời sống sinh viên",
			"Một ngày tại Đại học FPT",
			"Vì sao nên học tại Đại học FPT",
			"Sự hài lòng của sinh viên",
			"Môi trường học tập",
			"Chương trình học linh hoạt",
			"Đời sống sinh viên",
			"Ký túc xá",
			"Các CLB & Cộng đồng sinh viên",
			"Các hoạt động thể thao trong trường",
			"Dịch vụ hỗ trợ",
			"Định hướng và khởi đầu",
			"Tốt nghiệp",
			"Câu chuyện sinh viên",
			"Hợp tác",
			"Ngành công nghiệp và doanh nghiệp",
			"Chương trình trao đổi sinh viên",
			"Chương trình học tập tại nước ngoài",
			"Hợp tác quốc tế",
			"Trao đổi sinh viên",
			"Học kỳ nước ngoài",
			"Các trường đại học đối tác",
			"Cựu sinh viên",
			"Cộng đồng cựu sinh viên",
			"Họ đang làm việc tại đâu",
			"Tuyển sinh",
			"Đề án tuyển sinh",
			"Tin tuyển sinh",
			"Liên hệ",
			"Đăng nhập",
			"Quỳnh",
			"Nữ sinh trường F trong tà áo dài ngày Xuân",
			"Gặp gỡ đội tuyển NGT’s OPEN ROBOT trước giải đấu FIRST Tech Challenge Vietnam",
			"Tỏa sáng với nghiên cứu khoa học, nữ sinh ĐH FPT khẳng định bản lĩnh và tài năng",
			"Phim ngắn “Thoi vàng chỉ ngọc” của SV ĐH FPT tại Cần Thơ được công chiếu ở Lotte Cinema",
			"SV trường ĐH FPT Hà Nội đón “tết trên bản” 2024",
			"Vietnamese",
			"English",
			"Facebook",
			"Youtube",
			"Tik Tok",
			"Hotline: (024)/(028) 73001866 - (0236)/(0292) 7301866"
		],
		"img": [
			"cropped cropped 2021 FPTU Long",
			"cropped cropped 2021 FPTU Long",
			"digital marketing dai hoc fpt 3 1655694839",
			"digital marketing dai hoc fpt 3 1655694839",
			"digital marketing dai hoc fpt 4 1655694840",
			"digital marketing dai hoc fpt 4 1655694840",
			"digital marketing dai hoc fpt 1 1655694839",
			"digital marketing dai hoc fpt 1 1655694839",
			"sinh vien dai hoc fpt 8",
			"sinh vien dai hoc fpt 8",
			"dai hoc fpt 1",
			"dai hoc fpt 1",
			"my duyen",
			"my duyen",
			"fpt 5",
			"fpt 5",
			"dai hoc fpt 1",
			"dai hoc fpt 1",
			"thông báo tuyển bổ sung",
			"thông báo tuyển bổ sung"
		],
		"p": [
			"Trang thông tin tuyển sinh chính thức của Trường Đại học FPT",
			"Khu Giáo dục và Đào tạo – Khu Công nghệ cao Hòa Lạc – Km29 Đại lộ Thăng Long, H. Thạch Thất,\nTP. Hà Nội",
			"Điện thoại: 024 7300 1866",
			"Email: daihocfpt@fpt.edu.vn",
			"Lô E2a-7, Đường D1 Khu Công nghệ cao, P. Long Thạnh Mỹ, TP. Thủ Đức, TP. Hồ Chí Minh",
			"Điện thoại: 028 7300 1866",
			"Email: daihocfpt@fpt.edu.vn",
			"Khu đô thị công nghệ FPT Đà Nẵng, P. Hoà Hải, Q. Ngũ Hành Sơn, TP. Đà Nẵng",
			"Điện thoại: 0236 730 1866",
			"Email: daihocfpt@fpt.edu.vn",
			"Số 600 Đường Nguyễn Văn Cừ (nối dài), P. An Bình, Q. Ninh Kiều, TP. Cần Thơ",
			"Điện thoại: 0292 730 1866",
			"Email: daihocfpt@fpt.edu.vn",
			"Khu đô thị mới An Phú Thịnh, Phường Nhơn Bình & Phường Đống Đa, TP. Quy\nNhơn, Bình Định",
			"Điện thoại: 0256 730 1866 /0256 7300 999",
			"Email: daihocfpt@fpt.edu.vn"
		],
		"label": [
			"Tìm kiếm",
			"Tìm kiếm"
		],
		"button": [
			"×",
			"Đăng ký",
			"Đóng"
		],
		"i": [
			"Nắm vững kiến thức chuyên ngành",
			"Thành thạo ngoại ngữ",
			"Tích lũy kinh nghiệm ngay từ khi còn là sinh viên",
			"Phát triển kỹ năng mềm toàn diện"
		],
		"span": [
			"Trang chủ",
			"Tin tức chung",
			"Học Digital Marketing ở Đại học FPT có gì nổi bật?",
			"bởi",
			"Với sự chiếm lĩnh và phát triển mạnh mẽ của công nghệ số hiện nay, các hình thức Marketing truyền thống dần không còn hiệu quả. Vì vậy, Digital Marketing đang trở thành chiến dịch tiếp cận khách hàng vô cùng hiệu quả. Từ đó, chuyên ngành này đã mang đến nhiều cơ hội phát triển hơn cho sinh viên sau khi tốt nghiệp. Đại học FPT chính là ngôi trường hoàn hảo để các bạn trẻ thực hiện mục tiêu tương lai của mình. Vậy có gì nổi bật ở FPT mà lại thu hút được phần lớn sự quan tâm của giới trẻ như vậy? Cùng tìm hiểu qua bài viết sau nhé!",
			"Thông qua các môn học từ nền tảng đến chuyên ngành, điều kiện học tập thuận lợi, sinh viên chuyên ngành Digital ở Đại học FPT sẽ được trang bị những kiến thức sau:",
			"Sinh viên có kiến thức phân tích kinh doanh bên ngoài, chiến lược kinh doanh, kế hoạch kinh doanh, kế hoạch tiếp thị, quản lý tài sản và quản lý nhân sự,",
			"hiểu được hành vi người tiêu dùng",
			".",
			"Sinh viên sẽ nắm vững 5 hoạt động chính của Marketing bao gồm: xác định nhu cầu của khách hàng, cung cấp cho khách hàng các sản phẩm phù hợp, kênh phân phối phù hợp, thúc đẩy việc mua hàng hiệu quả và định giá tối đa hoá lợi nhuận và sinh viên đã có thể thực hiện và sở hữu đồ án/ứng dụng/mô hình kinh doanh dịch vụ của riêng mình.",
			"Sinh viên đạt trình độ tiếng Anh tương đương IELTS 6.0 hoặc TOEFL iBT 80. Hoàn toàn tự tin đọc hiểu giáo trình, học tập 100% bằng tiếng Anh. Sinh viên sẽ được học chuyên sâu về tiếng Anh thương mại và tiếng Anh học thuật. Ngoài ra, sinh viên còn được chú trọng trang bị thêm ngoại ngữ thứ 2 là tiếng Trung để mở rộng cơ hội nghề nghiệp cho bản thân.",
			"Ngay từ năm nhất, sinh viên đã có cơ hội được trải nghiệm thông qua học kỳ tiếng Anh tại nước ngoài để tích lũy thêm kiến thức và trau dồi kỹ năng ngoại ngữ. Trong suốt 3 năm học đầu, sinh viên được thực hành vô số dự án thực tế. Đến năm thứ 4, sinh viên sẽ được thực tập thực tế từ 4 – 8 tháng tại các công ty thành viên thuộc tập đoàn FPT hoặc hơn 300 doanh nghiệp là đối tác của tập đoàn FPT trên toàn thế giới. Nhờ đó, sinh viên Đại học FPT luôn trong tâm thế sẵn sàng để bắt đầu công việc mới sau khi tốt nghiệp.",
			"Trong suốt quá trình học tập và rèn luyện tại Đại học FPT, sinh viên chuyên ngành Digital Marketing sẽ được hỗ trợ mọi mặt để phát triển kỹ năng mềm toàn diện. Một số kỹ năng được chú trọng nhất phải kể đến như: phương pháp học đại học hiệu quả, kỹ năng quản lý thời gian, kỹ năng lãnh đạo hiệu quả và giám sát, tư duy sáng tạo và giải quyết vấn đề.",
			"Khác với những trường Đại học khác, Trường Đại học FPT đã xây dựng chương trình đào tạo theo hình thức liên kết doanh nghiệp, gắn lý thuyết với thực hành và ứng dụng công nghệ hiện đại nhất vào quá trình dạy và học.",
			"Với cơ sở vật chất hiện đại cùng đội ngũ giảng viên giỏi, tâm huyết và dày dặn kinh nghiệm, chuẩn đầu ra luôn đảm bảo chất lượng tốt nhất, đáp ứng tối đa nhu cầu của doanh nghiệp.",
			"Một điều đặc biệt khiến nhiều bạn trẻ mong muốn được học tập tại Đại học FPT chính là nhận được sự đánh giá rất cao về năng lực chuyên môn cũng như kỹ năng mềm của cử nhân Đại học FPT. Sinh viên tuy mới ra trường nhưng có kinh nghiệm làm việc thực tế tại các doanh nghiệp và kiến thức chuyên môn tốt. Điều này đã giúp sinh viên hoàn toàn dễ dàng tìm kiếm được một công việc phù hợp với mức lương ổn định",
			"Một ngôi trường chuẩn quốc tế ngay tại sân nhà, Đại học FPT chính là sự lựa chọn hoàn hảo để đem đến cho bạn một chặng đường sinh viên đầy sắc màu. Hãy nhanh tay nộp hồ sơ để cùng Đại học FPT nỗ lực và chinh phục được mục tiêu của mình bạn nhé!",
			"Bài trước",
			"Bài trước:",
			"← Khởi động chuỗi seminar thuộc bộ môn Khởi nghiệp",
			"Bài tiếp",
			"Bài tiếp:",
			"Chuyên ngành Quản trị khách sạn – tưởng tượng và thực tế liệu có giống nhau? →"
		],
		"h1": [
			"Học Digital Marketing ở Đại học FPT có gì nổi bật?"
		],
		"time": [
			"Thứ Hai, ngày 20 tháng 06 năm 2022",
			"05/02/2024",
			"05/02/2024",
			"05/02/2024",
			"02/02/2024",
			"01/02/2024"
		],
		"strong": [
			"Digital Marketing là chuyên ngành được nhiều bạn trẻ lựa chọn, theo đuổi và Đại học FPT chính là sự lựa uy tín dành cho bạn."
		],
		"figcaption": [
			"Đại học FPT chính là ngôi trường hoàn hảo để các bạn trẻ thực hiện mục tiêu tương lai của mình.",
			"Sinh viên được tham quan doanh nghiệp ngay từ năm nhất.",
			"Sinh viên sẽ được học chuyên sâu về tiếng Anh thương mại và tiếng Anh học thuật."
		],
		"b": [
			"Chuyên ngành Digital Marketing – sinh viên sẽ học được gì tại trường Đại học FPT?",
			"Đại học FPT – ngôi trường chuẩn quốc tế, hiện đại, chất lượng.",
			"Hãy để lại SĐT để cán bộ nhà trường hỗ trợ bạn sớm nhất nhé"
		],
		"h2": [
			"Điều hướng bài viết"
		],
		"h4": [
			"HÀ NỘI",
			"TP. HỒ CHÍ MINH",
			"ĐÀ NẴNG",
			"CẦN THƠ",
			"Quy Nhơn"
		],
		"h3": [
			"Đăng ký tư vấn"
		],
		"option": [
			"Tỉnh / Thành phố *",
			"An Giang",
			"Bà Rịa-Vũng Tàu",
			"Bắc Giang",
			"Bắc Kạn",
			"Bạc Liêu",
			"Bắc Ninh",
			"Bến Tre",
			"Bình Dương",
			"Bình Định",
			"Bình Phước",
			"Bình Thuận",
			"Cà Mau",
			"Cần Thơ",
			"Cao Bằng",
			"Cục Cảnh sát ĐKQL cư trú và DLQG về dân cư",
			"Cục Cảnh sát quản lý hành chính về trật tự xã hội",
			"Đà Nẵng",
			"Đắk Lắk",
			"Đăk Nông",
			"Điện Biên",
			"Đồng Nai",
			"Đồng Tháp",
			"Gia Lai",
			"Hà Giang",
			"Hà Nam",
			"Hà Tĩnh",
			"Hải Dương",
			"Hải Phòng",
			"Hậu Giang",
			"Hoà Bình",
			"Hưng Yên",
			"Khánh Hoà",
			"Kiên Giang",
			"Kon Tum",
			"Lai Châu",
			"Lâm Đồng",
			"Lạng Sơn",
			"Lào Cai",
			"Long An",
			"Nam Định",
			"Nghệ An",
			"Ninh Bình",
			"Ninh Thuận",
			"Phú Thọ",
			"Phú Yên",
			"Quảng Bình",
			"Quảng Nam",
			"Quảng Ngãi",
			"Quảng Ninh",
			"Quảng Trị",
			"Sóc Trăng",
			"Sơn La",
			"Tây Ninh",
			"Thái Bình",
			"Thái Nguyên",
			"Thanh Hoá",
			"Thừa Thiên - Huế",
			"Tiền Giang",
			"Trà Vinh",
			"Tuyên Quang",
			"Vĩnh Long",
			"Vĩnh Phúc",
			"Yên Bái",
			"Hà Nội",
			"TP. Hồ Chí Minh"
		]
	},
	"url": "https://daihoc.fpt.edu.vn/hoc-digital-marketing-o-dai-hoc-fpt-co-gi-noi-bat/"
}