{
	"data": {
		"title": [
			"Nguyễn Dư Duy - Chàng SV Kỹ thuật phần mềm bật mí bí quyết ẵm học bổng toàn phần trường F - Trường Đại học FPT"
		],
		"div": [
			"›\n\n›\n\n›\n\n›",
			"© 2024 Bản quyền thuộc về Trường Đại học FPT.",
			"Đăng ký tư vấn"
		],
		"a": [
			"Trường Đại học FPT",
			"Vietnamese",
			"English",
			"Trang chủ",
			"Giới thiệu",
			"Lịch sử thành lập",
			"Tập đoàn FPT",
			"Tổ chức giáo dục FPT",
			"Triết lý đào tạo",
			"Các giải thưởng và thành tích",
			"Ban lãnh đạo",
			"Gắn kết cộng đồng",
			"Tin tức",
			"Tin tức chung",
			"Hoạt động sinh viên",
			"Sự kiện",
			"Tuyển dụng",
			"Hướng nghiệp",
			"Ngành học",
			"Công nghệ thông tin",
			"Công nghệ ô tô số",
			"Kỹ thuật phần mềm",
			"Hệ thống thông tin",
			"Trí tuệ nhân tạo",
			"An toàn thông tin",
			"Thiết kế Mỹ thuật số",
			"Quản trị kinh doanh",
			"Tài chính",
			"Digital Marketing",
			"Kinh doanh quốc tế",
			"Quản lý Logistics & Chuỗi cung ứng toàn cầu",
			"Quản trị khách sạn",
			"Quản trị Du lịch và Lữ hành",
			"Công nghệ truyền thông",
			"Quản trị truyền thông đa phương tiện",
			"Quan hệ công chúng",
			"Ngôn ngữ Anh",
			"Ngôn ngữ Nhật",
			"Ngôn ngữ Hàn Quốc",
			"Ngôn ngữ Trung Quốc (Dự kiến)",
			"Đời sống sinh viên",
			"Một ngày tại Đại học FPT",
			"Vì sao nên học tại Đại học FPT",
			"Sự hài lòng của sinh viên",
			"Môi trường học tập",
			"Chương trình học linh hoạt",
			"Đời sống sinh viên",
			"Ký túc xá",
			"Các CLB & Cộng đồng sinh viên",
			"Các hoạt động thể thao trong trường",
			"Dịch vụ hỗ trợ",
			"Định hướng và khởi đầu",
			"Tốt nghiệp",
			"Câu chuyện sinh viên",
			"Hợp tác",
			"Ngành công nghiệp và doanh nghiệp",
			"Chương trình trao đổi sinh viên",
			"Chương trình học tập tại nước ngoài",
			"Hợp tác quốc tế",
			"Trao đổi sinh viên",
			"Học kỳ nước ngoài",
			"Các trường đại học đối tác",
			"Cựu sinh viên",
			"Cộng đồng cựu sinh viên",
			"Họ đang làm việc tại đâu",
			"Tuyển sinh",
			"Đề án tuyển sinh",
			"Tin tuyển sinh",
			"Liên hệ",
			"Đăng nhập",
			"Quỳnh",
			"Nữ sinh trường F trong tà áo dài ngày Xuân",
			"Gặp gỡ đội tuyển NGT’s OPEN ROBOT trước giải đấu FIRST Tech Challenge Vietnam",
			"Tỏa sáng với nghiên cứu khoa học, nữ sinh ĐH FPT khẳng định bản lĩnh và tài năng",
			"Phim ngắn “Thoi vàng chỉ ngọc” của SV ĐH FPT tại Cần Thơ được công chiếu ở Lotte Cinema",
			"SV trường ĐH FPT Hà Nội đón “tết trên bản” 2024",
			"Vietnamese",
			"English",
			"Facebook",
			"Youtube",
			"Tik Tok",
			"Hotline: (024)/(028) 73001866 - (0236)/(0292) 7301866"
		],
		"img": [
			"cropped cropped 2021 FPTU Long",
			"cropped cropped 2021 FPTU Long",
			"sinh vien dai hoc fpt 8",
			"sinh vien dai hoc fpt 8",
			"dai hoc fpt 1",
			"dai hoc fpt 1",
			"my duyen",
			"my duyen",
			"fpt 5",
			"fpt 5",
			"dai hoc fpt 1",
			"dai hoc fpt 1",
			"thông báo tuyển bổ sung",
			"thông báo tuyển bổ sung"
		],
		"p": [
			"Trang thông tin tuyển sinh chính thức của Trường Đại học FPT",
			"Nguyễn Dư Duy, sinh viên khoá 16 chuyên ngành Kỹ thuật phần mềm với suất học bổng 100% đã có những chia sẻ thân mật về kinh nghiệm ôn luyện để có kết quả tốt trong kỳ thi học bổng của trường Đại học FPT. Cùng đọc bài viết dưới đây nhé!",
			"Mở đầu cuộc phỏng vấn, chàng sinh viên năm nhất đã không ngần ngại thể hiện niềm đam mê của mình đối với lĩnh vực Công nghệ thông tin có tiếng từ lâu của trường Đại học FPT. Dư Duy đã niềm nở chia sẻ rằng: “Bản thân mình vốn đã có định hướng từ sớm là sẽ trở thành kỹ sư nên đã tìm hiểu từ lâu việc chọn theo học ngành Kỹ thuật phần mềm của trường Đại học FPT”.",
			"Nhớ lại kỳ thi học bổng, anh chàng cũng thành thật thú nhận rằng chỉ mới biết gần đây thông qua một người bạn. Và không ngờ rằng, từ một lời “rủ rê” cùng thi chung của người bạn ấy, Dư Duy đã xuất sắc ghi tên mình vào “bảng vàng” của kỳ thi học bổng 2020.",
			"“Ban đầu là từ sự rủ rê của người bạn nhưng sau cùng chính bản thân mình lại muốn thử sức với kỳ thi học bổng này hơn. Mình chỉ mất hai trăm ngàn tiền lệ phí nhưng đổi lại nếu đủ sức mình có thể đạt được học bổng toàn phần từ trường. Chính phần thưởng to lớn này đã kích thích và trở thành động lực cho mình chinh phục kỳ thi” Nguyễn Dư Duy chia sẻ.",
			"Khi được hỏi đến bí quyết để luyện thành “cá chép hóa rồng” trong kỳ thi, Nguyễn Dư Duy đã không ngần ngại chia sẻ tỉ mỉ, chi tiết.",
			"“Quá trình ôn luyện của mình được chia ra thành hai phần. Đối với phần thi Tự luận, mình chủ yếu đọc các bài viết trên mạng cộng thêm việc mình vốn có thói quen đọc sách, báo nên cũng bỏ túi cho bản thân một chút vốn liếng về các vấn đề xã hội”",
			"Dư Duy cũng tiết lộ thêm: “Đặc biệt với phần thi Tự luận, nói chung các bạn nên viết thoải mái, không cần phải viết rập khuôn, viết một cách ép buộc như làm văn thời cấp 3. Bạn cứ viết thoải mái những suy nghĩ của mình là ổn nhất. Mình nghĩ người chấm thi của kỳ thi học bổng không chấm dựa vào barem đáp án quá nhiều, cốt yếu là dựa vào sự lập luận của bạn để chấm bài nhiều hơn”.",
			"Đây chắc hẳn là những chia sẻ vô cùng hữu ích cho những bạn, những em đang tìm hiểu về đề thi học bổng của trường Đại học FPT đúng không nào?",
			"Không chỉ dừng lại ở những tips của đề thi Tự luận, Duy còn nói thêm về cách ôn tập và trải nghiệm của chính bản thân mình về phần thi Toán logic – một phần thi được đánh giá là rất hay và có sự phân hóa rõ ràng.",
			"“Về phần Toán logic, mình ôn theo từng đề mà các anh chị khóa trước cho. Một phần mình đã biết và làm quen với cấu trúc đề từ trước rồi nên mọi thứ cũng dễ dàng với mình hơn.”",
			"“Đặc biệt, khi làm đến phần thi này các bạn phải giữ cho mình một sự tỉnh táo nhất định, cũng như không được vội vàng, hấp tấp vì đây là phần thi đòi hỏi sự cẩn thận và bình tĩnh rất cao.”",
			"“Và quan trọng hơn là các bạn phải khoanh tất cả đáp án, kể cả bài mình không làm được.”",
			"Đó là toàn bộ những lời chia sẻ gần gũi và chân thật nhất khi được yêu cầu “review” về đề thi cũng như cách ôn luyện cho kỳ thi học bổng của Nguyễn Dư Duy.",
			"Mỗi năm, Đại học FPT dành hàng trăm suất học bổng toàn phần trong suốt bốn năm học cho các bạn thí sinh trên khắp cả nước. Với các mức HỌC BỔNG 100%+, 100%, 70%, 50%, 30%, 20%, 10% bạn sẽ không phải lo lắng về học phí trong suốt 4 năm học tại trường.",
			"Học bổng Đại học FPT mang tên cố Giáo sư – Viện sĩ Nguyễn Văn Đạo, được trao tặng cho các bạn trẻ có tài năng trong nhiều lĩnh vực. Từ nghiên cứu, học thuật đến lĩnh vực nghệ thuật, thể thao. Những suất học bổng giá trị này sẽ giúp các bạn khẳng định được năng lực bản thân. Đồng thời, giành lấy cơ hội được học tập tại một môi trường học tập năng động, quốc tế và tiên phong về chương trình đào tạo.",
			"Những điểm cần lưu ý trong quy chế học bổng Đại học FPT trong năm 2021:",
			"Số lượng học bổng: 820 suất",
			"Lịch trình:",
			"Thi học bổng: dự kiến có 2 đợt: Đợt 1 vào 06/06/2021, đợt 2 vào 25/07/2021",
			"Điều kiện tham dự kỳ thi học bổng:",
			"Thí sinh đủ điều kiện xét tuyển Đại học FPT, tốt nghiệp THPT năm 2021, chưa từng đạt học bổng trong các kì thi học bổng của Đại học FPT và đạt một trong các tiêu chí sau:",
			"Có tên trong danh sách đội tuyển thi Học sinh giỏi Quốc Gia (các môn: Toán, Vật lý, Hóa học, Tin học, Tiếng Anh);",
			"Xếp hạng học bạ THPT 2021 đạt Top30 THPT 2021 (chứng nhận thực hiện trên trang http://SchoolRank.fpt.edu.vn)",
			"Điểm GPA từ mức A (hoặc tương đương) trở lên (đối với các thí sinh tốt nghiệp THPT ở nước ngoài).",
			"Humans of FPTU (HOF) – Người thay lời kể chuyện, là một dự án kể chuyện về con người của Đại học FPT trên cả bốn cơ sở Hồ Chí Minh, Hà Nội, Đà Nẵng và Cần Thơ của SV ĐH FPT. Đây là một trong những dự án xuyên suốt và tâm huyết của Câu lạc bộ Truyền thông Cóc Sài Gòn. Từ những câu chuyện dung dị, đời thường của những con người tuy quen mà lạ, cho đến những câu chuyện vô thưởng vô phạt, nghe có vẻ hụt nhưng lại trúng của những người lướt qua lẹ làng, chẳng rõ họ tên. Với mục tiêu tiên quyết là kết nối – thấu hiểu, tất cả sẽ được HOF “rình rập, săn tìm” và đưa tới các bạn trong mỗi bài đăng.",
			"Khu Giáo dục và Đào tạo – Khu Công nghệ cao Hòa Lạc – Km29 Đại lộ Thăng Long, H. Thạch Thất,\nTP. Hà Nội",
			"Điện thoại: 024 7300 1866",
			"Email: daihocfpt@fpt.edu.vn",
			"Lô E2a-7, Đường D1 Khu Công nghệ cao, P. Long Thạnh Mỹ, TP. Thủ Đức, TP. Hồ Chí Minh",
			"Điện thoại: 028 7300 1866",
			"Email: daihocfpt@fpt.edu.vn",
			"Khu đô thị công nghệ FPT Đà Nẵng, P. Hoà Hải, Q. Ngũ Hành Sơn, TP. Đà Nẵng",
			"Điện thoại: 0236 730 1866",
			"Email: daihocfpt@fpt.edu.vn",
			"Số 600 Đường Nguyễn Văn Cừ (nối dài), P. An Bình, Q. Ninh Kiều, TP. Cần Thơ",
			"Điện thoại: 0292 730 1866",
			"Email: daihocfpt@fpt.edu.vn",
			"Khu đô thị mới An Phú Thịnh, Phường Nhơn Bình & Phường Đống Đa, TP. Quy\nNhơn, Bình Định",
			"Điện thoại: 0256 730 1866 /0256 7300 999",
			"Email: daihocfpt@fpt.edu.vn"
		],
		"label": [
			"Tìm kiếm",
			"Tìm kiếm"
		],
		"button": [
			"×",
			"Đăng ký",
			"Đóng"
		],
		"span": [
			"Trang chủ",
			"Cuộc sống tại đại học FPT",
			"Tại sao nên học tại Đại học FPT",
			"Câu chuyện sinh viên",
			"Nguyễn Dư Duy – Chàng SV Kỹ thuật phần mềm bật mí bí quyết ẵm học bổng toàn phần trường F",
			"bởi",
			"Bài trước",
			"Bài trước:",
			"← Campus công nghệ nhưng lại được tá giải thưởng về không gian xanh, đâu đâu cũng tràn ngập sắc hoa",
			"Bài tiếp",
			"Bài tiếp:",
			"Thủ khoa học bổng ĐH FPT TP.HCM đợt 1/2020: “Làm nhiều đề nhất có thể” →"
		],
		"h1": [
			"Nguyễn Dư Duy – Chàng SV Kỹ thuật phần mềm bật mí bí quyết ẵm học bổng toàn phần trường F"
		],
		"time": [
			"Thứ Ba, ngày 11 tháng 05 năm 2021",
			"13/01/2022",
			"05/02/2024",
			"05/02/2024",
			"05/02/2024",
			"02/02/2024",
			"01/02/2024"
		],
		"em": [
			"Nguyễn Dư Duy hiện là sinh viên K16 chuyên ngành Kỹ thuật phần mềm"
		],
		"h2": [
			"Điều hướng bài viết"
		],
		"h4": [
			"HÀ NỘI",
			"TP. HỒ CHÍ MINH",
			"ĐÀ NẴNG",
			"CẦN THƠ",
			"Quy Nhơn"
		],
		"h3": [
			"Đăng ký tư vấn"
		],
		"b": [
			"Hãy để lại SĐT để cán bộ nhà trường hỗ trợ bạn sớm nhất nhé"
		],
		"option": [
			"Tỉnh / Thành phố *",
			"An Giang",
			"Bà Rịa-Vũng Tàu",
			"Bắc Giang",
			"Bắc Kạn",
			"Bạc Liêu",
			"Bắc Ninh",
			"Bến Tre",
			"Bình Dương",
			"Bình Định",
			"Bình Phước",
			"Bình Thuận",
			"Cà Mau",
			"Cần Thơ",
			"Cao Bằng",
			"Cục Cảnh sát ĐKQL cư trú và DLQG về dân cư",
			"Cục Cảnh sát quản lý hành chính về trật tự xã hội",
			"Đà Nẵng",
			"Đắk Lắk",
			"Đăk Nông",
			"Điện Biên",
			"Đồng Nai",
			"Đồng Tháp",
			"Gia Lai",
			"Hà Giang",
			"Hà Nam",
			"Hà Tĩnh",
			"Hải Dương",
			"Hải Phòng",
			"Hậu Giang",
			"Hoà Bình",
			"Hưng Yên",
			"Khánh Hoà",
			"Kiên Giang",
			"Kon Tum",
			"Lai Châu",
			"Lâm Đồng",
			"Lạng Sơn",
			"Lào Cai",
			"Long An",
			"Nam Định",
			"Nghệ An",
			"Ninh Bình",
			"Ninh Thuận",
			"Phú Thọ",
			"Phú Yên",
			"Quảng Bình",
			"Quảng Nam",
			"Quảng Ngãi",
			"Quảng Ninh",
			"Quảng Trị",
			"Sóc Trăng",
			"Sơn La",
			"Tây Ninh",
			"Thái Bình",
			"Thái Nguyên",
			"Thanh Hoá",
			"Thừa Thiên - Huế",
			"Tiền Giang",
			"Trà Vinh",
			"Tuyên Quang",
			"Vĩnh Long",
			"Vĩnh Phúc",
			"Yên Bái",
			"Hà Nội",
			"TP. Hồ Chí Minh"
		]
	},
	"url": "https://daihoc.fpt.edu.vn/nguyen-du-duy-chang-sv-ky-thuat-phan-mem-bat-mi-bi-quyet-am-hoc-bong-toan-phan-truong-f/"
}