{
	"data": {
		"title": [
			"Khai mở game \"Hộp quà bí ẩn\": 2K4 tham gia ngay để săn nhiều quà tặng hấp dẫn - Trường Đại học FPT"
		],
		"div": [
			"›\n\n›",
			"© 2024 Bản quyền thuộc về Trường Đại học FPT.",
			"Đăng ký tư vấn"
		],
		"a": [
			"Trường Đại học FPT",
			"Vietnamese",
			"English",
			"Trang chủ",
			"Giới thiệu",
			"Lịch sử thành lập",
			"Tập đoàn FPT",
			"Tổ chức giáo dục FPT",
			"Triết lý đào tạo",
			"Các giải thưởng và thành tích",
			"Ban lãnh đạo",
			"Gắn kết cộng đồng",
			"Tin tức",
			"Tin tức chung",
			"Hoạt động sinh viên",
			"Sự kiện",
			"Tuyển dụng",
			"Hướng nghiệp",
			"Ngành học",
			"Công nghệ thông tin",
			"Công nghệ ô tô số",
			"Kỹ thuật phần mềm",
			"Hệ thống thông tin",
			"Trí tuệ nhân tạo",
			"An toàn thông tin",
			"Thiết kế Mỹ thuật số",
			"Quản trị kinh doanh",
			"Tài chính",
			"Digital Marketing",
			"Kinh doanh quốc tế",
			"Quản lý Logistics & Chuỗi cung ứng toàn cầu",
			"Quản trị khách sạn",
			"Quản trị Du lịch và Lữ hành",
			"Công nghệ truyền thông",
			"Quản trị truyền thông đa phương tiện",
			"Quan hệ công chúng",
			"Ngôn ngữ Anh",
			"Ngôn ngữ Nhật",
			"Ngôn ngữ Hàn Quốc",
			"Ngôn ngữ Trung Quốc (Dự kiến)",
			"Đời sống sinh viên",
			"Một ngày tại Đại học FPT",
			"Vì sao nên học tại Đại học FPT",
			"Sự hài lòng của sinh viên",
			"Môi trường học tập",
			"Chương trình học linh hoạt",
			"Đời sống sinh viên",
			"Ký túc xá",
			"Các CLB & Cộng đồng sinh viên",
			"Các hoạt động thể thao trong trường",
			"Dịch vụ hỗ trợ",
			"Định hướng và khởi đầu",
			"Tốt nghiệp",
			"Câu chuyện sinh viên",
			"Hợp tác",
			"Ngành công nghiệp và doanh nghiệp",
			"Chương trình trao đổi sinh viên",
			"Chương trình học tập tại nước ngoài",
			"Hợp tác quốc tế",
			"Trao đổi sinh viên",
			"Học kỳ nước ngoài",
			"Các trường đại học đối tác",
			"Cựu sinh viên",
			"Cộng đồng cựu sinh viên",
			"Họ đang làm việc tại đâu",
			"Tuyển sinh",
			"Đề án tuyển sinh",
			"Tin tuyển sinh",
			"Liên hệ",
			"Đăng nhập",
			"huonght20",
			"Nữ sinh trường F trong tà áo dài ngày Xuân",
			"Gặp gỡ đội tuyển NGT’s OPEN ROBOT trước giải đấu FIRST Tech Challenge Vietnam",
			"Tỏa sáng với nghiên cứu khoa học, nữ sinh ĐH FPT khẳng định bản lĩnh và tài năng",
			"Phim ngắn “Thoi vàng chỉ ngọc” của SV ĐH FPT tại Cần Thơ được công chiếu ở Lotte Cinema",
			"SV trường ĐH FPT Hà Nội đón “tết trên bản” 2024",
			"Vietnamese",
			"English",
			"Facebook",
			"Youtube",
			"Tik Tok",
			"Hotline: (024)/(028) 73001866 - (0236)/(0292) 7301866"
		],
		"img": [
			"cropped cropped 2021 FPTU Long",
			"cropped cropped 2021 FPTU Long",
			"mini game hop qua dhfpt 03",
			"mini game hop qua dhfpt 03",
			"mini game hop qua dhfpt 02",
			"mini game hop qua dhfpt 02",
			"mini game hop qua dhfpt 04",
			"mini game hop qua dhfpt 04",
			"mini game hop qua dhfpt 02 1",
			"mini game hop qua dhfpt 02 1",
			"mini game hop qua dhfpt 07",
			"mini game hop qua dhfpt 07",
			"mini game hop qua dhfpt 06",
			"mini game hop qua dhfpt 06",
			"mini game hop qua dhfpt 08 1",
			"mini game hop qua dhfpt 08 1",
			"sinh vien dai hoc fpt 8",
			"sinh vien dai hoc fpt 8",
			"dai hoc fpt 1",
			"dai hoc fpt 1",
			"my duyen",
			"my duyen",
			"fpt 5",
			"fpt 5",
			"dai hoc fpt 1",
			"dai hoc fpt 1",
			"thông báo tuyển bổ sung",
			"thông báo tuyển bổ sung"
		],
		"p": [
			"Trang thông tin tuyển sinh chính thức của Trường Đại học FPT",
			"Tham gia minigame “Hộp quà bí ẩn”, thí sinh có cơ hội nhận quà tặng là các coupon trị giá: 20.000 VNĐ, 30.000 VNĐ, 50.000 VNĐ, 100.000 VNĐ, 200.000 VNĐquà lưu niệm là: ô, bình nước thương hiệu FPT University",
			"Khu Giáo dục và Đào tạo – Khu Công nghệ cao Hòa Lạc – Km29 Đại lộ Thăng Long, H. Thạch Thất,\nTP. Hà Nội",
			"Điện thoại: 024 7300 1866",
			"Email: daihocfpt@fpt.edu.vn",
			"Lô E2a-7, Đường D1 Khu Công nghệ cao, P. Long Thạnh Mỹ, TP. Thủ Đức, TP. Hồ Chí Minh",
			"Điện thoại: 028 7300 1866",
			"Email: daihocfpt@fpt.edu.vn",
			"Khu đô thị công nghệ FPT Đà Nẵng, P. Hoà Hải, Q. Ngũ Hành Sơn, TP. Đà Nẵng",
			"Điện thoại: 0236 730 1866",
			"Email: daihocfpt@fpt.edu.vn",
			"Số 600 Đường Nguyễn Văn Cừ (nối dài), P. An Bình, Q. Ninh Kiều, TP. Cần Thơ",
			"Điện thoại: 0292 730 1866",
			"Email: daihocfpt@fpt.edu.vn",
			"Khu đô thị mới An Phú Thịnh, Phường Nhơn Bình & Phường Đống Đa, TP. Quy\nNhơn, Bình Định",
			"Điện thoại: 0256 730 1866 /0256 7300 999",
			"Email: daihocfpt@fpt.edu.vn"
		],
		"label": [
			"Tìm kiếm",
			"Tìm kiếm"
		],
		"button": [
			"×",
			"Đăng ký",
			"Đóng"
		],
		"span": [
			"Trang chủ",
			"Tin tức chung",
			"Khai mở game “Hộp quà bí ẩn”: 2K4 tham gia ngay để săn nhiều quà tặng hấp dẫn",
			"bởi",
			"hoặc",
			".",
			"Để tham gia minigame, thí sinh cần nhập thông tin xác thực trước khi mở quà gồm: Họ tên, Số điện thoại, tên trường THPT và tỉnh thành đang học/từng học.",
			"Thí sinh nhập sai bất kỳ 1 thông tin nào trong các bước yêu cầu xác thực thì kết quả game sẽ bị huỷ. Mỗi thí sinh chỉ được nhận quà tối đa 1 lần/ngày.",
			"Thí sinh tham gia mini game trên website daihoc.fpt.edu.vn thực hiện các  bước sau để nhận quà:",
			"Bước 1: Trong thời gian mini game diễn ra khi truy cập vào website daihoc.fpt.edu.vn, thí sinh sẽ nhìn thấy màn hình hiển thị thông báo và hướng dẫn tham gia mini game.",
			"Bước 2: Thí sinh làm theo hướng dẫn trên màn hình để vào trang hiển thị nút “mở quà”",
			"Bước 3: Thí sinh điền thông tin xác thực để nhận quà",
			"Thí sinh nhập sai bất kỳ 1 thông tin nào trong các bước yêu cầu xác thực thì kết quả game sẽ bị huỷ.",
			"Bước 4: Sau khi thí sinh điền thông tin và ấn xác thực, hệ thống sẽ hiển thị quà tặng.",
			"Thí sinh nhận được quà là coupon trong chương trình dùng để nộp lệ phí tuyển sinh vào Đại học FPT năm 2022 và không có giá trị chuyển nhượng, tặng/cho hoặc quy đổi thành tiền mặt.",
			"Nhận được q",
			"uà tặng là ô hoặc bình nước, thí sinh đến trực tiếp hoặc có thể nhờ người khác nhận hộ quà tại các văn phòng tuyển sinh của Trường ĐH FPT",
			"Thí sinh sẽ nhận được SMS mã coupon qua số điện thoại đăng ký.",
			"Coupon nhận được trong chương trình dùng để nộp lệ phí tuyển sinh vào Đại học FPT năm 2022 và không có giá trị chuyển nhượng, tặng/cho hoặc quy đổi thành tiền mặt.",
			"Coupon có giá trị cộng dồn trong các đợt mở minigame và chỉ dùng để nộp lệ phí tuyển sinh vào Đại học FPT 2022.",
			"Nếu Coupon ít hơn lệ phí tuyển sinh thí sinh nộp bù phần thiếu, nếu Coupon nhiều hơn lệ phí tuyển sinh phần thừa sẽ bị hủy",
			".",
			"Coupon có thời hạn sử dụng (tính từ lúc thí sinh nhận được mã SMS xác nhận về điện thoại) như sau:",
			"20.000 VNĐ",
			"15 ngày",
			"30.000 VNĐ",
			"10 ngày",
			"50.000 VNĐ",
			"7 ngày",
			"100.000 VNĐ",
			"5 ngày",
			"200.000 VNĐ",
			"3 ngày",
			"Thí sinh sẽ nhận được SMS xác nhận quà tặng qua số điện thoại đăng ký. Nhận được q",
			"uà tặng là ô hoặc bình nước, thí sinh đến trực tiếp hoặc có thể nhờ người khác nhận hộ quà tại các văn phòng tuyển sinh của Trường ĐH FPT",
			"Thông tin đối chiếu tính hợp lệ của thí sinh được trích xuất từ dữ liệu lưu trữ trên hệ thống của Đại học FPT.",
			"Mini game có thể kết thúc trước thời gian trong mỗi đợt hoặc giảm số đợt mở nếu vượt giới hạn số lượng coupon dự kiến.",
			"Thời gian tổ chức mini game có thể thay đổi khi xảy ra điều kiện bất khả kháng và sẽ được Ban tổ chức thông báo điều chỉnh.",
			"Bài trước",
			"Bài trước:",
			"← SV ĐH FPT giành quán quân Tiki Hackathon với phần thưởng 200 triệu đồng",
			"Bài tiếp",
			"Bài tiếp:",
			"Ngành Quản trị Kinh doanh: Học gì, ở đâu, và cơ hội nghề nghiệp →"
		],
		"h1": [
			"Khai mở game “Hộp quà bí ẩn”: 2K4 tham gia ngay để săn nhiều quà tặng hấp dẫn"
		],
		"time": [
			"Thứ Tư, ngày 13 tháng 07 năm 2022",
			"13/07/2022",
			"05/02/2024",
			"05/02/2024",
			"05/02/2024",
			"02/02/2024",
			"01/02/2024"
		],
		"strong": [
			"Trường hợp 1: Săn được quà tặng là coupon:",
			"Trường hợp 2: Săn được quà tặng là bình nước hoặc ô thương hiệu FPT University:"
		],
		"em": [
			"Thí sinh tham dự mini game “Hộp quà bí ẩn” trên website daihoc.fpt.edu.vn trong thời gian từ 13.07.2022 đến 17.07.2022 có cơ hội nhận nhiều quà tặng hấp dẫn."
		],
		"b": [
			"Thể lệ chương trình như sau:",
			"Loại Coupon",
			"Thời hạn sử dụng",
			"Hãy để lại SĐT để cán bộ nhà trường hỗ trợ bạn sớm nhất nhé"
		],
		"h2": [
			"Điều hướng bài viết"
		],
		"h4": [
			"HÀ NỘI",
			"TP. HỒ CHÍ MINH",
			"ĐÀ NẴNG",
			"CẦN THƠ",
			"Quy Nhơn"
		],
		"h3": [
			"Đăng ký tư vấn"
		],
		"option": [
			"Tỉnh / Thành phố *",
			"An Giang",
			"Bà Rịa-Vũng Tàu",
			"Bắc Giang",
			"Bắc Kạn",
			"Bạc Liêu",
			"Bắc Ninh",
			"Bến Tre",
			"Bình Dương",
			"Bình Định",
			"Bình Phước",
			"Bình Thuận",
			"Cà Mau",
			"Cần Thơ",
			"Cao Bằng",
			"Cục Cảnh sát ĐKQL cư trú và DLQG về dân cư",
			"Cục Cảnh sát quản lý hành chính về trật tự xã hội",
			"Đà Nẵng",
			"Đắk Lắk",
			"Đăk Nông",
			"Điện Biên",
			"Đồng Nai",
			"Đồng Tháp",
			"Gia Lai",
			"Hà Giang",
			"Hà Nam",
			"Hà Tĩnh",
			"Hải Dương",
			"Hải Phòng",
			"Hậu Giang",
			"Hoà Bình",
			"Hưng Yên",
			"Khánh Hoà",
			"Kiên Giang",
			"Kon Tum",
			"Lai Châu",
			"Lâm Đồng",
			"Lạng Sơn",
			"Lào Cai",
			"Long An",
			"Nam Định",
			"Nghệ An",
			"Ninh Bình",
			"Ninh Thuận",
			"Phú Thọ",
			"Phú Yên",
			"Quảng Bình",
			"Quảng Nam",
			"Quảng Ngãi",
			"Quảng Ninh",
			"Quảng Trị",
			"Sóc Trăng",
			"Sơn La",
			"Tây Ninh",
			"Thái Bình",
			"Thái Nguyên",
			"Thanh Hoá",
			"Thừa Thiên - Huế",
			"Tiền Giang",
			"Trà Vinh",
			"Tuyên Quang",
			"Vĩnh Long",
			"Vĩnh Phúc",
			"Yên Bái",
			"Hà Nội",
			"TP. Hồ Chí Minh"
		]
	},
	"url": "https://daihoc.fpt.edu.vn/khai-mo-game-hop-qua-bi-an-2k4-tham-gia-ngay-de-san-nhieu-qua-tang-hap-dan/"
}