{
	"data": {
		"title": [
			"Những ý tưởng khởi nghiệp độc đáo của sinh viên Đại học FPT - Trường Đại học FPT"
		],
		"div": [
			"›\n\n›",
			"© 2024 Bản quyền thuộc về Trường Đại học FPT.",
			"Đăng ký tư vấn"
		],
		"a": [
			"Trường Đại học FPT",
			"Vietnamese",
			"English",
			"Trang chủ",
			"Giới thiệu",
			"Lịch sử thành lập",
			"Tập đoàn FPT",
			"Tổ chức giáo dục FPT",
			"Triết lý đào tạo",
			"Các giải thưởng và thành tích",
			"Ban lãnh đạo",
			"Gắn kết cộng đồng",
			"Tin tức",
			"Tin tức chung",
			"Hoạt động sinh viên",
			"Sự kiện",
			"Tuyển dụng",
			"Hướng nghiệp",
			"Ngành học",
			"Công nghệ thông tin",
			"Công nghệ ô tô số",
			"Kỹ thuật phần mềm",
			"Hệ thống thông tin",
			"Trí tuệ nhân tạo",
			"An toàn thông tin",
			"Thiết kế Mỹ thuật số",
			"Quản trị kinh doanh",
			"Tài chính",
			"Digital Marketing",
			"Kinh doanh quốc tế",
			"Quản lý Logistics & Chuỗi cung ứng toàn cầu",
			"Quản trị khách sạn",
			"Quản trị Du lịch và Lữ hành",
			"Công nghệ truyền thông",
			"Quản trị truyền thông đa phương tiện",
			"Quan hệ công chúng",
			"Ngôn ngữ Anh",
			"Ngôn ngữ Nhật",
			"Ngôn ngữ Hàn Quốc",
			"Ngôn ngữ Trung Quốc (Dự kiến)",
			"Đời sống sinh viên",
			"Một ngày tại Đại học FPT",
			"Vì sao nên học tại Đại học FPT",
			"Sự hài lòng của sinh viên",
			"Môi trường học tập",
			"Chương trình học linh hoạt",
			"Đời sống sinh viên",
			"Ký túc xá",
			"Các CLB & Cộng đồng sinh viên",
			"Các hoạt động thể thao trong trường",
			"Dịch vụ hỗ trợ",
			"Định hướng và khởi đầu",
			"Tốt nghiệp",
			"Câu chuyện sinh viên",
			"Hợp tác",
			"Ngành công nghiệp và doanh nghiệp",
			"Chương trình trao đổi sinh viên",
			"Chương trình học tập tại nước ngoài",
			"Hợp tác quốc tế",
			"Trao đổi sinh viên",
			"Học kỳ nước ngoài",
			"Các trường đại học đối tác",
			"Cựu sinh viên",
			"Cộng đồng cựu sinh viên",
			"Họ đang làm việc tại đâu",
			"Tuyển sinh",
			"Đề án tuyển sinh",
			"Tin tuyển sinh",
			"Liên hệ",
			"Đăng nhập",
			"Quỳnh",
			"Nữ sinh trường F trong tà áo dài ngày Xuân",
			"Gặp gỡ đội tuyển NGT’s OPEN ROBOT trước giải đấu FIRST Tech Challenge Vietnam",
			"Tỏa sáng với nghiên cứu khoa học, nữ sinh ĐH FPT khẳng định bản lĩnh và tài năng",
			"Phim ngắn “Thoi vàng chỉ ngọc” của SV ĐH FPT tại Cần Thơ được công chiếu ở Lotte Cinema",
			"SV trường ĐH FPT Hà Nội đón “tết trên bản” 2024",
			"Vietnamese",
			"English",
			"Facebook",
			"Youtube",
			"Tik Tok",
			"Hotline: (024)/(028) 73001866 - (0236)/(0292) 7301866"
		],
		"img": [
			"cropped cropped 2021 FPTU Long",
			"cropped cropped 2021 FPTU Long",
			"Pitching Demo Day 2",
			"Pitching Demo Day 2",
			"Pitching Demo Day 1 1",
			"Pitching Demo Day 1 1",
			"Pitching Demo Day 4",
			"Pitching Demo Day 4",
			"sinh vien dai hoc fpt 8",
			"sinh vien dai hoc fpt 8",
			"dai hoc fpt 1",
			"dai hoc fpt 1",
			"my duyen",
			"my duyen",
			"fpt 5",
			"fpt 5",
			"dai hoc fpt 1",
			"dai hoc fpt 1",
			"thông báo tuyển bổ sung",
			"thông báo tuyển bổ sung"
		],
		"p": [
			"Trang thông tin tuyển sinh chính thức của Trường Đại học FPT",
			"Pitching Demo Day (tạm dịch là gọi vốn, thuyết phục nhà đầu tư) là chương trình thuộc chuỗi môn học Trải nghiệm Khởi nghiệp nằm trong khung chương trình đào tạo của trường Đại học FPT.",
			"Bên cạnh các giảng viên khối ngành Kinh tế, sự kiện lần này có sự hiện diện của các nhà đầu tư như chị Đỗ Thu Ngân – Giám đốc Dịch vụ Tư vấn Quản trị rủi ro – Công ty TNHH Tư vấn PricewaterhouseCoopers PWC Việt Nam; Anh Trần Văn Sơn – Giám đốc Phát triển Kinh doanh – Công ty Cổ phần Trinity Group; Anh Phạm Bảo Long – Giám đốc chiến lược – Công ty Cổ phần Spaceship.",
			"Tại đây, các nhóm lần lượt trình bày các đề tài như: Jgo – Nền tảng dạy Tiếng Nhật, cung cấp các tài liệu, bài thi thử, trò chơi để giúp giải trí và giúp người học chinh phục ngôn ngữ của xứ sở mặt trời mọc. Đề tài Bi-ke Tag – thiết bị móc khoá chống trộm xe đạp và các đồ dùng khác; Yost – Ứng dụng bảo vệ trẻ em trên không gian mạng và DesMe – nền tảng cung cấp sản phẩm thủ công, kết nối các đơn vị sản xuất – vận chuyển – tiêu thụ một cách hiện đại.",
			"Những ý tưởng khởi nghiệp vô cùng độc đáo và mới lạ được các nhóm sinh viên trình bày từ ý tưởng, mô hình phát triển sản phẩm, quy mô hoạt động, hiệu quả kinh tế mang lại. Đặc biệt, các ý tưởng khởi nghiệp có triển vọng của các nhóm sinh viên sẽ có cơ hội được gọi vốn và đầu tư.",
			"Các nhóm khởi nghiệp nhận được nhiều phản hồi cũng như đánh giá, nhận xét từ các vị khách mời của chương trình. Từ đó, các bạn sẽ có thêm nhiều kiến thức, bài học để hoàn thiện hơn kế hoạch khởi nghiệp của mình.",
			"Pitching Demo Day – một hoạt động bổ ích và thiết thực, giúp sinh viên Đại học FPT có một góc nhìn đa chiều và chân thật nhất về lĩnh vực này thông qua những chia sẻ từ các vị khách mời. Họ mang đến đây những kinh nghiệm “xương máu” được tích lũy trên thương trường, những bài học đắt giá khi khởi nghiệp.",
			"Khép lại chương trình, những chia sẻ của các khách mời, những kiến thức tổng quan về thị trường và đặc biệt những phản hồi, đánh giá đối với các mô hình khởi nghiệp mà các bạn sinh viên mang đến sẽ giúp các nhóm sinh viên tham gia chương trình cũng như người tham dự sẽ có góc nhìn chân thực và chính xác nhất về lĩnh vực này.",
			"Từ học kỳ Srping 2022, môn Trải nghiệm Khởi nghiệp được đưa vào chương trình đào tạo chính quy và bắt buộc cho tất cả sinh viên Đại học FPT. Nhà trường kỳ vọng, thông qua môn học này, sinh viên được trang bị nền tảng kiến thức thực chiến về sáng tạo – khởi nghiệp, từ đó, sinh viên có tư duy nhạy bén để phát hiện và tận dụng cơ hội trong xu hướng thế giới đang thay đổi nhanh chóng, giúp sinh viên có thể khởi nghiệp ngay từ trên ghế nhà trường. Phương pháp dạy – học là tự lĩnh hội kiến thức thông qua trải nghiệm thực tế, trau dồi khả năng kiến tạo. Tiến sĩ Phan Gia Hoàng – trưởng Bộ môn Khởi nghiệp – Đại học FPT cho biết thêm: “Phương pháp đào tạo thông qua các trải nghiệm thực tế, sinh viên được tiếp cận, nhận được sự chia sẻ, hướng dẫn (mentor) của các startup founder, các quỹ đầu tư và các C-suite Level trong mạng lưới đối tác của trường Đại học FPT với các doanh nghiệp đổi mới sáng tạo”.",
			"Các nước trên thế giới cũng đã bắt đầu đưa môn Trải nghiệm Khởi nghiệp vào trường học. Việc Đại học FPT đưa môn này vào chương trình đào tạo kéo gần khoảng cách giữa doanh nghiệp và sinh viên, trau dồi cho các bạn những kiến thức và kỹ năng quý báu cho hành trình sau này. Những tấm gương khởi nghiệp thành công như cựu sinh viên Đại học FPT: Nguyễn Thế Vinh – Co Founder – Coine 98 Finace, Nguyễn Thành Trung – Founder tựa game đình đám toàn cầu Axie infinity, Trần Trung Hiếu – Fouder, CEO Top CV… đã tiếp thêm lửa cho các bạn sinh viên Đại học FPT – thế hệ khởi nghiệp kế cận. Trước đó, Đại học FPT cũng là điểm đến của nhiều doanh nghiệp trong đó có tỷ phú Tiến sĩ Serg Bell và Tiến sĩ Stanislav Protassov – những người sáng lập kỳ lân công nghệ Acronis được định giá 2,5 tỷ USD.",
			"Môn học Trải nghiệm Khởi nghiệp bám sát sứ mệnh, triết lý giáo dục và mục tiêu của nhà trường với mong muốn sẽ tạo ra một thế hệ sẵn sàng dấn thân, đương đầu với thử thách để hiện thực quá giấc mơ của mình, đưa trí tuệ Việt Nam vươn tầm thế giới.",
			"Khu Giáo dục và Đào tạo – Khu Công nghệ cao Hòa Lạc – Km29 Đại lộ Thăng Long, H. Thạch Thất,\nTP. Hà Nội",
			"Điện thoại: 024 7300 1866",
			"Email: daihocfpt@fpt.edu.vn",
			"Lô E2a-7, Đường D1 Khu Công nghệ cao, P. Long Thạnh Mỹ, TP. Thủ Đức, TP. Hồ Chí Minh",
			"Điện thoại: 028 7300 1866",
			"Email: daihocfpt@fpt.edu.vn",
			"Khu đô thị công nghệ FPT Đà Nẵng, P. Hoà Hải, Q. Ngũ Hành Sơn, TP. Đà Nẵng",
			"Điện thoại: 0236 730 1866",
			"Email: daihocfpt@fpt.edu.vn",
			"Số 600 Đường Nguyễn Văn Cừ (nối dài), P. An Bình, Q. Ninh Kiều, TP. Cần Thơ",
			"Điện thoại: 0292 730 1866",
			"Email: daihocfpt@fpt.edu.vn",
			"Khu đô thị mới An Phú Thịnh, Phường Nhơn Bình & Phường Đống Đa, TP. Quy\nNhơn, Bình Định",
			"Điện thoại: 0256 730 1866 /0256 7300 999",
			"Email: daihocfpt@fpt.edu.vn"
		],
		"label": [
			"Tìm kiếm",
			"Tìm kiếm"
		],
		"button": [
			"×",
			"Đăng ký",
			"Đóng"
		],
		"span": [
			"Trang chủ",
			"Hoạt động sinh viên",
			"Những ý tưởng khởi nghiệp độc đáo của sinh viên Đại học FPT",
			"bởi",
			"Bài trước",
			"Bài trước:",
			"← 10 phút trò chuyện cùng BLANC – quán quân bảng Digital Design, FPT Edu Color Up 2022",
			"Bài tiếp",
			"Bài tiếp:",
			"Tân khoa nói gì sau 4 năm học ở Đại học FPT? →"
		],
		"h1": [
			"Những ý tưởng khởi nghiệp độc đáo của sinh viên Đại học FPT"
		],
		"time": [
			"Thứ Sáu, ngày 29 tháng 04 năm 2022",
			"29/04/2022",
			"05/02/2024",
			"05/02/2024",
			"05/02/2024",
			"02/02/2024",
			"01/02/2024"
		],
		"strong": [
			"Ngày 28/04 vừa qua, Đại học FPT TP.HCM đã tổ chức sự kiện Pitching Demo Day tại phòng Seminar – Thư viện.",
			"Thanh Trúc"
		],
		"figcaption": [
			"Bên cạnh giao lưu và chia sẻ kiến thức, chương trình lần này còn tạo cơ hội cho sinh viên Đại học FPT dám thể hiện bản thân, mang những ước mơ khởi nghiệp ấp ủ bấy lâu trình bày với các nhà sáng lập, chuyên viên tư vấn.",
			"Pitching Demo Day diễn ra với rất nhiều ý tưởng khởi nghiệp độc đáo.",
			"Khách mời chia sẻ về những vấn đề mà ý tưởng của các bạn sinh viên đang gặp phải."
		],
		"h2": [
			"Điều hướng bài viết"
		],
		"h4": [
			"HÀ NỘI",
			"TP. HỒ CHÍ MINH",
			"ĐÀ NẴNG",
			"CẦN THƠ",
			"Quy Nhơn"
		],
		"h3": [
			"Đăng ký tư vấn"
		],
		"b": [
			"Hãy để lại SĐT để cán bộ nhà trường hỗ trợ bạn sớm nhất nhé"
		],
		"option": [
			"Tỉnh / Thành phố *",
			"An Giang",
			"Bà Rịa-Vũng Tàu",
			"Bắc Giang",
			"Bắc Kạn",
			"Bạc Liêu",
			"Bắc Ninh",
			"Bến Tre",
			"Bình Dương",
			"Bình Định",
			"Bình Phước",
			"Bình Thuận",
			"Cà Mau",
			"Cần Thơ",
			"Cao Bằng",
			"Cục Cảnh sát ĐKQL cư trú và DLQG về dân cư",
			"Cục Cảnh sát quản lý hành chính về trật tự xã hội",
			"Đà Nẵng",
			"Đắk Lắk",
			"Đăk Nông",
			"Điện Biên",
			"Đồng Nai",
			"Đồng Tháp",
			"Gia Lai",
			"Hà Giang",
			"Hà Nam",
			"Hà Tĩnh",
			"Hải Dương",
			"Hải Phòng",
			"Hậu Giang",
			"Hoà Bình",
			"Hưng Yên",
			"Khánh Hoà",
			"Kiên Giang",
			"Kon Tum",
			"Lai Châu",
			"Lâm Đồng",
			"Lạng Sơn",
			"Lào Cai",
			"Long An",
			"Nam Định",
			"Nghệ An",
			"Ninh Bình",
			"Ninh Thuận",
			"Phú Thọ",
			"Phú Yên",
			"Quảng Bình",
			"Quảng Nam",
			"Quảng Ngãi",
			"Quảng Ninh",
			"Quảng Trị",
			"Sóc Trăng",
			"Sơn La",
			"Tây Ninh",
			"Thái Bình",
			"Thái Nguyên",
			"Thanh Hoá",
			"Thừa Thiên - Huế",
			"Tiền Giang",
			"Trà Vinh",
			"Tuyên Quang",
			"Vĩnh Long",
			"Vĩnh Phúc",
			"Yên Bái",
			"Hà Nội",
			"TP. Hồ Chí Minh"
		]
	},
	"url": "https://daihoc.fpt.edu.vn/nhung-y-tuong-khoi-nghiep-doc-dao-cua-sinh-vien-dai-hoc-fpt/"
}