{
	"data": {
		"title": [
			"Giảng viên Đại học FPT tiếp tục ra mắt cuốn 3 series sách Nhật ký cô giáo - Trường Đại học FPT"
		],
		"div": [
			"›\n\n›",
			"© 2024 Bản quyền thuộc về Trường Đại học FPT.",
			"Đăng ký tư vấn"
		],
		"a": [
			"Trường Đại học FPT",
			"Vietnamese",
			"English",
			"Trang chủ",
			"Giới thiệu",
			"Lịch sử thành lập",
			"Tập đoàn FPT",
			"Tổ chức giáo dục FPT",
			"Triết lý đào tạo",
			"Các giải thưởng và thành tích",
			"Ban lãnh đạo",
			"Gắn kết cộng đồng",
			"Tin tức",
			"Tin tức chung",
			"Hoạt động sinh viên",
			"Sự kiện",
			"Tuyển dụng",
			"Hướng nghiệp",
			"Ngành học",
			"Công nghệ thông tin",
			"Công nghệ ô tô số",
			"Kỹ thuật phần mềm",
			"Hệ thống thông tin",
			"Trí tuệ nhân tạo",
			"An toàn thông tin",
			"Thiết kế Mỹ thuật số",
			"Quản trị kinh doanh",
			"Tài chính",
			"Digital Marketing",
			"Kinh doanh quốc tế",
			"Quản lý Logistics & Chuỗi cung ứng toàn cầu",
			"Quản trị khách sạn",
			"Quản trị Du lịch và Lữ hành",
			"Công nghệ truyền thông",
			"Quản trị truyền thông đa phương tiện",
			"Quan hệ công chúng",
			"Ngôn ngữ Anh",
			"Ngôn ngữ Nhật",
			"Ngôn ngữ Hàn Quốc",
			"Ngôn ngữ Trung Quốc (Dự kiến)",
			"Đời sống sinh viên",
			"Một ngày tại Đại học FPT",
			"Vì sao nên học tại Đại học FPT",
			"Sự hài lòng của sinh viên",
			"Môi trường học tập",
			"Chương trình học linh hoạt",
			"Đời sống sinh viên",
			"Ký túc xá",
			"Các CLB & Cộng đồng sinh viên",
			"Các hoạt động thể thao trong trường",
			"Dịch vụ hỗ trợ",
			"Định hướng và khởi đầu",
			"Tốt nghiệp",
			"Câu chuyện sinh viên",
			"Hợp tác",
			"Ngành công nghiệp và doanh nghiệp",
			"Chương trình trao đổi sinh viên",
			"Chương trình học tập tại nước ngoài",
			"Hợp tác quốc tế",
			"Trao đổi sinh viên",
			"Học kỳ nước ngoài",
			"Các trường đại học đối tác",
			"Cựu sinh viên",
			"Cộng đồng cựu sinh viên",
			"Họ đang làm việc tại đâu",
			"Tuyển sinh",
			"Đề án tuyển sinh",
			"Tin tuyển sinh",
			"Liên hệ",
			"Đăng nhập",
			"Quỳnh",
			"Nữ sinh trường F trong tà áo dài ngày Xuân",
			"Gặp gỡ đội tuyển NGT’s OPEN ROBOT trước giải đấu FIRST Tech Challenge Vietnam",
			"Tỏa sáng với nghiên cứu khoa học, nữ sinh ĐH FPT khẳng định bản lĩnh và tài năng",
			"Phim ngắn “Thoi vàng chỉ ngọc” của SV ĐH FPT tại Cần Thơ được công chiếu ở Lotte Cinema",
			"SV trường ĐH FPT Hà Nội đón “tết trên bản” 2024",
			"Vietnamese",
			"English",
			"Facebook",
			"Youtube",
			"Tik Tok",
			"Hotline: (024)/(028) 73001866 - (0236)/(0292) 7301866"
		],
		"img": [
			"cropped cropped 2021 FPTU Long",
			"cropped cropped 2021 FPTU Long",
			"20220727211059 16685893321541287076448",
			"20220727211059 16685893321541287076448",
			"20220727183858 16685893321441779774055",
			"20220727183858 16685893321441779774055",
			"sinh vien dai hoc fpt 8",
			"sinh vien dai hoc fpt 8",
			"dai hoc fpt 1",
			"dai hoc fpt 1",
			"my duyen",
			"my duyen",
			"fpt 5",
			"fpt 5",
			"dai hoc fpt 1",
			"dai hoc fpt 1",
			"thông báo tuyển bổ sung",
			"thông báo tuyển bổ sung"
		],
		"p": [
			"Trang thông tin tuyển sinh chính thức của Trường Đại học FPT",
			"Nhân dịp Kỷ niệm 40 năm Ngày Nhà giáo Việt Nam (20/11/1982-20/11/2022), Nhà xuất bản Tổng hợp Thành phố Hồ Chí Minh tiếp tục giới thiệu tác phẩm “Nhật ký cô giáo – Học kỳ Thu” của tác giả – giảng viên Hồ Yên Thục. Những câu chuyện hàng ngày tựa như bức tranh về giáo dục ở bậc đại học cũng hiện rõ một cách trực quan, sinh động được kể bởi cô giáo trẻ.",
			"Tiếp nối series vui nhộn:  (2019),  (2021),  tiếp tục ra mắt bạn đọc vào năm 2022 với giọng văn hài hước sẽ giúp bạn đọc giải tỏa căng thẳng sau những giờ làm việc, học tập căng thẳng bận rộn.",
			"Qua các chương như: Em có mặt là tốt rồi; Ở trường, chúng tôi nói chuyện gì?; Café không hẳn là Café; Khách, May mắn; Những đức tính tốt; Mình đang làm cái gì thế?… tác giả vẫn giữ lối kể chuyện nhẹ nhàng hài hước, cách mô tả các nhân vật rõ nét hơn hai tập trước. Ở đó có câu chuyện thật và thú vị xoay quanh nghề giáo, những tiết học trên giảng đường đại học cùng các em học trò thân yêu của cô giáo trẻ.",
			"Từ những ngày đầu làm việc còn bỡ ngỡ, cô giáo Hồ Yên Thục đã có thói quen ghi chép lại dòng cảm xúc ở trường đại học mà cô yêu thương, gọi là học quán thanh xuân. Ban đầu chỉ là những mẩu chuyện ngắn đăng facebook, dần dần cuốn nhật ký của cô dày lên và cảm xúc được chép lại cũng phong phú hơn. Càng về sau,  càng chứa đựng nhiều tình cảm cô trò, giận dỗi, tin tưởng, che chở nhau làm cho học quán nơi cô giáo làm việc hiện lên vô cùng sinh động và đong đầy tình cảm.",
			"Qua những trải nghiệm cùng các học trò trên giảng đường, cô giáo có thêm khả năng nhìn thấy vẻ đẹp trong mỗi tên đệ tử “tiểu yêu”. Nhờ đó cô luôn may mắn nhận được tình cảm yêu thương vô điều kiện của học trò, sự giúp đỡ, động viên vô tư của đồng nghiệp, giữ cho cô vững bước trên con đường sư phạm.",
			"Đồng thời, văn hóa đại học cũng được mô tả chân thực đến “lạnh người”, nơi con người rộng rãi yêu thương chăm sóc nhau từ ly café đến tận tâm chia sẻ bài giảng, nhưng nguyên tắc của nó có thể làm những kẻ lười biếng lạnh sống lưng, chẳng hạn thông cảm và trễ hạn không bao giờ được chấp nhận trong học quán của cô giáo. Cô giáo tự nhận mình có nhiều “mỡ” và kinh nghiệm qua mấy học kỳ đã biết chấp nhận học trò, bình tĩnh hơn trong đối thoại và xử lý dứt khoát 101 tình huống sư phạm chỉ khi thực chiến mới thấy. Mỗi ngày đi làm đều có niềm vui.",
			"“Nhật ký Cô giáo – Học kỳ Thu” hé lộ nội dung nhiều tiết học trong lớp của cô giáo, đề bài là gì, hoạt động của sinh viên, thể hiện quan điểm giáo dục thực tiễn của cô giáo: không chỉ hoàn thành công việc được giao mà còn hướng đến xây dựng con người hạnh phúc trong cuộc đời. Cô giáo trong tác phẩm là một nhân vật lạc quan, yêu nghề, tin người, có khả năng nhìn xấu thành đẹp, nhìn quen thành lạ. Cô giáo vẫn nhạy cảm với mọi thứ xảy ra quanh mình nhưng đã cứng rắn hơn trong cách xử lý tình huống. Nhờ đó những chuyện tưởng như bực mình trong học quán lại trở nên đáng yêu, mang đậm cảm xúc đặc thù của học quán thanh xuân này.",
			"“Tôi thật sự yêu mến sinh viên của mình. Hàng ngày được ngắm nhìn những tâm hồn trong sáng và những trái tim thơ ngây là hạnh phúc ngập tràn. Tôi thương các em vô cùng vì cuộc đời xô đẩy cho em va vấp quá sớm. Vì em đã cho tôi cảm nhận gần hết những đắng chát chua cay trong bài luận em viết. Mong rằng ngày mai trời đẹp, và những con người mong manh ấy không vỡ vụn ra khi thấy bảng điểm tôi chăm chút từng con số”, giảng viên- tác giả Hồ Yên Thục dí dỏm chia sẻ.",
			"Theo Nhịp sống kinh tế",
			"Khu Giáo dục và Đào tạo – Khu Công nghệ cao Hòa Lạc – Km29 Đại lộ Thăng Long, H. Thạch Thất,\nTP. Hà Nội",
			"Điện thoại: 024 7300 1866",
			"Email: daihocfpt@fpt.edu.vn",
			"Lô E2a-7, Đường D1 Khu Công nghệ cao, P. Long Thạnh Mỹ, TP. Thủ Đức, TP. Hồ Chí Minh",
			"Điện thoại: 028 7300 1866",
			"Email: daihocfpt@fpt.edu.vn",
			"Khu đô thị công nghệ FPT Đà Nẵng, P. Hoà Hải, Q. Ngũ Hành Sơn, TP. Đà Nẵng",
			"Điện thoại: 0236 730 1866",
			"Email: daihocfpt@fpt.edu.vn",
			"Số 600 Đường Nguyễn Văn Cừ (nối dài), P. An Bình, Q. Ninh Kiều, TP. Cần Thơ",
			"Điện thoại: 0292 730 1866",
			"Email: daihocfpt@fpt.edu.vn",
			"Khu đô thị mới An Phú Thịnh, Phường Nhơn Bình & Phường Đống Đa, TP. Quy\nNhơn, Bình Định",
			"Điện thoại: 0256 730 1866 /0256 7300 999",
			"Email: daihocfpt@fpt.edu.vn"
		],
		"label": [
			"Tìm kiếm",
			"Tìm kiếm"
		],
		"button": [
			"×",
			"Đăng ký",
			"Đóng"
		],
		"i": [
			"Nhật ký cô giáo – Học Kỳ Xuân",
			"Nhật ký cô giáo – Học Kỳ Hè",
			"Nhật ký cô giáo – Học kỳ Thu",
			"Nhật ký cô giáo",
			"Tác giả Hồ Yên Thục, Thạc sĩ Quản lý Giáo dục Đại học Portsmouth, Anh. Hiện là giảng viên giảng dạy Bộ môn Kỹ năng mềm tại trường Đại học FPT, giảng viên truyền cảm hứng do sinh viên bình chọn hai năm 2020, 2021.",
			"Cô Hồ Yên Thục đã mang thế giới workshop vào trường đại học với nhiều hoạt động sôi nổi cho sinh viên cùng tham gia. Cô cũng là người đứng sau các chương trình chăm sóc sức khỏe tinh thần, tâm sự với sinh viên như Hồ Sen chờ ai, Human Library, Tuần lễ Triết học… và hàng loạt các sự kiện talkshow khác, thu hút diễn giả và sinh viên các ngành tham gia. Các giờ dạy của cô Yên Thục thường nhấn mạnh về cảm xúc, nghệ thuật, động viên sinh viên sống hướng thượng và đi tìm chân thiện mỹ. Cô không chỉ là người dẫn đường mà còn là bạn thân của sinh viên."
		],
		"span": [
			"Trang chủ",
			"Hoạt động sinh viên",
			"Giảng viên Đại học FPT tiếp tục ra mắt cuốn 3 series sách Nhật ký cô giáo",
			"bởi",
			"Bài trước",
			"Bài trước:",
			"← Sinh viên gây quỹ từ thiện qua đêm nhạc ‘Mây’",
			"Bài tiếp",
			"Bài tiếp:",
			"Nguyễn Vũ Thái Anh: người thầy 100 điểm ở FPTU Cần Thơ →"
		],
		"h1": [
			"Giảng viên Đại học FPT tiếp tục ra mắt cuốn 3 series sách Nhật ký cô giáo"
		],
		"time": [
			"Thứ Năm, ngày 17 tháng 11 năm 2022",
			"05/02/2024",
			"05/02/2024",
			"05/02/2024",
			"02/02/2024",
			"01/02/2024"
		],
		"figcaption": [
			"Series “Nhật ký cô giáo” của giảng viên Hồ Yên Thục",
			"Tác giả hiện là giảng viên Đại học FPT"
		],
		"b": [
			"Tác giả Hồ Yên Thục",
			"Hãy để lại SĐT để cán bộ nhà trường hỗ trợ bạn sớm nhất nhé"
		],
		"h2": [
			"Điều hướng bài viết"
		],
		"h4": [
			"HÀ NỘI",
			"TP. HỒ CHÍ MINH",
			"ĐÀ NẴNG",
			"CẦN THƠ",
			"Quy Nhơn"
		],
		"h3": [
			"Đăng ký tư vấn"
		],
		"option": [
			"Tỉnh / Thành phố *",
			"An Giang",
			"Bà Rịa-Vũng Tàu",
			"Bắc Giang",
			"Bắc Kạn",
			"Bạc Liêu",
			"Bắc Ninh",
			"Bến Tre",
			"Bình Dương",
			"Bình Định",
			"Bình Phước",
			"Bình Thuận",
			"Cà Mau",
			"Cần Thơ",
			"Cao Bằng",
			"Cục Cảnh sát ĐKQL cư trú và DLQG về dân cư",
			"Cục Cảnh sát quản lý hành chính về trật tự xã hội",
			"Đà Nẵng",
			"Đắk Lắk",
			"Đăk Nông",
			"Điện Biên",
			"Đồng Nai",
			"Đồng Tháp",
			"Gia Lai",
			"Hà Giang",
			"Hà Nam",
			"Hà Tĩnh",
			"Hải Dương",
			"Hải Phòng",
			"Hậu Giang",
			"Hoà Bình",
			"Hưng Yên",
			"Khánh Hoà",
			"Kiên Giang",
			"Kon Tum",
			"Lai Châu",
			"Lâm Đồng",
			"Lạng Sơn",
			"Lào Cai",
			"Long An",
			"Nam Định",
			"Nghệ An",
			"Ninh Bình",
			"Ninh Thuận",
			"Phú Thọ",
			"Phú Yên",
			"Quảng Bình",
			"Quảng Nam",
			"Quảng Ngãi",
			"Quảng Ninh",
			"Quảng Trị",
			"Sóc Trăng",
			"Sơn La",
			"Tây Ninh",
			"Thái Bình",
			"Thái Nguyên",
			"Thanh Hoá",
			"Thừa Thiên - Huế",
			"Tiền Giang",
			"Trà Vinh",
			"Tuyên Quang",
			"Vĩnh Long",
			"Vĩnh Phúc",
			"Yên Bái",
			"Hà Nội",
			"TP. Hồ Chí Minh"
		]
	},
	"url": "https://daihoc.fpt.edu.vn/giang-vien-dai-hoc-fpt-tiep-tuc-ra-mat-cuon-3-series-sach-nhat-ky-co-giao/"
}