{
	"data": {
		"title": [
			"Trường Đại học FPT công bố tổ chức giải đấu robot quy mô toàn cầu tại Việt Nam - Trường Đại học FPT"
		],
		"div": [
			"›\n\n›",
			"© 2024 Bản quyền thuộc về Trường Đại học FPT.",
			"Đăng ký tư vấn"
		],
		"a": [
			"Trường Đại học FPT",
			"Vietnamese",
			"English",
			"Trang chủ",
			"Giới thiệu",
			"Lịch sử thành lập",
			"Tập đoàn FPT",
			"Tổ chức giáo dục FPT",
			"Triết lý đào tạo",
			"Các giải thưởng và thành tích",
			"Ban lãnh đạo",
			"Gắn kết cộng đồng",
			"Tin tức",
			"Tin tức chung",
			"Hoạt động sinh viên",
			"Sự kiện",
			"Tuyển dụng",
			"Hướng nghiệp",
			"Ngành học",
			"Công nghệ thông tin",
			"Công nghệ ô tô số",
			"Kỹ thuật phần mềm",
			"Hệ thống thông tin",
			"Trí tuệ nhân tạo",
			"An toàn thông tin",
			"Thiết kế Mỹ thuật số",
			"Quản trị kinh doanh",
			"Tài chính",
			"Digital Marketing",
			"Kinh doanh quốc tế",
			"Quản lý Logistics & Chuỗi cung ứng toàn cầu",
			"Quản trị khách sạn",
			"Quản trị Du lịch và Lữ hành",
			"Công nghệ truyền thông",
			"Quản trị truyền thông đa phương tiện",
			"Quan hệ công chúng",
			"Ngôn ngữ Anh",
			"Ngôn ngữ Nhật",
			"Ngôn ngữ Hàn Quốc",
			"Ngôn ngữ Trung Quốc (Dự kiến)",
			"Đời sống sinh viên",
			"Một ngày tại Đại học FPT",
			"Vì sao nên học tại Đại học FPT",
			"Sự hài lòng của sinh viên",
			"Môi trường học tập",
			"Chương trình học linh hoạt",
			"Đời sống sinh viên",
			"Ký túc xá",
			"Các CLB & Cộng đồng sinh viên",
			"Các hoạt động thể thao trong trường",
			"Dịch vụ hỗ trợ",
			"Định hướng và khởi đầu",
			"Tốt nghiệp",
			"Câu chuyện sinh viên",
			"Hợp tác",
			"Ngành công nghiệp và doanh nghiệp",
			"Chương trình trao đổi sinh viên",
			"Chương trình học tập tại nước ngoài",
			"Hợp tác quốc tế",
			"Trao đổi sinh viên",
			"Học kỳ nước ngoài",
			"Các trường đại học đối tác",
			"Cựu sinh viên",
			"Cộng đồng cựu sinh viên",
			"Họ đang làm việc tại đâu",
			"Tuyển sinh",
			"Đề án tuyển sinh",
			"Tin tuyển sinh",
			"Liên hệ",
			"Đăng nhập",
			"Nguyễn Thị Hồng Yến",
			"Lộ diện Top 24 đội thi xuất sắc nhất Vietnam Robotics Challenge 2023",
			"Chính thức khai mạc cuộc thi Vietnam Robotics Challenge 2023",
			"Đại học FPT phát động cuộc thi Vietnam Robotics Challenge 2023 cho học sinh THPT toàn quốc",
			"Nữ sinh trường F trong tà áo dài ngày Xuân",
			"Gặp gỡ đội tuyển NGT’s OPEN ROBOT trước giải đấu FIRST Tech Challenge Vietnam",
			"Tỏa sáng với nghiên cứu khoa học, nữ sinh ĐH FPT khẳng định bản lĩnh và tài năng",
			"Phim ngắn “Thoi vàng chỉ ngọc” của SV ĐH FPT tại Cần Thơ được công chiếu ở Lotte Cinema",
			"SV trường ĐH FPT Hà Nội đón “tết trên bản” 2024",
			"Vietnamese",
			"English",
			"Facebook",
			"Youtube",
			"Tik Tok",
			"Hotline: (024)/(028) 73001866 - (0236)/(0292) 7301866"
		],
		"img": [
			"cropped cropped 2021 FPTU Long",
			"cropped cropped 2021 FPTU Long",
			"dh fpt to chuc giai robot toan cau",
			"dh fpt to chuc giai robot toan cau",
			"dh fpt to chuc giai robot toan cau 1",
			"dh fpt to chuc giai robot toan cau 1",
			"dh fpt to chuc giai robot toan cau 2",
			"dh fpt to chuc giai robot toan cau 2",
			"dh fpt to chuc giai robot toan cau 3",
			"dh fpt to chuc giai robot toan cau 3",
			"sinh vien dai hoc fpt 8",
			"sinh vien dai hoc fpt 8",
			"dai hoc fpt 1",
			"dai hoc fpt 1",
			"my duyen",
			"my duyen",
			"fpt 5",
			"fpt 5",
			"dai hoc fpt 1",
			"dai hoc fpt 1",
			"thông báo tuyển bổ sung",
			"thông báo tuyển bổ sung"
		],
		"p": [
			"Trang thông tin tuyển sinh chính thức của Trường Đại học FPT",
			"Theo thỏa thuận hợp tác, Trường Đại học FPT sẽ tổ chức giải thi đấu robot theo thể thức và tiêu chuẩn của FIRST (Mỹ) tại Việt Nam – FIRST Tech Challenge Vietnam (FTC Vietnam) vào tháng 2/2024. Giải đấu dành cho học sinh lớp 7 đến lớp 12 trên toàn quốc, tham gia thi theo nhóm 3-15 thành viên và một cố vấn chuyên môn (mentor).",
			"Các đội có thể yêu cầu sử dụng một số trang thiết bị cơ bản giống nhau theo tiêu chuẩn quốc tế từ ban tổ chức (bộ thiết bị KIT cơ bản gồm mạch điều khiển, động cơ, cảm biến); tự do vận dụng kiến thức, kỹ năng lập trình, kết cấu cơ khí… để thiết kế sản phẩm robot giải quyết đề bài từ ban tổ chức.",
			"Năm nay, FIRST có chủ đề “Thế hệ trẻ kiến tạo tương lai” và thách thức FIRST in show. Các đội tham dự cuộc thi phải thiết kế robot có khả năng vẽ tranh, làm các công việc sáng tạo cùng con người, thậm chí, robot cũng phải biết “chơi” với máy bay giấy do các đội thi tự sáng tạo ra.",
			"Chung cuộc, FTC Vietnam sẽ chọn ra một đội xuất sắc nhất (Inspire Award) để đại diện quốc gia tham gia thi đấu tại FIRST Tech Challenge toàn cầu, tổ chức ở Mỹ vào tháng 4/2024.",
			"Để hỗ trợ cho các học sinh THCS và THPT trên toàn quốc tiếp cận giải đấu, Trường Đại học FPT tổ chức chương trình Vietnam Open Robotics Challenge (VORC) với các điểm thi và khu vực hỗ trợ tại 5 cơ sở: Hà Nội, Đà Nẵng, Quy Nhơn, Cần Thơ và TP HCM.",
			"Học sinh tại các trường trung học được huấn luyện, tham gia làm quen với robot ở dạng thức đơn giản hơn, hình thức mô phỏng trực tuyến. Các đội đạt giải cao tại các vòng thi khu vực sẽ nhận hỗ trợ bộ linh kiện robot tiêu chuẩn và kinh phí để tham gia vòng thi chính thức của FTC tại Hà Nội vào tháng 2/2024.",
			"Những năm gần đây, nhiều đội tuyển học sinh, sinh viên Việt Nam đạt thành tích tốt tại các giải đấu robot quy mô toàn cầu. Các chuyên gia đánh giá Việt Nam có sự phát triển mạnh mẽ về công nghệ thông tin, sở hữu lực lượng lao động trẻ tiềm năng, có khả năng ứng dụng những công nghệ cao như AI, Big Data… hay các ngành xu thế như chip và vi mạch bán dẫn.",
			"“Qua hoạt động thi đấu, đào tạo, trải nghiệm công nghệ nói chung và robotics theo tiêu chuẩn quốc gia, quốc tế nói riêng, học sinh, sinh viên Việt Nam sẽ có thêm nhiều cơ hội để học tập, nâng cao kiến thức, kỹ năng, khơi nguồn sức sáng tạo và tiềm năng phát triển trong lĩnh vực này”, đại diện Trường Đại học FPT chia sẻ.",
			"FIRST (For Inspiration and Recognition of Science and Technology) là một tổ chức phi lợi nhuận cho thanh niên quốc tế, được thành lập năm 1989. Tổ chức điều hành các cuộc thi FIRST Robotics Challenge, FIRST Tech Challenge, FIRST LEGO League Challenge… Hàng năm, các giải đấu của đơn vị quy tụ gần một triệu học sinh trên toàn cầu từ hơn 100 quốc gia.",
			"Vòng loại diễn ra vào chiều ngày 15/7 và Sáng ngày 16/7. Vượt của Vòng loại vô cùng gay cấn, TOP24 bước vào Vòng Bán kết chính thức lộ diện.  Chiều ngày 15/7, Round 1 đã khép lại với 11 trận đấu vô cùng căng thẳng, hấp dẫn và vô số...",
			"Chiều ngày 15/7, cuộc thi Vietnam Robotics Challenge 2023 đã chính thức khai mạc tại Trường Đại học FPT Hà Nội với sự tham gia của 66 đội chơi đến từ các trường THPT trên toàn quốc. Tham dự lễ khai mạc có các đại biểu đến từ các...",
			"Được truyền cảm hứng từ cuộc thi quốc tế FIRST Global Challenge, cuộc thi Vietnam Robotics Challenge 2023 với chủ đề “Zero Carbon” hứa hẹn sẽ mang tới loạt trận đấu robot nảy lửa giữa các tài năng trẻ đến từ nhiều trường...",
			"Khu Giáo dục và Đào tạo – Khu Công nghệ cao Hòa Lạc – Km29 Đại lộ Thăng Long, H. Thạch Thất,\nTP. Hà Nội",
			"Điện thoại: 024 7300 1866",
			"Email: daihocfpt@fpt.edu.vn",
			"Lô E2a-7, Đường D1 Khu Công nghệ cao, P. Long Thạnh Mỹ, TP. Thủ Đức, TP. Hồ Chí Minh",
			"Điện thoại: 028 7300 1866",
			"Email: daihocfpt@fpt.edu.vn",
			"Khu đô thị công nghệ FPT Đà Nẵng, P. Hoà Hải, Q. Ngũ Hành Sơn, TP. Đà Nẵng",
			"Điện thoại: 0236 730 1866",
			"Email: daihocfpt@fpt.edu.vn",
			"Số 600 Đường Nguyễn Văn Cừ (nối dài), P. An Bình, Q. Ninh Kiều, TP. Cần Thơ",
			"Điện thoại: 0292 730 1866",
			"Email: daihocfpt@fpt.edu.vn",
			"Khu đô thị mới An Phú Thịnh, Phường Nhơn Bình & Phường Đống Đa, TP. Quy\nNhơn, Bình Định",
			"Điện thoại: 0256 730 1866 /0256 7300 999",
			"Email: daihocfpt@fpt.edu.vn"
		],
		"label": [
			"Tìm kiếm",
			"Tìm kiếm"
		],
		"button": [
			"×",
			"Đăng ký",
			"Đóng"
		],
		"span": [
			"Trang chủ",
			"Sự kiện",
			"Trường Đại học FPT công bố tổ chức giải đấu robot quy mô toàn cầu tại Việt Nam",
			"bởi",
			"Bài trước",
			"Bài trước:",
			"← CLB Thể thao điện tử ĐH FPT giành giải Nhì Chung kết Quốc gia NSOC 2023",
			"Bài tiếp",
			"Bài tiếp:",
			"Đã tìm thấy chủ nhân các giải thưởng tại Liên hoan phim ngắn 5 phút mùa 2 →"
		],
		"h1": [
			"Trường Đại học FPT công bố tổ chức giải đấu robot quy mô toàn cầu tại Việt Nam"
		],
		"time": [
			"Thứ Tư, ngày 08 tháng 11 năm 2023",
			"15/11/2023",
			"05/02/2024",
			"05/02/2024",
			"05/02/2024",
			"02/02/2024",
			"01/02/2024"
		],
		"strong": [
			"Theo VnExpress"
		],
		"em": [
			"Trường Đại học FPT hợp tác với FIRST tổ chức giải đấu robot quốc tế FIRST Tech Challenge Vietnam để chọn đội khu vực đại diện tranh tài toàn cầu vào tháng 4/2024.",
			"Trường Đại học FPT",
			"Trường Đại học FPT",
			"Trường Đại học FPT",
			"Trường Đại học FPT"
		],
		"figcaption": [
			"TS. Nguyễn Xuân Phong – Phó Hiệu trưởng Trường Đại học FPT phát biểu tại lễ ký kết. Ảnh:",
			"Trường Đại học FPT ký kết hợp tác với FIRST (Mỹ). Ảnh:",
			"Trường Đại học FPT và FIRST đưa robot đến buổi lễ ký kết. Ảnh:",
			"Đội tuyển robot của các trường phổ thông tham gia thi đấu tại sự kiện. Ảnh:"
		],
		"h2": [
			"Bài viết liên quan",
			"Điều hướng bài viết"
		],
		"h3": [
			"Đăng ký tư vấn"
		],
		"h4": [
			"HÀ NỘI",
			"TP. HỒ CHÍ MINH",
			"ĐÀ NẴNG",
			"CẦN THƠ",
			"Quy Nhơn"
		],
		"b": [
			"Hãy để lại SĐT để cán bộ nhà trường hỗ trợ bạn sớm nhất nhé"
		],
		"option": [
			"Tỉnh / Thành phố *",
			"An Giang",
			"Bà Rịa-Vũng Tàu",
			"Bắc Giang",
			"Bắc Kạn",
			"Bạc Liêu",
			"Bắc Ninh",
			"Bến Tre",
			"Bình Dương",
			"Bình Định",
			"Bình Phước",
			"Bình Thuận",
			"Cà Mau",
			"Cần Thơ",
			"Cao Bằng",
			"Cục Cảnh sát ĐKQL cư trú và DLQG về dân cư",
			"Cục Cảnh sát quản lý hành chính về trật tự xã hội",
			"Đà Nẵng",
			"Đắk Lắk",
			"Đăk Nông",
			"Điện Biên",
			"Đồng Nai",
			"Đồng Tháp",
			"Gia Lai",
			"Hà Giang",
			"Hà Nam",
			"Hà Tĩnh",
			"Hải Dương",
			"Hải Phòng",
			"Hậu Giang",
			"Hoà Bình",
			"Hưng Yên",
			"Khánh Hoà",
			"Kiên Giang",
			"Kon Tum",
			"Lai Châu",
			"Lâm Đồng",
			"Lạng Sơn",
			"Lào Cai",
			"Long An",
			"Nam Định",
			"Nghệ An",
			"Ninh Bình",
			"Ninh Thuận",
			"Phú Thọ",
			"Phú Yên",
			"Quảng Bình",
			"Quảng Nam",
			"Quảng Ngãi",
			"Quảng Ninh",
			"Quảng Trị",
			"Sóc Trăng",
			"Sơn La",
			"Tây Ninh",
			"Thái Bình",
			"Thái Nguyên",
			"Thanh Hoá",
			"Thừa Thiên - Huế",
			"Tiền Giang",
			"Trà Vinh",
			"Tuyên Quang",
			"Vĩnh Long",
			"Vĩnh Phúc",
			"Yên Bái",
			"Hà Nội",
			"TP. Hồ Chí Minh"
		]
	},
	"url": "https://daihoc.fpt.edu.vn/truong-dai-hoc-fpt-cong-bo-to-chuc-giai-dau-robot-quy-mo-toan-cau-tai-viet-nam/"
}