{
	"data": {
		"title": [
			"A romantic Hoa Lac under the lens of FPT Education students – FPT University"
		],
		"div": [
			"© 2024 FPT University. All rights reserved."
		],
		"img": [
			"The signal building of Hoa Lac Campus- view from the dormitory. Sunrise in Hoa Lac is always peaceful and gentle. Picture: Truong Xuan Nguyen.",
			"A stunning view from the top of Hoa Lac Campus signal building. Photo: Kim Chi.",
			"A corner of the dormitory. Picture: Le Giang",
			"Hola (a nickname of Hoa Lac Campus called by FPT students) at night. Picture: Bui Viet Hoang",
			"Small corner of a psychology counseling center at FPT University where you are always welcome, be listened and share. Photo: Khuat Thi Hoa.",
			"Hoa Lac in a rainy and peaceful day. Author: Onces."
		],
		"a": [
			"FPT University",
			"Vietnamese",
			"English",
			"About",
			"President’s Messages",
			"FPT University",
			"Organizational Chart",
			"Faculty & Staff",
			"Recruitment Process",
			"Faculty",
			"Faculty of Business – Hanoi campus",
			"IT-related Departments",
			"Language-related Departments",
			"General Education Departments",
			"Students",
			"Admission",
			"Admission Regulations",
			"Scholarship & Financial Aids",
			"Tuition Fee",
			"Forms and Documents",
			"FAQs",
			"Student life",
			"Course Schedule",
			"Facilities",
			"Virtual Tour",
			"Program of Study",
			"Bachelor of Information Technology",
			"Software Engineering",
			"Information System",
			"Information Assurance",
			"Internet of Things",
			"Artificial Intelligence",
			"Digital Art & Design",
			"Bachelor of Business Administration",
			"Bachelor of English Studies",
			"Bachelor of Japanese Studies",
			"Bachelor of Korean Studies",
			"Syllabi",
			"News & Events",
			"Research",
			"Policy",
			"Publications",
			"Resources and Research Tools",
			"Faculty Exchange",
			"Accreditation",
			"ACBSP",
			"AQAS",
			"CDIO",
			"ISO Standards",
			"Sustainable Development",
			"Sustainable Development Policy",
			"SDGs Report",
			"Traditional Music",
			"Vovinam",
			"Documents",
			"Employee Handbook & Policies",
			"Forms & Templates for Lecturer",
			"Forms & Templates for Students",
			"Stakeholder involvement",
			"Certificates & Recognitions",
			"Student Achievement",
			"Contact",
			"Van",
			"Online Consulting: (024)/(028) 73001866"
		],
		"span": [
			"Search for:",
			"Home",
			"by",
			"Previous",
			"Previous post:",
			"← FPT University – the place where modern meets tradition",
			"Next",
			"Next post:",
			"FPT University’s library where students find peace and knowledge →"
		],
		"h1": [
			"A romantic Hoa Lac under the lens of FPT Education students"
		],
		"time": [
			"Friday, January 11th, 2019",
			"August 2, 2022"
		],
		"em": [
			"Image source: FPT University"
		],
		"strong": [
			"FPT University-Hoa Lac Campus is very famous among students because of its beautiful and modern campuses. In the eyes of FPT Education students, Hoa Lac is romantic, harmonious, and colorful."
		],
		"figcaption": [
			"The signal building of Hoa Lac Campus- view from the dormitory. Sunrise in Hoa Lac is always peaceful and gentle. Picture: Truong Xuan Nguyen",
			"A stunning view from the top of the Hoa Lac Campus signal building. Photo: Kim Chi",
			"A corner of the dormitory. Picture: Le Giang",
			"Hola (a nickname of Hoa Lac Campus called by FPT students) at night. Picture: Bui Viet Hoang",
			"“This is my favorite corner and I’ll never forget it when I leave the school,” Tran Khanh Linh- a student of FPT University said",
			"FPT Edu students in Hoa Lac have very strange hobbies such as watching flying doves, watching ducks running around the lake, watching military airplanes, etc. With them, these memories will be a part of Hola and follow them for the rest of their life",
			"Hoa Lac on windy days. Author: Pham Thang",
			"A peaceful view of the dormitory. Author: Thang Pham",
			"A small corner of a psychology counseling center at FPT University where you are always welcome to listen and shared. Photo: Khuat Thi Hoa",
			"Hoa Lac on a rainy and peaceful day. Author: Once",
			"Dining area and canteen in Hoa Lac. Author: Dang Nhat Minh",
			"An autumn afternoon after the class. Photo: Mai Anh Bao",
			"Sunset in Hoa Lac. Photo: Le Giang"
		],
		"h2": [
			"Post navigation"
		]
	},
	"url": "https://daihoc.fpt.edu.vn/en/a-romantic-hoa-lac-under-the-lens-of-fpt-education-students/"
}