{
	"data": {
		"title": [
			"Tuyển Futsal ĐH FPT khiến đối thủ rơi nước mắt trên sân đấu - Trường Đại học FPT"
		],
		"div": [
			"›\n\n›",
			"© 2024 Bản quyền thuộc về Trường Đại học FPT.",
			"Đăng ký tư vấn"
		],
		"a": [
			"Trường Đại học FPT",
			"Vietnamese",
			"English",
			"Trang chủ",
			"Giới thiệu",
			"Lịch sử thành lập",
			"Tập đoàn FPT",
			"Tổ chức giáo dục FPT",
			"Triết lý đào tạo",
			"Các giải thưởng và thành tích",
			"Ban lãnh đạo",
			"Gắn kết cộng đồng",
			"Tin tức",
			"Tin tức chung",
			"Hoạt động sinh viên",
			"Sự kiện",
			"Tuyển dụng",
			"Hướng nghiệp",
			"Ngành học",
			"Công nghệ thông tin",
			"Công nghệ ô tô số",
			"Kỹ thuật phần mềm",
			"Hệ thống thông tin",
			"Trí tuệ nhân tạo",
			"An toàn thông tin",
			"Thiết kế Mỹ thuật số",
			"Quản trị kinh doanh",
			"Tài chính",
			"Digital Marketing",
			"Kinh doanh quốc tế",
			"Quản lý Logistics & Chuỗi cung ứng toàn cầu",
			"Quản trị khách sạn",
			"Quản trị Du lịch và Lữ hành",
			"Công nghệ truyền thông",
			"Quản trị truyền thông đa phương tiện",
			"Quan hệ công chúng",
			"Ngôn ngữ Anh",
			"Ngôn ngữ Nhật",
			"Ngôn ngữ Hàn Quốc",
			"Ngôn ngữ Trung Quốc (Dự kiến)",
			"Đời sống sinh viên",
			"Một ngày tại Đại học FPT",
			"Vì sao nên học tại Đại học FPT",
			"Sự hài lòng của sinh viên",
			"Môi trường học tập",
			"Chương trình học linh hoạt",
			"Đời sống sinh viên",
			"Ký túc xá",
			"Các CLB & Cộng đồng sinh viên",
			"Các hoạt động thể thao trong trường",
			"Dịch vụ hỗ trợ",
			"Định hướng và khởi đầu",
			"Tốt nghiệp",
			"Câu chuyện sinh viên",
			"Hợp tác",
			"Ngành công nghiệp và doanh nghiệp",
			"Chương trình trao đổi sinh viên",
			"Chương trình học tập tại nước ngoài",
			"Hợp tác quốc tế",
			"Trao đổi sinh viên",
			"Học kỳ nước ngoài",
			"Các trường đại học đối tác",
			"Cựu sinh viên",
			"Cộng đồng cựu sinh viên",
			"Họ đang làm việc tại đâu",
			"Tuyển sinh",
			"Đề án tuyển sinh",
			"Tin tuyển sinh",
			"Liên hệ",
			"Đăng nhập",
			"Phạm Thị Phương",
			"Nữ sinh trường F trong tà áo dài ngày Xuân",
			"Gặp gỡ đội tuyển NGT’s OPEN ROBOT trước giải đấu FIRST Tech Challenge Vietnam",
			"Tỏa sáng với nghiên cứu khoa học, nữ sinh ĐH FPT khẳng định bản lĩnh và tài năng",
			"Phim ngắn “Thoi vàng chỉ ngọc” của SV ĐH FPT tại Cần Thơ được công chiếu ở Lotte Cinema",
			"SV trường ĐH FPT Hà Nội đón “tết trên bản” 2024",
			"Vietnamese",
			"English",
			"Facebook",
			"Youtube",
			"Tik Tok",
			"Hotline: (024)/(028) 73001866 - (0236)/(0292) 7301866"
		],
		"img": [
			"cropped cropped 2021 FPTU Long",
			"cropped cropped 2021 FPTU Long",
			"sinh vien dai hoc fpt 8",
			"sinh vien dai hoc fpt 8",
			"dai hoc fpt 1",
			"dai hoc fpt 1",
			"my duyen",
			"my duyen",
			"fpt 5",
			"fpt 5",
			"dai hoc fpt 1",
			"dai hoc fpt 1",
			"thông báo tuyển bổ sung",
			"thông báo tuyển bổ sung"
		],
		"p": [
			"Trang thông tin tuyển sinh chính thức của Trường Đại học FPT",
			"Trận Tứ kết 4: Đại học FPT – Đại học Kỹ thuật Công nghiệp ĐHTN diễn ra từ 18:00 – 19:00, ngày 04/5/2018 tại NTĐ ĐH Bách Khoa được đánh giá là gay cấn, hấp dẫn nhất của ngày thi đấu đầu tiên vòng chùng kết Futsal toàn quốc.",
			"Nhập cuộc đầy tự tin, tuyển Futsal ĐH FPT đã liên tiếp gây sóng gió cho khung thành của đội bạn. Phút thứ 12, Khắc Chung đã ghi bàn.",
			"Dẫn trước 1-0, các cầu thủ ĐH FPT tỏ rõ lối chơi lấn lướt của mình. Tuy nhiên sự phòng thủ chặt chẽ của đại diện đến từ Thái Nguyên, các chú cóc không thể ghi thêm bàn thắng trong hiệp 1.",
			"Trong 5 phút đầu hiệp 2, cầu thủ mang áo số 4 – Sơn Hải (ĐH KTCN Thái Nguyên) bất ngờ ghi 2 bàn liên tiếp khiến thủ môn Minh Trí phải vào lưới nhặt bóng trong nuối tiếc. ĐH FPT từ thế thắng chuyển sang bị đội bạn dẫn trước với tỉ số 2-0.",
			"Trong trận tứ kết 4, không chỉ diễn ra cuộc chiến của những chân sút mà cuộc chiến trên khán đài cũng khốc liệt không kém. Các cổ động viên 2 đội thi nhau hò hét, cổ vũ nhiệt tình.",
			"Với một lần vươn lên dẫn trước, những tưởng ĐH Kỹ thuật Côg nghiệp Thái Nguyên sẽ tạo ra bất ngờ trước nhà vô địch khu vực Hà Nội thì FPT lại cho thấy sự già giơ trong lối chơi.",
			"5 phút sau bàn thắng của đội bạn, cầu thủ Đức Long với cú sút xa hiểm hóc đã hạ đo ván thủ môn ĐH KTCN Thái Nguyên giúp tuyển FPTU lấy lại thế cân bằng 2-2. Một màn rượt đuổi điểm số đầy kịch tính.",
			"Liên tiếp sau đó 3 bàn thắng lần lượt được ghi bởi các cầu thủ Khắc Tuấn, Minh trí, Việt Thắng ấn định tỉ số 5-2, chứng tỏ sức mạnh, uy lực của những chú cóc FPTU. Trong đó đáng chú ý là bàn thắng của thủ môn Minh Trí. Đây là lần thứ 2 anh ghi được bàn thắng trong mùa giải VUG 2018.",
			"Nếu như hiệp 1 và những phút đầu hiệp 2 là sự phòng thủ chặt chẽ của đại diện đến từ Thái Nguyên thì những phút cuối trận họ tỏ rõ mình còn khá “non” kinh nghiệm trong sân chơi VUG. Những giọt nước mắt của các cầu thủ ĐH Thái Nguyễn đã rơi xuống trước bản lĩnh, lối chơi xông xáo của những chú cóc.",
			"Với kết quả này, ĐH FPT giành tấm vé vào bán kết – chạm trán với ĐH Văn Hiến vào 15h20 ngày 5/5.",
			"Thanh Long",
			"Khu Giáo dục và Đào tạo – Khu Công nghệ cao Hòa Lạc – Km29 Đại lộ Thăng Long, H. Thạch Thất,\nTP. Hà Nội",
			"Điện thoại: 024 7300 1866",
			"Email: daihocfpt@fpt.edu.vn",
			"Lô E2a-7, Đường D1 Khu Công nghệ cao, P. Long Thạnh Mỹ, TP. Thủ Đức, TP. Hồ Chí Minh",
			"Điện thoại: 028 7300 1866",
			"Email: daihocfpt@fpt.edu.vn",
			"Khu đô thị công nghệ FPT Đà Nẵng, P. Hoà Hải, Q. Ngũ Hành Sơn, TP. Đà Nẵng",
			"Điện thoại: 0236 730 1866",
			"Email: daihocfpt@fpt.edu.vn",
			"Số 600 Đường Nguyễn Văn Cừ (nối dài), P. An Bình, Q. Ninh Kiều, TP. Cần Thơ",
			"Điện thoại: 0292 730 1866",
			"Email: daihocfpt@fpt.edu.vn",
			"Khu đô thị mới An Phú Thịnh, Phường Nhơn Bình & Phường Đống Đa, TP. Quy\nNhơn, Bình Định",
			"Điện thoại: 0256 730 1866 /0256 7300 999",
			"Email: daihocfpt@fpt.edu.vn"
		],
		"label": [
			"Tìm kiếm",
			"Tìm kiếm"
		],
		"button": [
			"×",
			"Đăng ký",
			"Đóng"
		],
		"span": [
			"Trang chủ",
			"Hoạt động sinh viên",
			"Tuyển Futsal ĐH FPT khiến đối thủ rơi nước mắt trên sân đấu",
			"bởi",
			"FPTU và TNUT cùng nhau tạo nên 1 trận đấu nhiều cảm xúc nhất trong ngày 4/5.",
			"Với lối chơi áp sát, đeo bám quyết liệt của các cầu thủ áo cam, họ chứng tỏ mình không phải là đối thủ “dễ xơi” của các cầu thủ đến từ đất chè.",
			"Bài trước",
			"Bài trước:",
			"← Sinh viên ngành Ngôn ngữ Nhật tự tin bảo vệ tốt nghiệp",
			"Bài tiếp",
			"Bài tiếp:",
			"Sinh viên ĐH FPT tránh xa ồn ào phố thị →"
		],
		"h1": [
			"Tuyển Futsal ĐH FPT khiến đối thủ rơi nước mắt trên sân đấu"
		],
		"time": [
			"Thứ Bảy, ngày 05 tháng 05 năm 2018",
			"04/05/2018",
			"05/02/2024",
			"05/02/2024",
			"05/02/2024",
			"02/02/2024",
			"01/02/2024"
		],
		"strong": [
			"ĐH FPT trở thành hi vọng duy nhất giữ chiếc cup vô địch Futsal toàn quốc ở lại với Thủ đô khi 3 cái tên khác bước vào Bán kết đều thuộc khu vực miền Nam: ĐH Sài Gòn, ĐH Cần Thơ và ĐH Văn Hiến."
		],
		"h2": [
			"Điều hướng bài viết"
		],
		"h4": [
			"HÀ NỘI",
			"TP. HỒ CHÍ MINH",
			"ĐÀ NẴNG",
			"CẦN THƠ",
			"Quy Nhơn"
		],
		"h3": [
			"Đăng ký tư vấn"
		],
		"b": [
			"Hãy để lại SĐT để cán bộ nhà trường hỗ trợ bạn sớm nhất nhé"
		],
		"option": [
			"Tỉnh / Thành phố *",
			"An Giang",
			"Bà Rịa-Vũng Tàu",
			"Bắc Giang",
			"Bắc Kạn",
			"Bạc Liêu",
			"Bắc Ninh",
			"Bến Tre",
			"Bình Dương",
			"Bình Định",
			"Bình Phước",
			"Bình Thuận",
			"Cà Mau",
			"Cần Thơ",
			"Cao Bằng",
			"Cục Cảnh sát ĐKQL cư trú và DLQG về dân cư",
			"Cục Cảnh sát quản lý hành chính về trật tự xã hội",
			"Đà Nẵng",
			"Đắk Lắk",
			"Đăk Nông",
			"Điện Biên",
			"Đồng Nai",
			"Đồng Tháp",
			"Gia Lai",
			"Hà Giang",
			"Hà Nam",
			"Hà Tĩnh",
			"Hải Dương",
			"Hải Phòng",
			"Hậu Giang",
			"Hoà Bình",
			"Hưng Yên",
			"Khánh Hoà",
			"Kiên Giang",
			"Kon Tum",
			"Lai Châu",
			"Lâm Đồng",
			"Lạng Sơn",
			"Lào Cai",
			"Long An",
			"Nam Định",
			"Nghệ An",
			"Ninh Bình",
			"Ninh Thuận",
			"Phú Thọ",
			"Phú Yên",
			"Quảng Bình",
			"Quảng Nam",
			"Quảng Ngãi",
			"Quảng Ninh",
			"Quảng Trị",
			"Sóc Trăng",
			"Sơn La",
			"Tây Ninh",
			"Thái Bình",
			"Thái Nguyên",
			"Thanh Hoá",
			"Thừa Thiên - Huế",
			"Tiền Giang",
			"Trà Vinh",
			"Tuyên Quang",
			"Vĩnh Long",
			"Vĩnh Phúc",
			"Yên Bái",
			"Hà Nội",
			"TP. Hồ Chí Minh"
		]
	},
	"url": "https://daihoc.fpt.edu.vn/tuyen-futsal-dh-fpt-khien-doi-thu-roi-nuoc-mat-tiec-nuoi/"
}