{
	"data": {
		"title": [
			"Alumni - Trang 4 trên 5 - Trường Đại học FPT"
		],
		"div": [
			"© 2024 Bản quyền thuộc về Trường Đại học FPT.",
			"Đăng ký tư vấn"
		],
		"a": [
			"Trường Đại học FPT",
			"Vietnamese",
			"English",
			"Trang chủ",
			"Giới thiệu",
			"Lịch sử thành lập",
			"Tập đoàn FPT",
			"Tổ chức giáo dục FPT",
			"Triết lý đào tạo",
			"Các giải thưởng và thành tích",
			"Ban lãnh đạo",
			"Gắn kết cộng đồng",
			"Tin tức",
			"Tin tức chung",
			"Hoạt động sinh viên",
			"Sự kiện",
			"Tuyển dụng",
			"Hướng nghiệp",
			"Ngành học",
			"Công nghệ thông tin",
			"Công nghệ ô tô số",
			"Kỹ thuật phần mềm",
			"Hệ thống thông tin",
			"Trí tuệ nhân tạo",
			"An toàn thông tin",
			"Thiết kế Mỹ thuật số",
			"Quản trị kinh doanh",
			"Tài chính",
			"Digital Marketing",
			"Kinh doanh quốc tế",
			"Quản lý Logistics & Chuỗi cung ứng toàn cầu",
			"Quản trị khách sạn",
			"Quản trị Du lịch và Lữ hành",
			"Công nghệ truyền thông",
			"Quản trị truyền thông đa phương tiện",
			"Quan hệ công chúng",
			"Ngôn ngữ Anh",
			"Ngôn ngữ Nhật",
			"Ngôn ngữ Hàn Quốc",
			"Ngôn ngữ Trung Quốc (Dự kiến)",
			"Đời sống sinh viên",
			"Một ngày tại Đại học FPT",
			"Vì sao nên học tại Đại học FPT",
			"Sự hài lòng của sinh viên",
			"Môi trường học tập",
			"Chương trình học linh hoạt",
			"Đời sống sinh viên",
			"Ký túc xá",
			"Các CLB & Cộng đồng sinh viên",
			"Các hoạt động thể thao trong trường",
			"Dịch vụ hỗ trợ",
			"Định hướng và khởi đầu",
			"Tốt nghiệp",
			"Câu chuyện sinh viên",
			"Hợp tác",
			"Ngành công nghiệp và doanh nghiệp",
			"Chương trình trao đổi sinh viên",
			"Chương trình học tập tại nước ngoài",
			"Hợp tác quốc tế",
			"Trao đổi sinh viên",
			"Học kỳ nước ngoài",
			"Các trường đại học đối tác",
			"Cựu sinh viên",
			"Cộng đồng cựu sinh viên",
			"Họ đang làm việc tại đâu",
			"Tuyển sinh",
			"Đề án tuyển sinh",
			"Tin tuyển sinh",
			"Liên hệ",
			"Đăng nhập",
			"Hoa khôi Đại học FPT hóa cô đồng xinh đẹp",
			"Nguyễn Thị Hồng Yến",
			"Cơ hội trải nghiệm của sinh viên ĐH FPT từ góc nhìn cựu sinh viên",
			"Nguyễn Thị Hồng Yến",
			"Ấn tượng về thành công của chị gái, hai người em song sinh quyết tâm theo đuổi ngành Trí tuệ nhân tạo ĐH FPT",
			"Nguyễn Thị Hồng Yến",
			"Cựu sinh viên ngành Kỹ thuật phần mềm ở Đại học FPT “đỉnh” như thế nào?",
			"Nguyễn Thị Hồng Yến",
			"Học bổng Chevening của Chính phủ Anh gọi tên Nguyễn Thu Thảo, cựu sinh viên ĐH FPT",
			"Nguyễn Thị Hồng Yến",
			"Tốt nghiệp Đại học FPT xong không chịu đi làm vì bận ở nhà mở công ty",
			"Nguyễn Thị Hồng Yến",
			"Cóc Quản trị kinh doanh nói gì sau 4 năm Đại học FPT",
			"Nguyễn Thị Hồng Yến",
			"Câu chuyện chinh phục ước mơ trời Anh của chàng cựu sinh viên Đại học FPT.",
			"Nguyễn Thị Hồng Yến",
			"Đường đến thành công của chàng cựu sinh viên từng 2 lần đạt danh hiệu “Cóc Vàng”",
			"Nguyễn Thị Hồng Yến",
			"1",
			"3",
			"5",
			"Facebook",
			"Youtube",
			"Tik Tok",
			"Hotline: (024)/(028) 73001866 - (0236)/(0292) 7301866"
		],
		"img": [
			"cropped cropped 2021 FPTU Long",
			"cropped cropped 2021 FPTU Long",
			"Hoa khôi Đại học FPT hóa cô đồng xinh đẹp",
			"Hoa khôi Đại học FPT hóa cô đồng xinh đẹp",
			"Cơ hội  trải nghiệm của sinh viên ĐH FPT từ góc nhìn cựu  sinh viên",
			"Cơ hội  trải nghiệm của sinh viên ĐH FPT từ góc nhìn cựu  sinh viên",
			"Ấn tượng về thành công của chị gái, hai người em song sinh quyết tâm theo đuổi ngành Trí tuệ nhân tạo ĐH FPT",
			"Ấn tượng về thành công của chị gái, hai người em song sinh quyết tâm theo đuổi ngành Trí tuệ nhân tạo ĐH FPT",
			"Cựu sinh viên ngành Kỹ thuật phần mềm ở Đại học FPT “đỉnh” như thế nào?",
			"Cựu sinh viên ngành Kỹ thuật phần mềm ở Đại học FPT “đỉnh” như thế nào?",
			"Học bổng Chevening của Chính phủ Anh gọi tên Nguyễn Thu Thảo, cựu sinh viên ĐH FPT",
			"Học bổng Chevening của Chính phủ Anh gọi tên Nguyễn Thu Thảo, cựu sinh viên ĐH FPT",
			"Tốt nghiệp Đại học FPT xong không chịu đi làm vì bận ở nhà mở công ty",
			"Tốt nghiệp Đại học FPT xong không chịu đi làm vì bận ở nhà mở công ty",
			"Cóc Quản trị kinh doanh nói gì sau 4 năm Đại học FPT",
			"Cóc Quản trị kinh doanh nói gì sau 4 năm Đại học FPT",
			"Câu chuyện chinh phục ước mơ trời Anh của chàng cựu sinh viên Đại học FPT.",
			"Câu chuyện chinh phục ước mơ trời Anh của chàng cựu sinh viên Đại học FPT.",
			"Đường đến thành công của chàng cựu sinh viên từng 2 lần đạt danh hiệu “Cóc Vàng”",
			"Đường đến thành công của chàng cựu sinh viên từng 2 lần đạt danh hiệu “Cóc Vàng”",
			"thông báo tuyển bổ sung",
			"thông báo tuyển bổ sung"
		],
		"p": [
			"Trang thông tin tuyển sinh chính thức của Trường Đại học FPT",
			"Khu Giáo dục và Đào tạo – Khu Công nghệ cao Hòa Lạc – Km29 Đại lộ Thăng Long, H. Thạch Thất,\nTP. Hà Nội",
			"Điện thoại: 024 7300 1866",
			"Email: daihocfpt@fpt.edu.vn",
			"Lô E2a-7, Đường D1 Khu Công nghệ cao, P. Long Thạnh Mỹ, TP. Thủ Đức, TP. Hồ Chí Minh",
			"Điện thoại: 028 7300 1866",
			"Email: daihocfpt@fpt.edu.vn",
			"Khu đô thị công nghệ FPT Đà Nẵng, P. Hoà Hải, Q. Ngũ Hành Sơn, TP. Đà Nẵng",
			"Điện thoại: 0236 730 1866",
			"Email: daihocfpt@fpt.edu.vn",
			"Số 600 Đường Nguyễn Văn Cừ (nối dài), P. An Bình, Q. Ninh Kiều, TP. Cần Thơ",
			"Điện thoại: 0292 730 1866",
			"Email: daihocfpt@fpt.edu.vn",
			"Khu đô thị mới An Phú Thịnh, Phường Nhơn Bình & Phường Đống Đa, TP. Quy\nNhơn, Bình Định",
			"Điện thoại: 0256 730 1866 /0256 7300 999",
			"Email: daihocfpt@fpt.edu.vn"
		],
		"label": [
			"Tìm kiếm"
		],
		"button": [
			"×",
			"Đăng ký",
			"Đóng"
		],
		"h1": [
			"Alumni"
		],
		"h3": [
			"Đăng ký tư vấn"
		],
		"span": [
			"bởi",
			"bởi",
			"bởi",
			"bởi",
			"bởi",
			"bởi",
			"bởi",
			"bởi",
			"bởi",
			"…",
			"4"
		],
		"time": [
			"05/05/2021",
			"24/06/2022",
			"05/05/2021",
			"24/06/2022",
			"12/09/2020",
			"11/09/2020",
			"25/08/2020",
			"11/05/2022",
			"23/08/2020",
			"24/08/2020",
			"17/06/2020",
			"16/06/2020",
			"26/04/2020",
			"11/05/2022",
			"16/04/2020",
			"08/06/2022",
			"22/03/2020"
		],
		"h2": [
			"Điều hướng bài viết"
		],
		"h4": [
			"HÀ NỘI",
			"TP. HỒ CHÍ MINH",
			"ĐÀ NẴNG",
			"CẦN THƠ",
			"Quy Nhơn"
		],
		"b": [
			"Hãy để lại SĐT để cán bộ nhà trường hỗ trợ bạn sớm nhất nhé"
		],
		"option": [
			"Tỉnh / Thành phố *",
			"An Giang",
			"Bà Rịa-Vũng Tàu",
			"Bắc Giang",
			"Bắc Kạn",
			"Bạc Liêu",
			"Bắc Ninh",
			"Bến Tre",
			"Bình Dương",
			"Bình Định",
			"Bình Phước",
			"Bình Thuận",
			"Cà Mau",
			"Cần Thơ",
			"Cao Bằng",
			"Cục Cảnh sát ĐKQL cư trú và DLQG về dân cư",
			"Cục Cảnh sát quản lý hành chính về trật tự xã hội",
			"Đà Nẵng",
			"Đắk Lắk",
			"Đăk Nông",
			"Điện Biên",
			"Đồng Nai",
			"Đồng Tháp",
			"Gia Lai",
			"Hà Giang",
			"Hà Nam",
			"Hà Tĩnh",
			"Hải Dương",
			"Hải Phòng",
			"Hậu Giang",
			"Hoà Bình",
			"Hưng Yên",
			"Khánh Hoà",
			"Kiên Giang",
			"Kon Tum",
			"Lai Châu",
			"Lâm Đồng",
			"Lạng Sơn",
			"Lào Cai",
			"Long An",
			"Nam Định",
			"Nghệ An",
			"Ninh Bình",
			"Ninh Thuận",
			"Phú Thọ",
			"Phú Yên",
			"Quảng Bình",
			"Quảng Nam",
			"Quảng Ngãi",
			"Quảng Ninh",
			"Quảng Trị",
			"Sóc Trăng",
			"Sơn La",
			"Tây Ninh",
			"Thái Bình",
			"Thái Nguyên",
			"Thanh Hoá",
			"Thừa Thiên - Huế",
			"Tiền Giang",
			"Trà Vinh",
			"Tuyên Quang",
			"Vĩnh Long",
			"Vĩnh Phúc",
			"Yên Bái",
			"Hà Nội",
			"TP. Hồ Chí Minh"
		]
	},
	"url": "https://daihoc.fpt.edu.vn/chuyen-muc/alumni/page/4/"
}