{
	"data": {
		"title": [
			"Thí sinh \"chắc suất\" vào ĐH FPT nhờ nộp hồ sơ sớm sử dụng điểm học bạ - Trường Đại học FPT"
		],
		"div": [
			"© 2024 Bản quyền thuộc về Trường Đại học FPT.",
			"Đăng ký tư vấn"
		],
		"a": [
			"Trường Đại học FPT",
			"Vietnamese",
			"English",
			"Trang chủ",
			"Giới thiệu",
			"Lịch sử thành lập",
			"Tập đoàn FPT",
			"Tổ chức giáo dục FPT",
			"Triết lý đào tạo",
			"Các giải thưởng và thành tích",
			"Ban lãnh đạo",
			"Gắn kết cộng đồng",
			"Tin tức",
			"Tin tức chung",
			"Hoạt động sinh viên",
			"Sự kiện",
			"Tuyển dụng",
			"Hướng nghiệp",
			"Ngành học",
			"Công nghệ thông tin",
			"Công nghệ ô tô số",
			"Kỹ thuật phần mềm",
			"Hệ thống thông tin",
			"Trí tuệ nhân tạo",
			"An toàn thông tin",
			"Thiết kế Mỹ thuật số",
			"Quản trị kinh doanh",
			"Tài chính",
			"Digital Marketing",
			"Kinh doanh quốc tế",
			"Quản lý Logistics & Chuỗi cung ứng toàn cầu",
			"Quản trị khách sạn",
			"Quản trị Du lịch và Lữ hành",
			"Công nghệ truyền thông",
			"Quản trị truyền thông đa phương tiện",
			"Quan hệ công chúng",
			"Ngôn ngữ Anh",
			"Ngôn ngữ Nhật",
			"Ngôn ngữ Hàn Quốc",
			"Ngôn ngữ Trung Quốc (Dự kiến)",
			"Đời sống sinh viên",
			"Một ngày tại Đại học FPT",
			"Vì sao nên học tại Đại học FPT",
			"Sự hài lòng của sinh viên",
			"Môi trường học tập",
			"Chương trình học linh hoạt",
			"Đời sống sinh viên",
			"Ký túc xá",
			"Các CLB & Cộng đồng sinh viên",
			"Các hoạt động thể thao trong trường",
			"Dịch vụ hỗ trợ",
			"Định hướng và khởi đầu",
			"Tốt nghiệp",
			"Câu chuyện sinh viên",
			"Hợp tác",
			"Ngành công nghiệp và doanh nghiệp",
			"Chương trình trao đổi sinh viên",
			"Chương trình học tập tại nước ngoài",
			"Hợp tác quốc tế",
			"Trao đổi sinh viên",
			"Học kỳ nước ngoài",
			"Các trường đại học đối tác",
			"Cựu sinh viên",
			"Cộng đồng cựu sinh viên",
			"Họ đang làm việc tại đâu",
			"Tuyển sinh",
			"Đề án tuyển sinh",
			"Tin tuyển sinh",
			"Liên hệ",
			"Đăng nhập",
			"Nguyễn Thị Hồng Yến",
			"Đại học FPT thông báo tuyển sinh Hệ đại học chính quy năm 2023",
			"Bố mẹ yên tâm khi con sớm đăng ký tuyển sinh vào Đại học bằng xếp hạng SchoolRank",
			"Hướng dẫn đăng ký tuyển sinh Đại học FPT theo xếp hạng học sinh THPT 2023",
			"Nữ sinh trường F trong tà áo dài ngày Xuân",
			"Gặp gỡ đội tuyển NGT’s OPEN ROBOT trước giải đấu FIRST Tech Challenge Vietnam",
			"Tỏa sáng với nghiên cứu khoa học, nữ sinh ĐH FPT khẳng định bản lĩnh và tài năng",
			"Phim ngắn “Thoi vàng chỉ ngọc” của SV ĐH FPT tại Cần Thơ được công chiếu ở Lotte Cinema",
			"SV trường ĐH FPT Hà Nội đón “tết trên bản” 2024",
			"Vietnamese",
			"English",
			"Facebook",
			"Youtube",
			"Tik Tok",
			"Hotline: (024)/(028) 73001866 - (0236)/(0292) 7301866"
		],
		"img": [
			"cropped cropped 2021 FPTU Long",
			"cropped cropped 2021 FPTU Long",
			"tuyen sinh som bang hoc ba dh fpt",
			"tuyen sinh som bang hoc ba dh fpt",
			"tuyen sinh som bang hoc ba dh fpt 1",
			"tuyen sinh som bang hoc ba dh fpt 1",
			"tuyen sinh som bang hoc ba dh fpt 2",
			"tuyen sinh som bang hoc ba dh fpt 2",
			"sinh vien dai hoc fpt 8",
			"sinh vien dai hoc fpt 8",
			"dai hoc fpt 1",
			"dai hoc fpt 1",
			"my duyen",
			"my duyen",
			"fpt 5",
			"fpt 5",
			"dai hoc fpt 1",
			"dai hoc fpt 1",
			"thông báo tuyển bổ sung",
			"thông báo tuyển bổ sung"
		],
		"p": [
			"Trang thông tin tuyển sinh chính thức của Trường Đại học FPT",
			"Tận dụng cơ hội nộp hồ sơ bằng điểm học bạ, bạn Trịnh Đình Quang, học sinh lớp 12 chuyên Toán, Trường THPT chuyên Biên Hòa (Hà Nam) đã sớm xác định sẽ thành sinh viên của ngôi trường mà bạn mơ ước – Đại học FPT ngay từ đầu tháng 3.",
			"Theo bảng xếp hạng SchoolRank, Quang xuất sắc lọt Top 10% học sinh THPT có điểm học bạ cao nhất cả nước, đủ điều kiện xét tuyển vào Đại học FPT (điều kiện xét tuyển vào Đại học FPT năm 2023 là đạt Top40 SchoolRank hoặc nếu là thế hệ đầu tiên trong gia đình đi học đại học thì chỉ cần đạt Top50 SchoolRank). Từ đó đến nay, chuẩn bị cho kỳ thi tốt nghiệp THPT 2023, Quang không còn áp lực hay lo lắng về điểm số, bởi chỉ cần đỗ tốt nghiệp là anh chàng đã có thể xách ba lô lên và đi nhập học Đại học FPT.",
			"“Mình thấy nộp hồ sơ bằng phương thức xét xếp hạng học sinh THPT 2023 SchoolRank theo điểm học bạ khá tối ưu khi sử dụng kết quả có sẵn chứ không cần đợi điểm thi tốt nghiệp. Sức ép từ kỳ thi lớn như tốt nghiệp THPT hay các kỳ thi đánh giá năng lực có thể khiến mình không đạt được phong độ cần thiết, trong khi hồ sơ học bạ sẽ dựa trên cả quá trình. Việc nắm chắc “tấm vé” vào đại học bằng học bạ cũng giúp mình có tâm lý tốt hơn để hoàn thành tốt kỳ thi tốt nghiệp, vậy nên không có lý do gì để mình bỏ lỡ cơ hội nộp hồ sơ bằng phương thức này vào Đại học FPT”, Quang chia sẻ.",
			"Nhờ nộp hồ sơ bằng phương thức xét xếp hạng học sinh THPT 2023 SchoolRank theo điểm học bạ mà trong lúc bạn bè còn thấp thỏm chờ thi, đợi điểm tốt nghiệp THPT để xét nguyện vọng, Quang đã an tâm chuẩn bị tinh thần cho chuyên ngành Kỹ thuật phần mềm tại ĐH FPT. Thay vì áp lực ôn thi, lo nghĩ tỷ lệ chọi cao, ngay từ bây giờ nam sinh đã có thời gian để trau dồi ngoại ngữ, kỹ năng mềm… trước khi chính thức bước vào giảng đường đại học.",
			"Cũng như Quang, ngày càng nhiều sĩ tử 2K5 quan tâm, lựa chọn nộp hồ sơ bằng phương thức xét xếp hạng học sinh THPT 2023 SchoolRank theo điểm học bạ vào Đại học vì nhiều ưu điểm như: chủ động về thời gian đăng ký, tiết kiệm chi phí, thủ tục nhanh gọn, vừa giảm áp lực thi cử vừa tăng cơ hội học tập đúng trường đúng ngành mình thích…",
			"Tại ĐH FPT, thí sinh đủ điều kiện đầu vào năm 2023 khi điểm tổng kết 9 môn cơ bản lớp 11 và học kỳ I lớp 12 thuộc top 40 trên công cụ xếp hạng Schoolrank hoặc Top50 Schoolrank nếu là thế hệ đầu tiên trong gia đình đi học đại học. Đây là một bảng xếp hạng độc lập do ĐH FPT phát triển, giúp học sinh biết mình nằm trong top bao nhiêu % so với học sinh THPT trên toàn quốc. Để tra cứu thứ hạng, thí sinh truy cập trang web schoolrank.fpt.edu.vn, nhập thông tin điểm học bạ và nhận kết quả (giấy chứng nhận xếp hạng) trả về qua email.",
			"Đại diện trường ĐH FPT chia sẻ, việc chuẩn bị và nộp hồ sơ học bạ sớm cũng là một lợi thế giúp thí sinh giảm bớt rủi ro, có thời gian để chuẩn bị đầy đủ các hồ sơ cần thiết hoặc “săn” thêm các chứng chỉ, học bổng khi gia nhập ĐH FPT.",
			"“Sẽ không có bất kỳ sự phân biệt nào giữa các thí sinh trúng tuyển theo kết quả kỳ thi tốt nghiệp THPT và thí sinh trúng tuyển theo học bạ THPT. Thí sinh sau khi trúng tuyển sẽ được học cùng một chương trình, thời gian đào tạo, cơ sở vật chất và sau khi tốt nghiệp sẽ đều nhận được bằng Đại học chính quy do nhà trường cấp”, đại diện trường ĐH FPT cho hay.",
			"Hạn cuối nhận hồ sơ vào trường ĐH FPT ĐỢT 1 là 31/5/2023.",
			"I. Chỉ tiêu tuyển sinh và ngành đào tạo 1. Chỉ tiêu tuyển sinh: 20.080 2. Ngành học – mã ngành Mã Trường: FPT Khối ngành Ngành Mã ngành Chuyên Ngành Chỉ tiêu III Quản trị kinh doanh 7340101 Digital Marketing; Kinh doanh quốc tế; Quản trị khách...",
			"Đồng hành cùng con mùa tuyển sinh đại học, cao đẳng đang “nóng” lên từng ngày, nhiều phụ huynh nhận định phương thức xét tuyển theo xếp hạng học sinh THPT 2023 thực hiện trang SchoolRank của ĐH FPT giúp thí sinh giảm áp lực, chủ...",
			"Năm 2023, trường Đại học FPT tuyển sinh theo 2 phương thức là Xét kết quả xếp hạng học sinh THPT năm 2023 và xét tuyển thẳng. Với phương thức Xét kết quả xếp hạng học sinh THPT năm 2023, ngay bây giờ, thí sinh có thể kiểm tra thứ...",
			"Khu Giáo dục và Đào tạo – Khu Công nghệ cao Hòa Lạc – Km29 Đại lộ Thăng Long, H. Thạch Thất,\nTP. Hà Nội",
			"Điện thoại: 024 7300 1866",
			"Email: daihocfpt@fpt.edu.vn",
			"Lô E2a-7, Đường D1 Khu Công nghệ cao, P. Long Thạnh Mỹ, TP. Thủ Đức, TP. Hồ Chí Minh",
			"Điện thoại: 028 7300 1866",
			"Email: daihocfpt@fpt.edu.vn",
			"Khu đô thị công nghệ FPT Đà Nẵng, P. Hoà Hải, Q. Ngũ Hành Sơn, TP. Đà Nẵng",
			"Điện thoại: 0236 730 1866",
			"Email: daihocfpt@fpt.edu.vn",
			"Số 600 Đường Nguyễn Văn Cừ (nối dài), P. An Bình, Q. Ninh Kiều, TP. Cần Thơ",
			"Điện thoại: 0292 730 1866",
			"Email: daihocfpt@fpt.edu.vn",
			"Khu đô thị mới An Phú Thịnh, Phường Nhơn Bình & Phường Đống Đa, TP. Quy\nNhơn, Bình Định",
			"Điện thoại: 0256 730 1866 /0256 7300 999",
			"Email: daihocfpt@fpt.edu.vn"
		],
		"label": [
			"Tìm kiếm",
			"Tìm kiếm"
		],
		"button": [
			"×",
			"Đăng ký",
			"Đóng"
		],
		"span": [
			"Trang chủ",
			"bởi",
			"Bài trước",
			"Bài trước:",
			"← Giảng viên ĐH FPT – Cô Yên Thục: “Sinh viên là những đồng nghiệp trẻ tuổi của mình”",
			"Bài tiếp",
			"Bài tiếp:",
			"Thầy Nguyễn Văn Yên: Bí quyết thành công là có mục tiêu, thật sự kiên trì →"
		],
		"h1": [
			"Thí sinh “chắc suất” vào ĐH FPT nhờ nộp hồ sơ sớm sử dụng điểm học bạ"
		],
		"time": [
			"Thứ Sáu, ngày 19 tháng 05 năm 2023",
			"19/05/2023",
			"05/02/2024",
			"05/02/2024",
			"05/02/2024",
			"02/02/2024",
			"01/02/2024"
		],
		"strong": [
			"Với việc nộp hồ sơ bằng phương thức xét xếp hạng học sinh THPT 2023 SchoolRank theo điểm học bạ, sĩ tử 2K5 có thể “về đích” sớm trong kỳ tuyển sinh Đại học 2023 và nhanh chóng chọn được ngành học mong muốn tại ĐH FPT.",
			"Chọn nộp hồ sơ học bạ, bỏ qua áp lực mùa thi",
			"Nộp hồ sơ bằng điểm học bạ vào ĐH FPT trước 31/5",
			"Theo Vietnamnet"
		],
		"figcaption": [
			"Với bảng điểm xuất sắc đều các môn suốt 3 năm THPT, Quang có lợi thế lớn khi sử dụng xếp hạng Schoolrank để xét học bạ vào trường F",
			"Trịnh Đình Quang (lớp 12 Toán, THPT chuyên Biên Hòa, Hà Nam) sớm hoàn tất hồ sơ vào ĐH FPT",
			"Thí sinh tra cứu xếp hạng Schoolrank và nộp hồ sơ xét tuyển trước 31/5 để “chắc suất” vào ĐH FPT bằng học bạ"
		],
		"h2": [
			"Bài viết liên quan",
			"Điều hướng bài viết"
		],
		"h3": [
			"Đăng ký tư vấn"
		],
		"h4": [
			"HÀ NỘI",
			"TP. HỒ CHÍ MINH",
			"ĐÀ NẴNG",
			"CẦN THƠ",
			"Quy Nhơn"
		],
		"b": [
			"Hãy để lại SĐT để cán bộ nhà trường hỗ trợ bạn sớm nhất nhé"
		],
		"option": [
			"Tỉnh / Thành phố *",
			"An Giang",
			"Bà Rịa-Vũng Tàu",
			"Bắc Giang",
			"Bắc Kạn",
			"Bạc Liêu",
			"Bắc Ninh",
			"Bến Tre",
			"Bình Dương",
			"Bình Định",
			"Bình Phước",
			"Bình Thuận",
			"Cà Mau",
			"Cần Thơ",
			"Cao Bằng",
			"Cục Cảnh sát ĐKQL cư trú và DLQG về dân cư",
			"Cục Cảnh sát quản lý hành chính về trật tự xã hội",
			"Đà Nẵng",
			"Đắk Lắk",
			"Đăk Nông",
			"Điện Biên",
			"Đồng Nai",
			"Đồng Tháp",
			"Gia Lai",
			"Hà Giang",
			"Hà Nam",
			"Hà Tĩnh",
			"Hải Dương",
			"Hải Phòng",
			"Hậu Giang",
			"Hoà Bình",
			"Hưng Yên",
			"Khánh Hoà",
			"Kiên Giang",
			"Kon Tum",
			"Lai Châu",
			"Lâm Đồng",
			"Lạng Sơn",
			"Lào Cai",
			"Long An",
			"Nam Định",
			"Nghệ An",
			"Ninh Bình",
			"Ninh Thuận",
			"Phú Thọ",
			"Phú Yên",
			"Quảng Bình",
			"Quảng Nam",
			"Quảng Ngãi",
			"Quảng Ninh",
			"Quảng Trị",
			"Sóc Trăng",
			"Sơn La",
			"Tây Ninh",
			"Thái Bình",
			"Thái Nguyên",
			"Thanh Hoá",
			"Thừa Thiên - Huế",
			"Tiền Giang",
			"Trà Vinh",
			"Tuyên Quang",
			"Vĩnh Long",
			"Vĩnh Phúc",
			"Yên Bái",
			"Hà Nội",
			"TP. Hồ Chí Minh"
		]
	},
	"url": "https://daihoc.fpt.edu.vn/thi-sinh-chac-suat-vao-dh-fpt-nho-nop-ho-so-som-su-dung-diem-hoc-ba/"
}