{
	"data": {
		"title": [
			"Phụ huynh tân khoa ĐH FPT TP.HCM chia sẻ gì trong lễ tốt nghiệp - Trường Đại học FPT"
		],
		"div": [
			"›\n\n›\n\n›\n\n›",
			"© 2024 Bản quyền thuộc về Trường Đại học FPT.",
			"Đăng ký tư vấn"
		],
		"a": [
			"Trường Đại học FPT",
			"Vietnamese",
			"English",
			"Trang chủ",
			"Giới thiệu",
			"Lịch sử thành lập",
			"Tập đoàn FPT",
			"Tổ chức giáo dục FPT",
			"Triết lý đào tạo",
			"Các giải thưởng và thành tích",
			"Ban lãnh đạo",
			"Gắn kết cộng đồng",
			"Tin tức",
			"Tin tức chung",
			"Hoạt động sinh viên",
			"Sự kiện",
			"Tuyển dụng",
			"Hướng nghiệp",
			"Ngành học",
			"Công nghệ thông tin",
			"Công nghệ ô tô số",
			"Kỹ thuật phần mềm",
			"Hệ thống thông tin",
			"Trí tuệ nhân tạo",
			"An toàn thông tin",
			"Thiết kế Mỹ thuật số",
			"Quản trị kinh doanh",
			"Tài chính",
			"Digital Marketing",
			"Kinh doanh quốc tế",
			"Quản lý Logistics & Chuỗi cung ứng toàn cầu",
			"Quản trị khách sạn",
			"Quản trị Du lịch và Lữ hành",
			"Công nghệ truyền thông",
			"Quản trị truyền thông đa phương tiện",
			"Quan hệ công chúng",
			"Ngôn ngữ Anh",
			"Ngôn ngữ Nhật",
			"Ngôn ngữ Hàn Quốc",
			"Ngôn ngữ Trung Quốc (Dự kiến)",
			"Đời sống sinh viên",
			"Một ngày tại Đại học FPT",
			"Vì sao nên học tại Đại học FPT",
			"Sự hài lòng của sinh viên",
			"Môi trường học tập",
			"Chương trình học linh hoạt",
			"Đời sống sinh viên",
			"Ký túc xá",
			"Các CLB & Cộng đồng sinh viên",
			"Các hoạt động thể thao trong trường",
			"Dịch vụ hỗ trợ",
			"Định hướng và khởi đầu",
			"Tốt nghiệp",
			"Câu chuyện sinh viên",
			"Hợp tác",
			"Ngành công nghiệp và doanh nghiệp",
			"Chương trình trao đổi sinh viên",
			"Chương trình học tập tại nước ngoài",
			"Hợp tác quốc tế",
			"Trao đổi sinh viên",
			"Học kỳ nước ngoài",
			"Các trường đại học đối tác",
			"Cựu sinh viên",
			"Cộng đồng cựu sinh viên",
			"Họ đang làm việc tại đâu",
			"Tuyển sinh",
			"Đề án tuyển sinh",
			"Tin tuyển sinh",
			"Liên hệ",
			"Đăng nhập",
			"Quỳnh",
			"Nữ sinh trường F trong tà áo dài ngày Xuân",
			"Gặp gỡ đội tuyển NGT’s OPEN ROBOT trước giải đấu FIRST Tech Challenge Vietnam",
			"Tỏa sáng với nghiên cứu khoa học, nữ sinh ĐH FPT khẳng định bản lĩnh và tài năng",
			"Phim ngắn “Thoi vàng chỉ ngọc” của SV ĐH FPT tại Cần Thơ được công chiếu ở Lotte Cinema",
			"SV trường ĐH FPT Hà Nội đón “tết trên bản” 2024",
			"Vietnamese",
			"English",
			"Facebook",
			"Youtube",
			"Tik Tok",
			"Hotline: (024)/(028) 73001866 - (0236)/(0292) 7301866"
		],
		"img": [
			"cropped cropped 2021 FPTU Long",
			"cropped cropped 2021 FPTU Long",
			"co Ha Diem",
			"co Ha Diem",
			"co Huong",
			"co Huong",
			"co Linh Que",
			"co Linh Que",
			"chu Quoc Vu",
			"chu Quoc Vu",
			"sinh vien dai hoc fpt 8",
			"sinh vien dai hoc fpt 8",
			"dai hoc fpt 1",
			"dai hoc fpt 1",
			"my duyen",
			"my duyen",
			"fpt 5",
			"fpt 5",
			"dai hoc fpt 1",
			"dai hoc fpt 1",
			"thông báo tuyển bổ sung",
			"thông báo tuyển bổ sung"
		],
		"p": [
			"Trang thông tin tuyển sinh chính thức của Trường Đại học FPT",
			"Tại Lễ tốt nghiệp của Trường Đại học FPT đợt 2 năm 2022 tại khuôn viên trường, nhiều phụ huynh bày tỏ cảm xúc, sự tin tưởng về lựa chọn Đại học FPT là nơi đồng hành suốt những năm đại học cùng con em mình.",
			"Bên cạnh sự cố gắng không ngừng của mỗi Tân khoa, nỗ lực từ nhà trường, giảng viên, những người làm giáo dục tại Đại học FPT thì không thể thiếu sự đồng hành, ủng hộ của quý bậc phụ huynh. Lúc con chạm ngưỡng 18, cha mẹ lo lắng và luôn muốn con được học trong môi trường tốt nhất. Đến ngày hôm nay chẳng có từ ngữ nào có thể diễn tả được hết cảm xúc khi chứng kiến một cột mốc quan trọng nhất trong cuộc đời sinh viên của con.",
			"Cha mẹ luôn nỗ lực hết mình để con được học trong môi trường tốt nhất, có được việc làm mà con yêu thích. Giờ đây những mong mỏi của gia đình cô Diễm và chú Văn Anh đã trở thành hiện thực, cô Diễm bộc bạch: “Khôi đã đi làm được khoảng 4 tháng rồi. Cô cảm thấy rất vui mừng vì con mình sau khi học tại đây xong thì có việc làm ngay. Mặc dù học thì khó, nhưng ra kiếm việc rất dễ dàng. Trường đào tạo rất là hay, đặc biệt là Tiếng Anh của Khôi cải thiện rất nhiều. Trước đây Khôi nhút nhát, vậy mà khi vào đây cậu đi học quân sự 3 tuần, chỉ 3 tuần thôi mà Khôi cảm thấy tự tin hẳn ra. Giờ đi làm thì cảm thấy con lớn hơn, trưởng thành hơn”.",
			"Niềm tin được trao đúng nơi, những người thân yêu trong gia đình đều đã có công việc như ý, gia đình nhà cô Diễm hài lòng và tin yêu nơi bệ phóng của các thành viên trong gia đình, mong muốn xây dựng một gia đình truyền thống FPT, cô hào hứng chia sẻ: “Trước đây bạn Khôi có người cậu học Đại học FPT, rồi sau đó tốt nghiệp và làm bên Nhật cũng được 8 năm rồi. Nên mình cũng muốn thành tạo nên một cái truyền thống sau này, ví dụ như bạn Khôi có vợ rồi sinh con cũng sẽ cho học FPT.” Chú Văn Anh dí dỏm nói thêm: “Như là một gia đình FPT.”",
			"Có cha mẹ nào mà không vui mừng, không tự hào khi con mình có việc làm ổn định ngay sau khi tốt nghiệp. Đồng hành với con trong những năm đại học, luôn theo dõi và ủng hộ niềm đam mê của con hết mình, cô Hương không khỏi xúc động chia sẻ: “Hiện tại Mạnh nhà cô đang là một Kỹ sư phần mềm tại công ty FPT Software. Trước hết là sự đam mê của cháu, đối với cô, đam mê đã là thành công của một nửa đoạn đường rồi. Và từ cái đam mê ngành công nghệ thông tin của cháu thì Đại học FPT là trường mà cô chọn đầu tiên. Hàng tuần cô đều được xem tình hình học tập trên tài khoản sinh viên của cháu, và theo dõi tất cả các hoạt động trên các cổng thông tin của nhà trường. Nếu như được lựa chọn lần nữa, chắc chắn cô vẫn chọn FPT, bởi đây là một môi trường đào tạo ngang tầm với quốc tế”.",
			"“Trước khi nhận bằng Tốt nghiệp thì bạn ấy đã đi làm được 4 tháng tại Ngân hàng MSB tại TP.HCM. Nói chung cảm xúc của tôi hiện tại rất xúc động bởi vì một chặng đường nỗ lực của cả bạn và gia đình đã tạm xong, hy vọng bắt đầu từ đây bạn ấy đã có đủ kỹ năng và kiến thức để phát triển sự nghiệp của mình” – Cô Linh Quế tự hào chia sẻ.",
			"Với cương vị là một nhà giáo, cô Quế bày tỏ sự hài lòng và tin tưởng về nơi mà cô gửi gắm đứa con trai mình: “Gia đình chọn Đại học FPT vì chúng tôi tin tưởng vào chương trình đào tạo của nhà trường, vừa cung cấp cho các bạn sinh viên không chỉ về lý thuyết mà còn đặc biệt được thực hành nhiều. Chúng tôi tin tưởng rằng sau khi con tốt nghiệp đại học thì cháu có thể có những kỹ năng, sự thích nghi khi ra trường và làm việc. Và sau khi bạn học 4 năm tại FPT, bạn ấy năng động hơn, xử lý các tình huống trong cuộc sống và trong công việc hiệu quả hơn, và gia đình cảm thấy tin tưởng vào các bước đi tiếp theo của bạn ấy”.",
			"“Gia đình thấy FPT là một thương hiệu cũng rất là lâu đời, hiện nay FPT cũng đang đi sâu vào thế giới công nghệ, mà xu hướng sắp tới thì CNTT đi đầu nên FPT chính là sự lựa chọn phù hợp” – Chú Vũ cho hay. Và sự kỳ vọng của gia đình chú Vũ đã được đền đáp xứng khi bạn tốt nghiệp với thành tích loại giỏi, đồng thời bạn cũng có việc làm tại Công ty viễn thông Viettel ngay sau khi tốt nghiệp.",
			"Không chỉ vững vàng trên con đường sự nghiệp, chú Vũ hài lòng và tự hào về những thay đổi tích cực của con mình: “Sau khi học tại đây, tác phong của cháu tốt hơn, sắp xếp công việc của cháu cũng khoa học hơn. Từ những áp dụng trong cuộc sống hằng ngày chẳng hạn như sử dụng máy tính, những kiến thức mà con học được giúp ích cho rất nhiều người trong gia đình”.",
			"Đại học FPT luôn tiên phong đổi mới, gắn liền tinh thần “Làm khác để làm tốt” tạo ra những giá trị tích cực cũng như môi trường học tập tốt nhất để sinh viên có thể phát triển toàn diện, trở một công dân toàn cầu, đáp ứng được các yêu cầu của doanh nghiệp.",
			"Nhờ sự tin yêu và đồng hành của Quý phụ huynh, nhà trường và toàn thể đội ngũ giảng viên, cán bộ trường Đại học FPT luôn không ngừng nỗ lực hơn nữa trong công tác dạy và học, mở rộng thêm nhiều lĩnh vực học thuật và trải nghiệm thực tế. Cải thiện cơ sở vật chất cũng được chú trọng để giúp sinh viên có thể học tập tốt nhất trong môi trường quốc tế ngay tại quê nhà. Từ đó sinh viên trang bị được cho mình một hành trang vững vàng bước ra thế giới để không phụ lòng tin tưởng và kỳ vọng của quý phụ huynh.",
			"Hy vọng rằng với những kiến thức, kỹ năng và giá trị mà Đại học FPT truyền đạt đến các bạn trong suốt hành trình vừa qua sẽ giúp các bạn chinh phục đỉnh cao của vinh quang, trở thành một người công dân toàn cầu.",
			"Yến Nhi",
			"Khu Giáo dục và Đào tạo – Khu Công nghệ cao Hòa Lạc – Km29 Đại lộ Thăng Long, H. Thạch Thất,\nTP. Hà Nội",
			"Điện thoại: 024 7300 1866",
			"Email: daihocfpt@fpt.edu.vn",
			"Lô E2a-7, Đường D1 Khu Công nghệ cao, P. Long Thạnh Mỹ, TP. Thủ Đức, TP. Hồ Chí Minh",
			"Điện thoại: 028 7300 1866",
			"Email: daihocfpt@fpt.edu.vn",
			"Khu đô thị công nghệ FPT Đà Nẵng, P. Hoà Hải, Q. Ngũ Hành Sơn, TP. Đà Nẵng",
			"Điện thoại: 0236 730 1866",
			"Email: daihocfpt@fpt.edu.vn",
			"Số 600 Đường Nguyễn Văn Cừ (nối dài), P. An Bình, Q. Ninh Kiều, TP. Cần Thơ",
			"Điện thoại: 0292 730 1866",
			"Email: daihocfpt@fpt.edu.vn",
			"Khu đô thị mới An Phú Thịnh, Phường Nhơn Bình & Phường Đống Đa, TP. Quy\nNhơn, Bình Định",
			"Điện thoại: 0256 730 1866 /0256 7300 999",
			"Email: daihocfpt@fpt.edu.vn"
		],
		"label": [
			"Tìm kiếm",
			"Tìm kiếm"
		],
		"button": [
			"×",
			"Đăng ký",
			"Đóng"
		],
		"span": [
			"Trang chủ",
			"Cuộc sống tại đại học FPT",
			"Tại sao nên học tại Đại học FPT",
			"Câu chuyện sinh viên",
			"Phụ huynh tân khoa ĐH FPT TP.HCM chia sẻ gì trong lễ tốt nghiệp",
			"bởi",
			"Bài trước",
			"Bài trước:",
			"← Tân khoa ĐH FPT TP.HCM trải lòng trong Lễ tốt nghiệp đợt 2/2022",
			"Bài tiếp",
			"Bài tiếp:",
			"Cơ hội học tập trải nghiệm tại Trung Quốc và Phillipines cho Sinh viên ĐH FPT →"
		],
		"h1": [
			"Phụ huynh tân khoa ĐH FPT TP.HCM chia sẻ gì trong lễ tốt nghiệp"
		],
		"time": [
			"Thứ Năm, ngày 24 tháng 11 năm 2022",
			"05/02/2024",
			"05/02/2024",
			"05/02/2024",
			"02/02/2024",
			"01/02/2024"
		],
		"strong": [
			"Cô Lê Đình Hà Diễm và chú Lê Văn Anh – phụ huynh tân khoa Lê Đạt Anh Khôi",
			"Cô Trần Thị Hương – phụ huynh tâ",
			"n khoa Nguyễn Trần Đức Mạnh",
			"Cô Nguyễn Thị Linh Quế – phụ huynh tân",
			"khoa Nguyễn Nguyên Hải",
			"Chú Hồ Quốc Vũ – Phụ huynh",
			"tân khoa Lê Nguyễn Bảo Long"
		],
		"figcaption": [
			"Cô Lê Đình Hà Diễm và chú Lê Văn Anh – phụ huynh tân khoa Lê Đạt Anh Khôi",
			"Cô Trần Thị Hương – phụ huynh tân khoa Nguyễn Trần Đức Mạnh .",
			"Cô Nguyễn Thị Linh Quế – phụ huynh tân khoa Nguyễn Nguyên Hải.",
			"Chú Hồ Quốc Vũ – Phụ huynh tân khoa Lê Nguyễn Bảo Long."
		],
		"h2": [
			"Điều hướng bài viết"
		],
		"h4": [
			"HÀ NỘI",
			"TP. HỒ CHÍ MINH",
			"ĐÀ NẴNG",
			"CẦN THƠ",
			"Quy Nhơn"
		],
		"h3": [
			"Đăng ký tư vấn"
		],
		"b": [
			"Hãy để lại SĐT để cán bộ nhà trường hỗ trợ bạn sớm nhất nhé"
		],
		"option": [
			"Tỉnh / Thành phố *",
			"An Giang",
			"Bà Rịa-Vũng Tàu",
			"Bắc Giang",
			"Bắc Kạn",
			"Bạc Liêu",
			"Bắc Ninh",
			"Bến Tre",
			"Bình Dương",
			"Bình Định",
			"Bình Phước",
			"Bình Thuận",
			"Cà Mau",
			"Cần Thơ",
			"Cao Bằng",
			"Cục Cảnh sát ĐKQL cư trú và DLQG về dân cư",
			"Cục Cảnh sát quản lý hành chính về trật tự xã hội",
			"Đà Nẵng",
			"Đắk Lắk",
			"Đăk Nông",
			"Điện Biên",
			"Đồng Nai",
			"Đồng Tháp",
			"Gia Lai",
			"Hà Giang",
			"Hà Nam",
			"Hà Tĩnh",
			"Hải Dương",
			"Hải Phòng",
			"Hậu Giang",
			"Hoà Bình",
			"Hưng Yên",
			"Khánh Hoà",
			"Kiên Giang",
			"Kon Tum",
			"Lai Châu",
			"Lâm Đồng",
			"Lạng Sơn",
			"Lào Cai",
			"Long An",
			"Nam Định",
			"Nghệ An",
			"Ninh Bình",
			"Ninh Thuận",
			"Phú Thọ",
			"Phú Yên",
			"Quảng Bình",
			"Quảng Nam",
			"Quảng Ngãi",
			"Quảng Ninh",
			"Quảng Trị",
			"Sóc Trăng",
			"Sơn La",
			"Tây Ninh",
			"Thái Bình",
			"Thái Nguyên",
			"Thanh Hoá",
			"Thừa Thiên - Huế",
			"Tiền Giang",
			"Trà Vinh",
			"Tuyên Quang",
			"Vĩnh Long",
			"Vĩnh Phúc",
			"Yên Bái",
			"Hà Nội",
			"TP. Hồ Chí Minh"
		]
	},
	"url": "https://daihoc.fpt.edu.vn/phu-huynh-tan-khoa-dh-fpt-tp-hcm-chia-se-gi-trong-le-tot-nghiep/"
}