{
	"data": {
		"title": [
			"Đại học FPT TP.HCM mang mô hình CLB Nhạc cụ dân tộc đến trường THPT - Trường Đại học FPT"
		],
		"div": [
			"›\n\n›",
			"Năm 2014, Đại học FPT là trường đại học tiên phong đưa Nhạc cụ dân tộc vào giảng dạy và được công nhận là một bộ môn chính thức trong chương trình đào tạo. Hiện tại, sinh viên Đại học FPT sau khi hoàn thành Bộ môn “Nhạc cụ dân tộc học” đã sử dụng thành thạo đa dạng các loại nhạc cụ dân tộc của Việt Nam: Sáo trúc, Đàn bầu, Đàn tranh, Đàn tỳ bà…",
			"Ảnh: FPT Around",
			"© 2024 Bản quyền thuộc về Trường Đại học FPT.",
			"Đăng ký tư vấn"
		],
		"a": [
			"Trường Đại học FPT",
			"Vietnamese",
			"English",
			"Trang chủ",
			"Giới thiệu",
			"Lịch sử thành lập",
			"Tập đoàn FPT",
			"Tổ chức giáo dục FPT",
			"Triết lý đào tạo",
			"Các giải thưởng và thành tích",
			"Ban lãnh đạo",
			"Gắn kết cộng đồng",
			"Tin tức",
			"Tin tức chung",
			"Hoạt động sinh viên",
			"Sự kiện",
			"Tuyển dụng",
			"Hướng nghiệp",
			"Ngành học",
			"Công nghệ thông tin",
			"Công nghệ ô tô số",
			"Kỹ thuật phần mềm",
			"Hệ thống thông tin",
			"Trí tuệ nhân tạo",
			"An toàn thông tin",
			"Thiết kế Mỹ thuật số",
			"Quản trị kinh doanh",
			"Tài chính",
			"Digital Marketing",
			"Kinh doanh quốc tế",
			"Quản lý Logistics & Chuỗi cung ứng toàn cầu",
			"Quản trị khách sạn",
			"Quản trị Du lịch và Lữ hành",
			"Công nghệ truyền thông",
			"Quản trị truyền thông đa phương tiện",
			"Quan hệ công chúng",
			"Ngôn ngữ Anh",
			"Ngôn ngữ Nhật",
			"Ngôn ngữ Hàn Quốc",
			"Ngôn ngữ Trung Quốc (Dự kiến)",
			"Đời sống sinh viên",
			"Một ngày tại Đại học FPT",
			"Vì sao nên học tại Đại học FPT",
			"Sự hài lòng của sinh viên",
			"Môi trường học tập",
			"Chương trình học linh hoạt",
			"Đời sống sinh viên",
			"Ký túc xá",
			"Các CLB & Cộng đồng sinh viên",
			"Các hoạt động thể thao trong trường",
			"Dịch vụ hỗ trợ",
			"Định hướng và khởi đầu",
			"Tốt nghiệp",
			"Câu chuyện sinh viên",
			"Hợp tác",
			"Ngành công nghiệp và doanh nghiệp",
			"Chương trình trao đổi sinh viên",
			"Chương trình học tập tại nước ngoài",
			"Hợp tác quốc tế",
			"Trao đổi sinh viên",
			"Học kỳ nước ngoài",
			"Các trường đại học đối tác",
			"Cựu sinh viên",
			"Cộng đồng cựu sinh viên",
			"Họ đang làm việc tại đâu",
			"Tuyển sinh",
			"Đề án tuyển sinh",
			"Tin tuyển sinh",
			"Liên hệ",
			"Đăng nhập",
			"Quỳnh",
			"Nữ sinh trường F trong tà áo dài ngày Xuân",
			"Gặp gỡ đội tuyển NGT’s OPEN ROBOT trước giải đấu FIRST Tech Challenge Vietnam",
			"Tỏa sáng với nghiên cứu khoa học, nữ sinh ĐH FPT khẳng định bản lĩnh và tài năng",
			"Phim ngắn “Thoi vàng chỉ ngọc” của SV ĐH FPT tại Cần Thơ được công chiếu ở Lotte Cinema",
			"SV trường ĐH FPT Hà Nội đón “tết trên bản” 2024",
			"Vietnamese",
			"English",
			"Facebook",
			"Youtube",
			"Tik Tok",
			"Hotline: (024)/(028) 73001866 - (0236)/(0292) 7301866"
		],
		"img": [
			"cropped cropped 2021 FPTU Long",
			"cropped cropped 2021 FPTU Long",
			"sinh vien dai hoc fpt 8",
			"sinh vien dai hoc fpt 8",
			"dai hoc fpt 1",
			"dai hoc fpt 1",
			"my duyen",
			"my duyen",
			"fpt 5",
			"fpt 5",
			"dai hoc fpt 1",
			"dai hoc fpt 1",
			"thông báo tuyển bổ sung",
			"thông báo tuyển bổ sung"
		],
		"p": [
			"Trang thông tin tuyển sinh chính thức của Trường Đại học FPT",
			"Nghệ sĩ đàn tranh Vũ Kim Yến cho biết đây là tin vui đối với các nghệ nhân, nghệ sĩ, giảng viên âm nhạc dân tộc tại TP HCM, qua việc truyền dạy 5 loại nhạc cụ: đàn tranh, đàn nguyệt, tỳ bà, sáo và đàn bầu cho học sinh THCS, THPT.",
			"CLB Nhạc cụ dân tộc của Trường THPT Nguyễn Công Trứ hiện thu hút khá đông học sinh đăng ký học các loại nhạc cụ: sáo trúc (16 học sinh), đàn tranh (37 học sinh), tỳ bà (6 học sinh) và đàn bầu (2 học sinh); một số trường khác, số lượng học sinh đăng ký học cũng đủ để mở lớp. Các nghệ nhân, nghệ sĩ và giảng viên sẽ đến trường giảng dạy miễn phí, Trường ĐH FPT TP HCM tài trợ tiền lương cho các nghệ sĩ, giảng viên và tặng nhạc cụ cho các em học sinh.",
			"Thầy Phan Hồ Hải, Hiệu trưởng Trường THPT Nguyễn Công Trứ, cho biết: “Nhân dịp trường tổ chức lễ Giỗ Tổ Hùng Vương, CLB Nhạc cụ dân tộc cũng chính thức ra đời với khá nhiều học sinh đăng ký theo học. Hoạt động này rất có ý nghĩa, cũng là cách để thế hệ trẻ hôm nay chung sức giữ gìn cội nguồn văn hóa, trong đó có nhạc cụ dân tộc mà ông cha đã dày công sáng chế”.",
			"Từ tháng 3/2022, Trường Đại học FPT bắt đầu thực hiện dự án cộng đồng “Đưa Bộ môn Nhạc cụ dân tộc đến các trường THPT” hưởng ứng theo đề án “Giáo dục âm nhạc dân tộc trong trường học trên địa bàn TP. HCM” do UBND TP. HCM ban hành. Mục đích của chương trình nhằm đồng hành cùng các trường THPT trong việc triển khai giảng dạy nhạc cụ dân tộc tại trường, góp phần lan tỏa những giá trị truyền thống của Việt Nam đến với thế hệ trẻ.",
			"Với các nhiều hình thức triển khai như: Tổ chức giảng dạy Nhạc cụ dân tộc (Nhạc cụ Sáo trúc, Đàn bầu, Đàn tranh hoặc Đàn tỳ bà) miễn phí cho học sinh tại các trường THPT trên địa bàn TP. HCM; Tổ chức các hội thảo, buổi biểu diễn Nhạc cụ dân tộc tại các trường THPT hoặc tại Trường Đại học FPT, giao lưu về Nhạc cụ dân tộc và tạo điều kiện cho học sinh tiếp xúc, tìm hiểu thêm về bộ môn đặc sắc này. Chương trình dự kiến kéo dài từ 12 – 15 buổi.",
			"Khu Giáo dục và Đào tạo – Khu Công nghệ cao Hòa Lạc – Km29 Đại lộ Thăng Long, H. Thạch Thất,\nTP. Hà Nội",
			"Điện thoại: 024 7300 1866",
			"Email: daihocfpt@fpt.edu.vn",
			"Lô E2a-7, Đường D1 Khu Công nghệ cao, P. Long Thạnh Mỹ, TP. Thủ Đức, TP. Hồ Chí Minh",
			"Điện thoại: 028 7300 1866",
			"Email: daihocfpt@fpt.edu.vn",
			"Khu đô thị công nghệ FPT Đà Nẵng, P. Hoà Hải, Q. Ngũ Hành Sơn, TP. Đà Nẵng",
			"Điện thoại: 0236 730 1866",
			"Email: daihocfpt@fpt.edu.vn",
			"Số 600 Đường Nguyễn Văn Cừ (nối dài), P. An Bình, Q. Ninh Kiều, TP. Cần Thơ",
			"Điện thoại: 0292 730 1866",
			"Email: daihocfpt@fpt.edu.vn",
			"Khu đô thị mới An Phú Thịnh, Phường Nhơn Bình & Phường Đống Đa, TP. Quy\nNhơn, Bình Định",
			"Điện thoại: 0256 730 1866 /0256 7300 999",
			"Email: daihocfpt@fpt.edu.vn"
		],
		"label": [
			"Tìm kiếm",
			"Tìm kiếm"
		],
		"button": [
			"×",
			"Đăng ký",
			"Đóng"
		],
		"span": [
			"Trang chủ",
			"Tin tức chung",
			"Đại học FPT TP.HCM mang mô hình CLB Nhạc cụ dân tộc đến trường THPT",
			"bởi",
			"Bài trước",
			"Bài trước:",
			"← Trao đổi hợp tác giữa ĐH FPT Hà Nội và Công ty BĐS Hải Phát",
			"Bài tiếp",
			"Bài tiếp:",
			"SV học kiểu kiến tạo, tuy bỡ ngỡ nhưng hiệu quả bất ngờ →"
		],
		"h1": [
			"Đại học FPT TP.HCM mang mô hình CLB Nhạc cụ dân tộc đến trường THPT"
		],
		"time": [
			"Thứ Ba, ngày 05 tháng 04 năm 2022",
			"05/02/2024",
			"05/02/2024",
			"05/02/2024",
			"02/02/2024",
			"01/02/2024"
		],
		"strong": [
			"Ngày 4-4, sau một tháng tổ chức chương trình giao lưu, biểu diễn nhạc cụ dân tộc do Trường ĐH FPT TP HCM khởi xướng, Trường THPT Nguyễn Công Trứ, quận Gò Vấp, TP HCM đã tổ chức chương trình ra mắt CLB Nhạc cụ dân tộc, đánh dấu sự thành công từ mô hình gieo mầm trong việc học và biểu diễn nhạc cụ dân tộc tại các trường phổ thông ở TP HCM."
		],
		"figcaption": [
			"Dự án nhằm đem lại sự hình thành và phát triển toàn diện về tâm hồn, nhân cách.",
			"Nhiều hình thức triển khai như: Tổ chức giảng dạy Nhạc cụ dân tộc (Nhạc cụ Sáo trúc, Đàn bầu, Đàn tranh hoặc Đàn tỳ bà) miễn phí cho học sinh tại các trường THPT trên địa bàn TP. HCM",
			"Chuỗi hoạt động nhằm hưởng ứng theo đề án “Giáo dục âm nhạc dân tộc trong trường học trên địa bàn TP. HCM” do UBND TP. HCM ban hành.",
			"Từ tháng 3/2022, Trường Đại học FPT bắt đầu thực hiện dự án cộng đồng “Đưa Bộ môn Nhạc cụ dân tộc đến các trường THPT” hưởng ứng theo đề án “Giáo dục âm nhạc dân tộc trong trường học trên địa bàn TP. HCM” do UBND TP. HCM ban hành."
		],
		"h2": [
			"Điều hướng bài viết"
		],
		"h4": [
			"HÀ NỘI",
			"TP. HỒ CHÍ MINH",
			"ĐÀ NẴNG",
			"CẦN THƠ",
			"Quy Nhơn"
		],
		"h3": [
			"Đăng ký tư vấn"
		],
		"b": [
			"Hãy để lại SĐT để cán bộ nhà trường hỗ trợ bạn sớm nhất nhé"
		],
		"option": [
			"Tỉnh / Thành phố *",
			"An Giang",
			"Bà Rịa-Vũng Tàu",
			"Bắc Giang",
			"Bắc Kạn",
			"Bạc Liêu",
			"Bắc Ninh",
			"Bến Tre",
			"Bình Dương",
			"Bình Định",
			"Bình Phước",
			"Bình Thuận",
			"Cà Mau",
			"Cần Thơ",
			"Cao Bằng",
			"Cục Cảnh sát ĐKQL cư trú và DLQG về dân cư",
			"Cục Cảnh sát quản lý hành chính về trật tự xã hội",
			"Đà Nẵng",
			"Đắk Lắk",
			"Đăk Nông",
			"Điện Biên",
			"Đồng Nai",
			"Đồng Tháp",
			"Gia Lai",
			"Hà Giang",
			"Hà Nam",
			"Hà Tĩnh",
			"Hải Dương",
			"Hải Phòng",
			"Hậu Giang",
			"Hoà Bình",
			"Hưng Yên",
			"Khánh Hoà",
			"Kiên Giang",
			"Kon Tum",
			"Lai Châu",
			"Lâm Đồng",
			"Lạng Sơn",
			"Lào Cai",
			"Long An",
			"Nam Định",
			"Nghệ An",
			"Ninh Bình",
			"Ninh Thuận",
			"Phú Thọ",
			"Phú Yên",
			"Quảng Bình",
			"Quảng Nam",
			"Quảng Ngãi",
			"Quảng Ninh",
			"Quảng Trị",
			"Sóc Trăng",
			"Sơn La",
			"Tây Ninh",
			"Thái Bình",
			"Thái Nguyên",
			"Thanh Hoá",
			"Thừa Thiên - Huế",
			"Tiền Giang",
			"Trà Vinh",
			"Tuyên Quang",
			"Vĩnh Long",
			"Vĩnh Phúc",
			"Yên Bái",
			"Hà Nội",
			"TP. Hồ Chí Minh"
		]
	},
	"url": "https://daihoc.fpt.edu.vn/dai-hoc-fpt-tp-hcm-mang-mo-hinh-clb-nhac-cu-dan-toc-den-truong-thpt/"
}