{
	"data": {
		"title": [
			"Đăng Khánh – Nam sinh học bổng ĐH FPT hướng ngoại, thích du lịch. - Trường Đại học FPT"
		],
		"div": [
			"›\n\n›",
			"© 2024 Bản quyền thuộc về Trường Đại học FPT.",
			"Đăng ký tư vấn"
		],
		"a": [
			"Trường Đại học FPT",
			"Vietnamese",
			"English",
			"Trang chủ",
			"Giới thiệu",
			"Lịch sử thành lập",
			"Tập đoàn FPT",
			"Tổ chức giáo dục FPT",
			"Triết lý đào tạo",
			"Các giải thưởng và thành tích",
			"Ban lãnh đạo",
			"Gắn kết cộng đồng",
			"Tin tức",
			"Tin tức chung",
			"Hoạt động sinh viên",
			"Sự kiện",
			"Tuyển dụng",
			"Hướng nghiệp",
			"Ngành học",
			"Công nghệ thông tin",
			"Công nghệ ô tô số",
			"Kỹ thuật phần mềm",
			"Hệ thống thông tin",
			"Trí tuệ nhân tạo",
			"An toàn thông tin",
			"Thiết kế Mỹ thuật số",
			"Quản trị kinh doanh",
			"Tài chính",
			"Digital Marketing",
			"Kinh doanh quốc tế",
			"Quản lý Logistics & Chuỗi cung ứng toàn cầu",
			"Quản trị khách sạn",
			"Quản trị Du lịch và Lữ hành",
			"Công nghệ truyền thông",
			"Quản trị truyền thông đa phương tiện",
			"Quan hệ công chúng",
			"Ngôn ngữ Anh",
			"Ngôn ngữ Nhật",
			"Ngôn ngữ Hàn Quốc",
			"Ngôn ngữ Trung Quốc (Dự kiến)",
			"Đời sống sinh viên",
			"Một ngày tại Đại học FPT",
			"Vì sao nên học tại Đại học FPT",
			"Sự hài lòng của sinh viên",
			"Môi trường học tập",
			"Chương trình học linh hoạt",
			"Đời sống sinh viên",
			"Ký túc xá",
			"Các CLB & Cộng đồng sinh viên",
			"Các hoạt động thể thao trong trường",
			"Dịch vụ hỗ trợ",
			"Định hướng và khởi đầu",
			"Tốt nghiệp",
			"Câu chuyện sinh viên",
			"Hợp tác",
			"Ngành công nghiệp và doanh nghiệp",
			"Chương trình trao đổi sinh viên",
			"Chương trình học tập tại nước ngoài",
			"Hợp tác quốc tế",
			"Trao đổi sinh viên",
			"Học kỳ nước ngoài",
			"Các trường đại học đối tác",
			"Cựu sinh viên",
			"Cộng đồng cựu sinh viên",
			"Họ đang làm việc tại đâu",
			"Tuyển sinh",
			"Đề án tuyển sinh",
			"Tin tuyển sinh",
			"Liên hệ",
			"Đăng nhập",
			"Nguyễn Thị Hồng Yến",
			"Nối gót anh trai, Thế Sơn chinh phục thành công học bổng 100% Đại học FPT",
			"Bí quyết chinh phục học bổng 100% ĐH FPT của Nam sinh xứ dừa Bến Tre",
			"Học bổng đầu vào và thủ khoa đầu ra ĐH FPT đầu quân cho BIG4",
			"Nữ sinh trường F trong tà áo dài ngày Xuân",
			"Gặp gỡ đội tuyển NGT’s OPEN ROBOT trước giải đấu FIRST Tech Challenge Vietnam",
			"Tỏa sáng với nghiên cứu khoa học, nữ sinh ĐH FPT khẳng định bản lĩnh và tài năng",
			"Phim ngắn “Thoi vàng chỉ ngọc” của SV ĐH FPT tại Cần Thơ được công chiếu ở Lotte Cinema",
			"SV trường ĐH FPT Hà Nội đón “tết trên bản” 2024",
			"Vietnamese",
			"English",
			"Facebook",
			"Youtube",
			"Tik Tok",
			"Hotline: (024)/(028) 73001866 - (0236)/(0292) 7301866"
		],
		"img": [
			"cropped cropped 2021 FPTU Long",
			"cropped cropped 2021 FPTU Long",
			"dang khanh hoc bong 70 dai hoc fpt 2",
			"dang khanh hoc bong 70 dai hoc fpt 2",
			"dang khanh hoc bong 70 dai hoc fpt",
			"dang khanh hoc bong 70 dai hoc fpt",
			"dang khanh hoc bong 70 dai hoc fpt 4",
			"dang khanh hoc bong 70 dai hoc fpt 4",
			"dang khanh hoc bong 70 dai hoc fpt 1",
			"dang khanh hoc bong 70 dai hoc fpt 1",
			"dang khanh hoc bong 70 dai hoc fpt 3",
			"dang khanh hoc bong 70 dai hoc fpt 3",
			"sinh vien dai hoc fpt 8",
			"sinh vien dai hoc fpt 8",
			"dai hoc fpt 1",
			"dai hoc fpt 1",
			"my duyen",
			"my duyen",
			"fpt 5",
			"fpt 5",
			"dai hoc fpt 1",
			"dai hoc fpt 1",
			"thông báo tuyển bổ sung",
			"thông báo tuyển bổ sung"
		],
		"p": [
			"Trang thông tin tuyển sinh chính thức của Trường Đại học FPT",
			"Đăng Khánh từng đạt Giải ba học sinh giỏi môn Vật Lý tỉnh Nghệ An 2022 và sở hữu IELTS 6.5. Ngoài ra, Bạn còn năng nổ tham gia các hoạt động ngoại khoá như: Thành viên BTC chương trình thiện nguyện Vì tiếng cười trẻ thơ do trường chuyên Phan Bội Châu tổ chức hằng năm, thành viên BTC chương trình Mầm ngọc (chương trình giáo dục giới tính cho trẻ em khuyết tật), trưởng BTC giải đấu Phan League 2022 (giải bóng đá thường niên của chuyên Phan) và là thành viên một vài chương trình, event nhỏ khác.",
			"“",
			"Đam mê máy tính từ nhỏ và thiên về những môn tự nhiên nên Đăng Khánh quyết định chọn chuyên ngành Kỹ thuật phần mềm. Ngoài ra chàng trai này còn có sở thích là chơi thể thao và đặc biệt là bóng đá.",
			"Chắc hẳn môi trường ở Đại học FPT sẽ là nơi lý tưởng để Đăng Khánh thoả mãn sở thích và phát triển đam mê của mình.",
			"Cảm ơn những chia sẻ của em và chúc em đạt kết quả cao trong kỳ thi tốt nghiệp sắp tới.",
			"Nguyễn Thế Sơn, Trường THPT Chuyên Vĩnh Phúc, đã xuất sắc chinh phục thành công học bổng 100% của trường ĐH FPT và nốt gót anh trai mình đầu quân vào Đại học FPT. Một số thành tích của Thế Sơn: Đạt bổng 100% trong kì thi Học Bổng...",
			"Ngay khi biết tin đạt được học bổng 100% Đại học FPT, Lê Phước Lộc, THPT Lê Hoàng Chiếu, Bến Tre, đã không giấu được niềm hạnh phúc và tự hào. Nam sinh xứ dừa cũng không quên chia sẻ những bí quyết để đạt được kết quả như...",
			"Đặt mục tiêu “săn” học bổng vào ĐH FPT nhưng lần đầu đi thi chỉ ra về “tay trắng”, Lê Xuân Hương (SN 2000) không chán nản bỏ cuộc mà quyết tâm thi lại lần 2. Tài năng và nỗ lực đã giúp Hương “rinh” học...",
			"Khu Giáo dục và Đào tạo – Khu Công nghệ cao Hòa Lạc – Km29 Đại lộ Thăng Long, H. Thạch Thất,\nTP. Hà Nội",
			"Điện thoại: 024 7300 1866",
			"Email: daihocfpt@fpt.edu.vn",
			"Lô E2a-7, Đường D1 Khu Công nghệ cao, P. Long Thạnh Mỹ, TP. Thủ Đức, TP. Hồ Chí Minh",
			"Điện thoại: 028 7300 1866",
			"Email: daihocfpt@fpt.edu.vn",
			"Khu đô thị công nghệ FPT Đà Nẵng, P. Hoà Hải, Q. Ngũ Hành Sơn, TP. Đà Nẵng",
			"Điện thoại: 0236 730 1866",
			"Email: daihocfpt@fpt.edu.vn",
			"Số 600 Đường Nguyễn Văn Cừ (nối dài), P. An Bình, Q. Ninh Kiều, TP. Cần Thơ",
			"Điện thoại: 0292 730 1866",
			"Email: daihocfpt@fpt.edu.vn",
			"Khu đô thị mới An Phú Thịnh, Phường Nhơn Bình & Phường Đống Đa, TP. Quy\nNhơn, Bình Định",
			"Điện thoại: 0256 730 1866 /0256 7300 999",
			"Email: daihocfpt@fpt.edu.vn"
		],
		"label": [
			"Tìm kiếm",
			"Tìm kiếm"
		],
		"button": [
			"×",
			"Đăng ký",
			"Đóng"
		],
		"span": [
			"Trang chủ",
			"Tin tức chung",
			"Đăng Khánh – Nam sinh học bổng ĐH FPT hướng ngoại, thích du lịch.",
			"bởi",
			"Bài trước",
			"Bài trước:",
			"← Loạt hoạt động trải nghiệm tháng 6 dành cho sinh viên ĐH FPT Hà Nội",
			"Bài tiếp",
			"Bài tiếp:",
			"Những lý do “đi không muốn về” của sinh viên trường F khi học tập trao đổi tại Trung Quốc →"
		],
		"h1": [
			"Đăng Khánh – Nam sinh học bổng ĐH FPT hướng ngoại, thích du lịch."
		],
		"time": [
			"Thứ Bảy, ngày 03 tháng 06 năm 2023",
			"02/06/2023",
			"05/02/2024",
			"05/02/2024",
			"05/02/2024",
			"02/02/2024",
			"01/02/2024"
		],
		"em": [
			"Nguyễn Vũ Đăng Khánh, Trường THPT chuyên Phan Bội Châu, tỉnh Nghệ An",
			"Em biết đến Đại học FPT từ một người chị tiền bối Cao Trang, hiện là sinh viên chuyên ngành kĩ thuật phần mềm tại ĐH FPT. Môi trường ở ĐH FPT rất năng động nên rất phù hợp với người hướng ngoại như em. Chắc chắn là em sẽ tham gia CLB",
			"yêu thích của mình và những event của trường vì em là người rất thích hoạt động ngoại khoá.”",
			"Ngoài ra, em cũng có ước mơ là có cơ hội được đi du học hoặc học trao đổi với sinh viên nước ngoài, nên em đầu tư tiếng anh để có cơ hội đó",
			". Và trường ĐH FPT sẽ là nơi giúp em đạt được ước mơ này."
		],
		"strong": [
			"Vượt qua kỳ thi học bổng trường ĐH FPT, Nguyễn Vũ Đăng Khánh, Trường THPT chuyên Phan Bội Châu, tỉnh Nghệ An đã xuất sắc đạt được suất học bổng 70% của trường.",
			"HY NGUYEN. Ảnh NVCC"
		],
		"h2": [
			"Bài viết liên quan",
			"Điều hướng bài viết"
		],
		"h3": [
			"Đăng ký tư vấn"
		],
		"h4": [
			"HÀ NỘI",
			"TP. HỒ CHÍ MINH",
			"ĐÀ NẴNG",
			"CẦN THƠ",
			"Quy Nhơn"
		],
		"b": [
			"Hãy để lại SĐT để cán bộ nhà trường hỗ trợ bạn sớm nhất nhé"
		],
		"option": [
			"Tỉnh / Thành phố *",
			"An Giang",
			"Bà Rịa-Vũng Tàu",
			"Bắc Giang",
			"Bắc Kạn",
			"Bạc Liêu",
			"Bắc Ninh",
			"Bến Tre",
			"Bình Dương",
			"Bình Định",
			"Bình Phước",
			"Bình Thuận",
			"Cà Mau",
			"Cần Thơ",
			"Cao Bằng",
			"Cục Cảnh sát ĐKQL cư trú và DLQG về dân cư",
			"Cục Cảnh sát quản lý hành chính về trật tự xã hội",
			"Đà Nẵng",
			"Đắk Lắk",
			"Đăk Nông",
			"Điện Biên",
			"Đồng Nai",
			"Đồng Tháp",
			"Gia Lai",
			"Hà Giang",
			"Hà Nam",
			"Hà Tĩnh",
			"Hải Dương",
			"Hải Phòng",
			"Hậu Giang",
			"Hoà Bình",
			"Hưng Yên",
			"Khánh Hoà",
			"Kiên Giang",
			"Kon Tum",
			"Lai Châu",
			"Lâm Đồng",
			"Lạng Sơn",
			"Lào Cai",
			"Long An",
			"Nam Định",
			"Nghệ An",
			"Ninh Bình",
			"Ninh Thuận",
			"Phú Thọ",
			"Phú Yên",
			"Quảng Bình",
			"Quảng Nam",
			"Quảng Ngãi",
			"Quảng Ninh",
			"Quảng Trị",
			"Sóc Trăng",
			"Sơn La",
			"Tây Ninh",
			"Thái Bình",
			"Thái Nguyên",
			"Thanh Hoá",
			"Thừa Thiên - Huế",
			"Tiền Giang",
			"Trà Vinh",
			"Tuyên Quang",
			"Vĩnh Long",
			"Vĩnh Phúc",
			"Yên Bái",
			"Hà Nội",
			"TP. Hồ Chí Minh"
		]
	},
	"url": "https://daihoc.fpt.edu.vn/dang-khanh-nam-sinh-hoc-bong-dh-fpt-huong-ngoai-thich-du-lich/"
}