{
	"data": {
		"title": [
			"Một tuần đầu tiên của sinh viên Đài Loan tại Đại học FPT - Trường Đại học FPT"
		],
		"div": [
			"›\n\n›\n\n›\n\n›",
			"© 2024 Bản quyền thuộc về Trường Đại học FPT.",
			"Đăng ký tư vấn"
		],
		"a": [
			"Trường Đại học FPT",
			"Vietnamese",
			"English",
			"Trang chủ",
			"Giới thiệu",
			"Lịch sử thành lập",
			"Tập đoàn FPT",
			"Tổ chức giáo dục FPT",
			"Triết lý đào tạo",
			"Các giải thưởng và thành tích",
			"Ban lãnh đạo",
			"Gắn kết cộng đồng",
			"Tin tức",
			"Tin tức chung",
			"Hoạt động sinh viên",
			"Sự kiện",
			"Tuyển dụng",
			"Hướng nghiệp",
			"Ngành học",
			"Công nghệ thông tin",
			"Công nghệ ô tô số",
			"Kỹ thuật phần mềm",
			"Hệ thống thông tin",
			"Trí tuệ nhân tạo",
			"An toàn thông tin",
			"Thiết kế Mỹ thuật số",
			"Quản trị kinh doanh",
			"Tài chính",
			"Digital Marketing",
			"Kinh doanh quốc tế",
			"Quản lý Logistics & Chuỗi cung ứng toàn cầu",
			"Quản trị khách sạn",
			"Quản trị Du lịch và Lữ hành",
			"Công nghệ truyền thông",
			"Quản trị truyền thông đa phương tiện",
			"Quan hệ công chúng",
			"Ngôn ngữ Anh",
			"Ngôn ngữ Nhật",
			"Ngôn ngữ Hàn Quốc",
			"Ngôn ngữ Trung Quốc (Dự kiến)",
			"Đời sống sinh viên",
			"Một ngày tại Đại học FPT",
			"Vì sao nên học tại Đại học FPT",
			"Sự hài lòng của sinh viên",
			"Môi trường học tập",
			"Chương trình học linh hoạt",
			"Đời sống sinh viên",
			"Ký túc xá",
			"Các CLB & Cộng đồng sinh viên",
			"Các hoạt động thể thao trong trường",
			"Dịch vụ hỗ trợ",
			"Định hướng và khởi đầu",
			"Tốt nghiệp",
			"Câu chuyện sinh viên",
			"Hợp tác",
			"Ngành công nghiệp và doanh nghiệp",
			"Chương trình trao đổi sinh viên",
			"Chương trình học tập tại nước ngoài",
			"Hợp tác quốc tế",
			"Trao đổi sinh viên",
			"Học kỳ nước ngoài",
			"Các trường đại học đối tác",
			"Cựu sinh viên",
			"Cộng đồng cựu sinh viên",
			"Họ đang làm việc tại đâu",
			"Tuyển sinh",
			"Đề án tuyển sinh",
			"Tin tuyển sinh",
			"Liên hệ",
			"Đăng nhập",
			"Quỳnh",
			"Nữ sinh trường F trong tà áo dài ngày Xuân",
			"Gặp gỡ đội tuyển NGT’s OPEN ROBOT trước giải đấu FIRST Tech Challenge Vietnam",
			"Tỏa sáng với nghiên cứu khoa học, nữ sinh ĐH FPT khẳng định bản lĩnh và tài năng",
			"Phim ngắn “Thoi vàng chỉ ngọc” của SV ĐH FPT tại Cần Thơ được công chiếu ở Lotte Cinema",
			"SV trường ĐH FPT Hà Nội đón “tết trên bản” 2024",
			"Vietnamese",
			"English",
			"Facebook",
			"Youtube",
			"Tik Tok",
			"Hotline: (024)/(028) 73001866 - (0236)/(0292) 7301866"
		],
		"img": [
			"cropped cropped 2021 FPTU Long",
			"cropped cropped 2021 FPTU Long",
			"sinh vien dai hoc fpt 8",
			"sinh vien dai hoc fpt 8",
			"dai hoc fpt 1",
			"dai hoc fpt 1",
			"my duyen",
			"my duyen",
			"fpt 5",
			"fpt 5",
			"dai hoc fpt 1",
			"dai hoc fpt 1",
			"thông báo tuyển bổ sung",
			"thông báo tuyển bổ sung"
		],
		"p": [
			"Trang thông tin tuyển sinh chính thức của Trường Đại học FPT",
			"Ngoài việc học hai môn Kỹ năng đàm phán và Tiếng Anh thương mại trong 2 tháng, Yi-Pin sẽ tham gia các hoạt động khác như sinh hoạt ở câu lạc bộ Vovinam, câu lạc bộ nhảy F-Style, tham gia chương trình ngoại khóa 48 giờ chuyển động và các chương trình khác do các câu lạc bộ trong trường tổ chức. Sinh viên người Đài Loan được bố trí phòng trọ gần trường học và sống cùng cán bộ nhà trường để tiện hỗ trợ.",
			"Ban biên tập trích nguyên văn đoạn chia sẻ của Duy Tân.",
			"Em rất vui khi được trở thành trao đổi sinh của Trường Đại học FPT, em càng hạnh phúc hơn nữa khi được thưởng thức cảnh đẹp, trải nghiệm văn hoá và tìm hiểu tri thức Việt Nam. Điều làm em ấn tượng nhất trong một tuần qua chính là sự nhiệt tình của người Việt Nam, thật khó để miêu tả chính xác sự nhiệt tình mà thầy cô, anh chị và bạn bè đã dành cho em, em xin phép đưa ra một vài dẫn chứng.",
			"Anh Hiền, người anh luôn giúp em giải quyết mọi vấn đề mà em gặp phải, hầu như không có vấn đề nào làm khó được anh.",
			"Bạn Trần Nguyễn Phước, người bạn luôn nhắc nhở em những điều cần lưu ý trong quá trình hoà nhập cuộc sống tại FPT.",
			"Các cô cùng ký túc xá, những người cô luôn chiêu đãi em các món ăn thật thơm ngon do chính tay các cô ấy làm, các cô còn đưa em đi mua thêm các vật dụng trong sinh hoạt hằng ngày.",
			"Các giáo viên, những người thầy, người cô hiểu rõ được trình độ của em, giảng giải từng bước từng bước thật tận tình cho đến khi em hiểu bài mới thôi.",
			"Phòng PDP, căn phòng mà mỗi lần bước vào, em đều cảm thấy giống như là mình đã trở về nhà vậy.",
			"Các anh chị nhân viên hành chính, những người anh, người chị mà em kính trọng như cha mẹ em luôn hỏi thăm em có gặp khó khăn trong vấn đề gì không hoặc hôm nay có chuyện gì thú vị không.",
			"Các bạn cùng lớp, những người mà em xem như là anh chị em ruột thì luôn chia sẻ những điều thú vị với em, chúng em còn cùng nhau ăn trưa, cùng nhau học tập. Các bạn ấy chính là những người đã và đang giúp em tiến bộ hơn qua từng ngày, họ còn mời em tham gia các hoạt động của lớp.",
			"Ban đầu, em cho rằng, vấn đề gây phiền não nhất cho em chính là ẩm thực. Em luôn nghĩ ẩm thực Việt Nam phải khác rất nhiều so với ẩm thực Đài Loan, bởi theo em biết, ẩm thực Việt Nam đa phần có vị chua cay. Em còn có dự định mang mì tôm, thực phẩm đóng hộp từ Đài Loan sang để giải quyết vấn đề ăn uống. Bây giờ nghĩ lại thấy bản thân quả thật lo xa quá, bởi vì hoàn toàn không có chuyện không hợp khẩu vị hay nhịn đói hoặc bị đau bụng gì cả. Mấy ngày gần đây, em còn phát hiện ra rằng, ăn trưa với các bạn cùng lớp thì em ăn ngon hơn hẳn. Em thấy bản thân mình hình như đã yêu đồ ăn Việt Nam mất rồi.",
			"Em chân thành cám ơn mỗi thầy cô, mỗi anh chị, mỗi người bạn, mỗi sự việc, mỗi nơi chốn, mỗi món ăn… đã giúp em thích ứng rất nhanh với môi trường sống và học tập đầy năng động tại Trường Đại học FPT trong một tuần qua.",
			"Dịch Tân",
			"Khu Giáo dục và Đào tạo – Khu Công nghệ cao Hòa Lạc – Km29 Đại lộ Thăng Long, H. Thạch Thất,\nTP. Hà Nội",
			"Điện thoại: 024 7300 1866",
			"Email: daihocfpt@fpt.edu.vn",
			"Lô E2a-7, Đường D1 Khu Công nghệ cao, P. Long Thạnh Mỹ, TP. Thủ Đức, TP. Hồ Chí Minh",
			"Điện thoại: 028 7300 1866",
			"Email: daihocfpt@fpt.edu.vn",
			"Khu đô thị công nghệ FPT Đà Nẵng, P. Hoà Hải, Q. Ngũ Hành Sơn, TP. Đà Nẵng",
			"Điện thoại: 0236 730 1866",
			"Email: daihocfpt@fpt.edu.vn",
			"Số 600 Đường Nguyễn Văn Cừ (nối dài), P. An Bình, Q. Ninh Kiều, TP. Cần Thơ",
			"Điện thoại: 0292 730 1866",
			"Email: daihocfpt@fpt.edu.vn",
			"Khu đô thị mới An Phú Thịnh, Phường Nhơn Bình & Phường Đống Đa, TP. Quy\nNhơn, Bình Định",
			"Điện thoại: 0256 730 1866 /0256 7300 999",
			"Email: daihocfpt@fpt.edu.vn"
		],
		"label": [
			"Tìm kiếm",
			"Tìm kiếm"
		],
		"button": [
			"×",
			"Đăng ký",
			"Đóng"
		],
		"span": [
			"Trang chủ",
			"Cuộc sống tại đại học FPT",
			"Tại sao nên học tại Đại học FPT",
			"Câu chuyện sinh viên",
			"Một tuần đầu tiên của sinh viên Đài Loan tại Đại học FPT",
			"bởi",
			"Bài trước",
			"Bài trước:",
			"← Lãnh đạo Tỉnh Thái Nguyên thăm và làm việc tại Đại học FPT",
			"Bài tiếp",
			"Bài tiếp:",
			"Lễ bảo vệ đồ án và khóa luận tốt nghiệp học kỳ Spring 2016 →"
		],
		"h1": [
			"Một tuần đầu tiên của sinh viên Đài Loan tại Đại học FPT"
		],
		"time": [
			"Thứ Sáu, ngày 22 tháng 04 năm 2016",
			"12/05/2022",
			"05/02/2024",
			"05/02/2024",
			"05/02/2024",
			"02/02/2024",
			"01/02/2024"
		],
		"strong": [
			"Trần Dịch Tân, sinh viên đến từ Trường Đại học Quốc lập Khoa học Công nghệ Đài Bắc – Đài Loan chia sẻ những dấu ấn riêng và hết sức thú vị về cuộc sống, môi trường học tập, đất nước và con người Việt Nam."
		],
		"em": [
			"Sinh viên Chen Yi-Pin (Trần Dịch Tân, đầu tiên bên phải ) trong buổi giao lưu với sinh viên Đại học FPT."
		],
		"h2": [
			"Điều hướng bài viết"
		],
		"h4": [
			"HÀ NỘI",
			"TP. HỒ CHÍ MINH",
			"ĐÀ NẴNG",
			"CẦN THƠ",
			"Quy Nhơn"
		],
		"h3": [
			"Đăng ký tư vấn"
		],
		"b": [
			"Hãy để lại SĐT để cán bộ nhà trường hỗ trợ bạn sớm nhất nhé"
		],
		"option": [
			"Tỉnh / Thành phố *",
			"An Giang",
			"Bà Rịa-Vũng Tàu",
			"Bắc Giang",
			"Bắc Kạn",
			"Bạc Liêu",
			"Bắc Ninh",
			"Bến Tre",
			"Bình Dương",
			"Bình Định",
			"Bình Phước",
			"Bình Thuận",
			"Cà Mau",
			"Cần Thơ",
			"Cao Bằng",
			"Cục Cảnh sát ĐKQL cư trú và DLQG về dân cư",
			"Cục Cảnh sát quản lý hành chính về trật tự xã hội",
			"Đà Nẵng",
			"Đắk Lắk",
			"Đăk Nông",
			"Điện Biên",
			"Đồng Nai",
			"Đồng Tháp",
			"Gia Lai",
			"Hà Giang",
			"Hà Nam",
			"Hà Tĩnh",
			"Hải Dương",
			"Hải Phòng",
			"Hậu Giang",
			"Hoà Bình",
			"Hưng Yên",
			"Khánh Hoà",
			"Kiên Giang",
			"Kon Tum",
			"Lai Châu",
			"Lâm Đồng",
			"Lạng Sơn",
			"Lào Cai",
			"Long An",
			"Nam Định",
			"Nghệ An",
			"Ninh Bình",
			"Ninh Thuận",
			"Phú Thọ",
			"Phú Yên",
			"Quảng Bình",
			"Quảng Nam",
			"Quảng Ngãi",
			"Quảng Ninh",
			"Quảng Trị",
			"Sóc Trăng",
			"Sơn La",
			"Tây Ninh",
			"Thái Bình",
			"Thái Nguyên",
			"Thanh Hoá",
			"Thừa Thiên - Huế",
			"Tiền Giang",
			"Trà Vinh",
			"Tuyên Quang",
			"Vĩnh Long",
			"Vĩnh Phúc",
			"Yên Bái",
			"Hà Nội",
			"TP. Hồ Chí Minh"
		]
	},
	"url": "https://daihoc.fpt.edu.vn/mot-tuan-dau-tien-cua-sinh-vien-dai-loan-tai-dai-hoc-fpt/"
}