{
	"data": {
		"title": [
			"Sinh viên FPT được hỗ trợ 24.000 USD để khởi nghiệp - Trường Đại học FPT"
		],
		"div": [
			"›\n\n›",
			"© 2024 Bản quyền thuộc về Trường Đại học FPT.",
			"Đăng ký tư vấn"
		],
		"a": [
			"Trường Đại học FPT",
			"Vietnamese",
			"English",
			"Trang chủ",
			"Giới thiệu",
			"Lịch sử thành lập",
			"Tập đoàn FPT",
			"Tổ chức giáo dục FPT",
			"Triết lý đào tạo",
			"Các giải thưởng và thành tích",
			"Ban lãnh đạo",
			"Gắn kết cộng đồng",
			"Tin tức",
			"Tin tức chung",
			"Hoạt động sinh viên",
			"Sự kiện",
			"Tuyển dụng",
			"Hướng nghiệp",
			"Ngành học",
			"Công nghệ thông tin",
			"Công nghệ ô tô số",
			"Kỹ thuật phần mềm",
			"Hệ thống thông tin",
			"Trí tuệ nhân tạo",
			"An toàn thông tin",
			"Thiết kế Mỹ thuật số",
			"Quản trị kinh doanh",
			"Tài chính",
			"Digital Marketing",
			"Kinh doanh quốc tế",
			"Quản lý Logistics & Chuỗi cung ứng toàn cầu",
			"Quản trị khách sạn",
			"Quản trị Du lịch và Lữ hành",
			"Công nghệ truyền thông",
			"Quản trị truyền thông đa phương tiện",
			"Quan hệ công chúng",
			"Ngôn ngữ Anh",
			"Ngôn ngữ Nhật",
			"Ngôn ngữ Hàn Quốc",
			"Ngôn ngữ Trung Quốc (Dự kiến)",
			"Đời sống sinh viên",
			"Một ngày tại Đại học FPT",
			"Vì sao nên học tại Đại học FPT",
			"Sự hài lòng của sinh viên",
			"Môi trường học tập",
			"Chương trình học linh hoạt",
			"Đời sống sinh viên",
			"Ký túc xá",
			"Các CLB & Cộng đồng sinh viên",
			"Các hoạt động thể thao trong trường",
			"Dịch vụ hỗ trợ",
			"Định hướng và khởi đầu",
			"Tốt nghiệp",
			"Câu chuyện sinh viên",
			"Hợp tác",
			"Ngành công nghiệp và doanh nghiệp",
			"Chương trình trao đổi sinh viên",
			"Chương trình học tập tại nước ngoài",
			"Hợp tác quốc tế",
			"Trao đổi sinh viên",
			"Học kỳ nước ngoài",
			"Các trường đại học đối tác",
			"Cựu sinh viên",
			"Cộng đồng cựu sinh viên",
			"Họ đang làm việc tại đâu",
			"Tuyển sinh",
			"Đề án tuyển sinh",
			"Tin tuyển sinh",
			"Liên hệ",
			"Đăng nhập",
			"Quỳnh",
			"Nữ sinh trường F trong tà áo dài ngày Xuân",
			"Gặp gỡ đội tuyển NGT’s OPEN ROBOT trước giải đấu FIRST Tech Challenge Vietnam",
			"Tỏa sáng với nghiên cứu khoa học, nữ sinh ĐH FPT khẳng định bản lĩnh và tài năng",
			"Phim ngắn “Thoi vàng chỉ ngọc” của SV ĐH FPT tại Cần Thơ được công chiếu ở Lotte Cinema",
			"SV trường ĐH FPT Hà Nội đón “tết trên bản” 2024",
			"Vietnamese",
			"English",
			"Facebook",
			"Youtube",
			"Tik Tok",
			"Hotline: (024)/(028) 73001866 - (0236)/(0292) 7301866"
		],
		"img": [
			"cropped cropped 2021 FPTU Long",
			"cropped cropped 2021 FPTU Long",
			"sinh vien dai hoc fpt 8",
			"sinh vien dai hoc fpt 8",
			"dai hoc fpt 1",
			"dai hoc fpt 1",
			"my duyen",
			"my duyen",
			"fpt 5",
			"fpt 5",
			"dai hoc fpt 1",
			"dai hoc fpt 1",
			"thông báo tuyển bổ sung",
			"thông báo tuyển bổ sung"
		],
		"p": [
			"Trang thông tin tuyển sinh chính thức của Trường Đại học FPT",
			"Nhóm sinh viên Đại học FPT nhận 2.000 USD mỗi tháng nhằm hiện thực hóa ý tưởng tạo ra thiết bị giúp người khuyết tật nâng cao khả năng giao tiếp.",
			"Sáng kiến của đội Handication (Đại học FPT) được Ban tổ chức cuộc thi Smart City Hackathon Bình Dương 2016 đánh giá tích cực và nhận giải thưởng dành cho đội xuất sắc nhất sử dụng nền tảng IBM Bluemix để phát triển ứng dụng này.",
			"Nhóm trưởng Trương Công Thái cho biết, khi nhìn thấy thiết bị đeo tay nhận biết xung cơ mang tên MYO Armband, anh và cộng sự đã nghĩ đến việc thiết kế một sản phẩm thông minh hiểu ngôn ngữ của cánh tay, giúp những người khuyết tật giao tiếp dễ dàng hơn.",
			"Theo quy định của cuộc thi, trong vòng 24 tiếng, các đội sẽ xây dựng một sản phẩm thông minh giải quyết các vấn đề trong cuộc sống thuộc lĩnh vực giao thông, giáo dục, xã hội – sức khỏe, an toàn công cộng, môi trường, năng lượng – tài nguyên nước. Sau khi lựa chọn chủ đề, mỗi đội chọn một nền tảng cloud (đám mây) để lên ý tưởng. Ban tổ chức cung cấp cloud BlueMix của tập đoàn công nghệ máy tính IBM và ưu tiên cho những thí sinh sử dụng cloud này.",
			"Với thời gian gấp rút, cả nhóm của Thái chỉ kịp nghiên cứu những động tác cơ bản của thiết bị, tương tác với các câu đơn giản như “tôi thích bạn”, “tôi thích hoa”… Để thuyết phục ban giám khảo, cả nhóm cố gắng demo một cách tốt nhất cả về kỹ thuật và ý tưởng.",
			"Nhóm cũng gặp nhiều khó khăn khi xây dựng ứng dụng trên hệ điều hành Android, bởi hệ điều hành phổ biến đang được sử dụng cho những thiết bị tương tự là Window và iOS.",
			"Mặc dù vậy, ý tưởng này sau đó đã thuyết phục các vị giám khảo khó tính bằng một ứng dụng hiểu cử động cánh tay và hiển thị trên điện thoại thông minh. Nhiều chuyên gia đánh giá, dự án này có tính thiết thực cao, áp dụng công nghệ mới. Các thành viên của nhóm là những người đầu tiên trên thế giới sở hữu thiết bị nhận biết xung cơ. Ban tổ chức đồng ý tài trợ 24.000 USD mỗi năm (2.000 USD mỗi tháng) để đội Handication thực hiện dự án khởi nghiệp của mình",
			"“Nhóm xử lý nhiễu, chuẩn hóa dữ liệu đầu vào để ai cũng có thể sử dụng sản phẩm này. Điều thành công nhất trong cuộc thi là chúng tôi đã tạo ấn tượng với một tập đoàn công nghệ lớn”, nhóm trưởng Trương Công Thái chia sẻ. Trước mắt, nhóm sẽ hoàn thiện ứng dụng, sau đó tìm nhà đầu tư thích hợp để phát triển chương trình này.",
			"Sản phẩm của nhóm Handication được trưng bày trong triển lãm Thành phố thông minh tại Bình Dương thu hút nhiều doanh nghiệp quan tâm. Có doanh nghiệp đề nghị Handication xây dựng thêm một ứng dụng mới cho Myo Armband để hỗ trợ thiết bị thực tế ảo.",
			"“Dự án tiềm năng và ý nghĩa, nó giúp người khuyết tật có thể giao tiếp tốt hơn, Tuy nhiên, nhóm gặp nhiều khó khăn trong việc triển khai vì mức giá của các thiết bị này rất cao. Tôi sẽ khuyến khích các bạn trẻ khởi nghiệp bằng cách hỗ trợ cho dự án này”, ông Lưu Danh Anh Vũ, Giám đốc quan hệ khách hàng IBM Việt Nam (Senior Client Mananager) nói.",
			"Đây là giải thưởng nằm trong khuôn khổ cuộc thi Smart City Hackathon Bình Dương 2016, diễn ra từ ngày 26-27/3 tại Trung tâm Hội nghị Bình Dương (thành phố mới Bình Dương).",
			"Chương trình được tổ chức bởi Lãnh sự quán Hà Lan tại TP HCM, tỉnh Bình Dương cùng các tập đoàn lớn như IBM, Becamex… Thành phần ban giám khảo gồm đại diện Sở Khoa học công nghệ Bình Dương, Sở Thông tin và truyền thông và đại diện của một số doanh nghiệp.",
			"Theo VNexpress",
			"Khu Giáo dục và Đào tạo – Khu Công nghệ cao Hòa Lạc – Km29 Đại lộ Thăng Long, H. Thạch Thất,\nTP. Hà Nội",
			"Điện thoại: 024 7300 1866",
			"Email: daihocfpt@fpt.edu.vn",
			"Lô E2a-7, Đường D1 Khu Công nghệ cao, P. Long Thạnh Mỹ, TP. Thủ Đức, TP. Hồ Chí Minh",
			"Điện thoại: 028 7300 1866",
			"Email: daihocfpt@fpt.edu.vn",
			"Khu đô thị công nghệ FPT Đà Nẵng, P. Hoà Hải, Q. Ngũ Hành Sơn, TP. Đà Nẵng",
			"Điện thoại: 0236 730 1866",
			"Email: daihocfpt@fpt.edu.vn",
			"Số 600 Đường Nguyễn Văn Cừ (nối dài), P. An Bình, Q. Ninh Kiều, TP. Cần Thơ",
			"Điện thoại: 0292 730 1866",
			"Email: daihocfpt@fpt.edu.vn",
			"Khu đô thị mới An Phú Thịnh, Phường Nhơn Bình & Phường Đống Đa, TP. Quy\nNhơn, Bình Định",
			"Điện thoại: 0256 730 1866 /0256 7300 999",
			"Email: daihocfpt@fpt.edu.vn"
		],
		"label": [
			"Tìm kiếm",
			"Tìm kiếm"
		],
		"button": [
			"×",
			"Đăng ký",
			"Đóng"
		],
		"span": [
			"Trang chủ",
			"Tin tức chung",
			"Sinh viên FPT được hỗ trợ 24.000 USD để khởi nghiệp",
			"bởi",
			"Bài trước",
			"Bài trước:",
			"← Thiết kế đồ họa: Top 10 ngành học “hot” nhất thập kỷ",
			"Bài tiếp",
			"Bài tiếp:",
			"Nữ sinh FPT chưa tốt nghiệp đã có việc làm với mức lương 3.000 USD →"
		],
		"h1": [
			"Sinh viên FPT được hỗ trợ 24.000 USD để khởi nghiệp"
		],
		"time": [
			"Thứ Năm, ngày 08 tháng 12 năm 2016",
			"05/02/2024",
			"05/02/2024",
			"05/02/2024",
			"02/02/2024",
			"01/02/2024"
		],
		"figcaption": [
			"Các sinh viên Đại học FPT nhận giải thưởng từ Phó chủ tịch IBM khu vực Châu Á Thái Bình Dương."
		],
		"h2": [
			"Điều hướng bài viết"
		],
		"h4": [
			"HÀ NỘI",
			"TP. HỒ CHÍ MINH",
			"ĐÀ NẴNG",
			"CẦN THƠ",
			"Quy Nhơn"
		],
		"h3": [
			"Đăng ký tư vấn"
		],
		"b": [
			"Hãy để lại SĐT để cán bộ nhà trường hỗ trợ bạn sớm nhất nhé"
		],
		"option": [
			"Tỉnh / Thành phố *",
			"An Giang",
			"Bà Rịa-Vũng Tàu",
			"Bắc Giang",
			"Bắc Kạn",
			"Bạc Liêu",
			"Bắc Ninh",
			"Bến Tre",
			"Bình Dương",
			"Bình Định",
			"Bình Phước",
			"Bình Thuận",
			"Cà Mau",
			"Cần Thơ",
			"Cao Bằng",
			"Cục Cảnh sát ĐKQL cư trú và DLQG về dân cư",
			"Cục Cảnh sát quản lý hành chính về trật tự xã hội",
			"Đà Nẵng",
			"Đắk Lắk",
			"Đăk Nông",
			"Điện Biên",
			"Đồng Nai",
			"Đồng Tháp",
			"Gia Lai",
			"Hà Giang",
			"Hà Nam",
			"Hà Tĩnh",
			"Hải Dương",
			"Hải Phòng",
			"Hậu Giang",
			"Hoà Bình",
			"Hưng Yên",
			"Khánh Hoà",
			"Kiên Giang",
			"Kon Tum",
			"Lai Châu",
			"Lâm Đồng",
			"Lạng Sơn",
			"Lào Cai",
			"Long An",
			"Nam Định",
			"Nghệ An",
			"Ninh Bình",
			"Ninh Thuận",
			"Phú Thọ",
			"Phú Yên",
			"Quảng Bình",
			"Quảng Nam",
			"Quảng Ngãi",
			"Quảng Ninh",
			"Quảng Trị",
			"Sóc Trăng",
			"Sơn La",
			"Tây Ninh",
			"Thái Bình",
			"Thái Nguyên",
			"Thanh Hoá",
			"Thừa Thiên - Huế",
			"Tiền Giang",
			"Trà Vinh",
			"Tuyên Quang",
			"Vĩnh Long",
			"Vĩnh Phúc",
			"Yên Bái",
			"Hà Nội",
			"TP. Hồ Chí Minh"
		]
	},
	"url": "https://daihoc.fpt.edu.vn/sinh-vien-fpt-duoc-ho-tro-24-000-usd-de-khoi-nghiep/"
}