{
	"data": {
		"title": [
			"Đóa hoa Tây Nguyên \"tài sắc vẹn toàn\" nở giữa Đại học FPT - Trường Đại học FPT"
		],
		"div": [
			"›\n\n›\n\n›\n\n›",
			"© 2024 Bản quyền thuộc về Trường Đại học FPT.",
			"Đăng ký tư vấn"
		],
		"a": [
			"Trường Đại học FPT",
			"Vietnamese",
			"English",
			"Trang chủ",
			"Giới thiệu",
			"Lịch sử thành lập",
			"Tập đoàn FPT",
			"Tổ chức giáo dục FPT",
			"Triết lý đào tạo",
			"Các giải thưởng và thành tích",
			"Ban lãnh đạo",
			"Gắn kết cộng đồng",
			"Tin tức",
			"Tin tức chung",
			"Hoạt động sinh viên",
			"Sự kiện",
			"Tuyển dụng",
			"Hướng nghiệp",
			"Ngành học",
			"Công nghệ thông tin",
			"Công nghệ ô tô số",
			"Kỹ thuật phần mềm",
			"Hệ thống thông tin",
			"Trí tuệ nhân tạo",
			"An toàn thông tin",
			"Thiết kế Mỹ thuật số",
			"Quản trị kinh doanh",
			"Tài chính",
			"Digital Marketing",
			"Kinh doanh quốc tế",
			"Quản lý Logistics & Chuỗi cung ứng toàn cầu",
			"Quản trị khách sạn",
			"Quản trị Du lịch và Lữ hành",
			"Công nghệ truyền thông",
			"Quản trị truyền thông đa phương tiện",
			"Quan hệ công chúng",
			"Ngôn ngữ Anh",
			"Ngôn ngữ Nhật",
			"Ngôn ngữ Hàn Quốc",
			"Ngôn ngữ Trung Quốc (Dự kiến)",
			"Đời sống sinh viên",
			"Một ngày tại Đại học FPT",
			"Vì sao nên học tại Đại học FPT",
			"Sự hài lòng của sinh viên",
			"Môi trường học tập",
			"Chương trình học linh hoạt",
			"Đời sống sinh viên",
			"Ký túc xá",
			"Các CLB & Cộng đồng sinh viên",
			"Các hoạt động thể thao trong trường",
			"Dịch vụ hỗ trợ",
			"Định hướng và khởi đầu",
			"Tốt nghiệp",
			"Câu chuyện sinh viên",
			"Hợp tác",
			"Ngành công nghiệp và doanh nghiệp",
			"Chương trình trao đổi sinh viên",
			"Chương trình học tập tại nước ngoài",
			"Hợp tác quốc tế",
			"Trao đổi sinh viên",
			"Học kỳ nước ngoài",
			"Các trường đại học đối tác",
			"Cựu sinh viên",
			"Cộng đồng cựu sinh viên",
			"Họ đang làm việc tại đâu",
			"Tuyển sinh",
			"Đề án tuyển sinh",
			"Tin tuyển sinh",
			"Liên hệ",
			"Đăng nhập",
			"Nguyễn Thị Hồng Yến",
			"Nữ sinh trường F trong tà áo dài ngày Xuân",
			"Gặp gỡ đội tuyển NGT’s OPEN ROBOT trước giải đấu FIRST Tech Challenge Vietnam",
			"Tỏa sáng với nghiên cứu khoa học, nữ sinh ĐH FPT khẳng định bản lĩnh và tài năng",
			"Phim ngắn “Thoi vàng chỉ ngọc” của SV ĐH FPT tại Cần Thơ được công chiếu ở Lotte Cinema",
			"SV trường ĐH FPT Hà Nội đón “tết trên bản” 2024",
			"Vietnamese",
			"English",
			"Facebook",
			"Youtube",
			"Tik Tok",
			"Hotline: (024)/(028) 73001866 - (0236)/(0292) 7301866"
		],
		"img": [
			"cropped cropped 2021 FPTU Long",
			"cropped cropped 2021 FPTU Long",
			"sinh vien dai hoc fpt 8",
			"sinh vien dai hoc fpt 8",
			"dai hoc fpt 1",
			"dai hoc fpt 1",
			"my duyen",
			"my duyen",
			"fpt 5",
			"fpt 5",
			"dai hoc fpt 1",
			"dai hoc fpt 1",
			"thông báo tuyển bổ sung",
			"thông báo tuyển bổ sung"
		],
		"p": [
			"Trang thông tin tuyển sinh chính thức của Trường Đại học FPT",
			"Nội dung bài viết",
			"Lê Nguyễn Hạ Vi là cựu học sinh trường THPT Buôn Ma Thuột nổi bật với khả năng tiếng Anh vượt trội, ngoại hình thu hút và sở hữu thành tích học tập tốt nên được mọi người yêu mến.",
			"Sở hữu vẻ bề ngoài xinh đẹp, nước da trắng trẻo cùng một thân hình cân đối với chiều cao 1m70, hầu như ai cũng sẽ nghĩ rằng đây là một cô gái được bố mẹ “cưng như cưng trứng, hứng như hứng hoa”. Nhưng sự thực Hạ Vi là một cô gái tự lập, quyết đoán và luôn chú trọng rèn luyện sức khỏe.",
			"Vi chia sẻ rằng :",
			"Khác với các “Chủ tịch” mà cộng đồng mạng đồn thuở với câu cửa miệng “ Đừng xem thường người khác qua vẻ bề ngoài”. Cô nàng Hạ Vi khá chú trọng về ngoại hình. Với Hạ Vi, yếu tố ngoại hình là một yếu tố quan trọng. Vi nghĩ rằng đó là yếu tố giúp mình ghi dấu ấn ở cái nhìn đầu tiên, được nhiều ưu tiên khi tìm việc làm. Làm gì cũng cần ngoại hình. Chăm chút cho bản thân. Nhưng với Hạ Vi, đẹp thôi vẫn chưa đủ, Vi cũng khẳng định rằng : “Nhưng kiến thức và kỹ năng cũng quan trọng, vì thế chúng ta cần trao dồi và học hỏi không ngừng”.",
			"Không chỉ sở hữu vẻ bề ngoài xinh đẹp, Hạ Vi còn là một cô gái học rất giỏi và giỏi nhất là môn Tiếng Anh. Cô nàng không quên chia sẻ bí quyết học giỏi tiếng Anh của bản thân “",
			"“Tự lập. Không phụ thuộc vào người khác” chính là quan điểm sống của Hạ Vi. Cô nàng chia sẻ rằng cuối năm cấp 2, Vi đã làm rất nhiều việc để kiếm tiền như là bán hàng online, bán mỹ phẩm trên Facebook thu lợi nhuận kha khá. Ngoài ra Vi còn làm người mẫu make up và người mẫu thời trang cho shop quần áo để kiếm thêm thu nhập.",
			"Hạ Vi có sở thích đi bơi, tập Yoga, shopping, cafe đàn hát, tham gia hoạt động văn nghệ nhảy múa. Bên cạnh đó Vi còn thích tham gia các hoạt động từ thiện và Vi cảm thấy rất vui khi được chia sẻ tình cảm cho những người kém may mắn hơn bản thân.",
			"Với lợi thế là tiếng Anh tốt và kết quả học tập cao, Hạ Vi có thể học khối ngành này ở các trường Đại Học Quốc Gia nhưng cô nàng quyết tâm chọn Đại học FPT. Hạ Vi chia sẻ:",
			"Đó chưa phải là lý do chính, mà nguyên nhân thật sự cô nàng mê ngôi trường Cam này chính là môi trường và Tiếng Anh. “",
			"Sau khi vào đại học FPT, Vi phát hiện ra mình còn mê ngôi trường này bởi môi trường học tập ở đây nữa. “Môi trường học ở đây k",
			"Chia sẻ về dự định không xa Vi mong rằng mình sẽ có nhiều thời gian hơn để đi học tiếng Trung và có một công việc bán thời gian để trang trải chi phí phụ gia đình và có một khoản tiết kiệm cho tương lai.",
			"Qua vài lời chia sẻ của đóa hoa Tây Nguyên, Hạ Vi là một cô gái không chỉ đẹp mà còn thông minh, biết tự lập, lo cho bản thân và tương lai cùng quan điểm sống tích cực. Mong rằng Hạ Vi luôn đạt được những điều bạn mong muốn và có thật nhiều thành công trong học tập cũng như cuộc sống.",
			"Khu Giáo dục và Đào tạo – Khu Công nghệ cao Hòa Lạc – Km29 Đại lộ Thăng Long, H. Thạch Thất,\nTP. Hà Nội",
			"Điện thoại: 024 7300 1866",
			"Email: daihocfpt@fpt.edu.vn",
			"Lô E2a-7, Đường D1 Khu Công nghệ cao, P. Long Thạnh Mỹ, TP. Thủ Đức, TP. Hồ Chí Minh",
			"Điện thoại: 028 7300 1866",
			"Email: daihocfpt@fpt.edu.vn",
			"Khu đô thị công nghệ FPT Đà Nẵng, P. Hoà Hải, Q. Ngũ Hành Sơn, TP. Đà Nẵng",
			"Điện thoại: 0236 730 1866",
			"Email: daihocfpt@fpt.edu.vn",
			"Số 600 Đường Nguyễn Văn Cừ (nối dài), P. An Bình, Q. Ninh Kiều, TP. Cần Thơ",
			"Điện thoại: 0292 730 1866",
			"Email: daihocfpt@fpt.edu.vn",
			"Khu đô thị mới An Phú Thịnh, Phường Nhơn Bình & Phường Đống Đa, TP. Quy\nNhơn, Bình Định",
			"Điện thoại: 0256 730 1866 /0256 7300 999",
			"Email: daihocfpt@fpt.edu.vn"
		],
		"label": [
			"Tìm kiếm",
			"Tìm kiếm"
		],
		"button": [
			"×",
			"Đăng ký",
			"Đóng"
		],
		"span": [
			"Trang chủ",
			"Cuộc sống tại đại học FPT",
			"Tại sao nên học tại Đại học FPT",
			"Câu chuyện sinh viên",
			"Đóa hoa Tây Nguyên “tài sắc vẹn toàn” nở giữa Đại học FPT",
			"bởi",
			"Bài trước",
			"Bài trước:",
			"← FPT đồng hành cùng Bộ Giáo dục và đào tạo đẩy mạnh công nghệ thông tin",
			"Bài tiếp",
			"Bài tiếp:",
			"Gặp nữ MC tài năng trường F →"
		],
		"h1": [
			"Đóa hoa Tây Nguyên “tài sắc vẹn toàn” nở giữa Đại học FPT"
		],
		"time": [
			"Thứ Năm, ngày 07 tháng 03 năm 2019",
			"07/03/2019",
			"05/02/2024",
			"05/02/2024",
			"05/02/2024",
			"02/02/2024",
			"01/02/2024"
		],
		"em": [
			"Đến từ vùng đất Buôn Ma Thuột đầy nắng và gió, nở rộ tại Trường Đại học FPT một cô nữ sinh K14 được nhiều chàng trai Cóc con mến mộ và yêu thích. Đó chính là Lê Nguyễn Hạ Vi. Mới thoạt đầu gặp Hạ Vi ai cũng nghĩ đây là một cô tiểu thư được bao bọc và cưng chiều trong vòng tay cha mẹ. Nhưng sự thật là như thế nào? Hãy cũng tìm hiểu thêm về cô bạn này nhé.",
			"Hạ Vi đang là sinh viên K14 ngành Ngôn Ngữ Anh của trường Đại Học FPT",
			"“Mình đã tập Yoga hằng ngày đến nay đã được 2 năm. Từ năm lớp 5, Vi đã bắt đầu học bơi và rèn luyện sức khỏe mỗi ngày. Chính sự khổ luyện qua nhiều năm, Vi mới có một thân hình như thế này đó.”",
			"Vi học tốt tiếng Anh là do có thầy truyền đạt dễ hiểu bên cạnh đó Vi còn tìm thêm sách đọc, nghe nhạc, xem phim bằng tiếng Anh, nghe nói tiếng Anh thường xuyên.”",
			"Hạ Vi chia sẻ mình là một người thích sống tự lập, khó gần nhưng khi quen rồi lại rất hòa đồng và vui tính.",
			"“Vi tìm hiểu và được biết trường Đại Học FPT nói riêng và Tập đoàn FPT nói chung luôn đi tiên phong trong xu thế mới. Bên cạnh đó Đại học FPT cũng là trường Top trong các trường Đại Học của Việt Nam, chọn Đại học FPT để còn bắt kịp xu hướng toàn cầu.",
			"Ở Đại học FPT có nhiều cơ hội đi nước ngoài học hỏi và tiếp xúc được nhiều điều mới mẻ, tha hồ thực hành nói tiếng Anh. Chưa kể tài liệu giáo trình bằng tiếng Anh chính là động lực để mình trao dồi ngoại ngữ mỗi ngày.”",
			"Hạ Vi thường xuyên tham gia các hoạt động do trường tổ chức",
			"hông “quy phạm” như các trường Đại Học khác mà là một môi trường năng động luôn hướng đến chất lượng giảng dạy thực tế. Học thật thi thật tại Vi thì sợ lý thuyết lắm, thích học và thực hành thôi.”",
			"Hạ Vi sở hữu ngoại hình cân đối, xinh đẹp nhờ thường xuyên luyện tập thể thao"
		],
		"h2": [
			"Điều hướng bài viết"
		],
		"strong": [
			"Ngoại hình là yếu tố rất quan trọng….",
			"Nhưng đẹp thôi chưa đủ!",
			"Cô gái quyết đoán với quan điểm sống tự lập, không phụ thuộc gia đình.",
			"Đóa hoa Tây Nguyên mê đại học FPT vì Tiếng Anh",
			"Hiện tại, Hạ Vi đã đủ điều kiện tiếng Anh ngay khi xét tuyển vào Đại học FPT nên bạn ấy được miễn học Chương trình Tiếng Anh dự bị của Đại học FPT.",
			"N.K.N"
		],
		"h4": [
			"HÀ NỘI",
			"TP. HỒ CHÍ MINH",
			"ĐÀ NẴNG",
			"CẦN THƠ",
			"Quy Nhơn"
		],
		"h3": [
			"Đăng ký tư vấn"
		],
		"b": [
			"Hãy để lại SĐT để cán bộ nhà trường hỗ trợ bạn sớm nhất nhé"
		],
		"option": [
			"Tỉnh / Thành phố *",
			"An Giang",
			"Bà Rịa-Vũng Tàu",
			"Bắc Giang",
			"Bắc Kạn",
			"Bạc Liêu",
			"Bắc Ninh",
			"Bến Tre",
			"Bình Dương",
			"Bình Định",
			"Bình Phước",
			"Bình Thuận",
			"Cà Mau",
			"Cần Thơ",
			"Cao Bằng",
			"Cục Cảnh sát ĐKQL cư trú và DLQG về dân cư",
			"Cục Cảnh sát quản lý hành chính về trật tự xã hội",
			"Đà Nẵng",
			"Đắk Lắk",
			"Đăk Nông",
			"Điện Biên",
			"Đồng Nai",
			"Đồng Tháp",
			"Gia Lai",
			"Hà Giang",
			"Hà Nam",
			"Hà Tĩnh",
			"Hải Dương",
			"Hải Phòng",
			"Hậu Giang",
			"Hoà Bình",
			"Hưng Yên",
			"Khánh Hoà",
			"Kiên Giang",
			"Kon Tum",
			"Lai Châu",
			"Lâm Đồng",
			"Lạng Sơn",
			"Lào Cai",
			"Long An",
			"Nam Định",
			"Nghệ An",
			"Ninh Bình",
			"Ninh Thuận",
			"Phú Thọ",
			"Phú Yên",
			"Quảng Bình",
			"Quảng Nam",
			"Quảng Ngãi",
			"Quảng Ninh",
			"Quảng Trị",
			"Sóc Trăng",
			"Sơn La",
			"Tây Ninh",
			"Thái Bình",
			"Thái Nguyên",
			"Thanh Hoá",
			"Thừa Thiên - Huế",
			"Tiền Giang",
			"Trà Vinh",
			"Tuyên Quang",
			"Vĩnh Long",
			"Vĩnh Phúc",
			"Yên Bái",
			"Hà Nội",
			"TP. Hồ Chí Minh"
		]
	},
	"url": "https://daihoc.fpt.edu.vn/doa-hoa-tay-nguyen-tai-sac-ven-toan-no-giua-dai-hoc-fpt/"
}