{
	"data": {
		"title": [
			"FPT lần thứ 3 liên tiếp giành cú đúp giải thưởng Vietnam HR Awards - Trường Đại học FPT"
		],
		"div": [
			"›\n\n›\n\n›\n\n›",
			"© 2024 Bản quyền thuộc về Trường Đại học FPT.",
			"Đăng ký tư vấn"
		],
		"a": [
			"Trường Đại học FPT",
			"Vietnamese",
			"English",
			"Trang chủ",
			"Giới thiệu",
			"Lịch sử thành lập",
			"Tập đoàn FPT",
			"Tổ chức giáo dục FPT",
			"Triết lý đào tạo",
			"Các giải thưởng và thành tích",
			"Ban lãnh đạo",
			"Gắn kết cộng đồng",
			"Tin tức",
			"Tin tức chung",
			"Hoạt động sinh viên",
			"Sự kiện",
			"Tuyển dụng",
			"Hướng nghiệp",
			"Ngành học",
			"Công nghệ thông tin",
			"Công nghệ ô tô số",
			"Kỹ thuật phần mềm",
			"Hệ thống thông tin",
			"Trí tuệ nhân tạo",
			"An toàn thông tin",
			"Thiết kế Mỹ thuật số",
			"Quản trị kinh doanh",
			"Tài chính",
			"Digital Marketing",
			"Kinh doanh quốc tế",
			"Quản lý Logistics & Chuỗi cung ứng toàn cầu",
			"Quản trị khách sạn",
			"Quản trị Du lịch và Lữ hành",
			"Công nghệ truyền thông",
			"Quản trị truyền thông đa phương tiện",
			"Quan hệ công chúng",
			"Ngôn ngữ Anh",
			"Ngôn ngữ Nhật",
			"Ngôn ngữ Hàn Quốc",
			"Ngôn ngữ Trung Quốc (Dự kiến)",
			"Đời sống sinh viên",
			"Một ngày tại Đại học FPT",
			"Vì sao nên học tại Đại học FPT",
			"Sự hài lòng của sinh viên",
			"Môi trường học tập",
			"Chương trình học linh hoạt",
			"Đời sống sinh viên",
			"Ký túc xá",
			"Các CLB & Cộng đồng sinh viên",
			"Các hoạt động thể thao trong trường",
			"Dịch vụ hỗ trợ",
			"Định hướng và khởi đầu",
			"Tốt nghiệp",
			"Câu chuyện sinh viên",
			"Hợp tác",
			"Ngành công nghiệp và doanh nghiệp",
			"Chương trình trao đổi sinh viên",
			"Chương trình học tập tại nước ngoài",
			"Hợp tác quốc tế",
			"Trao đổi sinh viên",
			"Học kỳ nước ngoài",
			"Các trường đại học đối tác",
			"Cựu sinh viên",
			"Cộng đồng cựu sinh viên",
			"Họ đang làm việc tại đâu",
			"Tuyển sinh",
			"Đề án tuyển sinh",
			"Tin tuyển sinh",
			"Liên hệ",
			"Đăng nhập",
			"Phạm Thị Phương",
			"Nữ sinh trường F trong tà áo dài ngày Xuân",
			"Gặp gỡ đội tuyển NGT’s OPEN ROBOT trước giải đấu FIRST Tech Challenge Vietnam",
			"Tỏa sáng với nghiên cứu khoa học, nữ sinh ĐH FPT khẳng định bản lĩnh và tài năng",
			"Phim ngắn “Thoi vàng chỉ ngọc” của SV ĐH FPT tại Cần Thơ được công chiếu ở Lotte Cinema",
			"SV trường ĐH FPT Hà Nội đón “tết trên bản” 2024",
			"Vietnamese",
			"English",
			"Facebook",
			"Youtube",
			"Tik Tok",
			"Hotline: (024)/(028) 73001866 - (0236)/(0292) 7301866"
		],
		"img": [
			"cropped cropped 2021 FPTU Long",
			"cropped cropped 2021 FPTU Long",
			"sinh vien dai hoc fpt 8",
			"sinh vien dai hoc fpt 8",
			"dai hoc fpt 1",
			"dai hoc fpt 1",
			"my duyen",
			"my duyen",
			"fpt 5",
			"fpt 5",
			"dai hoc fpt 1",
			"dai hoc fpt 1",
			"thông báo tuyển bổ sung",
			"thông báo tuyển bổ sung"
		],
		"p": [
			"Trang thông tin tuyển sinh chính thức của Trường Đại học FPT",
			"Lễ trao Giải thưởng “Vietnam HR Awards 2018” và Tọa đàm Quốc tế với chủ đề “Những bước sáng ngược dòng”, do Báo Lao động và Xã hội phối hợp với Công ty Talentnet đã được tổ chức tại TP HCM. Đây là giải thưởng tiên phong và mang đến những sức mạnh cộng hưởng giúp các chính sách ưu việt, chiến lược nhân sự xuất sắc được nhân rộng.",
			"Sau hơn 6 tháng trải qua các vòng hồ sơ, thuyết trình, khảo sát nhân viên và tham quan thực tế, 14 doanh nghiệp xuất sắc đã được Ban tổ chức cùng Hội đồng thẩm định trao tổng cộng 28 giải thưởng. 24 Giải hạng mục ở hai bảng dự thi được trao cho 12 doanh nghiệp; 2 giải “Doanh nghiệp xuất sắc nhất” ở hai bảng dự thi (Chiến lược nhân sự xuất sắc và Chính sách nhân sự hiệu quả); 2 giải thưởng do Hội đồng thẩm định bình chọn.",
			"Nằm ở bảng A – Chiến lược nhân sự xuất sắc dựa trên điều kiện doanh nghiệp tham gia phải hoạt động kinh doanh tại Việt Nam nhiều hơn, hoặc bằng 15 năm; Tập đoàn FPT đã giành Cup ở hai hạng mục:  và .",
			"Chị Trịnh Thu Hồng – Trưởng ban Nhân sự Tập đoàn FPT, chia sẻ: “Đây là cuộc thi rất thú vị, giúp FPT có trải nghiệm mới mẻ khi tham gia. Giải thưởng mang lại cho FPT vinh dự lớn lao chứng minh FPT là nhà tuyển dụng hàng đầu Việt Nam và khu vực. Hai giải thưởng này là thành quả cho sự nỗ lực của hơn 500 người làm nhân sự của tập đoàn và là món quà ý nghĩa chào mừng FPT 30 năm tiên phong”.",
			"Trước đó, hồi tháng 9, tại sự kiện trao giải thưởng HR Asia Award 2018 vừa được tổ chức tại TP HCM, FPT được vinh danh trong Top 28 công ty tại thị trường Việt Nam và là một trong 130 công ty tại khu vực châu Á có môi trường làm việc tốt nhất khu vực.",
			"Sau 30 năm thành lập, từ 13 sáng lập viên, FPT hiện có hơn 33.000 CBNV với độ tuổi trung bình 28, hiện diện tại 33 quốc gia trên toàn cầu. Trong đó có 1.424 CBNV người nước ngoài với 29 quốc tịch. 10 năm gần đây, quy mô nhân sự của FPT luôn tăng trưởng gần 16% mỗi năm. Dự kiến trong giai đoạn 2018-2020, FPT vẫn giữ vững mức tăng trưởng khoảng 18% và đạt quy mô hơn 50.000 người vào năm 2020. FPT luôn là một trong số ít các công ty Việt Nam được vinh danh trong các giải thưởng về chính sách đào tạo và môi trường làm việc.",
			"Trước đó, Tập đoàn nhận giải Top 100 môi trường làm việc tốt nhất tại Việt Nam năm 2015, Môi trường làm việc tốt và Chính sách đào tạo và phát triển nguồn nhân lực xuất sắc (Vietnam HR Awards 2014 và 2016); Top 5 nhà tuyển dụng được khao khát nhất Việt Nam (Jobstreet); Nhà tuyển dụng dụng được ưa thích nhất trong lĩnh vực CNTT tại Việt Nam (CareerBuilder).",
			"Khu Giáo dục và Đào tạo – Khu Công nghệ cao Hòa Lạc – Km29 Đại lộ Thăng Long, H. Thạch Thất,\nTP. Hà Nội",
			"Điện thoại: 024 7300 1866",
			"Email: daihocfpt@fpt.edu.vn",
			"Lô E2a-7, Đường D1 Khu Công nghệ cao, P. Long Thạnh Mỹ, TP. Thủ Đức, TP. Hồ Chí Minh",
			"Điện thoại: 028 7300 1866",
			"Email: daihocfpt@fpt.edu.vn",
			"Khu đô thị công nghệ FPT Đà Nẵng, P. Hoà Hải, Q. Ngũ Hành Sơn, TP. Đà Nẵng",
			"Điện thoại: 0236 730 1866",
			"Email: daihocfpt@fpt.edu.vn",
			"Số 600 Đường Nguyễn Văn Cừ (nối dài), P. An Bình, Q. Ninh Kiều, TP. Cần Thơ",
			"Điện thoại: 0292 730 1866",
			"Email: daihocfpt@fpt.edu.vn",
			"Khu đô thị mới An Phú Thịnh, Phường Nhơn Bình & Phường Đống Đa, TP. Quy\nNhơn, Bình Định",
			"Điện thoại: 0256 730 1866 /0256 7300 999",
			"Email: daihocfpt@fpt.edu.vn"
		],
		"label": [
			"Tìm kiếm",
			"Tìm kiếm"
		],
		"button": [
			"×",
			"Đăng ký",
			"Đóng"
		],
		"span": [
			"Trang chủ",
			"Hoạt động nghiên cứu",
			"Hỗ trợ dành cho nghiên cứu viên",
			"Các giải thưởng và danh hiệu",
			"FPT lần thứ 3 liên tiếp giành cú đúp giải thưởng Vietnam HR Awards",
			"bởi",
			"Chị Trịnh Thu Hồng – Trưởng ban Nhân sự Tập đoàn FPT nhận giải thưởng Vietnam HR Awards 2018 tổ chức tối 27/11 tại TP HCM.",
			"Hai giải thưởng Vietnam HR Awards 2018 mà FPT đạt được.",
			"Bài trước",
			"Bài trước:",
			"← Sinh viên Đại học FPT hấp dẫn trong mắt các doanh nghiệp quốc tế",
			"Bài tiếp",
			"Bài tiếp:",
			"Hé lộ sân khấu hoành tráng của Chung kết Miss FPTU Hà Nội 2018 →"
		],
		"h1": [
			"FPT lần thứ 3 liên tiếp giành cú đúp giải thưởng Vietnam HR Awards"
		],
		"time": [
			"Thứ Năm, ngày 29 tháng 11 năm 2018",
			"04/07/2022",
			"05/02/2024",
			"05/02/2024",
			"05/02/2024",
			"02/02/2024",
			"01/02/2024"
		],
		"strong": [
			"Chiều ngày 27/11, Ban tổ chức Giải thưởng Vietnam HR Awarrds 2018 công bố và trao giải cho 14 doanh nghiệp có mô hình quản trị nguồn nhân lực xuất sắc và đột phá tại Việt Nam. FPT được trao hai giải gồm: Hoạch định tuyển dụng nguồn nhân lực hiệu quả và Môi trường làm việc tốt.",
			"Hoạch định tuyển dụng nguồn nhân lực hiệu quả",
			"Môi trường làm việc tốt"
		],
		"td": [
			"Ra đời trong lòng doanh nghiệp, với sứ mệnh “Cung cấp năng lực cạnh tranh toàn cầu cho đông đảo người học, góp phần mở mang bờ cõi trí tuệ đất nước”, triết lý giáo dục “Giáo dục đào tạo là tổ chức và quản trị việc tự học của người học”, Đại học FPT hướng tới xây dựng mô hình của một trường Đại học thế hệ mới; gắn liền đào tạo với thực tiễn cuộc sống và nhu cầu nhân lực của đất nước, góp phần đưa Giáo dục Việt Nam tiến tới ngang tầm các nước trên thế giới.  Hàng năm, Đại học FPT hàng năm cung cấp nguồn lực chất lượng cao cho các tập đoàn hàng đầu của Việt Nam và tập đoàn đa quốc gia. 100% sinh viên Đại học FPT đều có cơ hội làm việc tại Tập đoàn FPT."
		],
		"h2": [
			"Điều hướng bài viết"
		],
		"h4": [
			"HÀ NỘI",
			"TP. HỒ CHÍ MINH",
			"ĐÀ NẴNG",
			"CẦN THƠ",
			"Quy Nhơn"
		],
		"h3": [
			"Đăng ký tư vấn"
		],
		"b": [
			"Hãy để lại SĐT để cán bộ nhà trường hỗ trợ bạn sớm nhất nhé"
		],
		"option": [
			"Tỉnh / Thành phố *",
			"An Giang",
			"Bà Rịa-Vũng Tàu",
			"Bắc Giang",
			"Bắc Kạn",
			"Bạc Liêu",
			"Bắc Ninh",
			"Bến Tre",
			"Bình Dương",
			"Bình Định",
			"Bình Phước",
			"Bình Thuận",
			"Cà Mau",
			"Cần Thơ",
			"Cao Bằng",
			"Cục Cảnh sát ĐKQL cư trú và DLQG về dân cư",
			"Cục Cảnh sát quản lý hành chính về trật tự xã hội",
			"Đà Nẵng",
			"Đắk Lắk",
			"Đăk Nông",
			"Điện Biên",
			"Đồng Nai",
			"Đồng Tháp",
			"Gia Lai",
			"Hà Giang",
			"Hà Nam",
			"Hà Tĩnh",
			"Hải Dương",
			"Hải Phòng",
			"Hậu Giang",
			"Hoà Bình",
			"Hưng Yên",
			"Khánh Hoà",
			"Kiên Giang",
			"Kon Tum",
			"Lai Châu",
			"Lâm Đồng",
			"Lạng Sơn",
			"Lào Cai",
			"Long An",
			"Nam Định",
			"Nghệ An",
			"Ninh Bình",
			"Ninh Thuận",
			"Phú Thọ",
			"Phú Yên",
			"Quảng Bình",
			"Quảng Nam",
			"Quảng Ngãi",
			"Quảng Ninh",
			"Quảng Trị",
			"Sóc Trăng",
			"Sơn La",
			"Tây Ninh",
			"Thái Bình",
			"Thái Nguyên",
			"Thanh Hoá",
			"Thừa Thiên - Huế",
			"Tiền Giang",
			"Trà Vinh",
			"Tuyên Quang",
			"Vĩnh Long",
			"Vĩnh Phúc",
			"Yên Bái",
			"Hà Nội",
			"TP. Hồ Chí Minh"
		]
	},
	"url": "https://daihoc.fpt.edu.vn/fpt-lan-thu-3-lien-tiep-gianh-cu-dup-giai-thuong-vietnam-hr-awards/"
}