{
	"data": {
		"title": [
			"KMS Technology là đối tác chiến lược của Đại học FPT TP. HCM trong lĩnh vực phần mềm - Trường Đại học FPT"
		],
		"div": [
			"›\n\n›",
			"© 2024 Bản quyền thuộc về Trường Đại học FPT.",
			"Đăng ký tư vấn"
		],
		"a": [
			"Trường Đại học FPT",
			"Vietnamese",
			"English",
			"Trang chủ",
			"Giới thiệu",
			"Lịch sử thành lập",
			"Tập đoàn FPT",
			"Tổ chức giáo dục FPT",
			"Triết lý đào tạo",
			"Các giải thưởng và thành tích",
			"Ban lãnh đạo",
			"Gắn kết cộng đồng",
			"Tin tức",
			"Tin tức chung",
			"Hoạt động sinh viên",
			"Sự kiện",
			"Tuyển dụng",
			"Hướng nghiệp",
			"Ngành học",
			"Công nghệ thông tin",
			"Công nghệ ô tô số",
			"Kỹ thuật phần mềm",
			"Hệ thống thông tin",
			"Trí tuệ nhân tạo",
			"An toàn thông tin",
			"Thiết kế Mỹ thuật số",
			"Quản trị kinh doanh",
			"Tài chính",
			"Digital Marketing",
			"Kinh doanh quốc tế",
			"Quản lý Logistics & Chuỗi cung ứng toàn cầu",
			"Quản trị khách sạn",
			"Quản trị Du lịch và Lữ hành",
			"Công nghệ truyền thông",
			"Quản trị truyền thông đa phương tiện",
			"Quan hệ công chúng",
			"Ngôn ngữ Anh",
			"Ngôn ngữ Nhật",
			"Ngôn ngữ Hàn Quốc",
			"Ngôn ngữ Trung Quốc (Dự kiến)",
			"Đời sống sinh viên",
			"Một ngày tại Đại học FPT",
			"Vì sao nên học tại Đại học FPT",
			"Sự hài lòng của sinh viên",
			"Môi trường học tập",
			"Chương trình học linh hoạt",
			"Đời sống sinh viên",
			"Ký túc xá",
			"Các CLB & Cộng đồng sinh viên",
			"Các hoạt động thể thao trong trường",
			"Dịch vụ hỗ trợ",
			"Định hướng và khởi đầu",
			"Tốt nghiệp",
			"Câu chuyện sinh viên",
			"Hợp tác",
			"Ngành công nghiệp và doanh nghiệp",
			"Chương trình trao đổi sinh viên",
			"Chương trình học tập tại nước ngoài",
			"Hợp tác quốc tế",
			"Trao đổi sinh viên",
			"Học kỳ nước ngoài",
			"Các trường đại học đối tác",
			"Cựu sinh viên",
			"Cộng đồng cựu sinh viên",
			"Họ đang làm việc tại đâu",
			"Tuyển sinh",
			"Đề án tuyển sinh",
			"Tin tuyển sinh",
			"Liên hệ",
			"Đăng nhập",
			"Nguyễn Thị Hồng Yến",
			"Nữ sinh trường F trong tà áo dài ngày Xuân",
			"Gặp gỡ đội tuyển NGT’s OPEN ROBOT trước giải đấu FIRST Tech Challenge Vietnam",
			"Tỏa sáng với nghiên cứu khoa học, nữ sinh ĐH FPT khẳng định bản lĩnh và tài năng",
			"Phim ngắn “Thoi vàng chỉ ngọc” của SV ĐH FPT tại Cần Thơ được công chiếu ở Lotte Cinema",
			"SV trường ĐH FPT Hà Nội đón “tết trên bản” 2024",
			"Vietnamese",
			"English",
			"Facebook",
			"Youtube",
			"Tik Tok",
			"Hotline: (024)/(028) 73001866 - (0236)/(0292) 7301866"
		],
		"img": [
			"cropped cropped 2021 FPTU Long",
			"cropped cropped 2021 FPTU Long",
			"sinh vien dai hoc fpt 8",
			"sinh vien dai hoc fpt 8",
			"dai hoc fpt 1",
			"dai hoc fpt 1",
			"my duyen",
			"my duyen",
			"fpt 5",
			"fpt 5",
			"dai hoc fpt 1",
			"dai hoc fpt 1",
			"thông báo tuyển bổ sung",
			"thông báo tuyển bổ sung"
		],
		"p": [
			"Trang thông tin tuyển sinh chính thức của Trường Đại học FPT",
			"Theo đó, KMS sẽ là đối tác chiến lược, đồng hành cùng Đại học FPT trong các hoạt động đào tạo, thực tập và định hướng nghề nghiệp cho sinh viên.",
			"Thầy Nguyễn Trần Phước Bảo – Trưởng Phòng Quan hệ Doanh nghiệp, đã đại diện nhà trường trao Bản thỏa thuận hợp tác cho Ông Trần Trọng Đại – Tổng giám đốc KMS Technology, đánh dấu một mốc quan trọng cho sự hợp tác mang tính chiến lược này.",
			"Sau sự kiện này, các bạn sinh viên FPTU ngành Kỹ thuật phần mềm cũng đã có cơ hội tham quan môi trường làm việc thực tế tại Công ty và tham gia buổi hội thảo chuyên đề với các anh chị quản lý, kỹ thuật viên tại KMS.",
			"Thành lập năm 2009, KMS Technology chuyên cung cấp dịch vụ tư vấn và phát triển sản phẩm phần mềm cho thị trường Mỹ và quốc tế. Trong 11 năm hoạt động, KMS đạt được sự tín nhiệm của khách hàng toàn cầu về chất lượng sản phẩm vượt trội và trình độ chuyên môn cao của đội ngũ kỹ sư người Việt.",
			"KMS cung cấp các giải pháp chuyển đổi số thông qua công ty thành viên KMS Solutions, hỗ trợ các công ty tại Việt Nam và khu vực Châu Á với các dịch vụ tư vấn và triển khai hệ thống phần mềm. Ngoài ra, KMS phát hành thành công các sản phẩm ghi dấu trên thị trường với hàng triệu người dùng quốc tế như QASymphony, Kobiton, Katalon, Grove và các sản phẩm mới trong tương lai thông qua vườn ươm & đầu tư khởi nghiệp UpStar Labs.",
			"KMS cam kết đem lại những giá trị bền vững cho cộng đồng thông qua việc hợp tác với các tổ chức phi lợi nhuận nhằm hỗ trợ hướng nghiệp cho các sinh viên khó khăn tại Việt Nam. Công ty thường xuyên hợp tác với các trường đại học, tham gia các khoá đào tạo, các sự kiện chuyên ngành và tài trợ các chương trình học bổng khuyến học trong nước. Trong nhiều năm liên tiếp công ty đã nhận được nhiều giải thưởng uy tín trong ngành như Giải thưởng Sao Khuê và được bình chọn là Top 5 công ty ICT tại Việt Nam, một trong những nơi làm việc tốt nhất tại Việt Nam, Châu Á và Mỹ.",
			"Khu Giáo dục và Đào tạo – Khu Công nghệ cao Hòa Lạc – Km29 Đại lộ Thăng Long, H. Thạch Thất,\nTP. Hà Nội",
			"Điện thoại: 024 7300 1866",
			"Email: daihocfpt@fpt.edu.vn",
			"Lô E2a-7, Đường D1 Khu Công nghệ cao, P. Long Thạnh Mỹ, TP. Thủ Đức, TP. Hồ Chí Minh",
			"Điện thoại: 028 7300 1866",
			"Email: daihocfpt@fpt.edu.vn",
			"Khu đô thị công nghệ FPT Đà Nẵng, P. Hoà Hải, Q. Ngũ Hành Sơn, TP. Đà Nẵng",
			"Điện thoại: 0236 730 1866",
			"Email: daihocfpt@fpt.edu.vn",
			"Số 600 Đường Nguyễn Văn Cừ (nối dài), P. An Bình, Q. Ninh Kiều, TP. Cần Thơ",
			"Điện thoại: 0292 730 1866",
			"Email: daihocfpt@fpt.edu.vn",
			"Khu đô thị mới An Phú Thịnh, Phường Nhơn Bình & Phường Đống Đa, TP. Quy\nNhơn, Bình Định",
			"Điện thoại: 0256 730 1866 /0256 7300 999",
			"Email: daihocfpt@fpt.edu.vn"
		],
		"label": [
			"Tìm kiếm",
			"Tìm kiếm"
		],
		"button": [
			"×",
			"Đăng ký",
			"Đóng"
		],
		"span": [
			"Trang chủ",
			"Tin tức chung",
			"KMS Technology là đối tác chiến lược của Đại học FPT TP. HCM trong lĩnh vực phần mềm",
			"bởi",
			"Bài trước",
			"Bài trước:",
			"← “Ngất ngây” với không gian sang – xịn nằm trong căn tin Trường ĐH FPT",
			"Bài tiếp",
			"Bài tiếp:",
			"Sinh viên Đại học FPT tham quan Công ty \bMGM Technology Partners →"
		],
		"h1": [
			"KMS Technology là đối tác chiến lược của Đại học FPT TP. HCM trong lĩnh vực phần mềm"
		],
		"time": [
			"Thứ Ba, ngày 08 tháng 12 năm 2020",
			"11/12/2020",
			"05/02/2024",
			"05/02/2024",
			"05/02/2024",
			"02/02/2024",
			"01/02/2024"
		],
		"em": [
			"Vừa qua",
			", Trường Đại học FPT TP.HCM và công ty KMS Technology",
			"đã chính thức ký kết thỏa thuận hợp tác toàn diện",
			"song phương, mở ra nhiều cơ hội được đào tạo, thực tập và làm việc cho sinh viên Kỹ thuật phầm mềm ĐH FPT trong lương lai.",
			"Phòng QHDN ĐH FPT"
		],
		"h2": [
			"Điều hướng bài viết"
		],
		"h4": [
			"HÀ NỘI",
			"TP. HỒ CHÍ MINH",
			"ĐÀ NẴNG",
			"CẦN THƠ",
			"Quy Nhơn"
		],
		"h3": [
			"Đăng ký tư vấn"
		],
		"b": [
			"Hãy để lại SĐT để cán bộ nhà trường hỗ trợ bạn sớm nhất nhé"
		],
		"option": [
			"Tỉnh / Thành phố *",
			"An Giang",
			"Bà Rịa-Vũng Tàu",
			"Bắc Giang",
			"Bắc Kạn",
			"Bạc Liêu",
			"Bắc Ninh",
			"Bến Tre",
			"Bình Dương",
			"Bình Định",
			"Bình Phước",
			"Bình Thuận",
			"Cà Mau",
			"Cần Thơ",
			"Cao Bằng",
			"Cục Cảnh sát ĐKQL cư trú và DLQG về dân cư",
			"Cục Cảnh sát quản lý hành chính về trật tự xã hội",
			"Đà Nẵng",
			"Đắk Lắk",
			"Đăk Nông",
			"Điện Biên",
			"Đồng Nai",
			"Đồng Tháp",
			"Gia Lai",
			"Hà Giang",
			"Hà Nam",
			"Hà Tĩnh",
			"Hải Dương",
			"Hải Phòng",
			"Hậu Giang",
			"Hoà Bình",
			"Hưng Yên",
			"Khánh Hoà",
			"Kiên Giang",
			"Kon Tum",
			"Lai Châu",
			"Lâm Đồng",
			"Lạng Sơn",
			"Lào Cai",
			"Long An",
			"Nam Định",
			"Nghệ An",
			"Ninh Bình",
			"Ninh Thuận",
			"Phú Thọ",
			"Phú Yên",
			"Quảng Bình",
			"Quảng Nam",
			"Quảng Ngãi",
			"Quảng Ninh",
			"Quảng Trị",
			"Sóc Trăng",
			"Sơn La",
			"Tây Ninh",
			"Thái Bình",
			"Thái Nguyên",
			"Thanh Hoá",
			"Thừa Thiên - Huế",
			"Tiền Giang",
			"Trà Vinh",
			"Tuyên Quang",
			"Vĩnh Long",
			"Vĩnh Phúc",
			"Yên Bái",
			"Hà Nội",
			"TP. Hồ Chí Minh"
		]
	},
	"url": "https://daihoc.fpt.edu.vn/kms-technology-la-doi-tac-chien-luoc-cua-dai-hoc-fpt-tp-hcm-trong-linh-vuc-phan-mem/"
}