{
	"data": {
		"title": [
			"Bí kíp đạt điểm cao trong kỳ thì tốt nghiệp THPT 2020 - Trường Đại học FPT"
		],
		"div": [
			"›\n\n›",
			"© 2024 Bản quyền thuộc về Trường Đại học FPT.",
			"Đăng ký tư vấn"
		],
		"a": [
			"Trường Đại học FPT",
			"Vietnamese",
			"English",
			"Trang chủ",
			"Giới thiệu",
			"Lịch sử thành lập",
			"Tập đoàn FPT",
			"Tổ chức giáo dục FPT",
			"Triết lý đào tạo",
			"Các giải thưởng và thành tích",
			"Ban lãnh đạo",
			"Gắn kết cộng đồng",
			"Tin tức",
			"Tin tức chung",
			"Hoạt động sinh viên",
			"Sự kiện",
			"Tuyển dụng",
			"Hướng nghiệp",
			"Ngành học",
			"Công nghệ thông tin",
			"Công nghệ ô tô số",
			"Kỹ thuật phần mềm",
			"Hệ thống thông tin",
			"Trí tuệ nhân tạo",
			"An toàn thông tin",
			"Thiết kế Mỹ thuật số",
			"Quản trị kinh doanh",
			"Tài chính",
			"Digital Marketing",
			"Kinh doanh quốc tế",
			"Quản lý Logistics & Chuỗi cung ứng toàn cầu",
			"Quản trị khách sạn",
			"Quản trị Du lịch và Lữ hành",
			"Công nghệ truyền thông",
			"Quản trị truyền thông đa phương tiện",
			"Quan hệ công chúng",
			"Ngôn ngữ Anh",
			"Ngôn ngữ Nhật",
			"Ngôn ngữ Hàn Quốc",
			"Ngôn ngữ Trung Quốc (Dự kiến)",
			"Đời sống sinh viên",
			"Một ngày tại Đại học FPT",
			"Vì sao nên học tại Đại học FPT",
			"Sự hài lòng của sinh viên",
			"Môi trường học tập",
			"Chương trình học linh hoạt",
			"Đời sống sinh viên",
			"Ký túc xá",
			"Các CLB & Cộng đồng sinh viên",
			"Các hoạt động thể thao trong trường",
			"Dịch vụ hỗ trợ",
			"Định hướng và khởi đầu",
			"Tốt nghiệp",
			"Câu chuyện sinh viên",
			"Hợp tác",
			"Ngành công nghiệp và doanh nghiệp",
			"Chương trình trao đổi sinh viên",
			"Chương trình học tập tại nước ngoài",
			"Hợp tác quốc tế",
			"Trao đổi sinh viên",
			"Học kỳ nước ngoài",
			"Các trường đại học đối tác",
			"Cựu sinh viên",
			"Cộng đồng cựu sinh viên",
			"Họ đang làm việc tại đâu",
			"Tuyển sinh",
			"Đề án tuyển sinh",
			"Tin tuyển sinh",
			"Liên hệ",
			"Đăng nhập",
			"Nguyễn Thị Hồng Yến",
			"http://SchoolRank.fpt.edu.vn",
			"http://daihoc.fpt.edu.vn/",
			"Nữ sinh trường F trong tà áo dài ngày Xuân",
			"Gặp gỡ đội tuyển NGT’s OPEN ROBOT trước giải đấu FIRST Tech Challenge Vietnam",
			"Tỏa sáng với nghiên cứu khoa học, nữ sinh ĐH FPT khẳng định bản lĩnh và tài năng",
			"Phim ngắn “Thoi vàng chỉ ngọc” của SV ĐH FPT tại Cần Thơ được công chiếu ở Lotte Cinema",
			"SV trường ĐH FPT Hà Nội đón “tết trên bản” 2024",
			"Vietnamese",
			"English",
			"Facebook",
			"Youtube",
			"Tik Tok",
			"Hotline: (024)/(028) 73001866 - (0236)/(0292) 7301866"
		],
		"img": [
			"cropped cropped 2021 FPTU Long",
			"cropped cropped 2021 FPTU Long",
			"sinh vien dai hoc fpt 8",
			"sinh vien dai hoc fpt 8",
			"dai hoc fpt 1",
			"dai hoc fpt 1",
			"my duyen",
			"my duyen",
			"fpt 5",
			"fpt 5",
			"dai hoc fpt 1",
			"dai hoc fpt 1",
			"thông báo tuyển bổ sung",
			"thông báo tuyển bổ sung"
		],
		"p": [
			"Trang thông tin tuyển sinh chính thức của Trường Đại học FPT",
			"Vừa qua, Bộ GD&ĐT đã có những điều chỉnh nhất định về kỳ thi THPT Quốc gia năm nay sau tác động hàng loạt của dịch bệnh Covid-19 vào các trường học. Theo đó, dự kiến kỳ thi vẫn sẽ được tổ chức vào tháng 8, tức là trễ hơn khoảng 2 tháng so với năm ngoái. Một thay đổi nữa trong kế hoạch tổ chức thi năm nay là thay vì kết quả được sử dụng để công nhận tốt nghiệp và xét tuyển đại học, thì năm 2020 kết quả chỉ chủ yếu để xét tốt nghiệp nhưng nhiều trường đại học vẫn mong muốn đây là cơ sở để các trường có thể thực hiện tuyển sinh.",
			"Bài thi năm nay tuy có thể sẽ giảm độ khó, giảm tính chất đánh đố nhưng sẽ vẫn có sự phân hóa chất lượng học sinh theo các mức từ trung bình đến xuất sắc; độ chênh lệch điểm ở mức 0,25 điểm. Do đó, học sinh không nên lơ là và cần tập trung ôn luyện để đạt được kết quả cao trong kỳ thi này, làm bàn đạp để tiến vào cảnh cổng đại học. Vậy những bí quyết nào sẽ giúp thí sinh “vượt ải” thi THPT Quốc gia thành công?",
			"Thiệt thòi với thí sinh năm nay chắc chắn phải kể đến những ảnh hưởng bởi đại dịch Covid-19. Ngay từ ban đầu, các sĩ tử đã ở một tâm thế sẵn sàng và lên kế hoạch ôn tập của học sinh cuối cấp cho một kỳ thi THPT Quốc gia được diễn ra bình thường như mọi năm. Nhưng nhiều bạn bắt đầu rơi vào trạng thái nản chí và dần đánh mất đi động lực ban đầu do kỳ nghỉ kéo dài. Vì thế, điều cần thiết với thí sinh bây giờ là vực dậy tinh thần chiến đấu và chuẩn bị một kế hoạch ôn tập phù hợp với những thay đổi mới để tự tin đối đầu với kỳ thi sẽ diễn ra vào tháng sắp tới.",
			"Ngoài ra, để việc ôn tập có hiệu quả thì tự giác chính là kim chỉ nam mà học sinh cần nhớ và áp dụng trong mọi môn học. Nếu luôn chủ động tìm tòi học hỏi, biết cách sắp xếp, điều chỉnh phương pháp ôn tập một cách hợp lý thì việc học sẽ trở nên dễ dàng và nhanh thôi bạn sẽ làm chủ những nội dung kiến thức sẽ có trong nội dung của bài thi.",
			"Với nhiều thí sinh, việc ôn càng nhiều càng tốt, thà học nhầm còn hơn bỏ sót dường như là phương pháp được xem là hiệu quả nhất cho việc ôn bài. Nhưng nếu cố tình ép mình làm việc quá sức và nhồi nhét những kiến thức dư thừa có thể sẽ khiến tâm trí của chúng ta bị quá sức và việc ôn tập sẽ trở nên khó khăn hơn.",
			"Do đó, với mỗi thí sinh cần đặc biệt lưu ý cần phân bổ thời gian ôn tập hợp lý, có thời gian thư giãn và đảm bảo rằng việc luyện đề không trở nên quá tải trong ngày. Nên tìm hiểu những dạng đề tương ứng với đề thi các năm trước và đề minh họa của Bộ GD-ĐT. Các đề thi tự ôn cũng nên có tính phân hóa, không nên thử sức với các dạng bài tập khó ngay từ đầu mà hãy làm quen với những dạng đề cơ bản trước tiên.",
			"Kiến thức ôn tập cũng nên được vạch ra rõ ràng, đúng trọng tâm, bỏ qua những phần kiến thức đã được giảm tải và không cần thiết để có thêm thời gian bổ sung cho các môn học khác. Bạn cũng cần theo dõi tiến độ và hiệu quả học tập của mình theo chu kỳ để đảm bảo rằng phương pháp, kế hoạch mình vạch ra đang đi đúng hướng hay đang có những khúc mắc gì, từ đó có sự điều chỉnh kịp thời, hướng tới một kết quả cao trong kỳ thi.",
			"Thí sinh đủ điều kiện trúng tuyển vào ĐH FPT khi:",
			"– Điểm các môn thi trong kỳ thi THPT 2020 thuộc Top50 THPT toàn quốc năm 2020 (theo số liệu Đại học FPT tổng hợp và công bố sau kỳ thi THPT 2020) và điểm theo khối xét tuyển đạt từ trung bình trở lên (15/30 điểm);",
			"– Hoặc: Điểm học bạ thuộc Top 50 THPT toàn quốc năm 2020 (chứng nhận thực hiện trên trang )",
			"Để biết thêm thông tin tuyển sinh của Trường Đại học FPT, thí sinh và phụ huynh vui lòng truy cập website:",
			"Khu Giáo dục và Đào tạo – Khu Công nghệ cao Hòa Lạc – Km29 Đại lộ Thăng Long, H. Thạch Thất,\nTP. Hà Nội",
			"Điện thoại: 024 7300 1866",
			"Email: daihocfpt@fpt.edu.vn",
			"Lô E2a-7, Đường D1 Khu Công nghệ cao, P. Long Thạnh Mỹ, TP. Thủ Đức, TP. Hồ Chí Minh",
			"Điện thoại: 028 7300 1866",
			"Email: daihocfpt@fpt.edu.vn",
			"Khu đô thị công nghệ FPT Đà Nẵng, P. Hoà Hải, Q. Ngũ Hành Sơn, TP. Đà Nẵng",
			"Điện thoại: 0236 730 1866",
			"Email: daihocfpt@fpt.edu.vn",
			"Số 600 Đường Nguyễn Văn Cừ (nối dài), P. An Bình, Q. Ninh Kiều, TP. Cần Thơ",
			"Điện thoại: 0292 730 1866",
			"Email: daihocfpt@fpt.edu.vn",
			"Khu đô thị mới An Phú Thịnh, Phường Nhơn Bình & Phường Đống Đa, TP. Quy\nNhơn, Bình Định",
			"Điện thoại: 0256 730 1866 /0256 7300 999",
			"Email: daihocfpt@fpt.edu.vn"
		],
		"label": [
			"Tìm kiếm",
			"Tìm kiếm"
		],
		"button": [
			"×",
			"Đăng ký",
			"Đóng"
		],
		"span": [
			"Trang chủ",
			"Tin tức chung",
			"Bí kíp đạt điểm cao trong kỳ thì tốt nghiệp THPT 2020",
			"bởi",
			"Bài trước",
			"Bài trước:",
			"← Sinh viên Thiết kế mỹ thuật số được “thử lửa” với chuỗi bài tập “độc lạ”",
			"Bài tiếp",
			"Bài tiếp:",
			"Những yếu tố tạo nên “chất riêng” cho sinh viên trường F →"
		],
		"h1": [
			"Bí kíp đạt điểm cao trong kỳ thì tốt nghiệp THPT 2020"
		],
		"time": [
			"Thứ Ba, ngày 05 tháng 05 năm 2020",
			"05/05/2020",
			"05/02/2024",
			"05/02/2024",
			"05/02/2024",
			"02/02/2024",
			"01/02/2024"
		],
		"strong": [
			"Với nhiều thay đổi trong kỳ thi THPT năm nay, thí sinh cũng cần trang bị những phương pháp học tập phù hợp để đạt kết quả cao.",
			"Bí kíp 1: Lấy lại động lực học tập ban đầu",
			"Bí kíp 2: Bắt tay vào thiết kế lộ trình ôn tập",
			"Theo Tri Thức Trẻ"
		],
		"h2": [
			"Điều hướng bài viết"
		],
		"figcaption": [
			"Tự giác học tập là yếu tố kiên quyết đầu tiên giúp thí sinh trang bị đầy đủ kiến thức trước kỳ thi THPT"
		],
		"td": [
			"Năm 2020, Trường Đại học FPT tuyển sinh các khối ngành: Quản trị Kinh doanh, Công nghệ thông tin, Ngôn ngữ, Thiết kế đồ hoạ, Du lịch và Khách sạn."
		],
		"h4": [
			"HÀ NỘI",
			"TP. HỒ CHÍ MINH",
			"ĐÀ NẴNG",
			"CẦN THƠ",
			"Quy Nhơn"
		],
		"h3": [
			"Đăng ký tư vấn"
		],
		"b": [
			"Hãy để lại SĐT để cán bộ nhà trường hỗ trợ bạn sớm nhất nhé"
		],
		"option": [
			"Tỉnh / Thành phố *",
			"An Giang",
			"Bà Rịa-Vũng Tàu",
			"Bắc Giang",
			"Bắc Kạn",
			"Bạc Liêu",
			"Bắc Ninh",
			"Bến Tre",
			"Bình Dương",
			"Bình Định",
			"Bình Phước",
			"Bình Thuận",
			"Cà Mau",
			"Cần Thơ",
			"Cao Bằng",
			"Cục Cảnh sát ĐKQL cư trú và DLQG về dân cư",
			"Cục Cảnh sát quản lý hành chính về trật tự xã hội",
			"Đà Nẵng",
			"Đắk Lắk",
			"Đăk Nông",
			"Điện Biên",
			"Đồng Nai",
			"Đồng Tháp",
			"Gia Lai",
			"Hà Giang",
			"Hà Nam",
			"Hà Tĩnh",
			"Hải Dương",
			"Hải Phòng",
			"Hậu Giang",
			"Hoà Bình",
			"Hưng Yên",
			"Khánh Hoà",
			"Kiên Giang",
			"Kon Tum",
			"Lai Châu",
			"Lâm Đồng",
			"Lạng Sơn",
			"Lào Cai",
			"Long An",
			"Nam Định",
			"Nghệ An",
			"Ninh Bình",
			"Ninh Thuận",
			"Phú Thọ",
			"Phú Yên",
			"Quảng Bình",
			"Quảng Nam",
			"Quảng Ngãi",
			"Quảng Ninh",
			"Quảng Trị",
			"Sóc Trăng",
			"Sơn La",
			"Tây Ninh",
			"Thái Bình",
			"Thái Nguyên",
			"Thanh Hoá",
			"Thừa Thiên - Huế",
			"Tiền Giang",
			"Trà Vinh",
			"Tuyên Quang",
			"Vĩnh Long",
			"Vĩnh Phúc",
			"Yên Bái",
			"Hà Nội",
			"TP. Hồ Chí Minh"
		]
	},
	"url": "https://daihoc.fpt.edu.vn/bi-kip-dat-diem-cao-trong-ky-thi-tot-nghiep-thpt-2020/"
}