{
	"data": {
		"title": [
			"Vào đại học vừa được độ body vừa được phát gấu nhờ chăm tập Street Workout là có thật - Trường Đại học FPT"
		],
		"div": [
			"© 2024 Bản quyền thuộc về Trường Đại học FPT.",
			"Đăng ký tư vấn"
		],
		"a": [
			"Trường Đại học FPT",
			"Vietnamese",
			"English",
			"Trang chủ",
			"Giới thiệu",
			"Lịch sử thành lập",
			"Tập đoàn FPT",
			"Tổ chức giáo dục FPT",
			"Triết lý đào tạo",
			"Các giải thưởng và thành tích",
			"Ban lãnh đạo",
			"Gắn kết cộng đồng",
			"Tin tức",
			"Tin tức chung",
			"Hoạt động sinh viên",
			"Sự kiện",
			"Tuyển dụng",
			"Hướng nghiệp",
			"Ngành học",
			"Công nghệ thông tin",
			"Công nghệ ô tô số",
			"Kỹ thuật phần mềm",
			"Hệ thống thông tin",
			"Trí tuệ nhân tạo",
			"An toàn thông tin",
			"Thiết kế Mỹ thuật số",
			"Quản trị kinh doanh",
			"Tài chính",
			"Digital Marketing",
			"Kinh doanh quốc tế",
			"Quản lý Logistics & Chuỗi cung ứng toàn cầu",
			"Quản trị khách sạn",
			"Quản trị Du lịch và Lữ hành",
			"Công nghệ truyền thông",
			"Quản trị truyền thông đa phương tiện",
			"Quan hệ công chúng",
			"Ngôn ngữ Anh",
			"Ngôn ngữ Nhật",
			"Ngôn ngữ Hàn Quốc",
			"Ngôn ngữ Trung Quốc (Dự kiến)",
			"Đời sống sinh viên",
			"Một ngày tại Đại học FPT",
			"Vì sao nên học tại Đại học FPT",
			"Sự hài lòng của sinh viên",
			"Môi trường học tập",
			"Chương trình học linh hoạt",
			"Đời sống sinh viên",
			"Ký túc xá",
			"Các CLB & Cộng đồng sinh viên",
			"Các hoạt động thể thao trong trường",
			"Dịch vụ hỗ trợ",
			"Định hướng và khởi đầu",
			"Tốt nghiệp",
			"Câu chuyện sinh viên",
			"Hợp tác",
			"Ngành công nghiệp và doanh nghiệp",
			"Chương trình trao đổi sinh viên",
			"Chương trình học tập tại nước ngoài",
			"Hợp tác quốc tế",
			"Trao đổi sinh viên",
			"Học kỳ nước ngoài",
			"Các trường đại học đối tác",
			"Cựu sinh viên",
			"Cộng đồng cựu sinh viên",
			"Họ đang làm việc tại đâu",
			"Tuyển sinh",
			"Đề án tuyển sinh",
			"Tin tuyển sinh",
			"Liên hệ",
			"Đăng nhập",
			"Nguyễn Thị Hồng Yến",
			"Sân Street Workout: Nơi “Độ Body” xịn nhất Đại học FPT",
			"Hè sang, các anh chàng SV ĐH FPT lại “khoe múi” và visual ổn cực mà không cần dùng app",
			"Khám phá những CLB mang đến “hạnh phúc” của trường F",
			"Nữ sinh trường F trong tà áo dài ngày Xuân",
			"Gặp gỡ đội tuyển NGT’s OPEN ROBOT trước giải đấu FIRST Tech Challenge Vietnam",
			"Tỏa sáng với nghiên cứu khoa học, nữ sinh ĐH FPT khẳng định bản lĩnh và tài năng",
			"Phim ngắn “Thoi vàng chỉ ngọc” của SV ĐH FPT tại Cần Thơ được công chiếu ở Lotte Cinema",
			"SV trường ĐH FPT Hà Nội đón “tết trên bản” 2024",
			"Vietnamese",
			"English",
			"Facebook",
			"Youtube",
			"Tik Tok",
			"Hotline: (024)/(028) 73001866 - (0236)/(0292) 7301866"
		],
		"img": [
			"cropped cropped 2021 FPTU Long",
			"cropped cropped 2021 FPTU Long",
			"sinh vien dh fpt khoe body",
			"sinh vien dh fpt khoe body",
			"sinh vien dh fpt khoe body 3",
			"sinh vien dh fpt khoe body 3",
			"sinh vien dh fpt khoe body 1",
			"sinh vien dh fpt khoe body 1",
			"sinh vien dh fpt khoe body 6",
			"sinh vien dh fpt khoe body 6",
			"sinh vien dh fpt khoe body 2",
			"sinh vien dh fpt khoe body 2",
			"sinh vien dai hoc fpt 8",
			"sinh vien dai hoc fpt 8",
			"dai hoc fpt 1",
			"dai hoc fpt 1",
			"my duyen",
			"my duyen",
			"fpt 5",
			"fpt 5",
			"dai hoc fpt 1",
			"dai hoc fpt 1",
			"thông báo tuyển bổ sung",
			"thông báo tuyển bổ sung"
		],
		"p": [
			"Trang thông tin tuyển sinh chính thức của Trường Đại học FPT",
			"Ngay từ khi ra đời sân tập này, phong trào “độ body” của sinh viên ĐH FPT tại Hà Nội phát triển mạnh mẽ hơn hết, nổi bật nhất trong phong trào này là các thành viên của CLB Street Workout của trường. Để thêm phần đa dạng cho những bài tập, thành viên trong CLB còn chủ động “lên đời” cho sân tập với những dụng cụ đa dạng như: Rings, tạ, parallettes, dây kháng lực…",
			"“Bãi xà” xịn nhất trường F còn là nơi tổ chức những giải đấu Street Workout chuyên nghiệp như Xà Vương, S-GO, quy tụ hàng trăm “trai đẹp 6 múi” về trường F.",
			"Nhờ chăm chỉ ra tập tại “bãi xà”, sinh viên ĐH FPT Hà Nội còn thường xuyên được mời đi giao lưu, thi đấu các giải đấu chuyên nghiệp như: Redbull 2018, Hà Nội Street Workout Open Cup 2022…",
			"Thể dục thể thao không những nâng cao sức khoẻ mà còn nâng cao khả năng có gấu của sinh viên trường F.",
			"Cứ chiều chiều, sân tập Street Workout này lại nhộn nhịp những nam thanh nữ tú ĐH FPT lên xà đơn xà kép. Xa xa sẽ là những nam thanh nữ tú khác đứng ngắm nghía kỹ càng để tiện đường “xin in tư”. Vì mấy bạn tập Street workout vừa khoẻ mạnh vừa dễ thương thế này nên chẳng lo ế bao giờ.",
			"Nếu 2K5ers có niềm đam mê “độ body” thì hãy mau chóng trở thành tân sinh viên trường F để trải nghiệm đặc sản “bãi xà” xịn sò này của sinh viên ĐH FPT nhé.",
			"Với diện tích 270m2, Street Workout Park tại Đại học FPT là khu tập Street Workout và Calisthenics có quy mô lớn nhất Việt Nam nói riêng và Đông Nam Á nói chung. Đặc sản đẳng cấp thế mà mà sinh viên FPTU vẫn quen gọi chỗ này là: Bãi xà. Sân...",
			"Dàn nam sinh ĐH FPT khoe tài Street Workout cực đỉnh cùng body chuẩn chỉnh làm tinh thần thể thao của dân tình tăng vùn vụt. Mà sao ĐH FPT có nhiều hoạt động sự kiện thế, làm các nam sinh tha hồ “khoe” múi. Street Workout là bộ môn thể thao...",
			"Lên đại học, việc tham gia 1 CLB nào đó là hoạt động rất hiển nhiên của hầu hết sinh viên. Ngoài việc cùng nhau học hỏi kiến thức, trải nghiệm thực tế thông qua các hoạt động, thoả mãn sở thích, sở trường, thì các Cóc Cam còn...",
			"Khu Giáo dục và Đào tạo – Khu Công nghệ cao Hòa Lạc – Km29 Đại lộ Thăng Long, H. Thạch Thất,\nTP. Hà Nội",
			"Điện thoại: 024 7300 1866",
			"Email: daihocfpt@fpt.edu.vn",
			"Lô E2a-7, Đường D1 Khu Công nghệ cao, P. Long Thạnh Mỹ, TP. Thủ Đức, TP. Hồ Chí Minh",
			"Điện thoại: 028 7300 1866",
			"Email: daihocfpt@fpt.edu.vn",
			"Khu đô thị công nghệ FPT Đà Nẵng, P. Hoà Hải, Q. Ngũ Hành Sơn, TP. Đà Nẵng",
			"Điện thoại: 0236 730 1866",
			"Email: daihocfpt@fpt.edu.vn",
			"Số 600 Đường Nguyễn Văn Cừ (nối dài), P. An Bình, Q. Ninh Kiều, TP. Cần Thơ",
			"Điện thoại: 0292 730 1866",
			"Email: daihocfpt@fpt.edu.vn",
			"Khu đô thị mới An Phú Thịnh, Phường Nhơn Bình & Phường Đống Đa, TP. Quy\nNhơn, Bình Định",
			"Điện thoại: 0256 730 1866 /0256 7300 999",
			"Email: daihocfpt@fpt.edu.vn"
		],
		"label": [
			"Tìm kiếm",
			"Tìm kiếm"
		],
		"button": [
			"×",
			"Đăng ký",
			"Đóng"
		],
		"span": [
			"Trang chủ",
			"bởi",
			"Bài trước",
			"Bài trước:",
			"← Những lưu ý khi đăng ký nguyện vọng tuyển sinh đại học, 2k5 cần nhớ",
			"Bài tiếp",
			"Bài tiếp:",
			"“Thầy giáo vàng” trong làng Muay Thái hoá ra là giảng viên Trường ĐH FPT →"
		],
		"h1": [
			"Vào đại học vừa được độ body vừa được phát gấu nhờ chăm tập Street Workout là có thật"
		],
		"time": [
			"Thứ Tư, ngày 05 tháng 07 năm 2023",
			"05/07/2023",
			"05/02/2024",
			"05/02/2024",
			"05/02/2024",
			"02/02/2024",
			"01/02/2024"
		],
		"strong": [
			"Đây còn là sân tập được sinh viên đồn là “có vía thoát FA”",
			"Theo Saostar"
		],
		"em": [
			"Bãi Street Workout” là đặc sản “đỉnh của chóp” trong khuôn viên ĐH FPT tại khu CNC Hoà Lạc. Với diện tích 270m2, sinh viên nào thường xuyên ghé qua đây cũng sẵn sàng có múi to múi nhỏ mang về."
		],
		"figcaption": [
			"Cứ chiều chiều, sân tập lại quy tụ những sinh viên “nhiều múi” nhất trường F.",
			"Các bài tập luyện ở đây đều rất“bổ mắt”.",
			"Sinh viên trường F thường xuyên đạt giải cao tại các cuộc thi Workout địa phương nhờ chăm chỉ luyện cơ, luyện múi.",
			"Có rất nhiều cặp đôi đã nên duyên nhờ những màn tập chung, “xin in tư” thú vị như thế này."
		],
		"h2": [
			"Bài viết liên quan",
			"Điều hướng bài viết"
		],
		"h3": [
			"Đăng ký tư vấn"
		],
		"h4": [
			"HÀ NỘI",
			"TP. HỒ CHÍ MINH",
			"ĐÀ NẴNG",
			"CẦN THƠ",
			"Quy Nhơn"
		],
		"b": [
			"Hãy để lại SĐT để cán bộ nhà trường hỗ trợ bạn sớm nhất nhé"
		],
		"option": [
			"Tỉnh / Thành phố *",
			"An Giang",
			"Bà Rịa-Vũng Tàu",
			"Bắc Giang",
			"Bắc Kạn",
			"Bạc Liêu",
			"Bắc Ninh",
			"Bến Tre",
			"Bình Dương",
			"Bình Định",
			"Bình Phước",
			"Bình Thuận",
			"Cà Mau",
			"Cần Thơ",
			"Cao Bằng",
			"Cục Cảnh sát ĐKQL cư trú và DLQG về dân cư",
			"Cục Cảnh sát quản lý hành chính về trật tự xã hội",
			"Đà Nẵng",
			"Đắk Lắk",
			"Đăk Nông",
			"Điện Biên",
			"Đồng Nai",
			"Đồng Tháp",
			"Gia Lai",
			"Hà Giang",
			"Hà Nam",
			"Hà Tĩnh",
			"Hải Dương",
			"Hải Phòng",
			"Hậu Giang",
			"Hoà Bình",
			"Hưng Yên",
			"Khánh Hoà",
			"Kiên Giang",
			"Kon Tum",
			"Lai Châu",
			"Lâm Đồng",
			"Lạng Sơn",
			"Lào Cai",
			"Long An",
			"Nam Định",
			"Nghệ An",
			"Ninh Bình",
			"Ninh Thuận",
			"Phú Thọ",
			"Phú Yên",
			"Quảng Bình",
			"Quảng Nam",
			"Quảng Ngãi",
			"Quảng Ninh",
			"Quảng Trị",
			"Sóc Trăng",
			"Sơn La",
			"Tây Ninh",
			"Thái Bình",
			"Thái Nguyên",
			"Thanh Hoá",
			"Thừa Thiên - Huế",
			"Tiền Giang",
			"Trà Vinh",
			"Tuyên Quang",
			"Vĩnh Long",
			"Vĩnh Phúc",
			"Yên Bái",
			"Hà Nội",
			"TP. Hồ Chí Minh"
		]
	},
	"url": "https://daihoc.fpt.edu.vn/vao-dai-hoc-vua-duoc-do-body-vua-duoc-phat-gau-nho-cham-tap-street-workout-la-co-that/"
}