{
	"data": {
		"title": [
			"ACBSP holds the first workshop on scholar professional activities – FPT University"
		],
		"div": [
			"›\n\n›",
			"© 2024 FPT University. All rights reserved."
		],
		"img": [
			"Scholar professional activities workshop for the 2017 Spring Semester."
		],
		"p": [
			"At the event, there were some presentations on the state and methods of scholar professional activities given by two speakers: Pham Hung Hiep – FPT University Training Manager (Topic: Context and trends in activities of scholar professional activities in Vietnam, Southeast Asia and the world) and Ph.D. Nguyen Tan Minh rom Industrial University of Ho Chi Minh City (Topic: Quantitative method of research).",
			"It is said that this is the first workshop on ACBSP’s scholar professional activities at FPT Education. The program will be held periodically and in the near future it will be held in the middle of 2017 Spring and Summer semesters.",
			"You must be  to post a comment."
		],
		"a": [
			"FPT University",
			"Vietnamese",
			"English",
			"About",
			"President’s Messages",
			"FPT University",
			"Organizational Chart",
			"Faculty & Staff",
			"Recruitment Process",
			"Faculty",
			"Faculty of Business – Hanoi campus",
			"IT-related Departments",
			"Language-related Departments",
			"General Education Departments",
			"Students",
			"Admission",
			"Admission Regulations",
			"Scholarship & Financial Aids",
			"Tuition Fee",
			"Forms and Documents",
			"FAQs",
			"Student life",
			"Course Schedule",
			"Facilities",
			"Virtual Tour",
			"Program of Study",
			"Bachelor of Information Technology",
			"Software Engineering",
			"Information System",
			"Information Assurance",
			"Internet of Things",
			"Artificial Intelligence",
			"Digital Art & Design",
			"Bachelor of Business Administration",
			"Bachelor of English Studies",
			"Bachelor of Japanese Studies",
			"Bachelor of Korean Studies",
			"Syllabi",
			"News & Events",
			"Research",
			"Policy",
			"Publications",
			"Resources and Research Tools",
			"Faculty Exchange",
			"Accreditation",
			"ACBSP",
			"AQAS",
			"CDIO",
			"ISO Standards",
			"Sustainable Development",
			"Sustainable Development Policy",
			"SDGs Report",
			"Traditional Music",
			"Vovinam",
			"Documents",
			"Employee Handbook & Policies",
			"Forms & Templates for Lecturer",
			"Forms & Templates for Students",
			"Stakeholder involvement",
			"Certificates & Recognitions",
			"Student Achievement",
			"Contact",
			"Van",
			"Cancel reply",
			"logged in",
			"Online Consulting: (024)/(028) 73001866"
		],
		"span": [
			"Search for:",
			"Home",
			"News & Events",
			"ACBSP holds the first workshop on scholar professional activities",
			"by",
			"On January 14, 2017, economics lecturers from FPT University branches in Hanoi and HCMC attended a workshop on scholar professional activities held by Accreditation Council for Business Schools and Programs (ACBSP). This is the opening event in a series of scholar professional activities workshops by ACBSP at FPT University in 2017.",
			"All of full-time and part-time lecturers from FPT University and those with an interest in scholar professional activities and ACBSP participated in the scholar professional activities workshop for the 2017 Spring Semester via Telepresence at FPT Headquarters (Hanoi) and Innovation Building (Ho Chi Minh City). Within the framework of the program, the guests better understood ACBSP’s scholar professional activities. In addition, the lecturers presented and exchanged views on science topics for research papers.",
			"Previous",
			"Previous post:",
			"← 3 Messages from Minister of Education and Training to FPT University",
			"Next",
			"Next post:",
			"FE Lecture, Vo Minh Hieu (Mr) receives 2017 ACBSP Teaching Excellence Award →"
		],
		"h1": [
			"ACBSP holds the first workshop on scholar professional activities"
		],
		"time": [
			"Saturday, January 14th, 2017",
			"June 8, 2017"
		],
		"em": [
			"Scholar professional activities workshop for the 2017 Spring Semester."
		],
		"h2": [
			"Post navigation"
		],
		"h3": [
			"Leave a Reply"
		]
	},
	"url": "https://daihoc.fpt.edu.vn/en/acbsp-holds-the-first-workshop-on-scholar-professional-activities/"
}