{
	"data": {
		"title": [
			"Tháng 4 có gì HOT? - Trường Đại học FPT"
		],
		"div": [
			"›\n\n›",
			"© 2024 Bản quyền thuộc về Trường Đại học FPT.",
			"Đăng ký tư vấn"
		],
		"a": [
			"Trường Đại học FPT",
			"Vietnamese",
			"English",
			"Trang chủ",
			"Giới thiệu",
			"Lịch sử thành lập",
			"Tập đoàn FPT",
			"Tổ chức giáo dục FPT",
			"Triết lý đào tạo",
			"Các giải thưởng và thành tích",
			"Ban lãnh đạo",
			"Gắn kết cộng đồng",
			"Tin tức",
			"Tin tức chung",
			"Hoạt động sinh viên",
			"Sự kiện",
			"Tuyển dụng",
			"Hướng nghiệp",
			"Ngành học",
			"Công nghệ thông tin",
			"Công nghệ ô tô số",
			"Kỹ thuật phần mềm",
			"Hệ thống thông tin",
			"Trí tuệ nhân tạo",
			"An toàn thông tin",
			"Thiết kế Mỹ thuật số",
			"Quản trị kinh doanh",
			"Tài chính",
			"Digital Marketing",
			"Kinh doanh quốc tế",
			"Quản lý Logistics & Chuỗi cung ứng toàn cầu",
			"Quản trị khách sạn",
			"Quản trị Du lịch và Lữ hành",
			"Công nghệ truyền thông",
			"Quản trị truyền thông đa phương tiện",
			"Quan hệ công chúng",
			"Ngôn ngữ Anh",
			"Ngôn ngữ Nhật",
			"Ngôn ngữ Hàn Quốc",
			"Ngôn ngữ Trung Quốc (Dự kiến)",
			"Đời sống sinh viên",
			"Một ngày tại Đại học FPT",
			"Vì sao nên học tại Đại học FPT",
			"Sự hài lòng của sinh viên",
			"Môi trường học tập",
			"Chương trình học linh hoạt",
			"Đời sống sinh viên",
			"Ký túc xá",
			"Các CLB & Cộng đồng sinh viên",
			"Các hoạt động thể thao trong trường",
			"Dịch vụ hỗ trợ",
			"Định hướng và khởi đầu",
			"Tốt nghiệp",
			"Câu chuyện sinh viên",
			"Hợp tác",
			"Ngành công nghiệp và doanh nghiệp",
			"Chương trình trao đổi sinh viên",
			"Chương trình học tập tại nước ngoài",
			"Hợp tác quốc tế",
			"Trao đổi sinh viên",
			"Học kỳ nước ngoài",
			"Các trường đại học đối tác",
			"Cựu sinh viên",
			"Cộng đồng cựu sinh viên",
			"Họ đang làm việc tại đâu",
			"Tuyển sinh",
			"Đề án tuyển sinh",
			"Tin tuyển sinh",
			"Liên hệ",
			"Đăng nhập",
			"Phạm Thị Phương",
			"Nữ sinh trường F trong tà áo dài ngày Xuân",
			"Gặp gỡ đội tuyển NGT’s OPEN ROBOT trước giải đấu FIRST Tech Challenge Vietnam",
			"Tỏa sáng với nghiên cứu khoa học, nữ sinh ĐH FPT khẳng định bản lĩnh và tài năng",
			"Phim ngắn “Thoi vàng chỉ ngọc” của SV ĐH FPT tại Cần Thơ được công chiếu ở Lotte Cinema",
			"SV trường ĐH FPT Hà Nội đón “tết trên bản” 2024",
			"Vietnamese",
			"English",
			"Facebook",
			"Youtube",
			"Tik Tok",
			"Hotline: (024)/(028) 73001866 - (0236)/(0292) 7301866"
		],
		"img": [
			"cropped cropped 2021 FPTU Long",
			"cropped cropped 2021 FPTU Long",
			"sinh vien dai hoc fpt 8",
			"sinh vien dai hoc fpt 8",
			"dai hoc fpt 1",
			"dai hoc fpt 1",
			"my duyen",
			"my duyen",
			"fpt 5",
			"fpt 5",
			"dai hoc fpt 1",
			"dai hoc fpt 1",
			"thông báo tuyển bổ sung",
			"thông báo tuyển bổ sung"
		],
		"p": [
			"Trang thông tin tuyển sinh chính thức của Trường Đại học FPT",
			"Mở đầu chuỗi sự kiện “hot hit” phải kể đến Big Open Day diễn ra trong 2 ngày 1 và 7/4 với sự tham gia của các ca sĩ khách mời: Min, Phương Ly, beatboxer Trần Thái Sơn với sự quy tụ của hơn 3.000 học sinh THPT miền bắc, 22 CLB FPTU.",
			"Big Open Day thực sự trở thành ngày hội cho các bạn trẻ mong muốn tìm hiểu về môi trường đại học FPT.",
			"Ngày 10/04 sinh viên ĐH FPT được tham gia buổi Worshop “Giới thiệu học hổng toàn phần sau đại học tại Hong Kong University” – Trường đại học Số 1 Hong Kong.",
			"Tại đây, Giáo sư Ben Young, Phó hiệu trưởng hệ sau đại học trường Đại học Hồng Kông, đã có buổi chia sẻ với các bạn sinh viên, giảng viên trường các cơ hội học tập bậc Đại học và sau Đại học cũng như các chương trình học bổng tại trường.",
			"Với mong muốn tạo điều kiện cho các bạn sinh viên Đại học FPT có cơ hội học tập, trải nghiệm ở nước ngoài. Tạo cơ hội nâng cao khả năng ngôn ngữ, sự hiểu biết về văn hóa. Trường Đại học FPT tiếp tục triển khai chương trình Học tiếng Nhật tại Nhật Bản – Japanese in Japan”.",
			"Tại học kỳ Fall năm 2018, chương trình sẽ được triển khai tại Đại học Risso, Đại học Shinshu và Đại học ngoại ngữ Kyoto.",
			"Nhiều sinh viên quan tâm đã tham gia buổi định hướng và được giải đáp mọi thắc mắc cũng như thông tin cụ thể tới chương trình vào ngày 13/04/2018 tại Phòng 404L – tòa nhà Alpha",
			"Hẳn ai trong chúng ta cũng đều mơ ước được một lần lạc bước đến miền đất lạ, được khám phá và trải nghiệm những điều kỳ thú ở vùng đất mới khác xa phố thị hoa lệ, nhộn nhịp và sầm uất.",
			"Từ ngày 15- 21/4, sinh viên FPTU có cơ hội được trải nghiệm cuộc sống của người nông dân và khám phá những địa danh hùng vĩ ở vùng đất Đức Trọng- tỉnh Lâm Đồng.",
			"Từ 17h15 – 20h15, thứ 3 ngày 17/7 tại Tòa nhà Beta, Sinh viên Đại học FPT được tham gia test trình độ IELTS hoàn toàn miễn phí. Đặc biệt tham dự bạn sẽ có cơ hội nhận được những suất học bổng giá trị. Bật mí sẽ có 50 suất học bổng lên đến 3.000.000 tặng 50 bạn đăng ký học IELTS từ 20.04 – 20.05.2018.",
			"Ngay bây giờ các bạn có thể đăng ký",
			"Buổi thiền: CHỮA LÀNH CẢM XÚC – được dẫn dắt bởi Bs.Bouchard – chuyên gia quốc tế trong lĩnh vực phát triển trí tuệ cảm xúc hứa hẹn sẽ là chương trình được sinh viên FPTU mong chờ.",
			"Xuất phát từ quan điểm “Cảm xúc gây ra bệnh tật”, Bouchard đã đi tới nhiều nơi trên thế giới để giảng dạy cách chữa lành,chuyển hóa cảm xúc thông qua thiền định, yoga thiên thần. Thiền chữa lành cảm xúc sẽ giúp chúng ta thanh lọc nhanh nhất những biến dạng trong tâm trí, và chuyển hóa những kí ức không vui trong quá khứ, giúp chúng ta hiểu ngày một sâu hơn “mình là ai”, để rồi một ngày chúng ta sẽ nhận ra trong mỗi con người đều đang ẩn trú phẩm chất cao quý.",
			"Chương trình diễn ra từ 18h-20h30 ngày 18/04/2018, tại toà nhà Beta, Hoà Lạc.",
			"Từ ngày 28/4/2018 tới ngày 1/5/2018 tại Chùa Cao Linh, Hải Phòng sẽ diễn ra chương trình trải nghiệm Văn hóa Đạo Phật thông qua Khóa tu Chánh niệm “Thắp sáng nguồn tâm” tại chùa Cao Linh, Hải Phòng.",
			"Chương trình bao gồm hoạt động học tập đạo lý và thực hành thiền chánh niệm theo phương pháp và tinh thần của Thiền sư Thích Nhất Hạnh – nhà lãnh đạo Phật giáo có ảnh hưởng lớn thứ Hai ở phương Tây và thế giới chỉ sau Đạt-lại Lạt-ma. Ông là người đưa ra khái niệm “Phật giáo dấn thân” (engaged Buddhism) trong cuốn sách Vietnam: Lotus in a Sea of Fire, là tác giả của hơn 100 cuốn sách viết bằng cả tiếng Anh và tiếng Việt và là người vận động cho phong trào hòa bình, với các giải pháp không bạo lực cho các mâu thuẫn.",
			"Khóa tu học và thực hành mong muốn giúp sinh viên hiểu biết về phương pháp tu thiền chánh niệm, về những giá trị văn hóa và tinh thần của Đạo phật, giúp sinh viên hướng thiện, hướng đạo, rèn luyện kỷ luật bản thân, sức chịu đưng, học cách vượt qua thử thách của chính mình và nhìn nhận về cuộc sống tốt đẹp hơn.",
			"Trong khóa tu sẽ có quý thầy, quý sư cô đến từ Làng Mai hướng dẫn cho chúng ta cách thở, các đi, cách ngồi, cách ăn uống, nghỉ ngơi sao cho có bình an và hạnh phúc.",
			"Tuấn Anh",
			"Khu Giáo dục và Đào tạo – Khu Công nghệ cao Hòa Lạc – Km29 Đại lộ Thăng Long, H. Thạch Thất,\nTP. Hà Nội",
			"Điện thoại: 024 7300 1866",
			"Email: daihocfpt@fpt.edu.vn",
			"Lô E2a-7, Đường D1 Khu Công nghệ cao, P. Long Thạnh Mỹ, TP. Thủ Đức, TP. Hồ Chí Minh",
			"Điện thoại: 028 7300 1866",
			"Email: daihocfpt@fpt.edu.vn",
			"Khu đô thị công nghệ FPT Đà Nẵng, P. Hoà Hải, Q. Ngũ Hành Sơn, TP. Đà Nẵng",
			"Điện thoại: 0236 730 1866",
			"Email: daihocfpt@fpt.edu.vn",
			"Số 600 Đường Nguyễn Văn Cừ (nối dài), P. An Bình, Q. Ninh Kiều, TP. Cần Thơ",
			"Điện thoại: 0292 730 1866",
			"Email: daihocfpt@fpt.edu.vn",
			"Khu đô thị mới An Phú Thịnh, Phường Nhơn Bình & Phường Đống Đa, TP. Quy\nNhơn, Bình Định",
			"Điện thoại: 0256 730 1866 /0256 7300 999",
			"Email: daihocfpt@fpt.edu.vn"
		],
		"label": [
			"Tìm kiếm",
			"Tìm kiếm"
		],
		"button": [
			"×",
			"Đăng ký",
			"Đóng"
		],
		"span": [
			"Trang chủ",
			"Events",
			"Tháng 4 có gì HOT?",
			"bởi",
			"Bài trước",
			"Bài trước:",
			"← Hotgirl Phương Ly mong sớm tái ngộ sinh viên ĐH FPT",
			"Bài tiếp",
			"Bài tiếp:",
			"AI – ngành chuyên sâu “siêu hot” trong thời kỳ CM 4.0 →"
		],
		"h1": [
			"Tháng 4 có gì HOT?"
		],
		"time": [
			"Thứ Sáu, ngày 13 tháng 04 năm 2018",
			"08/06/2022",
			"05/02/2024",
			"05/02/2024",
			"05/02/2024",
			"02/02/2024",
			"01/02/2024"
		],
		"strong": [
			"Tháng 4 đánh dấu nhiều hoạt động hấp dẫn của sinh viên Đại học FPT.",
			"Big Open Day",
			"Worshop với cơ hội nhận hổng toàn phần sau đại học",
			"Chương trình “Học tiếng Nhật tại Nhật Bản – Japanese in Japan”",
			"7 ngày trải nghiệm",
			"Test trình độ IELTS hoàn toàn miễn phí",
			"TẠI ĐÂY",
			"Thiền chữa lành cảm xúc",
			"Khoá tu chánh niệm “Thắp sáng nguồn tâm”"
		],
		"figcaption": [
			"Ca sĩ Phương Ly tại sự kiện.",
			"Vùng đất Đức Trọng là nơi để sinh viên ĐH FPT trải nghiệm đợt này."
		],
		"h2": [
			"Điều hướng bài viết"
		],
		"h4": [
			"HÀ NỘI",
			"TP. HỒ CHÍ MINH",
			"ĐÀ NẴNG",
			"CẦN THƠ",
			"Quy Nhơn"
		],
		"h3": [
			"Đăng ký tư vấn"
		],
		"b": [
			"Hãy để lại SĐT để cán bộ nhà trường hỗ trợ bạn sớm nhất nhé"
		],
		"option": [
			"Tỉnh / Thành phố *",
			"An Giang",
			"Bà Rịa-Vũng Tàu",
			"Bắc Giang",
			"Bắc Kạn",
			"Bạc Liêu",
			"Bắc Ninh",
			"Bến Tre",
			"Bình Dương",
			"Bình Định",
			"Bình Phước",
			"Bình Thuận",
			"Cà Mau",
			"Cần Thơ",
			"Cao Bằng",
			"Cục Cảnh sát ĐKQL cư trú và DLQG về dân cư",
			"Cục Cảnh sát quản lý hành chính về trật tự xã hội",
			"Đà Nẵng",
			"Đắk Lắk",
			"Đăk Nông",
			"Điện Biên",
			"Đồng Nai",
			"Đồng Tháp",
			"Gia Lai",
			"Hà Giang",
			"Hà Nam",
			"Hà Tĩnh",
			"Hải Dương",
			"Hải Phòng",
			"Hậu Giang",
			"Hoà Bình",
			"Hưng Yên",
			"Khánh Hoà",
			"Kiên Giang",
			"Kon Tum",
			"Lai Châu",
			"Lâm Đồng",
			"Lạng Sơn",
			"Lào Cai",
			"Long An",
			"Nam Định",
			"Nghệ An",
			"Ninh Bình",
			"Ninh Thuận",
			"Phú Thọ",
			"Phú Yên",
			"Quảng Bình",
			"Quảng Nam",
			"Quảng Ngãi",
			"Quảng Ninh",
			"Quảng Trị",
			"Sóc Trăng",
			"Sơn La",
			"Tây Ninh",
			"Thái Bình",
			"Thái Nguyên",
			"Thanh Hoá",
			"Thừa Thiên - Huế",
			"Tiền Giang",
			"Trà Vinh",
			"Tuyên Quang",
			"Vĩnh Long",
			"Vĩnh Phúc",
			"Yên Bái",
			"Hà Nội",
			"TP. Hồ Chí Minh"
		]
	},
	"url": "https://daihoc.fpt.edu.vn/thang-4-co-gi-hot/"
}