{
	"data": {
		"title": [
			"Tham quan Ký túc xá khiến giới sinh viên choáng ngợp và ao ước vì quá hiện đại, tiện nghi - Trường Đại học FPT"
		],
		"div": [
			"© 2024 Bản quyền thuộc về Trường Đại học FPT.",
			"Đăng ký tư vấn"
		],
		"a": [
			"Trường Đại học FPT",
			"Trang chủ",
			"Lý do chọn",
			"Chương trình học",
			"Cơ hội việc làm",
			"Thông tin",
			"Đăng ký",
			"Xem chi tiết KTX Đại học FPT Hoà Lạc",
			"Khuôn viên như Resort của Trường ĐH FPT Hà Nội",
			"Facebook",
			"Youtube",
			"Tik Tok",
			"Hotline: (024)/(028) 73001866 - (0236)/(0292) 7301866"
		],
		"img": [
			"cropped cropped 2021 FPTU Long",
			"cropped cropped 2021 FPTU Long",
			"ktx dh fpt da nang 2",
			"ktx dh fpt da nang 2",
			"ktx dh fpt da nang",
			"ktx dh fpt da nang",
			"ktx dh fpt da nang 1",
			"ktx dh fpt da nang 1",
			"ktx dh fpt da nang 3",
			"ktx dh fpt da nang 3",
			"thông báo tuyển bổ sung",
			"thông báo tuyển bổ sung"
		],
		"p": [
			"Trang thông tin tuyển sinh chính thức của Trường Đại học FPT",
			"Nằm ở Hòa Lạc, các trung tâm thành phố khoảng 30km, các sinh viên của ĐH FPT đa phần đều ở trong ký túc xá, thuộc khuôn viên trường. Với kiến trúc đẹp, quang cảnh yên bình, ký túc FPT là nơi lý tưởng cho sinh viên trau dồi kiến thức và học tập những năm tháng ĐH.",
			"FPT có 6 khối nhà KTX: A, B, C, D, E, F. Mỗi tòa ký túc xá gồm 5-6 tầng rộng rãi, sạch sẽ, có cả điều hòa, máy bán nước tự động, phòng khám sức khỏe. Xung quanh còn là cây cối xanh mướt trong lành, dễ chịu.",
			"Ở đây còn có khu canteen siêu rộng, siêu thị ngay dưới sân với đủ mặt hàng cần thiết. Và nếu bạn yêu thích tập gym thì ký túc xá FPT cũng là nơi lý tưởng. Khu thể thao phức hợp của khu KTX lúc nào cũng rất đông sinh viên tầm 5-6h chiều để cùng nhau tập gym, luyện tập thể dục thể thao, tăng cường sức khoẻ.",
			"Xem thêm:",
			"Kí túc xá Đại học FPT Đà Nẵng nằm ngay trong khuôn viên trường đại học, chỉ cách tòa học chính vài bước chân. Đồng bộ với kiến trúc độc đáo của trường đại học, kí túc xá cũng có thiết kế vô cùng đặc trưng với nhiều hình khối và tone màu xám trắng hiện đại. Kí túc xá có hệ thống phòng cháy chữa cháy, camera và bảo vệ túc trực 24/24 đảm bảo an ninh.",
			"Các phòng ở tại đây có đầy đủ nội thất tiện nghi bao gồm bàn học ghép với giường tầng, điều hòa, nước nóng, hệ thống bình lọc nước sạch … Bên cạnh đó, kí túc xá còn có phòng tập gym với nhiều dụng cụ hỗ trợ việc tập luyện và căn teen 3 tầng cho các bạn sinh viên tha hồ khám phá. Vì nằm trong khuôn viên trường nên không chỉ gần các tòa học chính, kí túc xá còn ngay sát khu thể thao tích hợp bao gồm sân bóng đá, bóng chuyền, bóng rổ, …",
			"Ngoài ra, kí túc xá còn có dịch vụ dọn dẹp rác thải, hành lang, cầu thang và khu vực sinh hoạt chung mỗi tuần nên vô cùng sạch sẽ và thoáng mát.",
			"Ký túc xác Đại học FPT Cần Thơ với sức chứa lên đến gần 300 sinh viên. Mỗi căn hộ được trang bị đầy đủ các thiết bị phục vụ cho sinh hoạt hằng ngày như: Sofa, tivi, tủ lạnh, bàn ăn, máy lạnh, giường ngủ,… giúp sinh viên an tâm học tập trong 4 năm đại học.",
			"Lựa chọn ở KTX, tân sinh viên sẽ được tự do sử dụng cơ sở vật chất xịn xò cùng những trang thiết bị hiện đại đáp ứng nhu cầu sinh hoạt của mỗi cá nhân:",
			"–    Khu vực KTX nằm riêng biệt, không gian yên tĩnh, an toàn.\n–    Mỗi căn nhà liền kề bao gồm 6 phòng (2 phòng 8 chỗ và 4 phòng 6 chỗ) với 3 tầng sinh hoạt:\n+ Tầng trệt: khu vực bếp có tủ lạnh, bàn ăn, bồn rửa tay, kệ bếp; phòng khách có sofa, TV, kệ giày và 01 toilet\n+ Tầng 1,2 Phòng ngủ của sinh viên (Mỗi tầng gồm 3 phòng – 2 phòng 6 chỗ và 1 phòng 8 chỗ) có giường, nệm, gối, tủ đồ; và 02 toilet sử dụng chung.\n+ Tầng thượng: Sân phơi đồ, view đồng cỏ xanh\n+ Có wifi",
			"Bên cạnh đó, khuôn viên KTX còn được trang bị các khu thể thao như Sân bóng đá, bóng rổ, bóng chuyền, Steet workout,… tạo điều kiện cho sinh viên rèn luyện thể lực, theo đuổi đam mê sau những giờ học.",
			"Bạn có muốn được trải nghiệm 4 năm đời sống sinh viên tại khuôn Đại học FPT và khu KTX xịn xò này chưa? Hãy liên hệ cán bộ tư vấn của bạn hoặc gọi hotline  để được tư vấn chi tiết hơn về cách đăng ký KTX tại tất cả các địa điểm nhé!",
			"Khu Giáo dục và Đào tạo – Khu Công nghệ cao Hòa Lạc – Km29 Đại lộ Thăng Long, H. Thạch Thất,\nTP. Hà Nội",
			"Điện thoại: 024 7300 1866",
			"Email: daihocfpt@fpt.edu.vn",
			"Lô E2a-7, Đường D1 Khu Công nghệ cao, P. Long Thạnh Mỹ, TP. Thủ Đức, TP. Hồ Chí Minh",
			"Điện thoại: 028 7300 1866",
			"Email: daihocfpt@fpt.edu.vn",
			"Khu đô thị công nghệ FPT Đà Nẵng, P. Hoà Hải, Q. Ngũ Hành Sơn, TP. Đà Nẵng",
			"Điện thoại: 0236 730 1866",
			"Email: daihocfpt@fpt.edu.vn",
			"Số 600 Đường Nguyễn Văn Cừ (nối dài), P. An Bình, Q. Ninh Kiều, TP. Cần Thơ",
			"Điện thoại: 0292 730 1866",
			"Email: daihocfpt@fpt.edu.vn",
			"Khu đô thị mới An Phú Thịnh, Phường Nhơn Bình & Phường Đống Đa, TP. Quy\nNhơn, Bình Định",
			"Điện thoại: 0256 730 1866 /0256 7300 999",
			"Email: daihocfpt@fpt.edu.vn"
		],
		"button": [
			"×",
			"Đăng ký",
			"Đóng"
		],
		"h1": [
			"Tham quan Ký túc xá khiến giới sinh viên choáng ngợp và ao ước vì quá hiện đại, tiện nghi"
		],
		"span": [
			"*",
			"*",
			"DD slash MM slash YYYY",
			"*",
			"*",
			"Hidden",
			"*",
			"Hidden"
		],
		"strong": [
			"Tham quan Ký túc xá khiến giới sinh viên choáng ngợp và ao ước vì quá hiện đại, tiện nghi",
			"Ký Túc Xá Đại học FPT Hà Nội “xịn xò”",
			"Ký Túc Xá Đại học FPT Đà Nẵng",
			"Ký Túc Xá Đại học FPT Cần Thơ",
			"024 7300 1866",
			"ĐĂNG KÝ TƯ VẤN TUYỂN SINH ĐẠI HỌC FPT 2023"
		],
		"em": [
			"Phần lớn sinh viên đều ngán ngẩm ở kí túc xá vì lo sợ không gian chật hẹp, ẩm thấp và bất tiện. Thế nhưng nếu học Đại học FPT, bạn sẽ có một nơi ở ‘siêu’ tiện nghi, thoáng đãng với giá vô cùng ‘hời’ so với thuê trọ bên ngoài. Hãy cùng khám phá các khu KTX Đại học FPT tại các khu vực nhé.",
			"Tổng hợp"
		],
		"h3": [
			"Đăng ký tư vấn"
		],
		"figcaption": [
			"Kí túc xá kiểu mẫu của Đại học FPT Đà Nẵng."
		],
		"label": [
			"Họ và tên",
			"Điện thoại",
			"Ngày sinh",
			"Email",
			"Trường THPT / Đại học",
			"Tỉnh / thành phố",
			"Link Facebook của bạn",
			"Bạn chọn FPT là NV",
			"Đăng ký",
			"Tư vấn",
			"Tuyển sinh",
			"Xét học bổng",
			"Thi học bổng",
			"Nơi đăng ký sơ tuyển",
			"Hà Nội",
			"TP. Hồ Chí Minh",
			"Cần Thơ",
			"Đà Nẵng",
			"Nơi đăng ký học",
			"Hà Nội",
			"TP. Hồ Chí Minh",
			"Cần Thơ",
			"Đà Nẵng",
			"CAPTCHA",
			"Δ"
		],
		"option": [
			"Tỉnh / thành phố *",
			"Hà Nội",
			"Thành phố Hồ Chí Minh",
			"An Giang",
			"Bà Rịa - Vũng Tàu",
			"Bắc Giang",
			"Bắc Kạn",
			"Bạc Liêu",
			"Bắc Ninh",
			"Bến Tre",
			"Bình Định",
			"Bình Dương",
			"Bình Phước",
			"Bình Thuận",
			"Cà Mau",
			"Cần Thơ",
			"Cao Bằng",
			"Đà Nẵng",
			"Đắk Lắk",
			"Đắk Nông",
			"Điện Biên",
			"Đồng Nai",
			"Đồng Tháp",
			"Gia Lai",
			"Hà Giang",
			"Hà Nam",
			"Hà Tĩnh",
			"Hải Dương",
			"Hải Phòng",
			"Hậu Giang",
			"Hòa Bình",
			"Hưng Yên",
			"Khánh Hòa",
			"Kiên Giang",
			"Kon Tum",
			"Lai Châu",
			"Lâm Đồng",
			"Lạng Sơn",
			"Lào Cai",
			"Long An",
			"Nam Định",
			"Nghệ An",
			"Ninh Bình",
			"Ninh Thuận",
			"Phú Thọ",
			"Phú Yên",
			"Quảng Bình",
			"Quảng Nam",
			"Quảng Ngãi",
			"Quảng Ninh",
			"Quảng Trị",
			"Sóc Trăng",
			"Sơn La",
			"Tây Ninh",
			"Thái Bình",
			"Thái Nguyên",
			"Thanh Hóa",
			"Thừa Thiên Huế",
			"Tiền Giang",
			"Trà Vinh",
			"Tuyên Quang",
			"Vĩnh Long",
			"Vĩnh Phúc",
			"Yên Bái",
			"Khác",
			"Chọn nguyện vọng",
			"Nguyện vọng 1",
			"Nguyện vọng 2",
			"Nguyện vọng 3",
			"Tỉnh / Thành phố *",
			"An Giang",
			"Bà Rịa-Vũng Tàu",
			"Bắc Giang",
			"Bắc Kạn",
			"Bạc Liêu",
			"Bắc Ninh",
			"Bến Tre",
			"Bình Dương",
			"Bình Định",
			"Bình Phước",
			"Bình Thuận",
			"Cà Mau",
			"Cần Thơ",
			"Cao Bằng",
			"Cục Cảnh sát ĐKQL cư trú và DLQG về dân cư",
			"Cục Cảnh sát quản lý hành chính về trật tự xã hội",
			"Đà Nẵng",
			"Đắk Lắk",
			"Đăk Nông",
			"Điện Biên",
			"Đồng Nai",
			"Đồng Tháp",
			"Gia Lai",
			"Hà Giang",
			"Hà Nam",
			"Hà Tĩnh",
			"Hải Dương",
			"Hải Phòng",
			"Hậu Giang",
			"Hoà Bình",
			"Hưng Yên",
			"Khánh Hoà",
			"Kiên Giang",
			"Kon Tum",
			"Lai Châu",
			"Lâm Đồng",
			"Lạng Sơn",
			"Lào Cai",
			"Long An",
			"Nam Định",
			"Nghệ An",
			"Ninh Bình",
			"Ninh Thuận",
			"Phú Thọ",
			"Phú Yên",
			"Quảng Bình",
			"Quảng Nam",
			"Quảng Ngãi",
			"Quảng Ninh",
			"Quảng Trị",
			"Sóc Trăng",
			"Sơn La",
			"Tây Ninh",
			"Thái Bình",
			"Thái Nguyên",
			"Thanh Hoá",
			"Thừa Thiên - Huế",
			"Tiền Giang",
			"Trà Vinh",
			"Tuyên Quang",
			"Vĩnh Long",
			"Vĩnh Phúc",
			"Yên Bái",
			"Hà Nội",
			"TP. Hồ Chí Minh"
		],
		"h4": [
			"HÀ NỘI",
			"TP. HỒ CHÍ MINH",
			"ĐÀ NẴNG",
			"CẦN THƠ",
			"Quy Nhơn"
		],
		"b": [
			"Hãy để lại SĐT để cán bộ nhà trường hỗ trợ bạn sớm nhất nhé"
		]
	},
	"url": "https://daihoc.fpt.edu.vn/tham-quan-ky-tuc-xa-khien-gioi-sinh-vien-choang-ngop-va-ao-uoc-vi-qua-hien-dai-tien-nghi/"
}