{
	"data": {
		"title": [
			"Câu lạc bộ truyền thông Cóc Sài Gòn cán mốc 6 kỳ xuất sắc liên tiếp - Trường Đại học FPT"
		],
		"div": [
			"›\n\n›",
			"© 2024 Bản quyền thuộc về Trường Đại học FPT.",
			"Đăng ký tư vấn"
		],
		"a": [
			"Trường Đại học FPT",
			"Vietnamese",
			"English",
			"Trang chủ",
			"Giới thiệu",
			"Lịch sử thành lập",
			"Tập đoàn FPT",
			"Tổ chức giáo dục FPT",
			"Triết lý đào tạo",
			"Các giải thưởng và thành tích",
			"Ban lãnh đạo",
			"Gắn kết cộng đồng",
			"Tin tức",
			"Tin tức chung",
			"Hoạt động sinh viên",
			"Sự kiện",
			"Tuyển dụng",
			"Hướng nghiệp",
			"Ngành học",
			"Công nghệ thông tin",
			"Công nghệ ô tô số",
			"Kỹ thuật phần mềm",
			"Hệ thống thông tin",
			"Trí tuệ nhân tạo",
			"An toàn thông tin",
			"Thiết kế Mỹ thuật số",
			"Quản trị kinh doanh",
			"Tài chính",
			"Digital Marketing",
			"Kinh doanh quốc tế",
			"Quản lý Logistics & Chuỗi cung ứng toàn cầu",
			"Quản trị khách sạn",
			"Quản trị Du lịch và Lữ hành",
			"Công nghệ truyền thông",
			"Quản trị truyền thông đa phương tiện",
			"Quan hệ công chúng",
			"Ngôn ngữ Anh",
			"Ngôn ngữ Nhật",
			"Ngôn ngữ Hàn Quốc",
			"Ngôn ngữ Trung Quốc (Dự kiến)",
			"Đời sống sinh viên",
			"Một ngày tại Đại học FPT",
			"Vì sao nên học tại Đại học FPT",
			"Sự hài lòng của sinh viên",
			"Môi trường học tập",
			"Chương trình học linh hoạt",
			"Đời sống sinh viên",
			"Ký túc xá",
			"Các CLB & Cộng đồng sinh viên",
			"Các hoạt động thể thao trong trường",
			"Dịch vụ hỗ trợ",
			"Định hướng và khởi đầu",
			"Tốt nghiệp",
			"Câu chuyện sinh viên",
			"Hợp tác",
			"Ngành công nghiệp và doanh nghiệp",
			"Chương trình trao đổi sinh viên",
			"Chương trình học tập tại nước ngoài",
			"Hợp tác quốc tế",
			"Trao đổi sinh viên",
			"Học kỳ nước ngoài",
			"Các trường đại học đối tác",
			"Cựu sinh viên",
			"Cộng đồng cựu sinh viên",
			"Họ đang làm việc tại đâu",
			"Tuyển sinh",
			"Đề án tuyển sinh",
			"Tin tuyển sinh",
			"Liên hệ",
			"Đăng nhập",
			"Nguyễn Thị Hồng Yến",
			"Nữ sinh trường F trong tà áo dài ngày Xuân",
			"Gặp gỡ đội tuyển NGT’s OPEN ROBOT trước giải đấu FIRST Tech Challenge Vietnam",
			"Tỏa sáng với nghiên cứu khoa học, nữ sinh ĐH FPT khẳng định bản lĩnh và tài năng",
			"Phim ngắn “Thoi vàng chỉ ngọc” của SV ĐH FPT tại Cần Thơ được công chiếu ở Lotte Cinema",
			"SV trường ĐH FPT Hà Nội đón “tết trên bản” 2024",
			"Vietnamese",
			"English",
			"Facebook",
			"Youtube",
			"Tik Tok",
			"Hotline: (024)/(028) 73001866 - (0236)/(0292) 7301866"
		],
		"img": [
			"cropped cropped 2021 FPTU Long",
			"cropped cropped 2021 FPTU Long",
			"sinh vien dai hoc fpt 8",
			"sinh vien dai hoc fpt 8",
			"dai hoc fpt 1",
			"dai hoc fpt 1",
			"my duyen",
			"my duyen",
			"fpt 5",
			"fpt 5",
			"dai hoc fpt 1",
			"dai hoc fpt 1",
			"thông báo tuyển bổ sung",
			"thông báo tuyển bổ sung"
		],
		"p": [
			"Trang thông tin tuyển sinh chính thức của Trường Đại học FPT",
			"Ngoài ra tại buổi lễ, những bạn sinh viên có thành tích xuất sắc trong học tập và có nhiều đóng góp cho các hoạt động phong trào của trường đã được gọi tên.",
			"Mở đầu chương trình, anh Lê Gia Khánh – Trưởng phòng công tác sinh viên đã gửi đến toàn thể các bạn sinh viên lời chúc mừng vì một học kỳ Summer xuất sắc và kèm theo đó là những lời động viên, khích lệ tinh thần để các bạn có thể giữ vững phong độ này trong các học kì tiếp theo.",
			"Phần trao giải năm nay bao gồm các hạng mục như sinh viên đạt thưởng môn LAB221, LAB101, cá nhân và câu lạc bộ hoạt động phong trào xuất sắc, sinh viên giỏi, sinh viên xuất sắc và giải thưởng cóc vàng danh giá.",
			"Sau khi nhận được giải thưởng sinh viên xuất sắc, bạn  chia sẻ:",
			"Tại buổi lễ, câu lạc bộ truyền thông Cóc Sài Gòn cũng đã được vinh danh là một trong ba câu lạc bộ xuất sắc của kỳ. Đây là một phần thưởng xứng đáng cho những cố gắng của tập thể câu lạc bộ.",
			"Trong những tháng hè 2019, Cóc Sài Gòn đã tiếp tục chứng minh mình là một trong những câu lạc bộ hoạt động sôi nổi nhất trường F. Những chú Cóc Gòn đã duy trì đều đặn chương trình  vào mỗi trưa thứ 5 hàng tuần, tổ chức thành công buổi workshop: . Không dừng lại ở đó, Cóc Sài Gòn đã tích cực cập nhật những tin tức mới nhất về campus quận “nine”, chia sẻ những thông tin giúp sinh viên có thể dễ dàng làm quen khi chuyển sang cơ sở mới. Và đắt giá hơn cả có lẽ là việc tiếp tục chuỗi câu chuyện về những giảng viên, nhân viên của nhà trường trong hay những khoảnh khắc xuất thần của dàn trai xinh gái đẹp nhà F qua album .",
			"Chia sẻ sau buổi lễ, Đỗ Hữu Phát – chủ nhiệm câu lạc bộ đã chia sẻ:",
			"Với lần thứ 6 nhận được vinh dự này, Cóc Sài Gòn đã trở thành câu lạc bộ có số kỳ xuất sắc liên tiếp nhiều thứ 2 tại trường đại học FPT (dẫn đầu đang là câu lạc bộ tình nguyện Siti Group với 7 kỳ liên tiếp ). Và còn gì tuyệt vời hơn nếu những chú cóc vàng tiếp tục giữ vững phong độ và vươn lên chia sẻ vị trí dẫn đầu, đó cũng sẽ là món quà ý nghĩa nhất trong ngày sinh nhật lần thứ 10 của câu lạc bộ.",
			"Lễ tôn vinh sinh viên học kỳ summer 2019 đã được diễn ra thành công. Hy vọng tập thể sinh viên trường Đại học FPT sẽ giữ vững phong độ để có thể kết thúc 2019 trong niềm vui trọn vẹn.",
			"Khu Giáo dục và Đào tạo – Khu Công nghệ cao Hòa Lạc – Km29 Đại lộ Thăng Long, H. Thạch Thất,\nTP. Hà Nội",
			"Điện thoại: 024 7300 1866",
			"Email: daihocfpt@fpt.edu.vn",
			"Lô E2a-7, Đường D1 Khu Công nghệ cao, P. Long Thạnh Mỹ, TP. Thủ Đức, TP. Hồ Chí Minh",
			"Điện thoại: 028 7300 1866",
			"Email: daihocfpt@fpt.edu.vn",
			"Khu đô thị công nghệ FPT Đà Nẵng, P. Hoà Hải, Q. Ngũ Hành Sơn, TP. Đà Nẵng",
			"Điện thoại: 0236 730 1866",
			"Email: daihocfpt@fpt.edu.vn",
			"Số 600 Đường Nguyễn Văn Cừ (nối dài), P. An Bình, Q. Ninh Kiều, TP. Cần Thơ",
			"Điện thoại: 0292 730 1866",
			"Email: daihocfpt@fpt.edu.vn",
			"Khu đô thị mới An Phú Thịnh, Phường Nhơn Bình & Phường Đống Đa, TP. Quy\nNhơn, Bình Định",
			"Điện thoại: 0256 730 1866 /0256 7300 999",
			"Email: daihocfpt@fpt.edu.vn"
		],
		"label": [
			"Tìm kiếm",
			"Tìm kiếm"
		],
		"button": [
			"×",
			"Đăng ký",
			"Đóng"
		],
		"span": [
			"Trang chủ",
			"Sự kiện",
			"Câu lạc bộ truyền thông Cóc Sài Gòn cán mốc 6 kỳ xuất sắc liên tiếp",
			"bởi",
			"Bài trước",
			"Bài trước:",
			"← Thông báo chương trình học bổng tài năng “FPT University Talent 2020”",
			"Bài tiếp",
			"Bài tiếp:",
			"Học sinh phổ thông có cơ hội nhận học bổng 3 tỷ đồng từ ĐH FPT →"
		],
		"h1": [
			"Câu lạc bộ truyền thông Cóc Sài Gòn cán mốc 6 kỳ xuất sắc liên tiếp"
		],
		"time": [
			"Thứ Ba, ngày 17 tháng 12 năm 2019",
			"05/02/2024",
			"05/02/2024",
			"05/02/2024",
			"02/02/2024",
			"01/02/2024"
		],
		"em": [
			"Lễ tôn vinh sinh viên học kỳ Summer 2019 đã được diễn ra tại Đại học FPT với những giải thưởng xứng đáng cho nỗ lực của các Cóc trong học kỳ vừa qua. Bên cạnh danh hiệt Cóc Vàng thuộc về Mai Huỳnh Như và sinh viên xuất sắc Trần Tấn Minh Duy, tại đây câu lạc bộ Cóc Sài Gòn đã chính chức cán mốc 6 kỳ liên tiếp đạt danh hiệu câu lạc bộ xuất sắc.",
			"Trần Huỳnh Đức cùng ban nhạc của mình hâm nóng bầu không khí buổi lễ",
			"Anh Lê Gia Khánh phát biểu mở đầu chương trình",
			"Những sinh viên xuất sắc được gọi tên trong buổi lễ.",
			"Các bạn sinh viên khoe chiến tích của mình sau buổi lễ.",
			"“Mình rất bất ngờ khi được nhận giải thưởng này, mình chưa bao giờ nghĩ rằng sẽ được đứng trên bục nhận giải”.",
			"Bữa tiệc nhẹ cho tất cả sinh viên sau buổi lễ",
			"Những khoảnh khắc dễ thương của sinh viên trường F được ghi lại. Nguồn ảnh: Cóc Sài Gòn",
			"“Anh cảm thấy hạnh phúc. Hạnh phúc vì mình đã cùng tập thể cùng nhau xây dựng Cóc Sài Gòn từ những nút rối, những lỗ hổng cho đến một câu lạc bộ có thể tự hào vì mình là thành viên của Cóc Sài Gòn. Hạnh phúc vì đã khẳng định được vị trí của CLB, ghi dấu bằng những thành tích xuất sắc, những dự án thành công, với những con người cùng chung đam mê, nhiệt huyết.”",
			"Chủ nhiệm câu lạc bộ lên nhận giải tại buổi lễ.",
			"Nguồn: Cóc Sài Gòn"
		],
		"strong": [
			"TÔN VINH NHỮNG SINH VIÊN XUẤT SẮC",
			"Trần Tấn Minh Duy",
			"CÓC SÀI GÒN ĐẠT GIẢI CÂU LẠC BỘ XUẤT SẮC KỲ THỨ 6 LIÊN TIẾP.",
			"CocKahoot",
			"CONTENT CREATION – LÀM CONTENT CREATOR CÓ GÌ VUI KHÔNG ?",
			"Humans of FPTU HCM: The Series",
			"Flash Beauty Moment – FUHCM",
			"Trung Nguyên"
		],
		"h2": [
			"Điều hướng bài viết"
		],
		"h4": [
			"HÀ NỘI",
			"TP. HỒ CHÍ MINH",
			"ĐÀ NẴNG",
			"CẦN THƠ",
			"Quy Nhơn"
		],
		"h3": [
			"Đăng ký tư vấn"
		],
		"b": [
			"Hãy để lại SĐT để cán bộ nhà trường hỗ trợ bạn sớm nhất nhé"
		],
		"option": [
			"Tỉnh / Thành phố *",
			"An Giang",
			"Bà Rịa-Vũng Tàu",
			"Bắc Giang",
			"Bắc Kạn",
			"Bạc Liêu",
			"Bắc Ninh",
			"Bến Tre",
			"Bình Dương",
			"Bình Định",
			"Bình Phước",
			"Bình Thuận",
			"Cà Mau",
			"Cần Thơ",
			"Cao Bằng",
			"Cục Cảnh sát ĐKQL cư trú và DLQG về dân cư",
			"Cục Cảnh sát quản lý hành chính về trật tự xã hội",
			"Đà Nẵng",
			"Đắk Lắk",
			"Đăk Nông",
			"Điện Biên",
			"Đồng Nai",
			"Đồng Tháp",
			"Gia Lai",
			"Hà Giang",
			"Hà Nam",
			"Hà Tĩnh",
			"Hải Dương",
			"Hải Phòng",
			"Hậu Giang",
			"Hoà Bình",
			"Hưng Yên",
			"Khánh Hoà",
			"Kiên Giang",
			"Kon Tum",
			"Lai Châu",
			"Lâm Đồng",
			"Lạng Sơn",
			"Lào Cai",
			"Long An",
			"Nam Định",
			"Nghệ An",
			"Ninh Bình",
			"Ninh Thuận",
			"Phú Thọ",
			"Phú Yên",
			"Quảng Bình",
			"Quảng Nam",
			"Quảng Ngãi",
			"Quảng Ninh",
			"Quảng Trị",
			"Sóc Trăng",
			"Sơn La",
			"Tây Ninh",
			"Thái Bình",
			"Thái Nguyên",
			"Thanh Hoá",
			"Thừa Thiên - Huế",
			"Tiền Giang",
			"Trà Vinh",
			"Tuyên Quang",
			"Vĩnh Long",
			"Vĩnh Phúc",
			"Yên Bái",
			"Hà Nội",
			"TP. Hồ Chí Minh"
		]
	},
	"url": "https://daihoc.fpt.edu.vn/cau-lac-bo-truyen-thong-coc-sai-gon-can-moc-6-ky-xuat-sac-lien-tiep/"
}