{
	"data": {
		"title": [
			"Con người tôi đã mang một phần của Đại học FPT - Trường Đại học FPT"
		],
		"div": [
			"›\n\n›\n\n›\n\n›",
			"© 2024 Bản quyền thuộc về Trường Đại học FPT.",
			"Đăng ký tư vấn"
		],
		"a": [
			"Trường Đại học FPT",
			"Vietnamese",
			"English",
			"Trang chủ",
			"Giới thiệu",
			"Lịch sử thành lập",
			"Tập đoàn FPT",
			"Tổ chức giáo dục FPT",
			"Triết lý đào tạo",
			"Các giải thưởng và thành tích",
			"Ban lãnh đạo",
			"Gắn kết cộng đồng",
			"Tin tức",
			"Tin tức chung",
			"Hoạt động sinh viên",
			"Sự kiện",
			"Tuyển dụng",
			"Hướng nghiệp",
			"Ngành học",
			"Công nghệ thông tin",
			"Công nghệ ô tô số",
			"Kỹ thuật phần mềm",
			"Hệ thống thông tin",
			"Trí tuệ nhân tạo",
			"An toàn thông tin",
			"Thiết kế Mỹ thuật số",
			"Quản trị kinh doanh",
			"Tài chính",
			"Digital Marketing",
			"Kinh doanh quốc tế",
			"Quản lý Logistics & Chuỗi cung ứng toàn cầu",
			"Quản trị khách sạn",
			"Quản trị Du lịch và Lữ hành",
			"Công nghệ truyền thông",
			"Quản trị truyền thông đa phương tiện",
			"Quan hệ công chúng",
			"Ngôn ngữ Anh",
			"Ngôn ngữ Nhật",
			"Ngôn ngữ Hàn Quốc",
			"Ngôn ngữ Trung Quốc (Dự kiến)",
			"Đời sống sinh viên",
			"Một ngày tại Đại học FPT",
			"Vì sao nên học tại Đại học FPT",
			"Sự hài lòng của sinh viên",
			"Môi trường học tập",
			"Chương trình học linh hoạt",
			"Đời sống sinh viên",
			"Ký túc xá",
			"Các CLB & Cộng đồng sinh viên",
			"Các hoạt động thể thao trong trường",
			"Dịch vụ hỗ trợ",
			"Định hướng và khởi đầu",
			"Tốt nghiệp",
			"Câu chuyện sinh viên",
			"Hợp tác",
			"Ngành công nghiệp và doanh nghiệp",
			"Chương trình trao đổi sinh viên",
			"Chương trình học tập tại nước ngoài",
			"Hợp tác quốc tế",
			"Trao đổi sinh viên",
			"Học kỳ nước ngoài",
			"Các trường đại học đối tác",
			"Cựu sinh viên",
			"Cộng đồng cựu sinh viên",
			"Họ đang làm việc tại đâu",
			"Tuyển sinh",
			"Đề án tuyển sinh",
			"Tin tuyển sinh",
			"Liên hệ",
			"Đăng nhập",
			"Quỳnh",
			"Nữ sinh trường F trong tà áo dài ngày Xuân",
			"Gặp gỡ đội tuyển NGT’s OPEN ROBOT trước giải đấu FIRST Tech Challenge Vietnam",
			"Tỏa sáng với nghiên cứu khoa học, nữ sinh ĐH FPT khẳng định bản lĩnh và tài năng",
			"Phim ngắn “Thoi vàng chỉ ngọc” của SV ĐH FPT tại Cần Thơ được công chiếu ở Lotte Cinema",
			"SV trường ĐH FPT Hà Nội đón “tết trên bản” 2024",
			"Vietnamese",
			"English",
			"Facebook",
			"Youtube",
			"Tik Tok",
			"Hotline: (024)/(028) 73001866 - (0236)/(0292) 7301866"
		],
		"img": [
			"cropped cropped 2021 FPTU Long",
			"cropped cropped 2021 FPTU Long",
			"cong nghe thong tin 1 1654589580",
			"cong nghe thong tin 1 1654589580",
			"sinh vien dai hoc fpt 8",
			"sinh vien dai hoc fpt 8",
			"dai hoc fpt 1",
			"dai hoc fpt 1",
			"my duyen",
			"my duyen",
			"fpt 5",
			"fpt 5",
			"dai hoc fpt 1",
			"dai hoc fpt 1",
			"thông báo tuyển bổ sung",
			"thông báo tuyển bổ sung"
		],
		"p": [
			"Trang thông tin tuyển sinh chính thức của Trường Đại học FPT",
			"Năm 2011, ở tuổi còn tung tăng vô tư trên ghế nhà trường năm cấp 3, khi áp lực cánh cửa đại học đang ngày đến gần thì đùng một cái, học bổng Nguyễn Văn Đạo của Trường Đại học FPT đến với tôi như một cơ hội. Nửa mừng nửa ngờ ngợ, bởi vì nhiều người còn định kiến với nó kiểu như: “Đây là trường tư, học làm gì, tìm trường công có tiếng mà học ấy…”. Ấy vậy mà tôi, có lẽ đã “dại dột” đâm đầu vào nơi ấy, để bây giờ chỉ có thời gian mới trả lời rằng tôi đã đúng hay sai. Câu chuyện của cựu sinh viên Nguyễn Lê Hoàng Thiện, MSSV SE61277 về quyết định chọn ngành, chọn trường của bản thân.",
			"Gần bốn năm ở FPTU không dài cũng không ngắn, đủ để khiến tôi chững chạc hơn trên đường đời. Đầu tiên là học kỳ quân sự đã giúp tôi có được những người bạn tốt. Thật sự mà nói, mỗi học kỳ ở FPT thật sự như là một cuộc chiến, mỗi một môn học, mỗi một giáo viên thì tôi và những chiến hữu lại trải qua một mặt trận khác nhau. Tất nhiên chẳng có một trận chiến nào đơn giản cả, nó chứa đầy mồ hôi và nước mắt, qua đó, giúp tôi trưởng thành hơn và thêm bản lĩnh trong cuộc sống.",
			"Thật sự mà nói, cách làm việc cũng như cách học tập ở FPTU rất “độc”, độc như thế nào chỉ cần dạo quanh một vòng  “FU Confession” mọi người có thể sẽ rõ. Khi hỏi một sinh viên tôi đoán nhiều người sẽ thẳng thừng phê bình trường, cả tôi cũng vậy. Tuy nhiên suy xét kỹ, đây cũng là một nét tiến bộ mới trong cuộc sống của tôi. Trải qua từng sự kiện oái ăm, tôi lại bình tĩnh suy xét và rút ra những bài học giúp mình ngày một trưởng thành hơn. Những kỷ niệm như quên điểm danh, nhầm lẫn thông tin hay những cuộc chạy đua với deadline đã giúp tôi chững chạc mà có lẽ tôi không thể học được ở đâu khác.",
			"Ở đó, tôi đã gặp được những người giáo viên, người thầy – “người sát thủ” đã giúp tôi thành công. Không vào FPTU, không gặp được thầy, có lẽ con người tôi vẫn vậy, vẫn là một thằng cẩu thả đụng đâu hư đó.",
			"Từ sâu thẳm trái tim mình, tôi muốn nói rằng, con người tôi có lẽ đã mang một phần của FPTU mất rồi, chảy sâu trong cơ thể như máu thịt vậy.",
			"Bây giờ, có lẽ tôi đã có thể dõng dạc trả lờivới mọi người câu hỏi tôi đã tự đặt ra, tôi đã đúng hay sai.",
			"Nguyễn Lê Hoàng Thiện",
			"Khu Giáo dục và Đào tạo – Khu Công nghệ cao Hòa Lạc – Km29 Đại lộ Thăng Long, H. Thạch Thất,\nTP. Hà Nội",
			"Điện thoại: 024 7300 1866",
			"Email: daihocfpt@fpt.edu.vn",
			"Lô E2a-7, Đường D1 Khu Công nghệ cao, P. Long Thạnh Mỹ, TP. Thủ Đức, TP. Hồ Chí Minh",
			"Điện thoại: 028 7300 1866",
			"Email: daihocfpt@fpt.edu.vn",
			"Khu đô thị công nghệ FPT Đà Nẵng, P. Hoà Hải, Q. Ngũ Hành Sơn, TP. Đà Nẵng",
			"Điện thoại: 0236 730 1866",
			"Email: daihocfpt@fpt.edu.vn",
			"Số 600 Đường Nguyễn Văn Cừ (nối dài), P. An Bình, Q. Ninh Kiều, TP. Cần Thơ",
			"Điện thoại: 0292 730 1866",
			"Email: daihocfpt@fpt.edu.vn",
			"Khu đô thị mới An Phú Thịnh, Phường Nhơn Bình & Phường Đống Đa, TP. Quy\nNhơn, Bình Định",
			"Điện thoại: 0256 730 1866 /0256 7300 999",
			"Email: daihocfpt@fpt.edu.vn"
		],
		"label": [
			"Tìm kiếm",
			"Tìm kiếm"
		],
		"button": [
			"×",
			"Đăng ký",
			"Đóng"
		],
		"span": [
			"Trang chủ",
			"Cuộc sống tại đại học FPT",
			"Tại sao nên học tại Đại học FPT",
			"Câu chuyện sinh viên",
			"Con người tôi đã mang một phần của Đại học FPT",
			"bởi",
			"Bài trước",
			"Bài trước:",
			"← Chọn Đại học FPT, tôi được nhiều hơn mất",
			"Bài tiếp",
			"Bài tiếp:",
			"Khởi động giải Cầu lông “Cây vợt vàng năm 2017” →"
		],
		"h1": [
			"Con người tôi đã mang một phần của Đại học FPT"
		],
		"time": [
			"Thứ Tư, ngày 08 tháng 02 năm 2017",
			"14/06/2022",
			"05/02/2024",
			"05/02/2024",
			"05/02/2024",
			"02/02/2024",
			"01/02/2024"
		],
		"h2": [
			"Điều hướng bài viết"
		],
		"h4": [
			"HÀ NỘI",
			"TP. HỒ CHÍ MINH",
			"ĐÀ NẴNG",
			"CẦN THƠ",
			"Quy Nhơn"
		],
		"h3": [
			"Đăng ký tư vấn"
		],
		"b": [
			"Hãy để lại SĐT để cán bộ nhà trường hỗ trợ bạn sớm nhất nhé"
		],
		"option": [
			"Tỉnh / Thành phố *",
			"An Giang",
			"Bà Rịa-Vũng Tàu",
			"Bắc Giang",
			"Bắc Kạn",
			"Bạc Liêu",
			"Bắc Ninh",
			"Bến Tre",
			"Bình Dương",
			"Bình Định",
			"Bình Phước",
			"Bình Thuận",
			"Cà Mau",
			"Cần Thơ",
			"Cao Bằng",
			"Cục Cảnh sát ĐKQL cư trú và DLQG về dân cư",
			"Cục Cảnh sát quản lý hành chính về trật tự xã hội",
			"Đà Nẵng",
			"Đắk Lắk",
			"Đăk Nông",
			"Điện Biên",
			"Đồng Nai",
			"Đồng Tháp",
			"Gia Lai",
			"Hà Giang",
			"Hà Nam",
			"Hà Tĩnh",
			"Hải Dương",
			"Hải Phòng",
			"Hậu Giang",
			"Hoà Bình",
			"Hưng Yên",
			"Khánh Hoà",
			"Kiên Giang",
			"Kon Tum",
			"Lai Châu",
			"Lâm Đồng",
			"Lạng Sơn",
			"Lào Cai",
			"Long An",
			"Nam Định",
			"Nghệ An",
			"Ninh Bình",
			"Ninh Thuận",
			"Phú Thọ",
			"Phú Yên",
			"Quảng Bình",
			"Quảng Nam",
			"Quảng Ngãi",
			"Quảng Ninh",
			"Quảng Trị",
			"Sóc Trăng",
			"Sơn La",
			"Tây Ninh",
			"Thái Bình",
			"Thái Nguyên",
			"Thanh Hoá",
			"Thừa Thiên - Huế",
			"Tiền Giang",
			"Trà Vinh",
			"Tuyên Quang",
			"Vĩnh Long",
			"Vĩnh Phúc",
			"Yên Bái",
			"Hà Nội",
			"TP. Hồ Chí Minh"
		]
	},
	"url": "https://daihoc.fpt.edu.vn/con-nguoi-toi-da-mang-mot-phan-cua-dai-hoc-fpt/"
}