{
	"data": {
		"title": [
			"Trường Đại học FPT khởi động liên hoan phim ngắn 5 phút mùa 2 - Trường Đại học FPT"
		],
		"div": [
			"© 2024 Bản quyền thuộc về Trường Đại học FPT.",
			"Đăng ký tư vấn"
		],
		"a": [
			"Trường Đại học FPT",
			"Vietnamese",
			"English",
			"Trang chủ",
			"Giới thiệu",
			"Lịch sử thành lập",
			"Tập đoàn FPT",
			"Tổ chức giáo dục FPT",
			"Triết lý đào tạo",
			"Các giải thưởng và thành tích",
			"Ban lãnh đạo",
			"Gắn kết cộng đồng",
			"Tin tức",
			"Tin tức chung",
			"Hoạt động sinh viên",
			"Sự kiện",
			"Tuyển dụng",
			"Hướng nghiệp",
			"Ngành học",
			"Công nghệ thông tin",
			"Công nghệ ô tô số",
			"Kỹ thuật phần mềm",
			"Hệ thống thông tin",
			"Trí tuệ nhân tạo",
			"An toàn thông tin",
			"Thiết kế Mỹ thuật số",
			"Quản trị kinh doanh",
			"Tài chính",
			"Digital Marketing",
			"Kinh doanh quốc tế",
			"Quản lý Logistics & Chuỗi cung ứng toàn cầu",
			"Quản trị khách sạn",
			"Quản trị Du lịch và Lữ hành",
			"Công nghệ truyền thông",
			"Quản trị truyền thông đa phương tiện",
			"Quan hệ công chúng",
			"Ngôn ngữ Anh",
			"Ngôn ngữ Nhật",
			"Ngôn ngữ Hàn Quốc",
			"Ngôn ngữ Trung Quốc (Dự kiến)",
			"Đời sống sinh viên",
			"Một ngày tại Đại học FPT",
			"Vì sao nên học tại Đại học FPT",
			"Sự hài lòng của sinh viên",
			"Môi trường học tập",
			"Chương trình học linh hoạt",
			"Đời sống sinh viên",
			"Ký túc xá",
			"Các CLB & Cộng đồng sinh viên",
			"Các hoạt động thể thao trong trường",
			"Dịch vụ hỗ trợ",
			"Định hướng và khởi đầu",
			"Tốt nghiệp",
			"Câu chuyện sinh viên",
			"Hợp tác",
			"Ngành công nghiệp và doanh nghiệp",
			"Chương trình trao đổi sinh viên",
			"Chương trình học tập tại nước ngoài",
			"Hợp tác quốc tế",
			"Trao đổi sinh viên",
			"Học kỳ nước ngoài",
			"Các trường đại học đối tác",
			"Cựu sinh viên",
			"Cộng đồng cựu sinh viên",
			"Họ đang làm việc tại đâu",
			"Tuyển sinh",
			"Đề án tuyển sinh",
			"Tin tuyển sinh",
			"Liên hệ",
			"Đăng nhập",
			"Nguyễn Thị Hồng Yến",
			"https://forms.gle/HJz9Ca5BRucEPQD97",
			"https://drive.google.com/…/1KXLHFhRxILxqkum6jYDNPXox…",
			"Gần 500 sản phẩm thiết kế Mỹ thuật số tại triển lãm Meta Art Summer 2023 Exhibition",
			"Đại học FPT tổ chức triển lãm thiết kế mỹ thuật số",
			"Sinh viên ĐH FPT thực hiện triễn lãm tương tác kết hợp nghệ thuật thị giác và công nghệ kỹ thuật",
			"Nữ sinh trường F trong tà áo dài ngày Xuân",
			"Gặp gỡ đội tuyển NGT’s OPEN ROBOT trước giải đấu FIRST Tech Challenge Vietnam",
			"Tỏa sáng với nghiên cứu khoa học, nữ sinh ĐH FPT khẳng định bản lĩnh và tài năng",
			"Phim ngắn “Thoi vàng chỉ ngọc” của SV ĐH FPT tại Cần Thơ được công chiếu ở Lotte Cinema",
			"SV trường ĐH FPT Hà Nội đón “tết trên bản” 2024",
			"Vietnamese",
			"English",
			"Facebook",
			"Youtube",
			"Tik Tok",
			"Hotline: (024)/(028) 73001866 - (0236)/(0292) 7301866"
		],
		"img": [
			"cropped cropped 2021 FPTU Long",
			"cropped cropped 2021 FPTU Long",
			"khoi dong lien hoan phim ngan 5 phut mua 2",
			"khoi dong lien hoan phim ngan 5 phut mua 2",
			"khoi dong lien hoan phim ngan 5 phut mua 3",
			"khoi dong lien hoan phim ngan 5 phut mua 3",
			"sinh vien dai hoc fpt 8",
			"sinh vien dai hoc fpt 8",
			"dai hoc fpt 1",
			"dai hoc fpt 1",
			"my duyen",
			"my duyen",
			"fpt 5",
			"fpt 5",
			"dai hoc fpt 1",
			"dai hoc fpt 1",
			"thông báo tuyển bổ sung",
			"thông báo tuyển bổ sung"
		],
		"p": [
			"Trang thông tin tuyển sinh chính thức của Trường Đại học FPT",
			"Mùa đầu tiên của cuộc thi diễn ra vào năm 2022 đã quy tụ rất nhiều những sản phẩm hấp dẫn và chất lượng đến từ các nhà làm phim sinh viên trẻ.",
			"Đam mê điện ảnh và muốn thể hiện tài năng của mình, Liên hoan phim ngắn 5 phút chắc chắn là một cuộc đua hấp dẫn với cơ hội chứng tỏ năng lực thông qua các sản phẩm nghe nhìn chất lượng và mang về những phần thưởng đầy giá trị. Đây cũng là cơ hội để bạn kết nối, lắng nghe chia sẻ từ những vị khách mời ban giám khảo với thâm niên lâu năm trong nghề, được giao lưu và học hỏi với những bạn trẻ cùng chung giấc mơ phim ảnh.",
			"THÔNG TIN VÒNG THI:",
			"– Mở Cổng Đăng Ký Thi: Từ ngày 1/10/2023 đến ngày 8/10/2023.",
			"– Đối tượng tham gia: Sinh viên trên địa bàn TP.HCM độ tuổi 18-24.",
			"– Hình thức tham gia: Đăng ký theo hình thức cá nhân, nhóm (Không giới hạn số người trong ekip)\n* LƯU Ý: Thành viên trong ekip có thể là bất kỳ ai ở độ tuổi quy định, nhưng người đại diện nộp sản phẩm dự thi cho ban tổ chức cần đang theo học tại một trong các đơn vị giáo dục thuộc hệ thống giáo dục của FPT.",
			"– Link đăng ký sẽ được mở vào ngày 1/10: \nVòng 1 – Nộp Bài Thi: Từ ngày 10/10/2023 đến ngày 24/10/2023.\n– Vòng 2 – Bình Chọn Online: Từ ngày 30/10/2023 đến ngày 5/11/2023.",
			"Ban Giám Khảo Và Ban Tổ Chức sẽ cùng nhau tìm ra 15 phim ngắn xuất sắc nhất. Top 15 phim ngắn được tiến vào vòng bình chọn online – nơi tìm ra các phim ngắn đoạt các giải thưởng của chương trình, và là nơi tìm ra phim ngắn được khán giả yêu thích nhất. Top 15 sẽ được tham dự và nhận giải vào Đêm Gala.",
			"Đêm Gala Trao Giải: Ngày 8/11/2023.\nĐây là đêm các tác phẩm xuất sắc nhất sẽ được tôn vinh và nhận giải thưởng tại trường Đại Học FPT TP. Hồ Chí Minh.",
			"Với tổng giá trị giải thưởng lên đến hơn 60.000.000 VND, đó là cơ hội không thể bỏ lỡ để biến những ý tưởng sáng tạo thành hiện thực trên màn ảnh. Ngoài ra, còn rất nhiều những phần quà hấp dẫn khác đang chờ đợi các đội chơi!",
			"– Giải nhất: 20.000.000 VND\nGiải nhì: 10.000.000 VND\nGiải ba: 5.000.000 VND",
			"Giải Phim ngắn được yêu thích nhất: 1.500.000 VND\nGiải Đạo diễn xuất sắc nhất: 1.500.000 VND\nGiải Biên kịch xuất sắc nhất: 1.500.000 VND\nGiải Diễn viên được yêu thích nhất: 1.500.000 VND\nGiải Dựng phim xuất sắc nhất: 1.500.000 VND",
			"Thể lệ và yêu cầu bắt buộc của cuộc thi: \nĐơn vị tổ chức: Bộ môn Hoạt hình Kỹ thuật Số\nĐơn vị đồng hành: Bộ môn Thiết kế Mỹ Thuật Số, phòng IC-PDP\nBảo trợ truyền thông: Bộ môn Quản trị Truyền Thông Đa Phương Tiện",
			"5 Minutes Short Film Festival – Liên Hoan Phim Ngắn 5 phút\nEmail: 5minshortfilmfptu@gmail.com\nĐịa chỉ: Lô E2a-7, Đường D1 Khu Công Nghệ Cao, Long Thạnh Mỹ, Thành Phố Thủ Đức, Thành phố Hồ Chí Minh",
			"Vừa qua, gần 500 sản phẩm của sinh viên ngành Thiết kế Mỹ thuật số đã được trưng bày tại META ART SUMMER 2023 EXHIBITION. Triển lãm khai mạc sáng nay (25/7) và kéo dài đến hết ngày 27/7 tại Thư viện Trường Đại học FPT TP.HCM. Triển lãm...",
			"Sinh viên Đại học FPT mở triển lãm phản ánh tình trạng nhiễu loạn thông tin trên không gian mạng bằng ứng dụng công nghệ trong thiết kế mỹ thuật số. Với thông điệp “See the Internet information noise and hear its quiet impacts” (Thông...",
			"Kết hợp giữa nghệ thuật thị giác và công nghệ kỹ thuật, nhóm sinh viên khoa thiết kế mỹ thuật số trường Đại học FPT đã thực hiện Triển lãm tương tác NOISE phản ánh những ảnh hưởng tiêu cực từ không gian mạng đến lối sống...",
			"Khu Giáo dục và Đào tạo – Khu Công nghệ cao Hòa Lạc – Km29 Đại lộ Thăng Long, H. Thạch Thất,\nTP. Hà Nội",
			"Điện thoại: 024 7300 1866",
			"Email: daihocfpt@fpt.edu.vn",
			"Lô E2a-7, Đường D1 Khu Công nghệ cao, P. Long Thạnh Mỹ, TP. Thủ Đức, TP. Hồ Chí Minh",
			"Điện thoại: 028 7300 1866",
			"Email: daihocfpt@fpt.edu.vn",
			"Khu đô thị công nghệ FPT Đà Nẵng, P. Hoà Hải, Q. Ngũ Hành Sơn, TP. Đà Nẵng",
			"Điện thoại: 0236 730 1866",
			"Email: daihocfpt@fpt.edu.vn",
			"Số 600 Đường Nguyễn Văn Cừ (nối dài), P. An Bình, Q. Ninh Kiều, TP. Cần Thơ",
			"Điện thoại: 0292 730 1866",
			"Email: daihocfpt@fpt.edu.vn",
			"Khu đô thị mới An Phú Thịnh, Phường Nhơn Bình & Phường Đống Đa, TP. Quy\nNhơn, Bình Định",
			"Điện thoại: 0256 730 1866 /0256 7300 999",
			"Email: daihocfpt@fpt.edu.vn"
		],
		"label": [
			"Tìm kiếm",
			"Tìm kiếm"
		],
		"button": [
			"×",
			"Đăng ký",
			"Đóng"
		],
		"span": [
			"Trang chủ",
			"bởi",
			"–",
			"–",
			"–",
			"–",
			"–",
			"–",
			"–",
			"–",
			"–",
			"Bài trước",
			"Bài trước:",
			"← Đại học FPT đăng cai tổ chức Hội nghị ACBSP khu vực 10 năm 2024",
			"Bài tiếp",
			"Bài tiếp:",
			"Chính thức khởi động cuộc thi tìm kiếm tài năng FPT Edu’s Got Talent 2023 →"
		],
		"h1": [
			"Trường Đại học FPT khởi động liên hoan phim ngắn 5 phút mùa 2"
		],
		"time": [
			"Thứ Ba, ngày 03 tháng 10 năm 2023",
			"03/10/2023",
			"05/02/2024",
			"05/02/2024",
			"05/02/2024",
			"02/02/2024",
			"01/02/2024"
		],
		"strong": [
			"Năm 2023, Liên hoan phim ngắn 5 phút do Bộ môn hoạt hình kỹ thuật số – Trường Đại học FPT TP. HCM tổ chức đã quay trở lại với chủ đề chính ‘POINT OF VIEW’. Phim ngắn 5 phút là một thể loại thách thức, đòi hỏi nhà làm phim trong khoảng thời gian nhất định, truyền tải được một thông điệp thú vị và gây ấn tượng với người xem. Với chủ đề chính ‘Point of view’ – Mỗi góc nhìn là một câu chuyện, ban tổ chức hy vọng mỗi đội thi có thể sáng tạo nên những tác phẩm ngắn, cô đọng, ấn tượng và mỹ mãn.",
			"Theo Digital Art & Design – FPT Uni HCM"
		],
		"figcaption": [
			"Cơ cấu giải thưởng của cuộc thi"
		],
		"h2": [
			"Bài viết liên quan",
			"Điều hướng bài viết"
		],
		"h3": [
			"Đăng ký tư vấn"
		],
		"h4": [
			"HÀ NỘI",
			"TP. HỒ CHÍ MINH",
			"ĐÀ NẴNG",
			"CẦN THƠ",
			"Quy Nhơn"
		],
		"b": [
			"Hãy để lại SĐT để cán bộ nhà trường hỗ trợ bạn sớm nhất nhé"
		],
		"option": [
			"Tỉnh / Thành phố *",
			"An Giang",
			"Bà Rịa-Vũng Tàu",
			"Bắc Giang",
			"Bắc Kạn",
			"Bạc Liêu",
			"Bắc Ninh",
			"Bến Tre",
			"Bình Dương",
			"Bình Định",
			"Bình Phước",
			"Bình Thuận",
			"Cà Mau",
			"Cần Thơ",
			"Cao Bằng",
			"Cục Cảnh sát ĐKQL cư trú và DLQG về dân cư",
			"Cục Cảnh sát quản lý hành chính về trật tự xã hội",
			"Đà Nẵng",
			"Đắk Lắk",
			"Đăk Nông",
			"Điện Biên",
			"Đồng Nai",
			"Đồng Tháp",
			"Gia Lai",
			"Hà Giang",
			"Hà Nam",
			"Hà Tĩnh",
			"Hải Dương",
			"Hải Phòng",
			"Hậu Giang",
			"Hoà Bình",
			"Hưng Yên",
			"Khánh Hoà",
			"Kiên Giang",
			"Kon Tum",
			"Lai Châu",
			"Lâm Đồng",
			"Lạng Sơn",
			"Lào Cai",
			"Long An",
			"Nam Định",
			"Nghệ An",
			"Ninh Bình",
			"Ninh Thuận",
			"Phú Thọ",
			"Phú Yên",
			"Quảng Bình",
			"Quảng Nam",
			"Quảng Ngãi",
			"Quảng Ninh",
			"Quảng Trị",
			"Sóc Trăng",
			"Sơn La",
			"Tây Ninh",
			"Thái Bình",
			"Thái Nguyên",
			"Thanh Hoá",
			"Thừa Thiên - Huế",
			"Tiền Giang",
			"Trà Vinh",
			"Tuyên Quang",
			"Vĩnh Long",
			"Vĩnh Phúc",
			"Yên Bái",
			"Hà Nội",
			"TP. Hồ Chí Minh"
		]
	},
	"url": "https://daihoc.fpt.edu.vn/truong-dai-hoc-fpt-khoi-dong-lien-hoan-phim-ngan-5-phut-mua-2/"
}