{
	"data": {
		"title": [
			"Biến rau củ hư thành sản phẩm thân thiện môi trường - Trường Đại học FPT"
		],
		"div": [
			"© 2024 Bản quyền thuộc về Trường Đại học FPT.",
			"Đăng ký tư vấn"
		],
		"a": [
			"Trường Đại học FPT",
			"Vietnamese",
			"English",
			"Trang chủ",
			"Giới thiệu",
			"Lịch sử thành lập",
			"Tập đoàn FPT",
			"Tổ chức giáo dục FPT",
			"Triết lý đào tạo",
			"Các giải thưởng và thành tích",
			"Ban lãnh đạo",
			"Gắn kết cộng đồng",
			"Tin tức",
			"Tin tức chung",
			"Hoạt động sinh viên",
			"Sự kiện",
			"Tuyển dụng",
			"Hướng nghiệp",
			"Ngành học",
			"Công nghệ thông tin",
			"Công nghệ ô tô số",
			"Kỹ thuật phần mềm",
			"Hệ thống thông tin",
			"Trí tuệ nhân tạo",
			"An toàn thông tin",
			"Thiết kế Mỹ thuật số",
			"Quản trị kinh doanh",
			"Tài chính",
			"Digital Marketing",
			"Kinh doanh quốc tế",
			"Quản lý Logistics & Chuỗi cung ứng toàn cầu",
			"Quản trị khách sạn",
			"Quản trị Du lịch và Lữ hành",
			"Công nghệ truyền thông",
			"Quản trị truyền thông đa phương tiện",
			"Quan hệ công chúng",
			"Ngôn ngữ Anh",
			"Ngôn ngữ Nhật",
			"Ngôn ngữ Hàn Quốc",
			"Ngôn ngữ Trung Quốc (Dự kiến)",
			"Đời sống sinh viên",
			"Một ngày tại Đại học FPT",
			"Vì sao nên học tại Đại học FPT",
			"Sự hài lòng của sinh viên",
			"Môi trường học tập",
			"Chương trình học linh hoạt",
			"Đời sống sinh viên",
			"Ký túc xá",
			"Các CLB & Cộng đồng sinh viên",
			"Các hoạt động thể thao trong trường",
			"Dịch vụ hỗ trợ",
			"Định hướng và khởi đầu",
			"Tốt nghiệp",
			"Câu chuyện sinh viên",
			"Hợp tác",
			"Ngành công nghiệp và doanh nghiệp",
			"Chương trình trao đổi sinh viên",
			"Chương trình học tập tại nước ngoài",
			"Hợp tác quốc tế",
			"Trao đổi sinh viên",
			"Học kỳ nước ngoài",
			"Các trường đại học đối tác",
			"Cựu sinh viên",
			"Cộng đồng cựu sinh viên",
			"Họ đang làm việc tại đâu",
			"Tuyển sinh",
			"Đề án tuyển sinh",
			"Tin tuyển sinh",
			"Liên hệ",
			"Đăng nhập",
			"Quỳnh",
			"Nữ sinh trường F trong tà áo dài ngày Xuân",
			"Gặp gỡ đội tuyển NGT’s OPEN ROBOT trước giải đấu FIRST Tech Challenge Vietnam",
			"Tỏa sáng với nghiên cứu khoa học, nữ sinh ĐH FPT khẳng định bản lĩnh và tài năng",
			"Phim ngắn “Thoi vàng chỉ ngọc” của SV ĐH FPT tại Cần Thơ được công chiếu ở Lotte Cinema",
			"SV trường ĐH FPT Hà Nội đón “tết trên bản” 2024",
			"Vietnamese",
			"English",
			"Facebook",
			"Youtube",
			"Tik Tok",
			"Hotline: (024)/(028) 73001866 - (0236)/(0292) 7301866"
		],
		"img": [
			"cropped cropped 2021 FPTU Long",
			"cropped cropped 2021 FPTU Long",
			"Thanh Vien Nhom",
			"Thanh Vien Nhom",
			"Fpt",
			"Fpt",
			"San Pham Xa Phong",
			"San Pham Xa Phong",
			"sinh vien dai hoc fpt 8",
			"sinh vien dai hoc fpt 8",
			"dai hoc fpt 1",
			"dai hoc fpt 1",
			"my duyen",
			"my duyen",
			"fpt 5",
			"fpt 5",
			"dai hoc fpt 1",
			"dai hoc fpt 1",
			"thông báo tuyển bổ sung",
			"thông báo tuyển bổ sung"
		],
		"p": [
			"Trang thông tin tuyển sinh chính thức của Trường Đại học FPT",
			"Nói về ý tưởng độc đáo này, Nguyễn An Khương (thành viên nhóm, sinh viên Trường Đại học FPT Cần Thơ) cho biết: Trong một lần đi chợ, tình cờ thấy có nhiều trái cây rau củ dập hoặc hư hỏng một phần bị bỏ đi trong khi chúng vẫn còn có thể sử dụng được. Chính tại đây, nhóm nhận thấy tiềm năng để sáng tạo sản phẩm từ những tài nguyên này.",
			"Qua quá trình nghiên cứu và tìm hiểu sâu hơn, nhóm đã nhận ra rằng xà phòng có thể là một cách tốt để tận dụng những loại trái cây và nguyên liệu tự nhiên khác, tạo ra sản phẩm có giá trị và tiềm năng thương mại cao.",
			"Khương cũng cho biết thêm, trong giai đoạn ban đầu thực hiện ý tưởng, nhóm cũng phải đối mặt với một số khó khăn đáng kể.",
			"“Việc điều chỉnh tỉ lệ các thành phần trong sản phẩm đã gặp khó khăn, dẫn đến màu sắc không đạt yêu cầu và độ cứng không đủ tiêu chuẩn. Để giải quyết vấn đề này, nhóm đã tìm kiếm và nghiên cứu thông tin từ nhiều nguồn khác nhau qua mạng Internet. Nhờ đó, nhóm đã tìm ra cách thay đổi tỉ lệ thành phần sao cho hợp lý, đảm bảo màu sắc và độ cứng của sản phẩm đạt tiêu chuẩn” – An Khương chia sẻ.",
			"Sau 4 tháng tìm tòi, nghiên cứu và thử nghiệm, nhóm đã cho ra đời những sản phẩm xà phòng organic đầu tiên của mình.",
			"Được biết, sản phẩm không chỉ làm sạch da một cách hiệu quả mà còn giúp duy trì độ ẩm tự nhiên của da.",
			"Thời gian từ khi nảy ra ý tưởng làm xà phòng từ rau, củ cho đến khi hoàn thành sản phẩm đầu tiên kéo dài khoảng 4 tháng. Với ý tưởng độc đáo này, nhóm của Khương giành được giải nhì tại cuộc thi Business Challenge do Trường Đại học FPT tổ chức.",
			"Cô Trâm Anh – Giảng viên Bộ môn Kinh tế Trường Đại học FPT Cần Thơ – nhận định: Dự án này rất tiềm năng do có 2 yếu tố: Đầu tiên là Việt Nam đang có xu hướng sử dụng sản phẩm tự nhiên và bền vững. Do đó, người tiêu dùng ngày càng tìm kiếm các sản phẩm tự nhiên và không gây hại cho sức khỏe. Xà phòng organic từ củ quả hư hỏng một phần có thể đáp ứng nhu cầu này và trở thành sự lựa chọn hấp dẫn.",
			"Bên cạnh đó, nhu cầu sử dụng xà phòng tự nhiên ngày càng cao. Vì thế, dự án tận dụng củ quả bị hư hỏng một phần để sản xuất xà phòng organic không những giúp giảm lãng phí thực phẩm, mà còn bảo vệ môi trường, đồng thời đáp ứng nhu cầu của người tiêu dùng đối với sản phẩm tự nhiên và bền vững.",
			"Với những thành công bước đầu, nhóm của Khương có kế hoạch phát triển sản phẩm đa dạng hơn trong tương lai. Dự định của nhóm là mở rộng danh mục sản phẩm xà phòng lên tới 10 loại khác nhau, cũng như nghiên cứu và phát triển thêm dạng xà phòng lỏng để đáp ứng đa dạng hơn nhu cầu của đối tượng khách hàng. Song song đó, nhóm cũng đang trong quá trình lên kế hoạch và thực hiện các bước cần thiết cho việc kiểm định chất lượng và đăng ký quyền sở hữu trí tuệ cho sản phẩm.",
			"Mặt khác, để sản phẩm được tiếp cận với khách hàng tiềm năng cũng như mở rộng thị trường tiêu thụ, nhóm của Khương đang tiến hành chiến dịch quảng bá và hợp tác với các nền tảng thương mại điện tử. Đồng thời, nhóm cũng đang lập kế hoạch hợp tác với các cơ sở nghỉ dưỡng như khách sạn, resort,…",
			"Theo Báo Lao Động",
			"Khu Giáo dục và Đào tạo – Khu Công nghệ cao Hòa Lạc – Km29 Đại lộ Thăng Long, H. Thạch Thất,\nTP. Hà Nội",
			"Điện thoại: 024 7300 1866",
			"Email: daihocfpt@fpt.edu.vn",
			"Lô E2a-7, Đường D1 Khu Công nghệ cao, P. Long Thạnh Mỹ, TP. Thủ Đức, TP. Hồ Chí Minh",
			"Điện thoại: 028 7300 1866",
			"Email: daihocfpt@fpt.edu.vn",
			"Khu đô thị công nghệ FPT Đà Nẵng, P. Hoà Hải, Q. Ngũ Hành Sơn, TP. Đà Nẵng",
			"Điện thoại: 0236 730 1866",
			"Email: daihocfpt@fpt.edu.vn",
			"Số 600 Đường Nguyễn Văn Cừ (nối dài), P. An Bình, Q. Ninh Kiều, TP. Cần Thơ",
			"Điện thoại: 0292 730 1866",
			"Email: daihocfpt@fpt.edu.vn",
			"Khu đô thị mới An Phú Thịnh, Phường Nhơn Bình & Phường Đống Đa, TP. Quy\nNhơn, Bình Định",
			"Điện thoại: 0256 730 1866 /0256 7300 999",
			"Email: daihocfpt@fpt.edu.vn"
		],
		"label": [
			"Tìm kiếm",
			"Tìm kiếm"
		],
		"button": [
			"×",
			"Đăng ký",
			"Đóng"
		],
		"span": [
			"Trang chủ",
			"bởi",
			"Bài trước",
			"Bài trước:",
			"← Nam sinh Trường ĐH FPT thành công lập nghiệp với thương hiệu mỹ phẩm riêng",
			"Bài tiếp",
			"Bài tiếp:",
			"Đẹp trai lại chơi bóng rổ cực ngầu, nam sinh Trường ĐH FPT chuẩn mẫu “nam chính” trong phim thanh xuân vườn trường →"
		],
		"h1": [
			"Biến rau củ hư thành sản phẩm thân thiện môi trường"
		],
		"time": [
			"Thứ Hai, ngày 28 tháng 08 năm 2023",
			"05/02/2024",
			"05/02/2024",
			"05/02/2024",
			"02/02/2024",
			"01/02/2024"
		],
		"strong": [
			"Với các loại rau, củ bị hư hỏng một phần, thay vì bỏ đi, nhóm sinh viên Trường Đại học FPT Cần Thơ đã tìm tòi, nghiên cứu biến thành những sản phẩm xà phòng thân thiện với môi trường.",
			"Tận dụng rau, củ hư",
			"Giàu tiềm năng phát triển"
		],
		"figcaption": [
			"Nhóm sinh viên Trường Đại học FPT Cần Thơ tận dụng rau củ hư, dập làm xà phòng thân thiện với môi trường. Ảnh: NVCC",
			"Các thành viên trong nhóm tìm kiếm thông tin từ nhiều nguồn khác nhau trong quá trình nghiên cứu sản phẩm. Ảnh: Mỹ Ly",
			"Sản phẩm xà phòng organic từ rau, củ bị hư hỏng một phần do nhóm nghiên cứu. Ảnh: NVCC"
		],
		"h2": [
			"Điều hướng bài viết"
		],
		"h4": [
			"HÀ NỘI",
			"TP. HỒ CHÍ MINH",
			"ĐÀ NẴNG",
			"CẦN THƠ",
			"Quy Nhơn"
		],
		"h3": [
			"Đăng ký tư vấn"
		],
		"b": [
			"Hãy để lại SĐT để cán bộ nhà trường hỗ trợ bạn sớm nhất nhé"
		],
		"option": [
			"Tỉnh / Thành phố *",
			"An Giang",
			"Bà Rịa-Vũng Tàu",
			"Bắc Giang",
			"Bắc Kạn",
			"Bạc Liêu",
			"Bắc Ninh",
			"Bến Tre",
			"Bình Dương",
			"Bình Định",
			"Bình Phước",
			"Bình Thuận",
			"Cà Mau",
			"Cần Thơ",
			"Cao Bằng",
			"Cục Cảnh sát ĐKQL cư trú và DLQG về dân cư",
			"Cục Cảnh sát quản lý hành chính về trật tự xã hội",
			"Đà Nẵng",
			"Đắk Lắk",
			"Đăk Nông",
			"Điện Biên",
			"Đồng Nai",
			"Đồng Tháp",
			"Gia Lai",
			"Hà Giang",
			"Hà Nam",
			"Hà Tĩnh",
			"Hải Dương",
			"Hải Phòng",
			"Hậu Giang",
			"Hoà Bình",
			"Hưng Yên",
			"Khánh Hoà",
			"Kiên Giang",
			"Kon Tum",
			"Lai Châu",
			"Lâm Đồng",
			"Lạng Sơn",
			"Lào Cai",
			"Long An",
			"Nam Định",
			"Nghệ An",
			"Ninh Bình",
			"Ninh Thuận",
			"Phú Thọ",
			"Phú Yên",
			"Quảng Bình",
			"Quảng Nam",
			"Quảng Ngãi",
			"Quảng Ninh",
			"Quảng Trị",
			"Sóc Trăng",
			"Sơn La",
			"Tây Ninh",
			"Thái Bình",
			"Thái Nguyên",
			"Thanh Hoá",
			"Thừa Thiên - Huế",
			"Tiền Giang",
			"Trà Vinh",
			"Tuyên Quang",
			"Vĩnh Long",
			"Vĩnh Phúc",
			"Yên Bái",
			"Hà Nội",
			"TP. Hồ Chí Minh"
		]
	},
	"url": "https://daihoc.fpt.edu.vn/bien-rau-cu-hu-thanh-san-pham-than-thien-moi-truong/"
}