{
	"data": {
		"title": [
			"ĐH FPT tặng sách và xây dựng tuyến đường thắp sáng ở Thái Nguyên - Trường Đại học FPT"
		],
		"div": [
			"›\n\n›",
			"© 2024 Bản quyền thuộc về Trường Đại học FPT.",
			"Đăng ký tư vấn"
		],
		"a": [
			"Trường Đại học FPT",
			"Vietnamese",
			"English",
			"Trang chủ",
			"Giới thiệu",
			"Lịch sử thành lập",
			"Tập đoàn FPT",
			"Tổ chức giáo dục FPT",
			"Triết lý đào tạo",
			"Các giải thưởng và thành tích",
			"Ban lãnh đạo",
			"Gắn kết cộng đồng",
			"Tin tức",
			"Tin tức chung",
			"Hoạt động sinh viên",
			"Sự kiện",
			"Tuyển dụng",
			"Hướng nghiệp",
			"Ngành học",
			"Công nghệ thông tin",
			"Công nghệ ô tô số",
			"Kỹ thuật phần mềm",
			"Hệ thống thông tin",
			"Trí tuệ nhân tạo",
			"An toàn thông tin",
			"Thiết kế Mỹ thuật số",
			"Quản trị kinh doanh",
			"Tài chính",
			"Digital Marketing",
			"Kinh doanh quốc tế",
			"Quản lý Logistics & Chuỗi cung ứng toàn cầu",
			"Quản trị khách sạn",
			"Quản trị Du lịch và Lữ hành",
			"Công nghệ truyền thông",
			"Quản trị truyền thông đa phương tiện",
			"Quan hệ công chúng",
			"Ngôn ngữ Anh",
			"Ngôn ngữ Nhật",
			"Ngôn ngữ Hàn Quốc",
			"Ngôn ngữ Trung Quốc (Dự kiến)",
			"Đời sống sinh viên",
			"Một ngày tại Đại học FPT",
			"Vì sao nên học tại Đại học FPT",
			"Sự hài lòng của sinh viên",
			"Môi trường học tập",
			"Chương trình học linh hoạt",
			"Đời sống sinh viên",
			"Ký túc xá",
			"Các CLB & Cộng đồng sinh viên",
			"Các hoạt động thể thao trong trường",
			"Dịch vụ hỗ trợ",
			"Định hướng và khởi đầu",
			"Tốt nghiệp",
			"Câu chuyện sinh viên",
			"Hợp tác",
			"Ngành công nghiệp và doanh nghiệp",
			"Chương trình trao đổi sinh viên",
			"Chương trình học tập tại nước ngoài",
			"Hợp tác quốc tế",
			"Trao đổi sinh viên",
			"Học kỳ nước ngoài",
			"Các trường đại học đối tác",
			"Cựu sinh viên",
			"Cộng đồng cựu sinh viên",
			"Họ đang làm việc tại đâu",
			"Tuyển sinh",
			"Đề án tuyển sinh",
			"Tin tuyển sinh",
			"Liên hệ",
			"Đăng nhập",
			"tuananh",
			"Nữ sinh trường F trong tà áo dài ngày Xuân",
			"Gặp gỡ đội tuyển NGT’s OPEN ROBOT trước giải đấu FIRST Tech Challenge Vietnam",
			"Tỏa sáng với nghiên cứu khoa học, nữ sinh ĐH FPT khẳng định bản lĩnh và tài năng",
			"Phim ngắn “Thoi vàng chỉ ngọc” của SV ĐH FPT tại Cần Thơ được công chiếu ở Lotte Cinema",
			"SV trường ĐH FPT Hà Nội đón “tết trên bản” 2024",
			"Vietnamese",
			"English",
			"Facebook",
			"Youtube",
			"Tik Tok",
			"Hotline: (024)/(028) 73001866 - (0236)/(0292) 7301866"
		],
		"img": [
			"cropped cropped 2021 FPTU Long",
			"cropped cropped 2021 FPTU Long",
			"sinh vien dai hoc fpt 8",
			"sinh vien dai hoc fpt 8",
			"dai hoc fpt 1",
			"dai hoc fpt 1",
			"my duyen",
			"my duyen",
			"fpt 5",
			"fpt 5",
			"dai hoc fpt 1",
			"dai hoc fpt 1",
			"thông báo tuyển bổ sung",
			"thông báo tuyển bổ sung"
		],
		"p": [
			"Trang thông tin tuyển sinh chính thức của Trường Đại học FPT",
			"–",
			"Chương trình tình nguyện mang tên “Kêt nối yêu thương” do bộ phận CSR FE kết hợp với phòng PDP và Quỹ vỏ chai Đại học FPT tổ chức đã chính thức diễn ra tại xã Đức Lương, huyện Đại Từ, tỉnh Thái Nguyên. Tham gia chương trình, thầy và trò FE không chỉ trao tặng tủ sách, máy tính mà còn trực tiếp cùng người dân xây dựng tuyến đường thắp sáng, bể chứa vỏ thuốc bảo vệ thực vật và tổ chức các lớp kỹ năng mềm cho học sinh.",
			"Trong hoạt động mở đầu chương trình tình nguyện, lễ trao tặng tủ sách và 2 máy tính từ quỹ đầu tư phát triển Đại học FPT đã được tổ chức trong giờ chào cờ đầu tuần của Trường Tiểu học Đức Lương. 240 học sinh cùng đông đảo cán bộ, giáo viên nhà trường đã cùng đón nhận món quà ý nghĩa này của Đại học FPT và tham gia các hoạt động giao lưu rất sôi nổi và gần gũi.",
			"Đức Lương là một xã nằm về phía bắc huyện Đại Từ, Thái Nguyên, địa hình đồi núi, giao thông đi lại khó khăn, người dân tộc Tày chiếm trên 80%. Cơ sở vật chất và giao thông vẫn còn hạn chế, hệ thống đèn điện chiếu sáng chưa được lắp đặt đồng bộ gây khó khăn cho việc đi lại của người dân .Vì đặc thù địa hình đồi núi chiếm trên 70% diện tích nên người dân Đức Lương canh tác chủ yếu trên các đồi chè và ruộng lúa, việc sử dụng thuốc bảo vệ thực vật chưa đúng quy trình ảnh hưởng đến môi trường.",
			"Vì thế, với mong muốn chia sẻ phần nào những khó khăn của người dân, dạy cho các em học sinh những kĩ năng cần thiết và tạo ra các sân chơi tri thức lành mạnh, đoàn tình nguyện đã kết hợp với đoàn thanh niên xã sửa sang đường giao thông, đường điện, xây dựng bể chứa vỏ, bao bì thuốc bảo vệ thực vật. Cùng với đó là các hoạt động mang đậm tính chất tuyên truyền và thiện nguyện như dạy cho các em học sinh những bài học về tái chế vỏ chai, bảo vệ môi trường, vệ sinh học đường và những trò chơi trí tuệ bổ ích.",
			"“Kết Nối Yêu Thương 2” không chỉ thể hiện nghĩa cử cao đẹp vì cộng đồng mà còn cho thấy tài năng, nhiệt huyết, sức trẻ và sự sáng tạo của sinh viên FPT trong việc giúp đỡ giải quyết những vấn đề của cộng đồng.",
			"Khu Giáo dục và Đào tạo – Khu Công nghệ cao Hòa Lạc – Km29 Đại lộ Thăng Long, H. Thạch Thất,\nTP. Hà Nội",
			"Điện thoại: 024 7300 1866",
			"Email: daihocfpt@fpt.edu.vn",
			"Lô E2a-7, Đường D1 Khu Công nghệ cao, P. Long Thạnh Mỹ, TP. Thủ Đức, TP. Hồ Chí Minh",
			"Điện thoại: 028 7300 1866",
			"Email: daihocfpt@fpt.edu.vn",
			"Khu đô thị công nghệ FPT Đà Nẵng, P. Hoà Hải, Q. Ngũ Hành Sơn, TP. Đà Nẵng",
			"Điện thoại: 0236 730 1866",
			"Email: daihocfpt@fpt.edu.vn",
			"Số 600 Đường Nguyễn Văn Cừ (nối dài), P. An Bình, Q. Ninh Kiều, TP. Cần Thơ",
			"Điện thoại: 0292 730 1866",
			"Email: daihocfpt@fpt.edu.vn",
			"Khu đô thị mới An Phú Thịnh, Phường Nhơn Bình & Phường Đống Đa, TP. Quy\nNhơn, Bình Định",
			"Điện thoại: 0256 730 1866 /0256 7300 999",
			"Email: daihocfpt@fpt.edu.vn"
		],
		"label": [
			"Tìm kiếm",
			"Tìm kiếm"
		],
		"button": [
			"×",
			"Đăng ký",
			"Đóng"
		],
		"span": [
			"Trang chủ",
			"Tin tức chung",
			"ĐH FPT tặng sách và xây dựng tuyến đường thắp sáng ở Thái Nguyên",
			"bởi",
			"“Kết Nối Yêu Thương 2” không chỉ thể hiện nghĩa cử cao đẹp vì cộng đồng mà còn cho thấy tài năng, nhiệt huyết, sức trẻ và sự sáng tạo của sinh viên FPT trong việc giúp đỡ giải quyết những vấn đề của cộng đồng.",
			"Bài trước",
			"Bài trước:",
			"← Phòng học 3D của SV ĐH FPT lọt top 15 cuộc thi Khởi nghiệp của VCCI",
			"Bài tiếp",
			"Bài tiếp:",
			"Nữ sinh trở thành Đại sứ Topgun, ẵm cơ hội sang Nhật Bản →"
		],
		"h1": [
			"ĐH FPT tặng sách và xây dựng tuyến đường thắp sáng ở Thái Nguyên"
		],
		"time": [
			"Thứ Sáu, ngày 23 tháng 12 năm 2016",
			"17/01/2017",
			"05/02/2024",
			"05/02/2024",
			"05/02/2024",
			"02/02/2024",
			"01/02/2024"
		],
		"strong": [
			"FE",
			"Ngày 19/12, thầy và trò ĐH FPT đã trao tặng tủ sách, máy tính và trực tiếp cùng người dân xây dựng tuyến đường thắp sáng, bể chứa vỏ thuốc bảo vệ thực vật và tổ chức các lớp kỹ năng mềm cho học sinh xã Đức Lương, huyện Đại Từ, tỉnh Thái Nguyên.",
			"Quang Huy"
		],
		"h2": [
			"Điều hướng bài viết"
		],
		"h4": [
			"HÀ NỘI",
			"TP. HỒ CHÍ MINH",
			"ĐÀ NẴNG",
			"CẦN THƠ",
			"Quy Nhơn"
		],
		"h3": [
			"Đăng ký tư vấn"
		],
		"b": [
			"Hãy để lại SĐT để cán bộ nhà trường hỗ trợ bạn sớm nhất nhé"
		],
		"option": [
			"Tỉnh / Thành phố *",
			"An Giang",
			"Bà Rịa-Vũng Tàu",
			"Bắc Giang",
			"Bắc Kạn",
			"Bạc Liêu",
			"Bắc Ninh",
			"Bến Tre",
			"Bình Dương",
			"Bình Định",
			"Bình Phước",
			"Bình Thuận",
			"Cà Mau",
			"Cần Thơ",
			"Cao Bằng",
			"Cục Cảnh sát ĐKQL cư trú và DLQG về dân cư",
			"Cục Cảnh sát quản lý hành chính về trật tự xã hội",
			"Đà Nẵng",
			"Đắk Lắk",
			"Đăk Nông",
			"Điện Biên",
			"Đồng Nai",
			"Đồng Tháp",
			"Gia Lai",
			"Hà Giang",
			"Hà Nam",
			"Hà Tĩnh",
			"Hải Dương",
			"Hải Phòng",
			"Hậu Giang",
			"Hoà Bình",
			"Hưng Yên",
			"Khánh Hoà",
			"Kiên Giang",
			"Kon Tum",
			"Lai Châu",
			"Lâm Đồng",
			"Lạng Sơn",
			"Lào Cai",
			"Long An",
			"Nam Định",
			"Nghệ An",
			"Ninh Bình",
			"Ninh Thuận",
			"Phú Thọ",
			"Phú Yên",
			"Quảng Bình",
			"Quảng Nam",
			"Quảng Ngãi",
			"Quảng Ninh",
			"Quảng Trị",
			"Sóc Trăng",
			"Sơn La",
			"Tây Ninh",
			"Thái Bình",
			"Thái Nguyên",
			"Thanh Hoá",
			"Thừa Thiên - Huế",
			"Tiền Giang",
			"Trà Vinh",
			"Tuyên Quang",
			"Vĩnh Long",
			"Vĩnh Phúc",
			"Yên Bái",
			"Hà Nội",
			"TP. Hồ Chí Minh"
		]
	},
	"url": "https://daihoc.fpt.edu.vn/dh-fpt-tang-sach-va-xay-dung-tuyen-duong-thap-sang-o-thai-nguyen/"
}