{
	"data": {
		"title": [
			"Sinh viên Đại học FPT đối thoại cùng Nguyên Phó Chủ tịch Tập đoàn Samsung và các CEO doanh nghiệp lớn Hàn Quốc - Trường Đại học FPT"
		],
		"div": [
			"Bên cạnh đó, ông cũng là người đồng sáng lập The Invention Lab, một trong những công ty tăng tốc hàng đầu trong việc ươm tạo các công ty khởi nghiệp tại Hàn Quốc.",
			"Hãy khám phá kho tàng tri thức, kinh nghiệm xương máu mà ông Kim Seok Pil chuẩn bị để chia sẻ với thế hệ sinh viên trẻ!",
			"– Thời gian: 15h15 ngày 20/11/2023",
			"Địa điểm: Phòng 102 – 104R, tòa Alpha",
			"Đối tượng: Sinh viên ĐH FPT; Ưu tiên SV KrS và những bạn quan tâm phát triển sự nghiệp tại các cty đa quốc gia",
			"© 2024 Bản quyền thuộc về Trường Đại học FPT.",
			"Đăng ký tư vấn"
		],
		"a": [
			"Trường Đại học FPT",
			"Vietnamese",
			"English",
			"Trang chủ",
			"Giới thiệu",
			"Lịch sử thành lập",
			"Tập đoàn FPT",
			"Tổ chức giáo dục FPT",
			"Triết lý đào tạo",
			"Các giải thưởng và thành tích",
			"Ban lãnh đạo",
			"Gắn kết cộng đồng",
			"Tin tức",
			"Tin tức chung",
			"Hoạt động sinh viên",
			"Sự kiện",
			"Tuyển dụng",
			"Hướng nghiệp",
			"Ngành học",
			"Công nghệ thông tin",
			"Công nghệ ô tô số",
			"Kỹ thuật phần mềm",
			"Hệ thống thông tin",
			"Trí tuệ nhân tạo",
			"An toàn thông tin",
			"Thiết kế Mỹ thuật số",
			"Quản trị kinh doanh",
			"Tài chính",
			"Digital Marketing",
			"Kinh doanh quốc tế",
			"Quản lý Logistics & Chuỗi cung ứng toàn cầu",
			"Quản trị khách sạn",
			"Quản trị Du lịch và Lữ hành",
			"Công nghệ truyền thông",
			"Quản trị truyền thông đa phương tiện",
			"Quan hệ công chúng",
			"Ngôn ngữ Anh",
			"Ngôn ngữ Nhật",
			"Ngôn ngữ Hàn Quốc",
			"Ngôn ngữ Trung Quốc (Dự kiến)",
			"Đời sống sinh viên",
			"Một ngày tại Đại học FPT",
			"Vì sao nên học tại Đại học FPT",
			"Sự hài lòng của sinh viên",
			"Môi trường học tập",
			"Chương trình học linh hoạt",
			"Đời sống sinh viên",
			"Ký túc xá",
			"Các CLB & Cộng đồng sinh viên",
			"Các hoạt động thể thao trong trường",
			"Dịch vụ hỗ trợ",
			"Định hướng và khởi đầu",
			"Tốt nghiệp",
			"Câu chuyện sinh viên",
			"Hợp tác",
			"Ngành công nghiệp và doanh nghiệp",
			"Chương trình trao đổi sinh viên",
			"Chương trình học tập tại nước ngoài",
			"Hợp tác quốc tế",
			"Trao đổi sinh viên",
			"Học kỳ nước ngoài",
			"Các trường đại học đối tác",
			"Cựu sinh viên",
			"Cộng đồng cựu sinh viên",
			"Họ đang làm việc tại đâu",
			"Tuyển sinh",
			"Đề án tuyển sinh",
			"Tin tuyển sinh",
			"Liên hệ",
			"Đăng nhập",
			"Nguyễn Thị Hồng Yến",
			"Nhập vai CEO, CFO… sinh viên ĐH FPT thi kinh tế cực “chiến” tại FPT Biz Talent 2023",
			"Đại học FPT tổ chức talkshow về khởi nghiệp",
			"Nữ sinh trường F trong tà áo dài ngày Xuân",
			"Gặp gỡ đội tuyển NGT’s OPEN ROBOT trước giải đấu FIRST Tech Challenge Vietnam",
			"Tỏa sáng với nghiên cứu khoa học, nữ sinh ĐH FPT khẳng định bản lĩnh và tài năng",
			"Phim ngắn “Thoi vàng chỉ ngọc” của SV ĐH FPT tại Cần Thơ được công chiếu ở Lotte Cinema",
			"SV trường ĐH FPT Hà Nội đón “tết trên bản” 2024",
			"Vietnamese",
			"English",
			"Facebook",
			"Youtube",
			"Tik Tok",
			"Hotline: (024)/(028) 73001866 - (0236)/(0292) 7301866"
		],
		"img": [
			"cropped cropped 2021 FPTU Long",
			"cropped cropped 2021 FPTU Long",
			"CEO samsung",
			"CEO samsung",
			"sinh vien dai hoc fpt 8",
			"sinh vien dai hoc fpt 8",
			"dai hoc fpt 1",
			"dai hoc fpt 1",
			"my duyen",
			"my duyen",
			"fpt 5",
			"fpt 5",
			"dai hoc fpt 1",
			"dai hoc fpt 1",
			"thông báo tuyển bổ sung",
			"thông báo tuyển bổ sung"
		],
		"p": [
			"Trang thông tin tuyển sinh chính thức của Trường Đại học FPT",
			"Là người đã từng nắm giữ các chức vụ quan trọng, là một trong những mảnh ghép đưa Samsung trở thành “Át chủ bài” của nền kinh tế Hàn Quốc cũng như là một người dành rất nhiều tâm tư tình cảm cho mối quan hệ kinh tế Việt Nam – Hàn Quốc, talkshow “Culture Marketing Journey” hẳn sẽ là cơ hội quý báu dành cho các sinh viên trường F để cùng lắng nghe và học hỏi những kinh nghiệm từ vị cựu Chủ tịch Tập đoàn hàng đầu Hàn Quốc này.",
			"Sinh viên ĐH FPT sẽ được tham gia nghiên cứu thị trường, hoạt động doanh nghiệp thực tế, nhập vai những nhà quản trị đưa ra chiến lược phát triển kinh doanh trong FPT Edu Biz Talent 2023 FPT Edu Biz Talent là cuộc thi dành cho học sinh, sinh viên...",
			"Nhằm giúp sinh viên có định hướng rõ ràng cho ý tưởng khởi nghiệp, Đại học FPT vừa tổ chức talkshow với chủ đề ‘Choosing a Startup Idea’. Talkshow về chủ đề “Choosing a Startup Idea” (Cách chọn ý tưởng khởi nghiệp) thu hút...",
			"Khu Giáo dục và Đào tạo – Khu Công nghệ cao Hòa Lạc – Km29 Đại lộ Thăng Long, H. Thạch Thất,\nTP. Hà Nội",
			"Điện thoại: 024 7300 1866",
			"Email: daihocfpt@fpt.edu.vn",
			"Lô E2a-7, Đường D1 Khu Công nghệ cao, P. Long Thạnh Mỹ, TP. Thủ Đức, TP. Hồ Chí Minh",
			"Điện thoại: 028 7300 1866",
			"Email: daihocfpt@fpt.edu.vn",
			"Khu đô thị công nghệ FPT Đà Nẵng, P. Hoà Hải, Q. Ngũ Hành Sơn, TP. Đà Nẵng",
			"Điện thoại: 0236 730 1866",
			"Email: daihocfpt@fpt.edu.vn",
			"Số 600 Đường Nguyễn Văn Cừ (nối dài), P. An Bình, Q. Ninh Kiều, TP. Cần Thơ",
			"Điện thoại: 0292 730 1866",
			"Email: daihocfpt@fpt.edu.vn",
			"Khu đô thị mới An Phú Thịnh, Phường Nhơn Bình & Phường Đống Đa, TP. Quy\nNhơn, Bình Định",
			"Điện thoại: 0256 730 1866 /0256 7300 999",
			"Email: daihocfpt@fpt.edu.vn"
		],
		"label": [
			"Tìm kiếm",
			"Tìm kiếm"
		],
		"button": [
			"×",
			"Đăng ký",
			"Đóng"
		],
		"span": [
			"Trang chủ",
			"bởi",
			"–",
			"–",
			"Bài trước",
			"Bài trước:",
			"← Hành trình đầy tự hào của thí sinh “ấn tượng nhất” The FACE FPTU 2023",
			"Bài tiếp",
			"Bài tiếp:",
			"Sinh viên ĐH FPT hoàn thành chương trình thực tập OJT tại khách sạn 4 sao Philippines →"
		],
		"h1": [
			"Sinh viên Đại học FPT đối thoại cùng Nguyên Phó Chủ tịch Tập đoàn Samsung và các CEO doanh nghiệp lớn Hàn Quốc"
		],
		"time": [
			"Thứ Hai, ngày 20 tháng 11 năm 2023",
			"05/02/2024",
			"05/02/2024",
			"05/02/2024",
			"02/02/2024",
			"01/02/2024"
		],
		"strong": [
			"Ngày 20/11, tại Hoà Lạc diễn ra buổi talkshow về Culture Marketing với ông Kim Seok Pil – Phó Chủ tịch Hiệp hội VKBIA (Hiệp Hội Doanh nhân & Đầu tư Việt Nam – Hàn Quốc), nguyên Phó Chủ tịch Tập đoàn Samsung, Tổng giám đốc Samsung Châu Âu cùng 6 CEO của các Doanh nghiệp lớn của Hàn Quốc."
		],
		"h2": [
			"Bài viết liên quan",
			"Điều hướng bài viết"
		],
		"h3": [
			"Đăng ký tư vấn"
		],
		"h4": [
			"HÀ NỘI",
			"TP. HỒ CHÍ MINH",
			"ĐÀ NẴNG",
			"CẦN THƠ",
			"Quy Nhơn"
		],
		"b": [
			"Hãy để lại SĐT để cán bộ nhà trường hỗ trợ bạn sớm nhất nhé"
		],
		"option": [
			"Tỉnh / Thành phố *",
			"An Giang",
			"Bà Rịa-Vũng Tàu",
			"Bắc Giang",
			"Bắc Kạn",
			"Bạc Liêu",
			"Bắc Ninh",
			"Bến Tre",
			"Bình Dương",
			"Bình Định",
			"Bình Phước",
			"Bình Thuận",
			"Cà Mau",
			"Cần Thơ",
			"Cao Bằng",
			"Cục Cảnh sát ĐKQL cư trú và DLQG về dân cư",
			"Cục Cảnh sát quản lý hành chính về trật tự xã hội",
			"Đà Nẵng",
			"Đắk Lắk",
			"Đăk Nông",
			"Điện Biên",
			"Đồng Nai",
			"Đồng Tháp",
			"Gia Lai",
			"Hà Giang",
			"Hà Nam",
			"Hà Tĩnh",
			"Hải Dương",
			"Hải Phòng",
			"Hậu Giang",
			"Hoà Bình",
			"Hưng Yên",
			"Khánh Hoà",
			"Kiên Giang",
			"Kon Tum",
			"Lai Châu",
			"Lâm Đồng",
			"Lạng Sơn",
			"Lào Cai",
			"Long An",
			"Nam Định",
			"Nghệ An",
			"Ninh Bình",
			"Ninh Thuận",
			"Phú Thọ",
			"Phú Yên",
			"Quảng Bình",
			"Quảng Nam",
			"Quảng Ngãi",
			"Quảng Ninh",
			"Quảng Trị",
			"Sóc Trăng",
			"Sơn La",
			"Tây Ninh",
			"Thái Bình",
			"Thái Nguyên",
			"Thanh Hoá",
			"Thừa Thiên - Huế",
			"Tiền Giang",
			"Trà Vinh",
			"Tuyên Quang",
			"Vĩnh Long",
			"Vĩnh Phúc",
			"Yên Bái",
			"Hà Nội",
			"TP. Hồ Chí Minh"
		]
	},
	"url": "https://daihoc.fpt.edu.vn/sinh-vien-dai-hoc-fpt-doi-thoai-cung-nguyen-pho-chu-tich-tap-doan-samsung-va-cac-ceo-doanh-nghiep-lon-han-quoc/"
}