{
	"data": {
		"title": [
			"Tất tần tật về Quản trị khách sạn tại Đại học FPT - ngành học hot của gen Z - Trường Đại học FPT"
		],
		"div": [
			"›\n\n›",
			"© 2024 Bản quyền thuộc về Trường Đại học FPT.",
			"Đăng ký tư vấn"
		],
		"a": [
			"Trường Đại học FPT",
			"Vietnamese",
			"English",
			"Trang chủ",
			"Giới thiệu",
			"Lịch sử thành lập",
			"Tập đoàn FPT",
			"Tổ chức giáo dục FPT",
			"Triết lý đào tạo",
			"Các giải thưởng và thành tích",
			"Ban lãnh đạo",
			"Gắn kết cộng đồng",
			"Tin tức",
			"Tin tức chung",
			"Hoạt động sinh viên",
			"Sự kiện",
			"Tuyển dụng",
			"Hướng nghiệp",
			"Ngành học",
			"Công nghệ thông tin",
			"Công nghệ ô tô số",
			"Kỹ thuật phần mềm",
			"Hệ thống thông tin",
			"Trí tuệ nhân tạo",
			"An toàn thông tin",
			"Thiết kế Mỹ thuật số",
			"Quản trị kinh doanh",
			"Tài chính",
			"Digital Marketing",
			"Kinh doanh quốc tế",
			"Quản lý Logistics & Chuỗi cung ứng toàn cầu",
			"Quản trị khách sạn",
			"Quản trị Du lịch và Lữ hành",
			"Công nghệ truyền thông",
			"Quản trị truyền thông đa phương tiện",
			"Quan hệ công chúng",
			"Ngôn ngữ Anh",
			"Ngôn ngữ Nhật",
			"Ngôn ngữ Hàn Quốc",
			"Ngôn ngữ Trung Quốc (Dự kiến)",
			"Đời sống sinh viên",
			"Một ngày tại Đại học FPT",
			"Vì sao nên học tại Đại học FPT",
			"Sự hài lòng của sinh viên",
			"Môi trường học tập",
			"Chương trình học linh hoạt",
			"Đời sống sinh viên",
			"Ký túc xá",
			"Các CLB & Cộng đồng sinh viên",
			"Các hoạt động thể thao trong trường",
			"Dịch vụ hỗ trợ",
			"Định hướng và khởi đầu",
			"Tốt nghiệp",
			"Câu chuyện sinh viên",
			"Hợp tác",
			"Ngành công nghiệp và doanh nghiệp",
			"Chương trình trao đổi sinh viên",
			"Chương trình học tập tại nước ngoài",
			"Hợp tác quốc tế",
			"Trao đổi sinh viên",
			"Học kỳ nước ngoài",
			"Các trường đại học đối tác",
			"Cựu sinh viên",
			"Cộng đồng cựu sinh viên",
			"Họ đang làm việc tại đâu",
			"Tuyển sinh",
			"Đề án tuyển sinh",
			"Tin tuyển sinh",
			"Liên hệ",
			"Đăng nhập",
			"Quỳnh",
			"Nữ sinh trường F trong tà áo dài ngày Xuân",
			"Gặp gỡ đội tuyển NGT’s OPEN ROBOT trước giải đấu FIRST Tech Challenge Vietnam",
			"Tỏa sáng với nghiên cứu khoa học, nữ sinh ĐH FPT khẳng định bản lĩnh và tài năng",
			"Phim ngắn “Thoi vàng chỉ ngọc” của SV ĐH FPT tại Cần Thơ được công chiếu ở Lotte Cinema",
			"SV trường ĐH FPT Hà Nội đón “tết trên bản” 2024",
			"Vietnamese",
			"English",
			"Facebook",
			"Youtube",
			"Tik Tok",
			"Hotline: (024)/(028) 73001866 - (0236)/(0292) 7301866"
		],
		"img": [
			"cropped cropped 2021 FPTU Long",
			"cropped cropped 2021 FPTU Long",
			"quan tri khach san dai hoc fpt 2",
			"quan tri khach san dai hoc fpt 2",
			"quan tri khach san dai hoc fpt 8",
			"quan tri khach san dai hoc fpt 8",
			"quan tri khach san dai hoc fpt 4",
			"quan tri khach san dai hoc fpt 4",
			"quan tri khach san dai hoc fpt",
			"quan tri khach san dai hoc fpt",
			"quan tri khach san dai hoc fpt 5",
			"quan tri khach san dai hoc fpt 5",
			"quan tri khach san dai hoc fpt 7",
			"quan tri khach san dai hoc fpt 7",
			"sinh vien dai hoc fpt 8",
			"sinh vien dai hoc fpt 8",
			"dai hoc fpt 1",
			"dai hoc fpt 1",
			"my duyen",
			"my duyen",
			"fpt 5",
			"fpt 5",
			"dai hoc fpt 1",
			"dai hoc fpt 1",
			"thông báo tuyển bổ sung",
			"thông báo tuyển bổ sung"
		],
		"p": [
			"Trang thông tin tuyển sinh chính thức của Trường Đại học FPT",
			"Diệu My",
			"Khu Giáo dục và Đào tạo – Khu Công nghệ cao Hòa Lạc – Km29 Đại lộ Thăng Long, H. Thạch Thất,\nTP. Hà Nội",
			"Điện thoại: 024 7300 1866",
			"Email: daihocfpt@fpt.edu.vn",
			"Lô E2a-7, Đường D1 Khu Công nghệ cao, P. Long Thạnh Mỹ, TP. Thủ Đức, TP. Hồ Chí Minh",
			"Điện thoại: 028 7300 1866",
			"Email: daihocfpt@fpt.edu.vn",
			"Khu đô thị công nghệ FPT Đà Nẵng, P. Hoà Hải, Q. Ngũ Hành Sơn, TP. Đà Nẵng",
			"Điện thoại: 0236 730 1866",
			"Email: daihocfpt@fpt.edu.vn",
			"Số 600 Đường Nguyễn Văn Cừ (nối dài), P. An Bình, Q. Ninh Kiều, TP. Cần Thơ",
			"Điện thoại: 0292 730 1866",
			"Email: daihocfpt@fpt.edu.vn",
			"Khu đô thị mới An Phú Thịnh, Phường Nhơn Bình & Phường Đống Đa, TP. Quy\nNhơn, Bình Định",
			"Điện thoại: 0256 730 1866 /0256 7300 999",
			"Email: daihocfpt@fpt.edu.vn"
		],
		"label": [
			"Tìm kiếm",
			"Tìm kiếm"
		],
		"button": [
			"×",
			"Đăng ký",
			"Đóng"
		],
		"i": [
			"Phương thức tuyển thẳng",
			"Phương thức tuyển sinh theo điểm thi THPT",
			"Phương thức tuyển sinh dựa vào học bạ THPT",
			"Một số phương thức tuyển sinh khác"
		],
		"span": [
			"Trang chủ",
			"Hướng nghiệp",
			"Tất tần tật về Quản trị khách sạn tại Đại học FPT – ngành học hot của gen Z",
			"bởi",
			"Học chuyên ngành Quản trị khách sạn ở Đại học FPT có chất lượng không? Trường có những ưu thế vượt trội nào? Tất cả sẽ được bật mí qua bài viết sau.",
			"Sự phát triển của chuyên ngành Quản trị khách sạn đã nâng cao cơ hội việc làm cùng với sự thăng tiến nghề nghiệp nhanh chóng. Vậy học Quản trị khách sạn tại trường Đại học FPT có chất lượng hay không? Chương trình đào tạo có gì khác biệt? Hãy cùng Đại học FPT tìm hiểu tất tần tật về chuyên ngành Quản trị khách sạn bạn nhé!",
			"Sự phát triển của lĩnh vực khách sạn đã nâng cao cơ hội làm việc rộng mở cho sinh viên cùng với sự thăng tiến nhanh chóng trong công việc. Để có thể dễ dàng phát triển trong lĩnh vực này, việc lựa chọn trường đào tạo chất lượng là điều vô cùng cần thiết.",
			"Chương trình đào tạo chuyên ngành Quản trị khách sạn tại Đại học FPT được xây dựng và cập nhật liên tục theo nhu cầu của doanh nghiệp và bắt kịp xu hướng thị trường. Đại học FPT định hướng đào tạo và cung cấp nguồn nhân lực Quản trị khách sạn giỏi chuyên môn, vững ngoại ngữ, tác phong làm việc chuyên nghiệp, hiệu quả. Đáp ứng đầy đủ các nhu cầu từ thị trường trong nước cho đến quốc tế.",
			"Sinh viên theo học chuyên ngành Quản trị khách sạn sẽ được trang bị kiến thức từ nền tảng đến chuyên môn về các lĩnh vực như: Quản trị dịch vụ, quản lý nhân sự, chăm sóc khách hàng quốc tế, chế biến thức ăn, nắm rõ các quy định vệ sinh an toàn thực phẩm.",
			"Ở Đại học FPT, sinh viên sẽ được học tập, rèn luyện và sinh hoạt trong môi trường chuẩn quốc tế để có những trải nghiệm tuyệt vời nhất.",
			"Sinh viên có 100% cơ hội học tập tiếng Anh tại nước ngoài tại các trường đối tác của Đại học FPT ở nước ngoài.",
			"Sinh viên còn được thực tập thực tế ở nước ngoài trong vòng 6 tháng tại các nước: Malaysia, Singapore hoặc các nước châu Âu như Thuỵ Sỹ. Không những được kiếm thêm thu nhập mà còn được trau dồi kỹ năng nghề nghiệp, tích lũy kinh nghiệm làm việc thực tế, tăng cơ hội việc làm sau khi ra trường cho bản thân.",
			"Với giáo trình 100% tiếng Anh, được trang bị 2 ngoại ngữ cùng với chương trình đào tạo chất lượng, sinh viên chuyên ngành Quản trị khách sạn ngoài chuyên môn giỏi, thành thạo ngoại ngữ, sinh viên còn có nhiều kinh nghiệm làm việc thực tế ngay từ khi còn ngồi trên ghế nhà trường. Đây cũng là một trong những ưu thế rất lớn của sinh viên Đại học FPT so với các trường khác.",
			"Chuyên ngành khách sạn đã và đang phát triển không ngừng và luôn cần những người có năng lực. Học Quản lý Khách sạn tại Đại học FPT sẽ cung cấp cho bạn nền tảng cần thiết cho một loạt các nghề nghiệp cấp cao trong thị trường cạnh tranh.",
			"Trường Đại học FPT tiếp tục xây dựng các đề án tuyển sinh nhằm đáp ứng đầy đủ nguồn nhân lực có chuyên môn giỏi. Để có thể trở thành tân sinh viên chuyên ngành Quản trị khách sạn của Đại học FPT, các thí sinh sẽ tham gia thi tuyển thông qua các tổ hợp môn:",
			"Khối D: Toán, Văn, Anh",
			"Khối A: Toán, Lý, Hóa",
			"Khối A1: Toán, Lý, Anh",
			"Khối C: Văn, Sử, Địa",
			"Bên cạnh đó, nhằm tạo mọi điều kiện cho thí sinh, trường Đại học FPT tổ chức tuyển sinh theo nhiều phương thức khác nhau, cụ thể:",
			"Đây là phương thức tuyển sinh dành cho các thí sinh thuộc diện được xét tuyển thẳng theo quy chế tuyển sinh Đại học, Cao đẳng do Bộ GD&ĐT ban hành năm 2022",
			"Sau khi có kết quả thi tổ hợp môn từ kỳ thi THPTQG năm 2022, thí sinh đạt xếp hạng Top 40 theo chứng nhận được thực hiện trên trang",
			"http://SchoolRank.fpt.edu.vn",
			"theo số liệu tổng hợp của Đại học FPT và sẽ được công bố sau kỳ thi THPT 2022. Điểm theo khối đăng ký dự thi phải đạt từ mức trung bình trở lên (15/30 điểm)",
			"Thí sinh có thể sử dụng kết quả học tập cả năm lớp 11 và lớp 12 của mình. Thí sinh đạt xếp hạng Top 40 theo chứng nhận được thực hiện trên trang",
			"http://SchoolRank.fpt.edu.vn",
			"sẽ đủ điều kiện đăng ký nhập học chuyên ngành Quản trị khách sạn tại Đại học FPT.",
			"Dựa vào kết quả kỳ thi đánh giá năng lực do ĐHQG tổ chức:",
			"Đạt 90/150 điểm trở lên trong kỳ thi Đánh giá năng lực Đại học Quốc gia Hà Nội năm 2022 và 670/1200 điểm trở lên trong kỳ thi Đánh giá năng lực Đại học Quốc gia TP HCM năm 2022",
			"Có chứng chỉ tiếng Anh TOEFL iBT từ 80 hoặc IELTS (Học thuật) từ 6.0 hoặc quy đổi tương đương (áp dụng đối với ngành Ngôn Ngữ Anh); có chứng chỉ tiếng Nhật JLPT từ N3 trở lên (áp dụng đối với ngành Ngôn Ngữ Nhật); có chứng chỉ tiếng Hàn TOPIK cấp độ 4 trong kỳ thi TOPIK II (áp dụng đối với ngành Ngôn Ngữ Hàn Quốc)",
			"Tốt nghiệp THPT ở nước ngoài",
			"Tốt nghiệp một trong các chương trình sau: Chương trình APTECH HDSE/ADSE (đối với ngành Công nghệ thông tin); Chương trình ARENA ADIM (đối với chuyên ngành Thiết kế Mỹ thuật số); Chương trình BTEC HND; FUNiX Software Engineering;",
			"Sinh viên chuyển trường từ các trường đại học thuộc Top 1000 trong 3 bảng xếp hạng gần nhất: QS, ARWU và THE hoặc các trường đạt chứng nhận QS Star 5 sao về chất lượng đào tạo",
			"Trên đây là toàn bộ những thông tin về điểm mạnh cũng như phương thức tuyển sinh chuyên ngành Quản trị khách sạn của Đại học FPT. Nếu bạn có bất kỳ câu hỏi nào liên quan đến chuyên ngành, hãy liên hệ với Đại học FPT để được hỗ trợ và tư vấn bạn nhé!",
			"Bài trước",
			"Bài trước:",
			"← Thiết kế mỹ thuật số – ngành học hot đầy triển vọng",
			"Bài tiếp",
			"Bài tiếp:",
			"Vì sao Ngôn ngữ Nhật tại Đại học FPT được nhiều bạn trẻ lựa chọn →"
		],
		"h1": [
			"Tất tần tật về Quản trị khách sạn tại Đại học FPT – ngành học hot của gen Z"
		],
		"time": [
			"Thứ Tư, ngày 04 tháng 05 năm 2022",
			"30/05/2022",
			"05/02/2024",
			"05/02/2024",
			"05/02/2024",
			"02/02/2024",
			"01/02/2024"
		],
		"figcaption": [
			"Tất tần tật về Quản trị khách sạn tại Đại học FPT – ngành học hot của gen Z",
			"Chương trình đào tạo chuyên ngành Quản trị khách sạn tại Đại học FPT được xây dựng và cập nhật liên tục theo nhu cầu của doanh nghiệp và bắt kịp xu hướng thị trường.",
			"Sinh viên có 100% cơ hội học tập tiếng Anh tại nước ngoài tại các trường đối tác của Đại học FPT ở nước ngoài.",
			"Khuôn viên trường được đầu tư cơ sở vật chất hiện đại, không gian xanh thoáng mát.",
			"Môi trường học tập đầy năng động tại trường ĐH FPT.",
			"Nhiều hoạt động trải nghiệm thực tế dành cho sinh viên chuyên ngành Quản trị khách sạn."
		],
		"b": [
			"Chuyên ngành quản trị khách sạn tại Đại học FPT có gì hot?",
			"Ưu thế vượt trội khi học Quản trị khách sạn tại Đại học FPT",
			"Chuyên ngành Quản trị khách sạn ở Đại học FPT thi khối nào, tuyển sinh ra sao?",
			"Hãy để lại SĐT để cán bộ nhà trường hỗ trợ bạn sớm nhất nhé"
		],
		"h2": [
			"Điều hướng bài viết"
		],
		"h4": [
			"HÀ NỘI",
			"TP. HỒ CHÍ MINH",
			"ĐÀ NẴNG",
			"CẦN THƠ",
			"Quy Nhơn"
		],
		"h3": [
			"Đăng ký tư vấn"
		],
		"option": [
			"Tỉnh / Thành phố *",
			"An Giang",
			"Bà Rịa-Vũng Tàu",
			"Bắc Giang",
			"Bắc Kạn",
			"Bạc Liêu",
			"Bắc Ninh",
			"Bến Tre",
			"Bình Dương",
			"Bình Định",
			"Bình Phước",
			"Bình Thuận",
			"Cà Mau",
			"Cần Thơ",
			"Cao Bằng",
			"Cục Cảnh sát ĐKQL cư trú và DLQG về dân cư",
			"Cục Cảnh sát quản lý hành chính về trật tự xã hội",
			"Đà Nẵng",
			"Đắk Lắk",
			"Đăk Nông",
			"Điện Biên",
			"Đồng Nai",
			"Đồng Tháp",
			"Gia Lai",
			"Hà Giang",
			"Hà Nam",
			"Hà Tĩnh",
			"Hải Dương",
			"Hải Phòng",
			"Hậu Giang",
			"Hoà Bình",
			"Hưng Yên",
			"Khánh Hoà",
			"Kiên Giang",
			"Kon Tum",
			"Lai Châu",
			"Lâm Đồng",
			"Lạng Sơn",
			"Lào Cai",
			"Long An",
			"Nam Định",
			"Nghệ An",
			"Ninh Bình",
			"Ninh Thuận",
			"Phú Thọ",
			"Phú Yên",
			"Quảng Bình",
			"Quảng Nam",
			"Quảng Ngãi",
			"Quảng Ninh",
			"Quảng Trị",
			"Sóc Trăng",
			"Sơn La",
			"Tây Ninh",
			"Thái Bình",
			"Thái Nguyên",
			"Thanh Hoá",
			"Thừa Thiên - Huế",
			"Tiền Giang",
			"Trà Vinh",
			"Tuyên Quang",
			"Vĩnh Long",
			"Vĩnh Phúc",
			"Yên Bái",
			"Hà Nội",
			"TP. Hồ Chí Minh"
		]
	},
	"url": "https://daihoc.fpt.edu.vn/tat-tan-tat-ve-quan-tri-khach-san-tai-dai-hoc-fpt-nganh-hoc-hot-cua-gen-z/"
}