{
	"data": {
		"title": [
			"Quán quân The Face FPT: “Nếu không làm thì không có gì xảy ra“ - Trường Đại học FPT"
		],
		"div": [
			"›\n\n›\n\n›\n\n›",
			"© 2024 Bản quyền thuộc về Trường Đại học FPT.",
			"Đăng ký tư vấn"
		],
		"a": [
			"Trường Đại học FPT",
			"Vietnamese",
			"English",
			"Trang chủ",
			"Giới thiệu",
			"Lịch sử thành lập",
			"Tập đoàn FPT",
			"Tổ chức giáo dục FPT",
			"Triết lý đào tạo",
			"Các giải thưởng và thành tích",
			"Ban lãnh đạo",
			"Gắn kết cộng đồng",
			"Tin tức",
			"Tin tức chung",
			"Hoạt động sinh viên",
			"Sự kiện",
			"Tuyển dụng",
			"Hướng nghiệp",
			"Ngành học",
			"Công nghệ thông tin",
			"Công nghệ ô tô số",
			"Kỹ thuật phần mềm",
			"Hệ thống thông tin",
			"Trí tuệ nhân tạo",
			"An toàn thông tin",
			"Thiết kế Mỹ thuật số",
			"Quản trị kinh doanh",
			"Tài chính",
			"Digital Marketing",
			"Kinh doanh quốc tế",
			"Quản lý Logistics & Chuỗi cung ứng toàn cầu",
			"Quản trị khách sạn",
			"Quản trị Du lịch và Lữ hành",
			"Công nghệ truyền thông",
			"Quản trị truyền thông đa phương tiện",
			"Quan hệ công chúng",
			"Ngôn ngữ Anh",
			"Ngôn ngữ Nhật",
			"Ngôn ngữ Hàn Quốc",
			"Ngôn ngữ Trung Quốc (Dự kiến)",
			"Đời sống sinh viên",
			"Một ngày tại Đại học FPT",
			"Vì sao nên học tại Đại học FPT",
			"Sự hài lòng của sinh viên",
			"Môi trường học tập",
			"Chương trình học linh hoạt",
			"Đời sống sinh viên",
			"Ký túc xá",
			"Các CLB & Cộng đồng sinh viên",
			"Các hoạt động thể thao trong trường",
			"Dịch vụ hỗ trợ",
			"Định hướng và khởi đầu",
			"Tốt nghiệp",
			"Câu chuyện sinh viên",
			"Hợp tác",
			"Ngành công nghiệp và doanh nghiệp",
			"Chương trình trao đổi sinh viên",
			"Chương trình học tập tại nước ngoài",
			"Hợp tác quốc tế",
			"Trao đổi sinh viên",
			"Học kỳ nước ngoài",
			"Các trường đại học đối tác",
			"Cựu sinh viên",
			"Cộng đồng cựu sinh viên",
			"Họ đang làm việc tại đâu",
			"Tuyển sinh",
			"Đề án tuyển sinh",
			"Tin tuyển sinh",
			"Liên hệ",
			"Đăng nhập",
			"Nguyễn Thị Hồng Yến",
			"Nữ sinh trường F trong tà áo dài ngày Xuân",
			"Gặp gỡ đội tuyển NGT’s OPEN ROBOT trước giải đấu FIRST Tech Challenge Vietnam",
			"Tỏa sáng với nghiên cứu khoa học, nữ sinh ĐH FPT khẳng định bản lĩnh và tài năng",
			"Phim ngắn “Thoi vàng chỉ ngọc” của SV ĐH FPT tại Cần Thơ được công chiếu ở Lotte Cinema",
			"SV trường ĐH FPT Hà Nội đón “tết trên bản” 2024",
			"Vietnamese",
			"English",
			"Facebook",
			"Youtube",
			"Tik Tok",
			"Hotline: (024)/(028) 73001866 - (0236)/(0292) 7301866"
		],
		"img": [
			"cropped cropped 2021 FPTU Long",
			"cropped cropped 2021 FPTU Long",
			"sinh vien dai hoc fpt 8",
			"sinh vien dai hoc fpt 8",
			"dai hoc fpt 1",
			"dai hoc fpt 1",
			"my duyen",
			"my duyen",
			"fpt 5",
			"fpt 5",
			"dai hoc fpt 1",
			"dai hoc fpt 1",
			"thông báo tuyển bổ sung",
			"thông báo tuyển bổ sung"
		],
		"p": [
			"Trang thông tin tuyển sinh chính thức của Trường Đại học FPT",
			"Ngọc Huyền đang theo học chuyên ngành Quản trị kinh doanh. Đây là ước mơ cô nàng ấp ủ từ khi còn nhỏ. Xuất thân trong gia đình có bố và mẹ đều làm kinh doanh, Huyền được trực tiếp học hỏi và có thêm động lực để quyết tâm theo đuổi con đường mình đã chọn.",
			"Không ngừng nỗ lực và phấn đấu, cô gái tài năng này đã đạt nhiều thành tích “khủng” trong học tập cũng như hoạt động: Sinh viên giỏi 4 kỳ liên tiếp, giải Best Video Essay (Litte UK), thành viên đội tuyển SV của trường (cuộc thi sinh viên do Đài truyền hình Việt Nam tổ chức), Top 10 FPT Talent Show cùng CLB Soleil Crew (CLB nhảy FPT), Đại sứ trí tuệ và Quán quân The Face FPT 2020. Gần đây nhất, cô nàng đồng hành cùng vai trò mới – Giám đốc điều hành của Truyền hình Sinh viên FPT (FTV) thuộc Phòng phát triển thương hiệu Đại học FPT toàn quốc.",
			"Hướng tới hình ảnh là một cô gái trí tuệ, năng động, Ngọc Huyền phải nỗ lực rất nhiều để đạt được những thành tựu hiện tại. Cô nàng chia sẻ “Dù ở bất cứ vai trò nào, bản thân mình cũng phải học hỏi nhiều điều từ chính tất cả mọi người xung quanh. Đặc biệt, khi đã có những thành tích nhất định, mình phải cố gắng hoàn thiện tốt hơn để không phụ sự kỳ vọng của mọi người.”",
			"Những thành công đến với cô nàng vừa là niềm vui nhưng cũng là những thử thách khi nó bắt đầu biến thành áp lực. Thời điểm tham gia cuộc thi The Face FPT, Huyền từng lo sợ bản thân mình làm không tốt sẽ khiến cho mọi người cảm thấy thất vọng, đặc biệt đối với những người cô nàng yêu quý.",
			"“May mắn là trong thời điểm đó, mình có hai chỗ dựa tinh thần rất lớn đã luôn động viên mình cố gắng. Đó là những người bạn đồng hành, các anh chị đi trước và gia đình của mình. Các anh chị đều là những người có nhiều trải nghiệm, kinh nghiệm và đa dạng về góc nhìn, cho mình thêm động lực để chiến đấu. Về gia đình, bố là người rất tâm lý và cho mình chỗ dựa rất thoải mái, giúp mình giải tỏa áp lực.”",
			"Nhận ra rằng để hoàn thành tốt nhất công việc, trước hết bản thân phải thật thoải mái, Ngọc Huyền quyết tâm bước ra  khỏi vòng an toàn của bản thân. Châm ngôn “Nếu không làm thì sẽ không có gì xảy ra” đã thôi thúc để cô nàng trở nên mạnh mẽ và dám khẳng định bản thân mình.",
			"Ngoài học tập và hoạt động ở trường, Huyền từng thử sức với vai trò là chuyên viên marketing. Sau khi đã trải nghiệm và hiểu hơn về công việc, cô nàng quay trở lại trường để học hỏi thêm các kiến thức nền cùng các hoạt động ở trường. Huyền cũng tập trung vào những công việc liên quan đến chuyên ngành để nâng cao tri thức và kỹ năng. Cô bạn mong muốn sẽ được thử sức ở tất cả các vị trí khác nhau thông qua tổ chức các sự kiện ở trường.",
			"Bên cạnh đó, cô bạn có sở trường là nhảy. Đó vừa là sở thích, vừa giúp cho cô bạn giải tỏa căng thẳng, lan tỏa năng lượng của mình kết nối với mọi người. Có mặt hầu như các sân khấu lớn nhỏ ở trường và tỏa sáng là những trải nghiệm tuyệt vời nhất đối với Huyền trong quãng thời gian học đại học.",
			"“Tuổi trẻ là hết mình, chỉ có không ngừng cố gắng và trải nghiệm, bản thân chúng ta mới tốt hơn từng ngày.” Nhắc đến dự định trong tương lai, Ngọc Huyền khẳng định bản thân sẽ kiên trì đến cùng với đam mê mà mình đang theo đuổi.",
			"Khu Giáo dục và Đào tạo – Khu Công nghệ cao Hòa Lạc – Km29 Đại lộ Thăng Long, H. Thạch Thất,\nTP. Hà Nội",
			"Điện thoại: 024 7300 1866",
			"Email: daihocfpt@fpt.edu.vn",
			"Lô E2a-7, Đường D1 Khu Công nghệ cao, P. Long Thạnh Mỹ, TP. Thủ Đức, TP. Hồ Chí Minh",
			"Điện thoại: 028 7300 1866",
			"Email: daihocfpt@fpt.edu.vn",
			"Khu đô thị công nghệ FPT Đà Nẵng, P. Hoà Hải, Q. Ngũ Hành Sơn, TP. Đà Nẵng",
			"Điện thoại: 0236 730 1866",
			"Email: daihocfpt@fpt.edu.vn",
			"Số 600 Đường Nguyễn Văn Cừ (nối dài), P. An Bình, Q. Ninh Kiều, TP. Cần Thơ",
			"Điện thoại: 0292 730 1866",
			"Email: daihocfpt@fpt.edu.vn",
			"Khu đô thị mới An Phú Thịnh, Phường Nhơn Bình & Phường Đống Đa, TP. Quy\nNhơn, Bình Định",
			"Điện thoại: 0256 730 1866 /0256 7300 999",
			"Email: daihocfpt@fpt.edu.vn"
		],
		"label": [
			"Tìm kiếm",
			"Tìm kiếm"
		],
		"button": [
			"×",
			"Đăng ký",
			"Đóng"
		],
		"span": [
			"Trang chủ",
			"Cuộc sống tại đại học FPT",
			"Tại sao nên học tại Đại học FPT",
			"Câu chuyện sinh viên",
			"Quán quân The Face FPT: “Nếu không làm thì không có gì xảy ra“",
			"bởi",
			"Bài trước",
			"Bài trước:",
			"← Hành trình XUYÊN VIỆT được đón chờ nhất dành cho sinh viên Đại học FPT Tp. HCM",
			"Bài tiếp",
			"Bài tiếp:",
			"Hé lộ những hình ảnh thực tế đầu tiên của trường Đại học FPT TP. Quy Nhơn →"
		],
		"h1": [
			"Quán quân The Face FPT: “Nếu không làm thì không có gì xảy ra“"
		],
		"time": [
			"Thứ Tư, ngày 23 tháng 12 năm 2020",
			"05/02/2024",
			"05/02/2024",
			"05/02/2024",
			"02/02/2024",
			"01/02/2024"
		],
		"em": [
			"Hôi tụ đủ các yếu tố “xinh đẹp, thông minh, tài năng”, Đào Ngọc Huyền, sinh năm 2000, đã xuất sắc trở thành Đại sứ trí tuệ và Quán quân The Face 2020 trường Đại học FPT.",
			"Theo SVVN"
		],
		"h2": [
			"Điều hướng bài viết"
		],
		"h4": [
			"HÀ NỘI",
			"TP. HỒ CHÍ MINH",
			"ĐÀ NẴNG",
			"CẦN THƠ",
			"Quy Nhơn"
		],
		"h3": [
			"Đăng ký tư vấn"
		],
		"b": [
			"Hãy để lại SĐT để cán bộ nhà trường hỗ trợ bạn sớm nhất nhé"
		],
		"option": [
			"Tỉnh / Thành phố *",
			"An Giang",
			"Bà Rịa-Vũng Tàu",
			"Bắc Giang",
			"Bắc Kạn",
			"Bạc Liêu",
			"Bắc Ninh",
			"Bến Tre",
			"Bình Dương",
			"Bình Định",
			"Bình Phước",
			"Bình Thuận",
			"Cà Mau",
			"Cần Thơ",
			"Cao Bằng",
			"Cục Cảnh sát ĐKQL cư trú và DLQG về dân cư",
			"Cục Cảnh sát quản lý hành chính về trật tự xã hội",
			"Đà Nẵng",
			"Đắk Lắk",
			"Đăk Nông",
			"Điện Biên",
			"Đồng Nai",
			"Đồng Tháp",
			"Gia Lai",
			"Hà Giang",
			"Hà Nam",
			"Hà Tĩnh",
			"Hải Dương",
			"Hải Phòng",
			"Hậu Giang",
			"Hoà Bình",
			"Hưng Yên",
			"Khánh Hoà",
			"Kiên Giang",
			"Kon Tum",
			"Lai Châu",
			"Lâm Đồng",
			"Lạng Sơn",
			"Lào Cai",
			"Long An",
			"Nam Định",
			"Nghệ An",
			"Ninh Bình",
			"Ninh Thuận",
			"Phú Thọ",
			"Phú Yên",
			"Quảng Bình",
			"Quảng Nam",
			"Quảng Ngãi",
			"Quảng Ninh",
			"Quảng Trị",
			"Sóc Trăng",
			"Sơn La",
			"Tây Ninh",
			"Thái Bình",
			"Thái Nguyên",
			"Thanh Hoá",
			"Thừa Thiên - Huế",
			"Tiền Giang",
			"Trà Vinh",
			"Tuyên Quang",
			"Vĩnh Long",
			"Vĩnh Phúc",
			"Yên Bái",
			"Hà Nội",
			"TP. Hồ Chí Minh"
		]
	},
	"url": "https://daihoc.fpt.edu.vn/quan-quan-the-face-fpt-neu-khong-lam-thi-khong-co-gi-xay-ra/"
}