{
	"data": {
		"title": [
			"Ký túc xá đẹp nhất nhì Việt Nam trở thành khu cách ly 2.000 chỗ - Trường Đại học FPT"
		],
		"div": [
			"›\n\n›\n\n›\n\n›",
			"© 2024 Bản quyền thuộc về Trường Đại học FPT.",
			"Đăng ký tư vấn"
		],
		"a": [
			"Trường Đại học FPT",
			"Vietnamese",
			"English",
			"Trang chủ",
			"Giới thiệu",
			"Lịch sử thành lập",
			"Tập đoàn FPT",
			"Tổ chức giáo dục FPT",
			"Triết lý đào tạo",
			"Các giải thưởng và thành tích",
			"Ban lãnh đạo",
			"Gắn kết cộng đồng",
			"Tin tức",
			"Tin tức chung",
			"Hoạt động sinh viên",
			"Sự kiện",
			"Tuyển dụng",
			"Hướng nghiệp",
			"Ngành học",
			"Công nghệ thông tin",
			"Công nghệ ô tô số",
			"Kỹ thuật phần mềm",
			"Hệ thống thông tin",
			"Trí tuệ nhân tạo",
			"An toàn thông tin",
			"Thiết kế Mỹ thuật số",
			"Quản trị kinh doanh",
			"Tài chính",
			"Digital Marketing",
			"Kinh doanh quốc tế",
			"Quản lý Logistics & Chuỗi cung ứng toàn cầu",
			"Quản trị khách sạn",
			"Quản trị Du lịch và Lữ hành",
			"Công nghệ truyền thông",
			"Quản trị truyền thông đa phương tiện",
			"Quan hệ công chúng",
			"Ngôn ngữ Anh",
			"Ngôn ngữ Nhật",
			"Ngôn ngữ Hàn Quốc",
			"Ngôn ngữ Trung Quốc (Dự kiến)",
			"Đời sống sinh viên",
			"Một ngày tại Đại học FPT",
			"Vì sao nên học tại Đại học FPT",
			"Sự hài lòng của sinh viên",
			"Môi trường học tập",
			"Chương trình học linh hoạt",
			"Đời sống sinh viên",
			"Ký túc xá",
			"Các CLB & Cộng đồng sinh viên",
			"Các hoạt động thể thao trong trường",
			"Dịch vụ hỗ trợ",
			"Định hướng và khởi đầu",
			"Tốt nghiệp",
			"Câu chuyện sinh viên",
			"Hợp tác",
			"Ngành công nghiệp và doanh nghiệp",
			"Chương trình trao đổi sinh viên",
			"Chương trình học tập tại nước ngoài",
			"Hợp tác quốc tế",
			"Trao đổi sinh viên",
			"Học kỳ nước ngoài",
			"Các trường đại học đối tác",
			"Cựu sinh viên",
			"Cộng đồng cựu sinh viên",
			"Họ đang làm việc tại đâu",
			"Tuyển sinh",
			"Đề án tuyển sinh",
			"Tin tuyển sinh",
			"Liên hệ",
			"Đăng nhập",
			"huonght20",
			"Nữ sinh trường F trong tà áo dài ngày Xuân",
			"Gặp gỡ đội tuyển NGT’s OPEN ROBOT trước giải đấu FIRST Tech Challenge Vietnam",
			"Tỏa sáng với nghiên cứu khoa học, nữ sinh ĐH FPT khẳng định bản lĩnh và tài năng",
			"Phim ngắn “Thoi vàng chỉ ngọc” của SV ĐH FPT tại Cần Thơ được công chiếu ở Lotte Cinema",
			"SV trường ĐH FPT Hà Nội đón “tết trên bản” 2024",
			"Vietnamese",
			"English",
			"Facebook",
			"Youtube",
			"Tik Tok",
			"Hotline: (024)/(028) 73001866 - (0236)/(0292) 7301866"
		],
		"img": [
			"cropped cropped 2021 FPTU Long",
			"cropped cropped 2021 FPTU Long",
			"sinh vien dai hoc fpt 8",
			"sinh vien dai hoc fpt 8",
			"dai hoc fpt 1",
			"dai hoc fpt 1",
			"my duyen",
			"my duyen",
			"fpt 5",
			"fpt 5",
			"dai hoc fpt 1",
			"dai hoc fpt 1",
			"thông báo tuyển bổ sung",
			"thông báo tuyển bổ sung"
		],
		"p": [
			"Trang thông tin tuyển sinh chính thức của Trường Đại học FPT",
			"UBND TP Hà Nội ban hành quyết định về việc thành lập khu cách ly tập trung tại khu ký túc xá trường ĐH FPT.",
			"Khu cách ly được thành lập tại 4 tòa cao 5 tầng với quy mô 2.000 chỗ lưu trú cho cách ly tập trung. Hà Nội bố trí 40 cán bộ an ninh, 30 cán bộ điều hành, phục vụ, 1 đội y tế dự phòng, 2 đội đảm bảo y tế tại khu cách ly này.",
			"Bộ Tư lệnh Thủ đô thành lập bộ máy, tổ chức quản lý, vận hành và phục vụ khu cách ly tập trung. Trường ĐH FPT hướng dẫn tuyên truyền cho nhân viên, sinh viên biết và thực hiện nghiêm túc quy định của khu cách ly.",
			"BQL Khu công nghệ cao Hòa Lạc có trách nhiệm chỉ đạo các đơn vị trực thuộc đảm bảo chức năng để thu gom và tiêu hủy rác thải tại khu cách ly, đảm bảo đúng quy định, tránh lây nhiễm chéo.",
			"Để đảm bảo ngăn chặn nguồn lây lan dịch bệnh, hạn chế tối đa số mắc và tử vong do dịch, UBND TP Hà Nội vừa ban hành văn bản về việc tổ chức rà soát, cách ly người nhập cảnh phòng chống dịch bệnh Covid-19 chưa qua cách ly từ ngày 7/3 đến nay.",
			"Thành lập các tổ công tác tại cơ sở, thành phần tổ công tác bao gồm: Công an xã phường, thị trấn, cán bộ y tế, tổ trưởng tổ dân phố hoặc trưởng thôn, bản, ban công tác mặt trận khu dân cư và tình nguyện viên tổ chức vào từng ngõ, gõ từng nhà, các cơ sở lưu trú, rà từng đối tượng, lập danh sách những người nhập cảnh vào Việt Nam từ 7/3 đến nay.",
			"Nếu phát hiện trường hợp nhập cảnh từ nước ngoài về có biểu hiện ho, sốt, khó thở thì chuyển ngay tới Bệnh viện của TP theo hướng dẫn của ngành y tế.",
			"Đối với người dương tính chuyển tới BV Bệnh Nhiệt đới TƯ cơ sở 2 (Đông Anh) để điều trị, xử lý ổ dịch theo quy định. Rà soát các đối tượng tiếp xúc gần (F1), tiếp xúc với tiếp xúc gần (F2) để tổ chức cách ly theo quy định. Đối với người âm tính thì tiếp tục cách ly tại nhà, nơi cư trú đến hết thời gian 14 ngày theo quy định.",
			"Thời gian hoàn thành các nội dung công việc trên chậm nhất trước ngày 25/3.",
			"Giám đốc Sở Y tế chỉ đạo trung tâm Y tế triển khai, hướng dẫn kiểm tra việc tổ chức cách ly các đối tượng nêu trên theo quy định của ngành y tế. Trung tâm Kiểm soát bệnh tật thành phố tổ chức xét nghiệm và thông báo kết quả cho các đơn vị liên quan để tổ chức xử lý và cách ly theo quy định.",
			"UBND các quận, huyện, thị xã báo cáo kết quả thực hiện về Sở Y tế trước 16h hàng ngày.",
			"Khu Giáo dục và Đào tạo – Khu Công nghệ cao Hòa Lạc – Km29 Đại lộ Thăng Long, H. Thạch Thất,\nTP. Hà Nội",
			"Điện thoại: 024 7300 1866",
			"Email: daihocfpt@fpt.edu.vn",
			"Lô E2a-7, Đường D1 Khu Công nghệ cao, P. Long Thạnh Mỹ, TP. Thủ Đức, TP. Hồ Chí Minh",
			"Điện thoại: 028 7300 1866",
			"Email: daihocfpt@fpt.edu.vn",
			"Khu đô thị công nghệ FPT Đà Nẵng, P. Hoà Hải, Q. Ngũ Hành Sơn, TP. Đà Nẵng",
			"Điện thoại: 0236 730 1866",
			"Email: daihocfpt@fpt.edu.vn",
			"Số 600 Đường Nguyễn Văn Cừ (nối dài), P. An Bình, Q. Ninh Kiều, TP. Cần Thơ",
			"Điện thoại: 0292 730 1866",
			"Email: daihocfpt@fpt.edu.vn",
			"Khu đô thị mới An Phú Thịnh, Phường Nhơn Bình & Phường Đống Đa, TP. Quy\nNhơn, Bình Định",
			"Điện thoại: 0256 730 1866 /0256 7300 999",
			"Email: daihocfpt@fpt.edu.vn"
		],
		"label": [
			"Tìm kiếm",
			"Tìm kiếm"
		],
		"button": [
			"×",
			"Đăng ký",
			"Đóng"
		],
		"span": [
			"Trang chủ",
			"Cuộc sống tại đại học FPT",
			"Đời sống sinh viên",
			"Ký túc xá",
			"Ký túc xá đẹp nhất nhì Việt Nam trở thành khu cách ly 2.000 chỗ",
			"bởi",
			"Vào từng ngõ, gõ từng nhà",
			"Bài trước",
			"Bài trước:",
			"← Điều khiến tôi tự hào nhất về Đại học FPT",
			"Bài tiếp",
			"Bài tiếp:",
			"Phụ huynh nói gì khi gửi gắm con mình vào Đại học FPT? →"
		],
		"h1": [
			"Ký túc xá đẹp nhất nhì Việt Nam trở thành khu cách ly 2.000 chỗ"
		],
		"time": [
			"Thứ Hai, ngày 23 tháng 03 năm 2020",
			"04/07/2022",
			"05/02/2024",
			"05/02/2024",
			"05/02/2024",
			"02/02/2024",
			"01/02/2024"
		],
		"strong": [
			"Vietnamnet – Ký túc xá ĐH FPT với quy mô 4 tòa nhà 5 tầng được sử dụng làm khu cách ly tập trung cho khoảng 2.000 người trở về từ vùng dịch Covid-19."
		],
		"em": [
			"Triển khai thực hiện tiếp nhận các đối tượng vào cách ly từ ngày 23/3 đến khi dịch kết thúc."
		],
		"h2": [
			"Điều hướng bài viết"
		],
		"h4": [
			"HÀ NỘI",
			"TP. HỒ CHÍ MINH",
			"ĐÀ NẴNG",
			"CẦN THƠ",
			"Quy Nhơn"
		],
		"h3": [
			"Đăng ký tư vấn"
		],
		"b": [
			"Hãy để lại SĐT để cán bộ nhà trường hỗ trợ bạn sớm nhất nhé"
		],
		"option": [
			"Tỉnh / Thành phố *",
			"An Giang",
			"Bà Rịa-Vũng Tàu",
			"Bắc Giang",
			"Bắc Kạn",
			"Bạc Liêu",
			"Bắc Ninh",
			"Bến Tre",
			"Bình Dương",
			"Bình Định",
			"Bình Phước",
			"Bình Thuận",
			"Cà Mau",
			"Cần Thơ",
			"Cao Bằng",
			"Cục Cảnh sát ĐKQL cư trú và DLQG về dân cư",
			"Cục Cảnh sát quản lý hành chính về trật tự xã hội",
			"Đà Nẵng",
			"Đắk Lắk",
			"Đăk Nông",
			"Điện Biên",
			"Đồng Nai",
			"Đồng Tháp",
			"Gia Lai",
			"Hà Giang",
			"Hà Nam",
			"Hà Tĩnh",
			"Hải Dương",
			"Hải Phòng",
			"Hậu Giang",
			"Hoà Bình",
			"Hưng Yên",
			"Khánh Hoà",
			"Kiên Giang",
			"Kon Tum",
			"Lai Châu",
			"Lâm Đồng",
			"Lạng Sơn",
			"Lào Cai",
			"Long An",
			"Nam Định",
			"Nghệ An",
			"Ninh Bình",
			"Ninh Thuận",
			"Phú Thọ",
			"Phú Yên",
			"Quảng Bình",
			"Quảng Nam",
			"Quảng Ngãi",
			"Quảng Ninh",
			"Quảng Trị",
			"Sóc Trăng",
			"Sơn La",
			"Tây Ninh",
			"Thái Bình",
			"Thái Nguyên",
			"Thanh Hoá",
			"Thừa Thiên - Huế",
			"Tiền Giang",
			"Trà Vinh",
			"Tuyên Quang",
			"Vĩnh Long",
			"Vĩnh Phúc",
			"Yên Bái",
			"Hà Nội",
			"TP. Hồ Chí Minh"
		]
	},
	"url": "https://daihoc.fpt.edu.vn/ky-tuc-xa-dep-nhat-nhi-viet-nam-tro-thanh-khu-cach-ly-2-000-cho/"
}