{
	"data": {
		"title": [
			"FPT là cơ hội tốt nhất cho sinh viên yêu khoa học - Trường Đại học FPT"
		],
		"div": [
			"›\n\n›\n\n›\n\n›",
			"© 2024 Bản quyền thuộc về Trường Đại học FPT.",
			"Đăng ký tư vấn"
		],
		"a": [
			"Trường Đại học FPT",
			"Vietnamese",
			"English",
			"Trang chủ",
			"Giới thiệu",
			"Lịch sử thành lập",
			"Tập đoàn FPT",
			"Tổ chức giáo dục FPT",
			"Triết lý đào tạo",
			"Các giải thưởng và thành tích",
			"Ban lãnh đạo",
			"Gắn kết cộng đồng",
			"Tin tức",
			"Tin tức chung",
			"Hoạt động sinh viên",
			"Sự kiện",
			"Tuyển dụng",
			"Hướng nghiệp",
			"Ngành học",
			"Công nghệ thông tin",
			"Công nghệ ô tô số",
			"Kỹ thuật phần mềm",
			"Hệ thống thông tin",
			"Trí tuệ nhân tạo",
			"An toàn thông tin",
			"Thiết kế Mỹ thuật số",
			"Quản trị kinh doanh",
			"Tài chính",
			"Digital Marketing",
			"Kinh doanh quốc tế",
			"Quản lý Logistics & Chuỗi cung ứng toàn cầu",
			"Quản trị khách sạn",
			"Quản trị Du lịch và Lữ hành",
			"Công nghệ truyền thông",
			"Quản trị truyền thông đa phương tiện",
			"Quan hệ công chúng",
			"Ngôn ngữ Anh",
			"Ngôn ngữ Nhật",
			"Ngôn ngữ Hàn Quốc",
			"Ngôn ngữ Trung Quốc (Dự kiến)",
			"Đời sống sinh viên",
			"Một ngày tại Đại học FPT",
			"Vì sao nên học tại Đại học FPT",
			"Sự hài lòng của sinh viên",
			"Môi trường học tập",
			"Chương trình học linh hoạt",
			"Đời sống sinh viên",
			"Ký túc xá",
			"Các CLB & Cộng đồng sinh viên",
			"Các hoạt động thể thao trong trường",
			"Dịch vụ hỗ trợ",
			"Định hướng và khởi đầu",
			"Tốt nghiệp",
			"Câu chuyện sinh viên",
			"Hợp tác",
			"Ngành công nghiệp và doanh nghiệp",
			"Chương trình trao đổi sinh viên",
			"Chương trình học tập tại nước ngoài",
			"Hợp tác quốc tế",
			"Trao đổi sinh viên",
			"Học kỳ nước ngoài",
			"Các trường đại học đối tác",
			"Cựu sinh viên",
			"Cộng đồng cựu sinh viên",
			"Họ đang làm việc tại đâu",
			"Tuyển sinh",
			"Đề án tuyển sinh",
			"Tin tuyển sinh",
			"Liên hệ",
			"Đăng nhập",
			"Quỳnh",
			"Nữ sinh trường F trong tà áo dài ngày Xuân",
			"Gặp gỡ đội tuyển NGT’s OPEN ROBOT trước giải đấu FIRST Tech Challenge Vietnam",
			"Tỏa sáng với nghiên cứu khoa học, nữ sinh ĐH FPT khẳng định bản lĩnh và tài năng",
			"Phim ngắn “Thoi vàng chỉ ngọc” của SV ĐH FPT tại Cần Thơ được công chiếu ở Lotte Cinema",
			"SV trường ĐH FPT Hà Nội đón “tết trên bản” 2024",
			"Vietnamese",
			"English",
			"Facebook",
			"Youtube",
			"Tik Tok",
			"Hotline: (024)/(028) 73001866 - (0236)/(0292) 7301866"
		],
		"img": [
			"cropped cropped 2021 FPTU Long",
			"cropped cropped 2021 FPTU Long",
			"Sinh viên ĐH FPT Hà Nội bảo vệ thành công đồ án13",
			"Sinh viên ĐH FPT Hà Nội bảo vệ thành công đồ án13",
			"sinh vien dai hoc fpt 8",
			"sinh vien dai hoc fpt 8",
			"dai hoc fpt 1",
			"dai hoc fpt 1",
			"my duyen",
			"my duyen",
			"fpt 5",
			"fpt 5",
			"dai hoc fpt 1",
			"dai hoc fpt 1",
			"thông báo tuyển bổ sung",
			"thông báo tuyển bổ sung"
		],
		"p": [
			"Trang thông tin tuyển sinh chính thức của Trường Đại học FPT",
			"Trong Lễ Tốt nghiệp ngày 10/8 của Trường Đại học FPT, đại diện các bậc phụ huynh tham dự buổi lễ, chú Cù Hữu Phú- phụ huynh của sinh viên Cù Hữu Hoàng đã có phần chia sẻ đầy xúc động. Khẳng định “Trường Đại học FPT là cơ hội tốt nhất cho các bạn yêu khoa học phát triển, đặc biệt còn là cơ hội cho các cháu có hoàn cảnh khó khăn”, chú Hữu Phú đồng thời gửi lời cảm ơn sâu sắc nhất đến cán bộ, giảng viên và các sinh viên FPT đã giúp đỡ con trai mình trong suốt bốn năm qua.",
			"Khu Giáo dục và Đào tạo – Khu Công nghệ cao Hòa Lạc – Km29 Đại lộ Thăng Long, H. Thạch Thất,\nTP. Hà Nội",
			"Điện thoại: 024 7300 1866",
			"Email: daihocfpt@fpt.edu.vn",
			"Lô E2a-7, Đường D1 Khu Công nghệ cao, P. Long Thạnh Mỹ, TP. Thủ Đức, TP. Hồ Chí Minh",
			"Điện thoại: 028 7300 1866",
			"Email: daihocfpt@fpt.edu.vn",
			"Khu đô thị công nghệ FPT Đà Nẵng, P. Hoà Hải, Q. Ngũ Hành Sơn, TP. Đà Nẵng",
			"Điện thoại: 0236 730 1866",
			"Email: daihocfpt@fpt.edu.vn",
			"Số 600 Đường Nguyễn Văn Cừ (nối dài), P. An Bình, Q. Ninh Kiều, TP. Cần Thơ",
			"Điện thoại: 0292 730 1866",
			"Email: daihocfpt@fpt.edu.vn",
			"Khu đô thị mới An Phú Thịnh, Phường Nhơn Bình & Phường Đống Đa, TP. Quy\nNhơn, Bình Định",
			"Điện thoại: 0256 730 1866 /0256 7300 999",
			"Email: daihocfpt@fpt.edu.vn"
		],
		"label": [
			"Tìm kiếm",
			"Tìm kiếm"
		],
		"button": [
			"×",
			"Đăng ký",
			"Đóng"
		],
		"span": [
			"Trang chủ",
			"Cuộc sống tại đại học FPT",
			"Tốt nghiệp",
			"Lễ tốt nghiệp",
			"FPT là cơ hội tốt nhất cho sinh viên yêu khoa học",
			"bởi",
			"Bài trước",
			"Bài trước:",
			"← “May mắn là ngôi sao hy vọng cho bất cứ ai muốn thành công”",
			"Bài tiếp",
			"Bài tiếp:",
			"Nhận lương nghìn đô, xuất ngoại làm việc dù chưa cầm bằng tốt nghiệp →"
		],
		"h1": [
			"FPT là cơ hội tốt nhất cho sinh viên yêu khoa học"
		],
		"time": [
			"Thứ Bảy, ngày 16 tháng 08 năm 2014",
			"21/06/2022",
			"05/02/2024",
			"05/02/2024",
			"05/02/2024",
			"02/02/2024",
			"01/02/2024"
		],
		"em": [
			"Tôi rất vinh dự khi được đại diện cho các bậc phụ huynh phát biểu trong buổi Lễ Tốt nghiệp của các em. Bốn năm vừa qua là khoảng thời gian tôi được thấy con tôi lớn lên, trưởng thành hơn từng ngày tại trường Đại học FPT.",
			"Cháu Cù Hữu Hoàng sinh ra tại nước Đức. Từ bé cháu đã không được may mắn như các bạn, cháu bị nhược cơ bẩm sinh. Sau khi về nước chúng tôi đã đi khắp nơi để chữa bệnh cho cháu nhưng mọi hy vọng đều vụt tắt khi sức khỏe của cháu ngày càng yếu đi, cháu không thể tự đi lại được, phải di chuyển bằng xe lăn, không có khả năng tự phục vụ bản thân, mọi sinh hoạt đều phải nhờ người khác giúp đỡ.",
			"Với điều kiện sức khỏe của cháu, gia đình đã nghĩ cháu không thể tiếp tục học tập lên cao và đặc biệt là vào được đại học. Nhưng có một phép màu kỳ diệu đã đến khi cháu tốt nghiệp cấp 3, trường THPT Yên Hòa và trường Đại học FPT đã ưu ái dành cho cháu học bổng toàn phần của Trường, khối ngành Công nghệ thông tin. Đây chính là một trong những ngành mà cháu chọn, cháu rất yêu thích và phù hợp với sức khỏe của cháu.",
			"Năm 2010 cháu được vào học tại Trường Đại học FPT. Mới ngày nào còn chập chững là sinh viên năm nhất, còn nhiều bỡ ngỡ ngại ngùng với bao khó khăn, song nhờ vào sự dạy dỗ và chỉ bảo tận tình của thầy, cô trong trường, trong khoa mà cháu ngày càng học được nhiều kiến thức bổ ích cho bản thân mình. Ở đây, các cháu không chỉ được học về kiến thức, mà còn được hoàn thiện cả về mặt nhân cách và đạo đức. Ngoài sự dạy dỗ tận tâm của các thầy cô, cháu còn có những người bạn, những người anh chị em đã giúp cháu vượt qua mặc cảm của bản thân, tạo mọi điều kiện để cháu hòa nhập một cách tốt nhất, cùng với sự nỗ lực của bản thân cháu đã vượt lên hoàn cảnh để trở thành một trong những sinh viên xuất sắc của trường.",
			"Chúng tôi thường xuyên theo dõi và được biết ngoài việc học kiến thức chuyên môn, các cháu còn được tham gia nhiều hoạt động ngoại khóa như văn nghệ, thể dục thể thao, hoạt động xã hội, hoạt động tình nguyện, hoạt động giao lưu với sinh viên các trường bạn.",
			"Thay mặt các bậc phụ huynh, tôi xin chân thành cám ơn Ban Giám hiệu Nhà trường, các Quý thầy cô đã nhiệt tâm chỉ bảo, dạy dỗ các cháu trong suốt chặng đường 4 năm qua.",
			"Chúng tôi tin rằng ngày mai đây các tân cử nhân của trường Đại học FPT ra công tác sẽ đóng góp trí tuệ và sức lực cho sự nghiệp xây dựng và phát triển của đất nước.",
			"Tôi xin chúc các quý vị lãnh đạo và các quý thầy cô thật nhiều sức khỏe để tiếp tục trách nhiệm thiêng liêng và cao quý với sự nghiệp trồng người của mình. Trường Đại học FPT là cơ hội tốt nhất cho các bạn yêu khoa học phát triển, đặc biệt còn là cơ hội cho các cháu có hoàn cảnh đặc biệt khó khăn như con trai của chúng tôi.",
			"Xin kính chúc Trường Đại học FPT ngày càng phát triển, khẳng định vị thế của mình trong ngành giáo dục – đào tạo của đất nước. Xin chúc các tân cử nhân đạt được nhiều ước mơ, thành công và vững bước trên con đường tương lai mà mình đã lựa chọn.",
			"Chúc buổi Lễ Tốt nghiệp năm 2014 của Trường Đại học FPT thành công tốt đẹp.",
			"Tôi xin trân trọng cảm ơn!"
		],
		"h2": [
			"Điều hướng bài viết"
		],
		"h4": [
			"HÀ NỘI",
			"TP. HỒ CHÍ MINH",
			"ĐÀ NẴNG",
			"CẦN THƠ",
			"Quy Nhơn"
		],
		"h3": [
			"Đăng ký tư vấn"
		],
		"b": [
			"Hãy để lại SĐT để cán bộ nhà trường hỗ trợ bạn sớm nhất nhé"
		],
		"option": [
			"Tỉnh / Thành phố *",
			"An Giang",
			"Bà Rịa-Vũng Tàu",
			"Bắc Giang",
			"Bắc Kạn",
			"Bạc Liêu",
			"Bắc Ninh",
			"Bến Tre",
			"Bình Dương",
			"Bình Định",
			"Bình Phước",
			"Bình Thuận",
			"Cà Mau",
			"Cần Thơ",
			"Cao Bằng",
			"Cục Cảnh sát ĐKQL cư trú và DLQG về dân cư",
			"Cục Cảnh sát quản lý hành chính về trật tự xã hội",
			"Đà Nẵng",
			"Đắk Lắk",
			"Đăk Nông",
			"Điện Biên",
			"Đồng Nai",
			"Đồng Tháp",
			"Gia Lai",
			"Hà Giang",
			"Hà Nam",
			"Hà Tĩnh",
			"Hải Dương",
			"Hải Phòng",
			"Hậu Giang",
			"Hoà Bình",
			"Hưng Yên",
			"Khánh Hoà",
			"Kiên Giang",
			"Kon Tum",
			"Lai Châu",
			"Lâm Đồng",
			"Lạng Sơn",
			"Lào Cai",
			"Long An",
			"Nam Định",
			"Nghệ An",
			"Ninh Bình",
			"Ninh Thuận",
			"Phú Thọ",
			"Phú Yên",
			"Quảng Bình",
			"Quảng Nam",
			"Quảng Ngãi",
			"Quảng Ninh",
			"Quảng Trị",
			"Sóc Trăng",
			"Sơn La",
			"Tây Ninh",
			"Thái Bình",
			"Thái Nguyên",
			"Thanh Hoá",
			"Thừa Thiên - Huế",
			"Tiền Giang",
			"Trà Vinh",
			"Tuyên Quang",
			"Vĩnh Long",
			"Vĩnh Phúc",
			"Yên Bái",
			"Hà Nội",
			"TP. Hồ Chí Minh"
		]
	},
	"url": "https://daihoc.fpt.edu.vn/fpt-la-co-hoi-tot-nhat-cho-sinh-vien-yeu-khoa-hoc/"
}