{
	"data": {
		"title": [
			"Lác mắt nhìn sinh viên ĐH FPT \"chế\" show truyền hình đình đám - Trường Đại học FPT"
		],
		"div": [
			"›\n\n›\n\n›",
			"© 2024 Bản quyền thuộc về Trường Đại học FPT.",
			"Đăng ký tư vấn"
		],
		"a": [
			"Trường Đại học FPT",
			"Vietnamese",
			"English",
			"Trang chủ",
			"Giới thiệu",
			"Lịch sử thành lập",
			"Tập đoàn FPT",
			"Tổ chức giáo dục FPT",
			"Triết lý đào tạo",
			"Các giải thưởng và thành tích",
			"Ban lãnh đạo",
			"Gắn kết cộng đồng",
			"Tin tức",
			"Tin tức chung",
			"Hoạt động sinh viên",
			"Sự kiện",
			"Tuyển dụng",
			"Hướng nghiệp",
			"Ngành học",
			"Công nghệ thông tin",
			"Công nghệ ô tô số",
			"Kỹ thuật phần mềm",
			"Hệ thống thông tin",
			"Trí tuệ nhân tạo",
			"An toàn thông tin",
			"Thiết kế Mỹ thuật số",
			"Quản trị kinh doanh",
			"Tài chính",
			"Digital Marketing",
			"Kinh doanh quốc tế",
			"Quản lý Logistics & Chuỗi cung ứng toàn cầu",
			"Quản trị khách sạn",
			"Quản trị Du lịch và Lữ hành",
			"Công nghệ truyền thông",
			"Quản trị truyền thông đa phương tiện",
			"Quan hệ công chúng",
			"Ngôn ngữ Anh",
			"Ngôn ngữ Nhật",
			"Ngôn ngữ Hàn Quốc",
			"Ngôn ngữ Trung Quốc (Dự kiến)",
			"Đời sống sinh viên",
			"Một ngày tại Đại học FPT",
			"Vì sao nên học tại Đại học FPT",
			"Sự hài lòng của sinh viên",
			"Môi trường học tập",
			"Chương trình học linh hoạt",
			"Đời sống sinh viên",
			"Ký túc xá",
			"Các CLB & Cộng đồng sinh viên",
			"Các hoạt động thể thao trong trường",
			"Dịch vụ hỗ trợ",
			"Định hướng và khởi đầu",
			"Tốt nghiệp",
			"Câu chuyện sinh viên",
			"Hợp tác",
			"Ngành công nghiệp và doanh nghiệp",
			"Chương trình trao đổi sinh viên",
			"Chương trình học tập tại nước ngoài",
			"Hợp tác quốc tế",
			"Trao đổi sinh viên",
			"Học kỳ nước ngoài",
			"Các trường đại học đối tác",
			"Cựu sinh viên",
			"Cộng đồng cựu sinh viên",
			"Họ đang làm việc tại đâu",
			"Tuyển sinh",
			"Đề án tuyển sinh",
			"Tin tuyển sinh",
			"Liên hệ",
			"Đăng nhập",
			"Phạm Thị Phương",
			"Nữ sinh trường F trong tà áo dài ngày Xuân",
			"Gặp gỡ đội tuyển NGT’s OPEN ROBOT trước giải đấu FIRST Tech Challenge Vietnam",
			"Tỏa sáng với nghiên cứu khoa học, nữ sinh ĐH FPT khẳng định bản lĩnh và tài năng",
			"Phim ngắn “Thoi vàng chỉ ngọc” của SV ĐH FPT tại Cần Thơ được công chiếu ở Lotte Cinema",
			"SV trường ĐH FPT Hà Nội đón “tết trên bản” 2024",
			"Vietnamese",
			"English",
			"Facebook",
			"Youtube",
			"Tik Tok",
			"Hotline: (024)/(028) 73001866 - (0236)/(0292) 7301866"
		],
		"img": [
			"cropped cropped 2021 FPTU Long",
			"cropped cropped 2021 FPTU Long",
			"sinh vien dai hoc fpt 8",
			"sinh vien dai hoc fpt 8",
			"dai hoc fpt 1",
			"dai hoc fpt 1",
			"my duyen",
			"my duyen",
			"fpt 5",
			"fpt 5",
			"dai hoc fpt 1",
			"dai hoc fpt 1",
			"thông báo tuyển bổ sung",
			"thông báo tuyển bổ sung"
		],
		"p": [
			"Trang thông tin tuyển sinh chính thức của Trường Đại học FPT",
			"Vietnam’s Got Talent lần đầu lên sóng truyền hình quốc gia vào năm 2011. Gần như ngay lập tức, sinh viên FPT đã “bắt sóng” và đem sự kiện này về sân trường của mình theo một cách rất riêng.",
			"FPTU Talent Show ra đời, kéo dài trong 5 mùa với quy mô ngày càng hoành tráng. Đêm chung kết FPTU Talent Show mùa 5, mùa gần đây nhất khiến người xem trầm trò bởi tài năng của những chàng trai cô gái ĐH FPT qua các màn trình diễn Vovinam, nhạc cụ dân tộc – “đặc sản” riêng của trường, sáng tác và ca hát.",
			"Đến 2017, cuộc thi có phiên bản mở rộng là học bổng tài năng, dành cho các học sinh năng khiếu đặc biệt trong nghệ thuật – thể thao. Những cái tên như Trần Hồng Diệu Linh, Nghiêm Hoàng Linh, Nguyễn Châu Khang… đã tỏa sáng với những biểu diễn ca hát, ảo thuật, sáng tác, đại diện cho một thế hệ sinh viên mới tài năng của FPT.",
			"100 sinh viên, 1 chuông vàng, trả lời sai lập tức bị loại khỏi sàn đấu, mong chờ thầy cô giáo cứu viện, luật chơi thú vị và những cung bậc cảm xúc mà nó đem lại khiến Rung chuông vàng khác biệt với những game show kiến thức khác trên truyền hình vào những năm 2007 – 2008. Tính trí tuệ, khát khao chinh phục các câu hỏi thuộc “nghìn lẻ một” lĩnh vực khác nhau có lẽ là điều đã thôi thúc SV FPT đem rung chuông vàng về chế lại với những thay đổi thú vị.",
			"Được tổ chức nhiều lần bởi sinh viên ĐH FPT, Rung chuông vàng phiên bản “trường mình” thu hút khoảng 50 sinh viên vào vòng chung kết sân khấu từ hàng trăm đơn đăng ký và vài vòng sơ loại cam go. Vẫn thử thách trí tuệ thông qua các bộ câu hỏi nhưng sinh viên ĐH FPT “cài” thêm cả những đặc trưng riêng mà trường mình mới có vào cuộc thi. Nếu như Rung chuông vàng bản truyền hình có câu hỏi Việt Nam của tôi, câu hỏi tình huống do diễn viên thể hiện thì Rung chuông vàng của sinh viên FPT có câu hỏi FPTU của tôi, câu hỏi tình huống do giảng viên và sinh viên tự biên tự diễn. Tình huống cứu trợ cũng không giảm đi sự hồi hộp khi tất cả giảng viên, cán bộ có mặt tại “trường quay” được huy động giải cứu học trò của mình.",
			"Điểm thú vị mà chỉ Rung chuông vàng bản ĐH FPT mới có đó là những câu trả lời “bá đạo” của thí sinh được tiết lộ sau chương trình. Những gương mặt thân quen ở trường được nhắc đến, những bí mật của sinh viên được tiết lộ trong những câu hỏi chỉ sân chơi trí tuệ ở ĐH FPT mới có.",
			"Sự kết hợp giữa chương trình truyền hình được chờ đón nhất năm và show hài kịch không có kịch bản, gây cười từ những tình huống bất ngờ có lẽ là điều ít ai nghĩ tới. Nhưng ở ĐH FPT, hai hot show này đã có dịp đứng chung sân khấu vào những ngày đầu năm 2018 khi các câu lạc bộ sinh viên trong trường cùng nhau tổ chức “Ơn giời, Táo về rồi!”.",
			"Sức hút của “Táo quân” nằm ở cách nhìn nhận những vấn đề gai góc theo hướng hài hước, sâu sắc. “Ơn giời, cậu đây rồi!” hút khán giả ở tình tiết bất ngờ, không có kịch bản thử thách độ linh hoạt của diễn viên. Cả hai yếu tố làm nên độ hot của các show truyền hình này đã được sinh viên ĐH FPT đưa vào “Ơn giời, Táo về rồi!”",
			"Ngọc Hoàng, Nam Tào, Bắc Đẩu và các Táo là các nhân vật không thể thiếu trong show hài kịch. Khán giả được dịp cười lăn cười bò với nhiều màn tung hứng, “chặt chém” giữa các Táo và bộ ba còn lại mỗi lần báo cáo. Những đề tài xã hội nóng hổi được lồng ghép khéo léo với câu chuyện xung quanh cuộc sống, học tập, bạn bè thầy cô của sinh viên ĐH FPT. Có chút lúng túng, có khi quên thoại nhưng ngay lập tức, các diễn viên không chuyên đã thể hiện sự thông minh và linh hoạt trong cách ứng biến. Ngoài ra, các tiết mục văn nghệ, Vovinam dàn dựng công phu khiến người xem liên tưởng đến một chương trình Táo quân cuối năm thực sự nhưng đâu đó vẫn mang đậm chất FPT.",
			"Theo Kenh14",
			"Khu Giáo dục và Đào tạo – Khu Công nghệ cao Hòa Lạc – Km29 Đại lộ Thăng Long, H. Thạch Thất,\nTP. Hà Nội",
			"Điện thoại: 024 7300 1866",
			"Email: daihocfpt@fpt.edu.vn",
			"Lô E2a-7, Đường D1 Khu Công nghệ cao, P. Long Thạnh Mỹ, TP. Thủ Đức, TP. Hồ Chí Minh",
			"Điện thoại: 028 7300 1866",
			"Email: daihocfpt@fpt.edu.vn",
			"Khu đô thị công nghệ FPT Đà Nẵng, P. Hoà Hải, Q. Ngũ Hành Sơn, TP. Đà Nẵng",
			"Điện thoại: 0236 730 1866",
			"Email: daihocfpt@fpt.edu.vn",
			"Số 600 Đường Nguyễn Văn Cừ (nối dài), P. An Bình, Q. Ninh Kiều, TP. Cần Thơ",
			"Điện thoại: 0292 730 1866",
			"Email: daihocfpt@fpt.edu.vn",
			"Khu đô thị mới An Phú Thịnh, Phường Nhơn Bình & Phường Đống Đa, TP. Quy\nNhơn, Bình Định",
			"Điện thoại: 0256 730 1866 /0256 7300 999",
			"Email: daihocfpt@fpt.edu.vn"
		],
		"label": [
			"Tìm kiếm",
			"Tìm kiếm"
		],
		"button": [
			"×",
			"Đăng ký",
			"Đóng"
		],
		"span": [
			"Trang chủ",
			"Cuộc sống tại đại học FPT",
			"Đời sống sinh viên",
			"Lác mắt nhìn sinh viên ĐH FPT “chế” show truyền hình đình đám",
			"bởi",
			"Bài trước",
			"Bài trước:",
			"← Vì sao ngành thiết kế đồ họa hấp dẫn người trẻ hiện đại?",
			"Bài tiếp",
			"Bài tiếp:",
			"Doanh nghiệp đánh giá cao chất lượng đào tạo của Đại học FPT →"
		],
		"h1": [
			"Lác mắt nhìn sinh viên ĐH FPT “chế” show truyền hình đình đám"
		],
		"time": [
			"Chủ Nhật, ngày 22 tháng 04 năm 2018",
			"30/06/2022",
			"05/02/2024",
			"05/02/2024",
			"05/02/2024",
			"02/02/2024",
			"01/02/2024"
		],
		"strong": [
			"Không buông tha ngay cả các show truyền hình nổi tiếng, cứ có show nào hot chỉ cần vào ĐH FPT là sẽ thấy phiên bản chế lại xuất hiện trong các sự kiện sinh viên của trường. Hài hước và rất sinh viên, các chương trình này thậm chí còn thu hút cả sinh viên trường khác vào xem mỗi khi diễn ra.",
			"Vietnam’s Got Talent thành FPTU Talent Show",
			"Rung chuông vàng bản truyền hình và Rung chuông vàng bản trường mình",
			"Táo quân kết hợp Ơn giời, cậu đây rồi!"
		],
		"h2": [
			"Điều hướng bài viết"
		],
		"h4": [
			"HÀ NỘI",
			"TP. HỒ CHÍ MINH",
			"ĐÀ NẴNG",
			"CẦN THƠ",
			"Quy Nhơn"
		],
		"h3": [
			"Đăng ký tư vấn"
		],
		"b": [
			"Hãy để lại SĐT để cán bộ nhà trường hỗ trợ bạn sớm nhất nhé"
		],
		"option": [
			"Tỉnh / Thành phố *",
			"An Giang",
			"Bà Rịa-Vũng Tàu",
			"Bắc Giang",
			"Bắc Kạn",
			"Bạc Liêu",
			"Bắc Ninh",
			"Bến Tre",
			"Bình Dương",
			"Bình Định",
			"Bình Phước",
			"Bình Thuận",
			"Cà Mau",
			"Cần Thơ",
			"Cao Bằng",
			"Cục Cảnh sát ĐKQL cư trú và DLQG về dân cư",
			"Cục Cảnh sát quản lý hành chính về trật tự xã hội",
			"Đà Nẵng",
			"Đắk Lắk",
			"Đăk Nông",
			"Điện Biên",
			"Đồng Nai",
			"Đồng Tháp",
			"Gia Lai",
			"Hà Giang",
			"Hà Nam",
			"Hà Tĩnh",
			"Hải Dương",
			"Hải Phòng",
			"Hậu Giang",
			"Hoà Bình",
			"Hưng Yên",
			"Khánh Hoà",
			"Kiên Giang",
			"Kon Tum",
			"Lai Châu",
			"Lâm Đồng",
			"Lạng Sơn",
			"Lào Cai",
			"Long An",
			"Nam Định",
			"Nghệ An",
			"Ninh Bình",
			"Ninh Thuận",
			"Phú Thọ",
			"Phú Yên",
			"Quảng Bình",
			"Quảng Nam",
			"Quảng Ngãi",
			"Quảng Ninh",
			"Quảng Trị",
			"Sóc Trăng",
			"Sơn La",
			"Tây Ninh",
			"Thái Bình",
			"Thái Nguyên",
			"Thanh Hoá",
			"Thừa Thiên - Huế",
			"Tiền Giang",
			"Trà Vinh",
			"Tuyên Quang",
			"Vĩnh Long",
			"Vĩnh Phúc",
			"Yên Bái",
			"Hà Nội",
			"TP. Hồ Chí Minh"
		]
	},
	"url": "https://daihoc.fpt.edu.vn/lac-mat-nhin-sinh-vien-dh-fpt-che-show-truyen-hinh-dinh-dam/"
}