{
	"data": {
		"title": [
			"Học Đại học FPT, mỗi ngày đến trường là một niềm vui - Trường Đại học FPT"
		],
		"div": [
			"›\n\n›\n\n›\n\n›",
			"© 2024 Bản quyền thuộc về Trường Đại học FPT.",
			"Đăng ký tư vấn"
		],
		"a": [
			"Trường Đại học FPT",
			"Vietnamese",
			"English",
			"Trang chủ",
			"Giới thiệu",
			"Lịch sử thành lập",
			"Tập đoàn FPT",
			"Tổ chức giáo dục FPT",
			"Triết lý đào tạo",
			"Các giải thưởng và thành tích",
			"Ban lãnh đạo",
			"Gắn kết cộng đồng",
			"Tin tức",
			"Tin tức chung",
			"Hoạt động sinh viên",
			"Sự kiện",
			"Tuyển dụng",
			"Hướng nghiệp",
			"Ngành học",
			"Công nghệ thông tin",
			"Công nghệ ô tô số",
			"Kỹ thuật phần mềm",
			"Hệ thống thông tin",
			"Trí tuệ nhân tạo",
			"An toàn thông tin",
			"Thiết kế Mỹ thuật số",
			"Quản trị kinh doanh",
			"Tài chính",
			"Digital Marketing",
			"Kinh doanh quốc tế",
			"Quản lý Logistics & Chuỗi cung ứng toàn cầu",
			"Quản trị khách sạn",
			"Quản trị Du lịch và Lữ hành",
			"Công nghệ truyền thông",
			"Quản trị truyền thông đa phương tiện",
			"Quan hệ công chúng",
			"Ngôn ngữ Anh",
			"Ngôn ngữ Nhật",
			"Ngôn ngữ Hàn Quốc",
			"Ngôn ngữ Trung Quốc (Dự kiến)",
			"Đời sống sinh viên",
			"Một ngày tại Đại học FPT",
			"Vì sao nên học tại Đại học FPT",
			"Sự hài lòng của sinh viên",
			"Môi trường học tập",
			"Chương trình học linh hoạt",
			"Đời sống sinh viên",
			"Ký túc xá",
			"Các CLB & Cộng đồng sinh viên",
			"Các hoạt động thể thao trong trường",
			"Dịch vụ hỗ trợ",
			"Định hướng và khởi đầu",
			"Tốt nghiệp",
			"Câu chuyện sinh viên",
			"Hợp tác",
			"Ngành công nghiệp và doanh nghiệp",
			"Chương trình trao đổi sinh viên",
			"Chương trình học tập tại nước ngoài",
			"Hợp tác quốc tế",
			"Trao đổi sinh viên",
			"Học kỳ nước ngoài",
			"Các trường đại học đối tác",
			"Cựu sinh viên",
			"Cộng đồng cựu sinh viên",
			"Họ đang làm việc tại đâu",
			"Tuyển sinh",
			"Đề án tuyển sinh",
			"Tin tuyển sinh",
			"Liên hệ",
			"Đăng nhập",
			"Quỳnh",
			"Đại học FPT",
			"Đại học FPT",
			"Nữ sinh trường F trong tà áo dài ngày Xuân",
			"Gặp gỡ đội tuyển NGT’s OPEN ROBOT trước giải đấu FIRST Tech Challenge Vietnam",
			"Tỏa sáng với nghiên cứu khoa học, nữ sinh ĐH FPT khẳng định bản lĩnh và tài năng",
			"Phim ngắn “Thoi vàng chỉ ngọc” của SV ĐH FPT tại Cần Thơ được công chiếu ở Lotte Cinema",
			"SV trường ĐH FPT Hà Nội đón “tết trên bản” 2024",
			"Vietnamese",
			"English",
			"Facebook",
			"Youtube",
			"Tik Tok",
			"Hotline: (024)/(028) 73001866 - (0236)/(0292) 7301866"
		],
		"img": [
			"cropped cropped 2021 FPTU Long",
			"cropped cropped 2021 FPTU Long",
			"sinh vien dai hoc fpt 8",
			"sinh vien dai hoc fpt 8",
			"dai hoc fpt 1",
			"dai hoc fpt 1",
			"my duyen",
			"my duyen",
			"fpt 5",
			"fpt 5",
			"dai hoc fpt 1",
			"dai hoc fpt 1",
			"thông báo tuyển bổ sung",
			"thông báo tuyển bổ sung"
		],
		"p": [
			"Trang thông tin tuyển sinh chính thức của Trường Đại học FPT",
			"Em đến với Đại học FPT là nhờ quỹ học bổng mang tên cố giáo sư Nguyễn Văn Đạo. Khi đó em đã đỗ vào khoa Tài chính Quốc tế của Đại học Ngoại thương nhưng chọn Đại học FPT vì tin vào “Khát vọng đổi thay” của trường. Khi vào học ở Đại học FPT, em thấy quyết định của mình hoàn toàn đúng đắn. Tại đây, em được sống và học tập trong môi trường công bằng, minh bạch và dân chủ, mọi người nhiệt tình giúp đỡ, không quan liêu, cách giảng dạy chú trọng về cả kiến thức chuyên ngành lẫn kỹ năng xã hội.",
			"Trong quá trình học tại Đại học FPTem thích nhất ở FPT là tinh thần dân chủ. Sinh viên được thoải mái đề đạt nguyện vọng hoặc chia sẻ ý kiến và suy nghĩ đó luôn được lắng nghe và tôn trọng. Điều này khiến em cảm thấy “mỗi ngày đến trường” là một ngày vui thật sự. Em luôn cảm thấy thoải mái, tự do và được làm điều mình thích. Đặc biệt, môi trường học tập đã giúp em tự tin hơn. Trước khi vào trường, em là người rất nhút nhát. Nhưng bây giờ đã khác, em mạnh dạn hơn khi giao tiếp bên ngoài.",
			"Ngoài ra, ngoại ngữ cũng là điều giúp em tự tin vì chương trình học hoàn toàn bằng tiếng Anh. Em cảm thấy không gặp khó khăn gì với vốn tiếng Anh của mình. Thêm vào đó, ở trường em được học thêm tiếng Trung nên có lợi thế hơn so với nhiều bạn khác. Ngay từ  khi học năm thứ hai, em đã có 8 tháng thực tập ở Ngân hàng ANZ, điều này đã giúp em có rất nhiều kinh nghiệm thực tế và hiểu được điểm mạnh, điểm yếu của mình để cố gắng sửa đổi và phát huy.",
			"Trong quá trình học tập, không chỉ kiến thức chuyên môn mà các thầy cô còn dạy cho em rất nhiều kỹ năng: Thuyết trình, đàm phán, cách đề đạt nguyện vọng của mình và cách yêu cuộc sống hơn, biết hài lòng với những gì mình đang có để luôn cảm thấy hạnh phúc. Từ khi vào trường, FPT đã dạy cho chúng em cách tự nhận biết bản thân, điểm mạnh điểm yếu của mình, biết xác định mục tiêu và ước mơ để vươn tới.",
			"Bí quyết để học tốt tại  chính là dành hết tình yêu và niềm tin vào điều bản thân chọn. Em đã chọn FPT, em yêu trường và rất thích chương trình học ở đây. Những kiến thức được dạy ở FPT rất thực tiễn, hỗ trợ em rất nhiều trong quá trình làm việc thực tế. Thêm nữa là các thầy cô ở FPT rất giỏi và tâm huyết, em thấy sẽ thật lãng phí nếu không tranh thủ lĩnh hội những kiến thức thầy cô truyền đạt cho mình. Vì vậy, suốt thời gian đi học, em luôn cố gắng vì nghĩ bỏ phí một giây phút nào cũng thật đáng tiếc.",
			"Bảng vàng thành tích “khủng” của tân thủ khoa của  năm 2014 – Nguyễn Thị Hương Quỳnh, sinh viên ngành Tài chính Ngân hàng năm học 2010 – 2014:",
			"Khu Giáo dục và Đào tạo – Khu Công nghệ cao Hòa Lạc – Km29 Đại lộ Thăng Long, H. Thạch Thất,\nTP. Hà Nội",
			"Điện thoại: 024 7300 1866",
			"Email: daihocfpt@fpt.edu.vn",
			"Lô E2a-7, Đường D1 Khu Công nghệ cao, P. Long Thạnh Mỹ, TP. Thủ Đức, TP. Hồ Chí Minh",
			"Điện thoại: 028 7300 1866",
			"Email: daihocfpt@fpt.edu.vn",
			"Khu đô thị công nghệ FPT Đà Nẵng, P. Hoà Hải, Q. Ngũ Hành Sơn, TP. Đà Nẵng",
			"Điện thoại: 0236 730 1866",
			"Email: daihocfpt@fpt.edu.vn",
			"Số 600 Đường Nguyễn Văn Cừ (nối dài), P. An Bình, Q. Ninh Kiều, TP. Cần Thơ",
			"Điện thoại: 0292 730 1866",
			"Email: daihocfpt@fpt.edu.vn",
			"Khu đô thị mới An Phú Thịnh, Phường Nhơn Bình & Phường Đống Đa, TP. Quy\nNhơn, Bình Định",
			"Điện thoại: 0256 730 1866 /0256 7300 999",
			"Email: daihocfpt@fpt.edu.vn"
		],
		"label": [
			"Tìm kiếm",
			"Tìm kiếm"
		],
		"button": [
			"×",
			"Đăng ký",
			"Đóng"
		],
		"li": [
			"Hai kỳ đạt danh hiệu Cóc vàng",
			"5 kỳ là sinh viên xuất sắc. Em cũng giành được một số học bổng như:",
			"Học bổng Ngân hàng ANZ 2011,",
			"Học bổng Amcham 2013",
			"Học bổng European Forum Alpbach 2013",
			"Nữ sinh tiêu biểu 2012",
			"Thủ khoa tốt nghiệp của ĐH FPT và thủ khoa xuất sắc của Thành đoàn Hà Nội",
			"Được ghi tên vào bảng vàng ở Văn Miếu – Quốc Tử Giám"
		],
		"span": [
			"Trang chủ",
			"Cuộc sống tại đại học FPT",
			"Tại sao nên học tại Đại học FPT",
			"Câu chuyện sinh viên",
			"Học Đại học FPT, mỗi ngày đến trường là một niềm vui",
			"bởi",
			"Bài trước",
			"Bài trước:",
			"← Đến với Đại học FPT vì một chữ “duyên”",
			"Bài tiếp",
			"Bài tiếp:",
			"3 chàng trai Việt mở công ty phần mềm ở Phần Lan →"
		],
		"h1": [
			"Học Đại học FPT, mỗi ngày đến trường là một niềm vui"
		],
		"time": [
			"Thứ Hai, ngày 21 tháng 11 năm 2016",
			"30/06/2022",
			"05/02/2024",
			"05/02/2024",
			"05/02/2024",
			"02/02/2024",
			"01/02/2024"
		],
		"em": [
			","
		],
		"h2": [
			"Điều hướng bài viết"
		],
		"h4": [
			"HÀ NỘI",
			"TP. HỒ CHÍ MINH",
			"ĐÀ NẴNG",
			"CẦN THƠ",
			"Quy Nhơn"
		],
		"h3": [
			"Đăng ký tư vấn"
		],
		"b": [
			"Hãy để lại SĐT để cán bộ nhà trường hỗ trợ bạn sớm nhất nhé"
		],
		"option": [
			"Tỉnh / Thành phố *",
			"An Giang",
			"Bà Rịa-Vũng Tàu",
			"Bắc Giang",
			"Bắc Kạn",
			"Bạc Liêu",
			"Bắc Ninh",
			"Bến Tre",
			"Bình Dương",
			"Bình Định",
			"Bình Phước",
			"Bình Thuận",
			"Cà Mau",
			"Cần Thơ",
			"Cao Bằng",
			"Cục Cảnh sát ĐKQL cư trú và DLQG về dân cư",
			"Cục Cảnh sát quản lý hành chính về trật tự xã hội",
			"Đà Nẵng",
			"Đắk Lắk",
			"Đăk Nông",
			"Điện Biên",
			"Đồng Nai",
			"Đồng Tháp",
			"Gia Lai",
			"Hà Giang",
			"Hà Nam",
			"Hà Tĩnh",
			"Hải Dương",
			"Hải Phòng",
			"Hậu Giang",
			"Hoà Bình",
			"Hưng Yên",
			"Khánh Hoà",
			"Kiên Giang",
			"Kon Tum",
			"Lai Châu",
			"Lâm Đồng",
			"Lạng Sơn",
			"Lào Cai",
			"Long An",
			"Nam Định",
			"Nghệ An",
			"Ninh Bình",
			"Ninh Thuận",
			"Phú Thọ",
			"Phú Yên",
			"Quảng Bình",
			"Quảng Nam",
			"Quảng Ngãi",
			"Quảng Ninh",
			"Quảng Trị",
			"Sóc Trăng",
			"Sơn La",
			"Tây Ninh",
			"Thái Bình",
			"Thái Nguyên",
			"Thanh Hoá",
			"Thừa Thiên - Huế",
			"Tiền Giang",
			"Trà Vinh",
			"Tuyên Quang",
			"Vĩnh Long",
			"Vĩnh Phúc",
			"Yên Bái",
			"Hà Nội",
			"TP. Hồ Chí Minh"
		]
	},
	"url": "https://daihoc.fpt.edu.vn/hoc-dai-hoc-fpt-moi-ngay-den-truong-la-mot-niem-vui/"
}