{
	"data": {
		"title": [
			"Tân sinh viên ĐH FPT đạt nhiều giải thưởng tại Giải cờ giao lưu “TNT CHESS TOURNAMENT 2020” - Trường Đại học FPT"
		],
		"div": [
			"›\n\n›\n\n›\n\n›",
			"© 2024 Bản quyền thuộc về Trường Đại học FPT.",
			"Đăng ký tư vấn"
		],
		"a": [
			"Trường Đại học FPT",
			"Vietnamese",
			"English",
			"Trang chủ",
			"Giới thiệu",
			"Lịch sử thành lập",
			"Tập đoàn FPT",
			"Tổ chức giáo dục FPT",
			"Triết lý đào tạo",
			"Các giải thưởng và thành tích",
			"Ban lãnh đạo",
			"Gắn kết cộng đồng",
			"Tin tức",
			"Tin tức chung",
			"Hoạt động sinh viên",
			"Sự kiện",
			"Tuyển dụng",
			"Hướng nghiệp",
			"Ngành học",
			"Công nghệ thông tin",
			"Công nghệ ô tô số",
			"Kỹ thuật phần mềm",
			"Hệ thống thông tin",
			"Trí tuệ nhân tạo",
			"An toàn thông tin",
			"Thiết kế Mỹ thuật số",
			"Quản trị kinh doanh",
			"Tài chính",
			"Digital Marketing",
			"Kinh doanh quốc tế",
			"Quản lý Logistics & Chuỗi cung ứng toàn cầu",
			"Quản trị khách sạn",
			"Quản trị Du lịch và Lữ hành",
			"Công nghệ truyền thông",
			"Quản trị truyền thông đa phương tiện",
			"Quan hệ công chúng",
			"Ngôn ngữ Anh",
			"Ngôn ngữ Nhật",
			"Ngôn ngữ Hàn Quốc",
			"Ngôn ngữ Trung Quốc (Dự kiến)",
			"Đời sống sinh viên",
			"Một ngày tại Đại học FPT",
			"Vì sao nên học tại Đại học FPT",
			"Sự hài lòng của sinh viên",
			"Môi trường học tập",
			"Chương trình học linh hoạt",
			"Đời sống sinh viên",
			"Ký túc xá",
			"Các CLB & Cộng đồng sinh viên",
			"Các hoạt động thể thao trong trường",
			"Dịch vụ hỗ trợ",
			"Định hướng và khởi đầu",
			"Tốt nghiệp",
			"Câu chuyện sinh viên",
			"Hợp tác",
			"Ngành công nghiệp và doanh nghiệp",
			"Chương trình trao đổi sinh viên",
			"Chương trình học tập tại nước ngoài",
			"Hợp tác quốc tế",
			"Trao đổi sinh viên",
			"Học kỳ nước ngoài",
			"Các trường đại học đối tác",
			"Cựu sinh viên",
			"Cộng đồng cựu sinh viên",
			"Họ đang làm việc tại đâu",
			"Tuyển sinh",
			"Đề án tuyển sinh",
			"Tin tuyển sinh",
			"Liên hệ",
			"Đăng nhập",
			"Nguyễn Thị Hồng Yến",
			"Nữ sinh trường F trong tà áo dài ngày Xuân",
			"Gặp gỡ đội tuyển NGT’s OPEN ROBOT trước giải đấu FIRST Tech Challenge Vietnam",
			"Tỏa sáng với nghiên cứu khoa học, nữ sinh ĐH FPT khẳng định bản lĩnh và tài năng",
			"Phim ngắn “Thoi vàng chỉ ngọc” của SV ĐH FPT tại Cần Thơ được công chiếu ở Lotte Cinema",
			"SV trường ĐH FPT Hà Nội đón “tết trên bản” 2024",
			"Vietnamese",
			"English",
			"Facebook",
			"Youtube",
			"Tik Tok",
			"Hotline: (024)/(028) 73001866 - (0236)/(0292) 7301866"
		],
		"img": [
			"cropped cropped 2021 FPTU Long",
			"cropped cropped 2021 FPTU Long",
			"sinh vien dai hoc fpt 8",
			"sinh vien dai hoc fpt 8",
			"dai hoc fpt 1",
			"dai hoc fpt 1",
			"my duyen",
			"my duyen",
			"fpt 5",
			"fpt 5",
			"dai hoc fpt 1",
			"dai hoc fpt 1",
			"thông báo tuyển bổ sung",
			"thông báo tuyển bổ sung"
		],
		"p": [
			"Trang thông tin tuyển sinh chính thức của Trường Đại học FPT",
			"Với những thể loại cờ Vua đơn, cờ Tướng đơn, dù chỉ là tân sinh viên nhưng đã mang đến các giải thưởng cao và khẳng định sức cờ không hề kém cạnh với các trường khác.",
			"Các thí sinh đều là những tân sinh viên của các trường đại học và đây là giải đấu đầu tiên giao lưu và và chạm với nhau khi mới đặt chân vào môi trường ĐH. Tuy chỉ là giải đấu của các tân sinh viên nhưng cũng cho thấy thực lực mới quyết định được ván đấu.",
			"Sau cả ngày với 7 ván đấu, các tuyển thủ của ĐH FPT cũng như CLB FCC đã khẳng định bản thân và mang về những Huy chương với xếp hạng cao. Về Nhì với nỗ lực cố gắng và giành Huy chương bạc giải Cờ vua Nam là Nguyễn Lương Hà đến từ ĐH FPT.",
			"Ở bảng cờ Vua Nữ cũng không hề kém cạnh, về Nhì và Ba lần lượt là 2 bạn nữ xinh xắn, Hoàng Thị Thu Hương và Phạm Hồng Duyên Khánh",
			"Giải đấu đã diễn ra một cách trọn vẹn đến giây phút cuối cùng cũng với nỗ lực của tất cả các thí sinh đặc biệt là sinh viên trường F. Tuy chỉ mới là giải đấu đầu tiên của các bạn Tân sinh viên, nhưng cũng đã thấy được không khí hào hứng và tinh thần nhiệt huyết. Hứa hẹn CLB sẽ còn tổ chức nhiều giải đấu nữa và các tuyển thủ sẽ còn mạnh hơn trong thời gian sắp tới.",
			"Với việc mượn hình ảnh TNT (thuốc nổ) để làm cầu nối trung ý là thổi bùng lên ngọn lửa khát vọng về ý chí, sự quyết tâm và hơn hết là gửi gắm thông điệp “giữ lửa” về bộ môn thể thao trí tuệ này tới các bạn Tân sinh viên khóa 2020 mà giải đấu được diễn ra. Với hy vọng các bạn có thể phát triển cộng đồng chơi cờ ngày càng lớn mạnh hơn và vươn đắp một ước mơ xây dựng và phát triển cộng đồng chơi cờ ngày càng vững mạnh và được nhiều người trên khắp mọi miền Tổ quốc biết đến hơn nữa.",
			"Một sân chơi hứa hẹn mang lại nhiều sự đam mê, bổ ích và bầu không khí nhiệt huyết trong suốt giải đấu. Giải giao lưu “TNT CHESS TOURNAMENT” là giải đấu thể thao trí tuệ, được tổ chức bởi câu lạc bộ Cờ PTIT – Học viện Công nghệ Bưu chính Viễn Thông TP. Hồ Chí Minh . Đây là một sân chơi đầy lí thú được mở ra nhằm cho các bạn Tân sinh viên của các trường có dịp gặp mặt, làm quen và có thể so tài cùng với nhau và gặp gỡ câu lạc bộ cờ vua PTIT.",
			"Khu Giáo dục và Đào tạo – Khu Công nghệ cao Hòa Lạc – Km29 Đại lộ Thăng Long, H. Thạch Thất,\nTP. Hà Nội",
			"Điện thoại: 024 7300 1866",
			"Email: daihocfpt@fpt.edu.vn",
			"Lô E2a-7, Đường D1 Khu Công nghệ cao, P. Long Thạnh Mỹ, TP. Thủ Đức, TP. Hồ Chí Minh",
			"Điện thoại: 028 7300 1866",
			"Email: daihocfpt@fpt.edu.vn",
			"Khu đô thị công nghệ FPT Đà Nẵng, P. Hoà Hải, Q. Ngũ Hành Sơn, TP. Đà Nẵng",
			"Điện thoại: 0236 730 1866",
			"Email: daihocfpt@fpt.edu.vn",
			"Số 600 Đường Nguyễn Văn Cừ (nối dài), P. An Bình, Q. Ninh Kiều, TP. Cần Thơ",
			"Điện thoại: 0292 730 1866",
			"Email: daihocfpt@fpt.edu.vn",
			"Khu đô thị mới An Phú Thịnh, Phường Nhơn Bình & Phường Đống Đa, TP. Quy\nNhơn, Bình Định",
			"Điện thoại: 0256 730 1866 /0256 7300 999",
			"Email: daihocfpt@fpt.edu.vn"
		],
		"label": [
			"Tìm kiếm",
			"Tìm kiếm"
		],
		"button": [
			"×",
			"Đăng ký",
			"Đóng"
		],
		"span": [
			"Trang chủ",
			"Hoạt động nghiên cứu",
			"Hỗ trợ dành cho nghiên cứu viên",
			"Các giải thưởng và danh hiệu",
			"Tân sinh viên ĐH FPT đạt nhiều giải thưởng tại Giải cờ giao lưu “TNT CHESS TOURNAMENT 2020”",
			"bởi",
			"Bài trước",
			"Bài trước:",
			"← Sinh viên trường F sẽ dùng 30 triệu để làm gì nếu trở thành Quán quân FPTU Color Up 2020",
			"Bài tiếp",
			"Bài tiếp:",
			"Giải nhì cuộc thi “sinh viên an toàn thông tin Asean 2020” thuộc về team AmongUs đến từ ĐH FPT →"
		],
		"h1": [
			"Tân sinh viên ĐH FPT đạt nhiều giải thưởng tại Giải cờ giao lưu “TNT CHESS TOURNAMENT 2020”"
		],
		"time": [
			"Thứ Ba, ngày 01 tháng 12 năm 2020",
			"04/07/2022",
			"05/02/2024",
			"05/02/2024",
			"05/02/2024",
			"02/02/2024",
			"01/02/2024"
		],
		"em": [
			"Các bạn tân sinh viên K16 Đại học FPT đã không làm mọi người thất vọng khi giành nhiều giải thưởng cao tại thi đầu cờ giao lưu “TNT Chess Tournament 2020” với sự tham gia của các cờ thủ đến từ",
			"4 trường Đại học trên",
			"địa bàn TP",
			". HCM",
			": Học viện Công nghệ Bưu chính Viễn thông, ĐH Kinh tế-Tài chính, ĐH Sư phạm Kỹ thuật và ĐH FPT.",
			"Những ván đấu diễn ra đầy căng thẳng.",
			"Gương mặt sáng giá của bảng cờ vua.",
			"Nữ kỳ thủ Thu Hương xinh đẹp",
			"Nữ kỳ thủ Duyên Khánh",
			"Các kì thủ phấn khích trước trận đấu."
		],
		"h2": [
			"Điều hướng bài viết"
		],
		"h4": [
			"HÀ NỘI",
			"TP. HỒ CHÍ MINH",
			"ĐÀ NẴNG",
			"CẦN THƠ",
			"Quy Nhơn"
		],
		"h3": [
			"Đăng ký tư vấn"
		],
		"b": [
			"Hãy để lại SĐT để cán bộ nhà trường hỗ trợ bạn sớm nhất nhé"
		],
		"option": [
			"Tỉnh / Thành phố *",
			"An Giang",
			"Bà Rịa-Vũng Tàu",
			"Bắc Giang",
			"Bắc Kạn",
			"Bạc Liêu",
			"Bắc Ninh",
			"Bến Tre",
			"Bình Dương",
			"Bình Định",
			"Bình Phước",
			"Bình Thuận",
			"Cà Mau",
			"Cần Thơ",
			"Cao Bằng",
			"Cục Cảnh sát ĐKQL cư trú và DLQG về dân cư",
			"Cục Cảnh sát quản lý hành chính về trật tự xã hội",
			"Đà Nẵng",
			"Đắk Lắk",
			"Đăk Nông",
			"Điện Biên",
			"Đồng Nai",
			"Đồng Tháp",
			"Gia Lai",
			"Hà Giang",
			"Hà Nam",
			"Hà Tĩnh",
			"Hải Dương",
			"Hải Phòng",
			"Hậu Giang",
			"Hoà Bình",
			"Hưng Yên",
			"Khánh Hoà",
			"Kiên Giang",
			"Kon Tum",
			"Lai Châu",
			"Lâm Đồng",
			"Lạng Sơn",
			"Lào Cai",
			"Long An",
			"Nam Định",
			"Nghệ An",
			"Ninh Bình",
			"Ninh Thuận",
			"Phú Thọ",
			"Phú Yên",
			"Quảng Bình",
			"Quảng Nam",
			"Quảng Ngãi",
			"Quảng Ninh",
			"Quảng Trị",
			"Sóc Trăng",
			"Sơn La",
			"Tây Ninh",
			"Thái Bình",
			"Thái Nguyên",
			"Thanh Hoá",
			"Thừa Thiên - Huế",
			"Tiền Giang",
			"Trà Vinh",
			"Tuyên Quang",
			"Vĩnh Long",
			"Vĩnh Phúc",
			"Yên Bái",
			"Hà Nội",
			"TP. Hồ Chí Minh"
		]
	},
	"url": "https://daihoc.fpt.edu.vn/tan-sinh-vien-dh-fpt-dat-nhieu-giai-thuong-tai-giai-co-giao-luu-tnt-chess-tournament-2020/"
}