{
	"data": {
		"title": [
			"Đại học FPT Đà Nẵng ký thỏa thuận hợp tác với Đại học Dong Eui (Hàn Quốc) - Trường Đại học FPT"
		],
		"div": [
			"© 2024 Bản quyền thuộc về Trường Đại học FPT.",
			"Đăng ký tư vấn"
		],
		"a": [
			"Trường Đại học FPT",
			"Vietnamese",
			"English",
			"Trang chủ",
			"Giới thiệu",
			"Lịch sử thành lập",
			"Tập đoàn FPT",
			"Tổ chức giáo dục FPT",
			"Triết lý đào tạo",
			"Các giải thưởng và thành tích",
			"Ban lãnh đạo",
			"Gắn kết cộng đồng",
			"Tin tức",
			"Tin tức chung",
			"Hoạt động sinh viên",
			"Sự kiện",
			"Tuyển dụng",
			"Hướng nghiệp",
			"Ngành học",
			"Công nghệ thông tin",
			"Công nghệ ô tô số",
			"Kỹ thuật phần mềm",
			"Hệ thống thông tin",
			"Trí tuệ nhân tạo",
			"An toàn thông tin",
			"Thiết kế Mỹ thuật số",
			"Quản trị kinh doanh",
			"Tài chính",
			"Digital Marketing",
			"Kinh doanh quốc tế",
			"Quản lý Logistics & Chuỗi cung ứng toàn cầu",
			"Quản trị khách sạn",
			"Quản trị Du lịch và Lữ hành",
			"Công nghệ truyền thông",
			"Quản trị truyền thông đa phương tiện",
			"Quan hệ công chúng",
			"Ngôn ngữ Anh",
			"Ngôn ngữ Nhật",
			"Ngôn ngữ Hàn Quốc",
			"Ngôn ngữ Trung Quốc (Dự kiến)",
			"Đời sống sinh viên",
			"Một ngày tại Đại học FPT",
			"Vì sao nên học tại Đại học FPT",
			"Sự hài lòng của sinh viên",
			"Môi trường học tập",
			"Chương trình học linh hoạt",
			"Đời sống sinh viên",
			"Ký túc xá",
			"Các CLB & Cộng đồng sinh viên",
			"Các hoạt động thể thao trong trường",
			"Dịch vụ hỗ trợ",
			"Định hướng và khởi đầu",
			"Tốt nghiệp",
			"Câu chuyện sinh viên",
			"Hợp tác",
			"Ngành công nghiệp và doanh nghiệp",
			"Chương trình trao đổi sinh viên",
			"Chương trình học tập tại nước ngoài",
			"Hợp tác quốc tế",
			"Trao đổi sinh viên",
			"Học kỳ nước ngoài",
			"Các trường đại học đối tác",
			"Cựu sinh viên",
			"Cộng đồng cựu sinh viên",
			"Họ đang làm việc tại đâu",
			"Tuyển sinh",
			"Đề án tuyển sinh",
			"Tin tuyển sinh",
			"Liên hệ",
			"Đăng nhập",
			"Quỳnh",
			"Nữ sinh trường F trong tà áo dài ngày Xuân",
			"Gặp gỡ đội tuyển NGT’s OPEN ROBOT trước giải đấu FIRST Tech Challenge Vietnam",
			"Tỏa sáng với nghiên cứu khoa học, nữ sinh ĐH FPT khẳng định bản lĩnh và tài năng",
			"Phim ngắn “Thoi vàng chỉ ngọc” của SV ĐH FPT tại Cần Thơ được công chiếu ở Lotte Cinema",
			"SV trường ĐH FPT Hà Nội đón “tết trên bản” 2024",
			"Vietnamese",
			"English",
			"Facebook",
			"Youtube",
			"Tik Tok",
			"Hotline: (024)/(028) 73001866 - (0236)/(0292) 7301866"
		],
		"img": [
			"cropped cropped 2021 FPTU Long",
			"cropped cropped 2021 FPTU Long",
			"Dai hoc FPT Da Nang 7 1536x1024 1",
			"Dai hoc FPT Da Nang 7 1536x1024 1",
			"Dai hoc FPT Da Nang 1 1536x1024 1",
			"Dai hoc FPT Da Nang 1 1536x1024 1",
			"Dai hoc FPT Da Nang 3 1536x1024 1",
			"Dai hoc FPT Da Nang 3 1536x1024 1",
			"Dai hoc FPT Da Nang 5 1536x1024 1",
			"Dai hoc FPT Da Nang 5 1536x1024 1",
			"sinh vien dai hoc fpt 8",
			"sinh vien dai hoc fpt 8",
			"dai hoc fpt 1",
			"dai hoc fpt 1",
			"my duyen",
			"my duyen",
			"fpt 5",
			"fpt 5",
			"dai hoc fpt 1",
			"dai hoc fpt 1",
			"thông báo tuyển bổ sung",
			"thông báo tuyển bổ sung"
		],
		"p": [
			"Trang thông tin tuyển sinh chính thức của Trường Đại học FPT",
			"Tại buổi ký kết, đại diện đoàn công tác của Đại học Dong Eui Hàn Quốc có GS. Seok Chan Jeong – Giám đốc Trung tâm nghiên cứu Công nghệ Thông tin & Truyền thông AI Grand trực thuộc Đại học Dong Eui. Ngoài ra, đại diện các doanh nghiệp có ứng dụng AI trong hoạt động kinh doanh tại Busan, Hàn Quốc cũng có mặt trong chuyến thăm làm việc lần này.",
			"Đại diện tiếp đón đoàn công tác trường Đại học Dong Eui có TS. Trần Ngọc Tuấn – Phó Hiệu trưởng Trường Đại học FPT cùng Trưởng Ban Đào tạo, giảng viên Đại học FPT Đà Nẵng.",
			"Thông qua buổi làm việc, hai bên bày tỏ mong muốn mở rộng hợp tác quốc tế trong lĩnh vực đào tạo ngành Trí tuệ nhân tạo (AI), tạo điều kiện về học bổng cho sinh viên chuyên ngành AI sau Đại học, trao đổi giảng viên, chuyên viên nghiên cứu giữa hai đơn vị.",
			"Biên bản ghi nhớ hợp tác lần này là điểm khởi đầu thúc đẩy hợp tác nghiên cứu quốc tế trong lĩnh vực Trí tuệ nhân tạo, Big Data, Metaverse, ứng dụng công nghệ thông minh… giữa hai đơn vị. Đây là cột mốc quan trọng trong hành trình phát triển của ngành Trí tuệ Nhân tạo (AI) tại Đại học FPT Đà Nẵng.",
			"Cũng trong buổi làm việc, Trung tâm nghiên cứu Công nghệ Thông tin & Truyền thông AI Grand trực thuộc Đại học Dong Eui nhấn mạnh sẽ tạo điều kiện thực tập OJT cho sinh viên Đại học FPT, giúp sinh viên Đại học FPT được tiếp xúc và làm việc trong môi trường chuyên nghiệp, đúng chuyên môn.",
			"Một số đại diện doanh nghiệp có mặt trong buổi làm việc lần này cũng đánh giá cao chất lượng đào tạo và đầu ra của sinh viên Đại học FPT nói chung và ngành Trí tuệ Nhân tạo nói riêng. Các doanh nghiệp sẵn sàng tạo cơ hội để sinh viên được thực tập, học hỏi và phát triển sự nghiệp trong kỳ thực tập OJT.",
			"Với các lợi thế trên, sinh viên ngành Trí tuệ Nhân tạo (AI) tại Đại học FPT sẽ được tiếp cận môi trường doanh nghiệp từ sớm, thích nghi nhanh với thị trường lao động quốc tế, tăng lợi thế cạnh tranh và tìm kiếm được nhiều cơ hội việc làm phù hợp.",
			"Việc ký kết thỏa thuận hợp tác với Đại học Dong Eui thể hiện rõ vai trò, sứ mệnh của Đại học FPT Đà Nẵng trong việc nâng cao chất lượng đào tạo nguồn nhân lực, đẩy mạnh hợp tác và hội nhập quốc tế, đem đến cho sinh viên nhiều cơ hội tiếp cận việc làm, mở rộng cánh cửa sự nghiệp trong tương lai.",
			"Khu Giáo dục và Đào tạo – Khu Công nghệ cao Hòa Lạc – Km29 Đại lộ Thăng Long, H. Thạch Thất,\nTP. Hà Nội",
			"Điện thoại: 024 7300 1866",
			"Email: daihocfpt@fpt.edu.vn",
			"Lô E2a-7, Đường D1 Khu Công nghệ cao, P. Long Thạnh Mỹ, TP. Thủ Đức, TP. Hồ Chí Minh",
			"Điện thoại: 028 7300 1866",
			"Email: daihocfpt@fpt.edu.vn",
			"Khu đô thị công nghệ FPT Đà Nẵng, P. Hoà Hải, Q. Ngũ Hành Sơn, TP. Đà Nẵng",
			"Điện thoại: 0236 730 1866",
			"Email: daihocfpt@fpt.edu.vn",
			"Số 600 Đường Nguyễn Văn Cừ (nối dài), P. An Bình, Q. Ninh Kiều, TP. Cần Thơ",
			"Điện thoại: 0292 730 1866",
			"Email: daihocfpt@fpt.edu.vn",
			"Khu đô thị mới An Phú Thịnh, Phường Nhơn Bình & Phường Đống Đa, TP. Quy\nNhơn, Bình Định",
			"Điện thoại: 0256 730 1866 /0256 7300 999",
			"Email: daihocfpt@fpt.edu.vn"
		],
		"label": [
			"Tìm kiếm",
			"Tìm kiếm"
		],
		"button": [
			"×",
			"Đăng ký",
			"Đóng"
		],
		"span": [
			"Trang chủ",
			"bởi",
			"Bài trước",
			"Bài trước:",
			"← Sinh viên ĐH FPT được truyền kiến thức và cảm hứng khởi nghiệp từ CEO Lê Yên Thanh",
			"Bài tiếp",
			"Bài tiếp:",
			"Sinh viên Đại học FPT “đi trải nghiệm đi” tìm về sự an yên trong tâm hồn →"
		],
		"h1": [
			"Đại học FPT Đà Nẵng ký thỏa thuận hợp tác với Đại học Dong Eui (Hàn Quốc)"
		],
		"time": [
			"Thứ Hai, ngày 13 tháng 02 năm 2023",
			"05/02/2024",
			"05/02/2024",
			"05/02/2024",
			"02/02/2024",
			"01/02/2024"
		],
		"strong": [
			"Sáng 1/2/2023, Đại học FPT Đà Nẵng có buổi đón tiếp và ký kết biên bản ghi nhớ hợp tác (MOU) với Đại học Dong Eui Hàn Quốc xoay quanh lĩnh vực hợp tác, phát triển chuyên ngành đào tạo Trí tuệ Nhân tạo (AI).",
			"Khởi đầu cho việc hợp tác, phát triển ngành Trí tuệ",
			"Nhiều cơ hội rộng mở cho sinh viên ngành Trí tuệ Nhân tạo",
			"Theo ĐH FPT Đà Nẵng"
		],
		"h2": [
			"Điều hướng bài viết"
		],
		"figcaption": [
			"Đoàn công tác đến từ Trường Đại học Dong Eui, Hàn Quốc",
			"Đoàn công tác tham quan khuôn viên trường Đại học FPT Đà Nẵng.",
			"Hai bên ký kết thành công biên bản ghi nhớ hợp tác (MOU)",
			"Đại học Dong Eui sẽ tạo điều kiện để sinh viên Đại học FPT có kỳ thực tập OJT tại các môi trường chuyên nghiệp ở Hàn Quốc."
		],
		"em": [
			"*Đại học Dong Eui thành lập năm 1966, nằm tại trung tâm thành phố Busan. Trường nổi tiếng với nhiều ngành đào tạo và chất lượng giáo dục tốt, nằm trong top 200 trường Đại học xuất sắc nhất châu Á. Trường có quan hệ hợp tác với 23 quốc gia trên thế giới với 133 trường Đại học. Hiện nay số lượng sinh viên đăng ký theo học lên đến 18.000 sinh viên, trong đó có 3200 du học sinh quốc tế, hơn 200 sinh viên Việt Nam."
		],
		"h4": [
			"HÀ NỘI",
			"TP. HỒ CHÍ MINH",
			"ĐÀ NẴNG",
			"CẦN THƠ",
			"Quy Nhơn"
		],
		"h3": [
			"Đăng ký tư vấn"
		],
		"b": [
			"Hãy để lại SĐT để cán bộ nhà trường hỗ trợ bạn sớm nhất nhé"
		],
		"option": [
			"Tỉnh / Thành phố *",
			"An Giang",
			"Bà Rịa-Vũng Tàu",
			"Bắc Giang",
			"Bắc Kạn",
			"Bạc Liêu",
			"Bắc Ninh",
			"Bến Tre",
			"Bình Dương",
			"Bình Định",
			"Bình Phước",
			"Bình Thuận",
			"Cà Mau",
			"Cần Thơ",
			"Cao Bằng",
			"Cục Cảnh sát ĐKQL cư trú và DLQG về dân cư",
			"Cục Cảnh sát quản lý hành chính về trật tự xã hội",
			"Đà Nẵng",
			"Đắk Lắk",
			"Đăk Nông",
			"Điện Biên",
			"Đồng Nai",
			"Đồng Tháp",
			"Gia Lai",
			"Hà Giang",
			"Hà Nam",
			"Hà Tĩnh",
			"Hải Dương",
			"Hải Phòng",
			"Hậu Giang",
			"Hoà Bình",
			"Hưng Yên",
			"Khánh Hoà",
			"Kiên Giang",
			"Kon Tum",
			"Lai Châu",
			"Lâm Đồng",
			"Lạng Sơn",
			"Lào Cai",
			"Long An",
			"Nam Định",
			"Nghệ An",
			"Ninh Bình",
			"Ninh Thuận",
			"Phú Thọ",
			"Phú Yên",
			"Quảng Bình",
			"Quảng Nam",
			"Quảng Ngãi",
			"Quảng Ninh",
			"Quảng Trị",
			"Sóc Trăng",
			"Sơn La",
			"Tây Ninh",
			"Thái Bình",
			"Thái Nguyên",
			"Thanh Hoá",
			"Thừa Thiên - Huế",
			"Tiền Giang",
			"Trà Vinh",
			"Tuyên Quang",
			"Vĩnh Long",
			"Vĩnh Phúc",
			"Yên Bái",
			"Hà Nội",
			"TP. Hồ Chí Minh"
		]
	},
	"url": "https://daihoc.fpt.edu.vn/dai-hoc-fpt-da-nang-ky-thoa-thuan-hop-tac-voi-dai-hoc-dong-eui-han-quoc/"
}