{
	"data": {
		"title": [
			"Trịnh Thị Hà My: Cô lập trình viên xinh đẹp, đa tài bước ra từ trường Đại học FPT - Trường Đại học FPT"
		],
		"div": [
			"›\n\n›",
			"© 2024 Bản quyền thuộc về Trường Đại học FPT.",
			"Đăng ký tư vấn"
		],
		"a": [
			"Trường Đại học FPT",
			"Vietnamese",
			"English",
			"Trang chủ",
			"Giới thiệu",
			"Lịch sử thành lập",
			"Tập đoàn FPT",
			"Tổ chức giáo dục FPT",
			"Triết lý đào tạo",
			"Các giải thưởng và thành tích",
			"Ban lãnh đạo",
			"Gắn kết cộng đồng",
			"Tin tức",
			"Tin tức chung",
			"Hoạt động sinh viên",
			"Sự kiện",
			"Tuyển dụng",
			"Hướng nghiệp",
			"Ngành học",
			"Công nghệ thông tin",
			"Công nghệ ô tô số",
			"Kỹ thuật phần mềm",
			"Hệ thống thông tin",
			"Trí tuệ nhân tạo",
			"An toàn thông tin",
			"Thiết kế Mỹ thuật số",
			"Quản trị kinh doanh",
			"Tài chính",
			"Digital Marketing",
			"Kinh doanh quốc tế",
			"Quản lý Logistics & Chuỗi cung ứng toàn cầu",
			"Quản trị khách sạn",
			"Quản trị Du lịch và Lữ hành",
			"Công nghệ truyền thông",
			"Quản trị truyền thông đa phương tiện",
			"Quan hệ công chúng",
			"Ngôn ngữ Anh",
			"Ngôn ngữ Nhật",
			"Ngôn ngữ Hàn Quốc",
			"Ngôn ngữ Trung Quốc (Dự kiến)",
			"Đời sống sinh viên",
			"Một ngày tại Đại học FPT",
			"Vì sao nên học tại Đại học FPT",
			"Sự hài lòng của sinh viên",
			"Môi trường học tập",
			"Chương trình học linh hoạt",
			"Đời sống sinh viên",
			"Ký túc xá",
			"Các CLB & Cộng đồng sinh viên",
			"Các hoạt động thể thao trong trường",
			"Dịch vụ hỗ trợ",
			"Định hướng và khởi đầu",
			"Tốt nghiệp",
			"Câu chuyện sinh viên",
			"Hợp tác",
			"Ngành công nghiệp và doanh nghiệp",
			"Chương trình trao đổi sinh viên",
			"Chương trình học tập tại nước ngoài",
			"Hợp tác quốc tế",
			"Trao đổi sinh viên",
			"Học kỳ nước ngoài",
			"Các trường đại học đối tác",
			"Cựu sinh viên",
			"Cộng đồng cựu sinh viên",
			"Họ đang làm việc tại đâu",
			"Tuyển sinh",
			"Đề án tuyển sinh",
			"Tin tuyển sinh",
			"Liên hệ",
			"Đăng nhập",
			"Nguyễn Thị Hồng Yến",
			"Nữ sinh trường F trong tà áo dài ngày Xuân",
			"Gặp gỡ đội tuyển NGT’s OPEN ROBOT trước giải đấu FIRST Tech Challenge Vietnam",
			"Tỏa sáng với nghiên cứu khoa học, nữ sinh ĐH FPT khẳng định bản lĩnh và tài năng",
			"Phim ngắn “Thoi vàng chỉ ngọc” của SV ĐH FPT tại Cần Thơ được công chiếu ở Lotte Cinema",
			"SV trường ĐH FPT Hà Nội đón “tết trên bản” 2024",
			"Vietnamese",
			"English",
			"Facebook",
			"Youtube",
			"Tik Tok",
			"Hotline: (024)/(028) 73001866 - (0236)/(0292) 7301866"
		],
		"img": [
			"cropped cropped 2021 FPTU Long",
			"cropped cropped 2021 FPTU Long",
			"sinh vien dai hoc fpt 8",
			"sinh vien dai hoc fpt 8",
			"dai hoc fpt 1",
			"dai hoc fpt 1",
			"my duyen",
			"my duyen",
			"fpt 5",
			"fpt 5",
			"dai hoc fpt 1",
			"dai hoc fpt 1",
			"thông báo tuyển bổ sung",
			"thông báo tuyển bổ sung"
		],
		"p": [
			"Trang thông tin tuyển sinh chính thức của Trường Đại học FPT",
			"Khu Giáo dục và Đào tạo – Khu Công nghệ cao Hòa Lạc – Km29 Đại lộ Thăng Long, H. Thạch Thất,\nTP. Hà Nội",
			"Điện thoại: 024 7300 1866",
			"Email: daihocfpt@fpt.edu.vn",
			"Lô E2a-7, Đường D1 Khu Công nghệ cao, P. Long Thạnh Mỹ, TP. Thủ Đức, TP. Hồ Chí Minh",
			"Điện thoại: 028 7300 1866",
			"Email: daihocfpt@fpt.edu.vn",
			"Khu đô thị công nghệ FPT Đà Nẵng, P. Hoà Hải, Q. Ngũ Hành Sơn, TP. Đà Nẵng",
			"Điện thoại: 0236 730 1866",
			"Email: daihocfpt@fpt.edu.vn",
			"Số 600 Đường Nguyễn Văn Cừ (nối dài), P. An Bình, Q. Ninh Kiều, TP. Cần Thơ",
			"Điện thoại: 0292 730 1866",
			"Email: daihocfpt@fpt.edu.vn",
			"Khu đô thị mới An Phú Thịnh, Phường Nhơn Bình & Phường Đống Đa, TP. Quy\nNhơn, Bình Định",
			"Điện thoại: 0256 730 1866 /0256 7300 999",
			"Email: daihocfpt@fpt.edu.vn"
		],
		"label": [
			"Tìm kiếm",
			"Tìm kiếm"
		],
		"button": [
			"×",
			"Đăng ký",
			"Đóng"
		],
		"span": [
			"Trang chủ",
			"Alumni",
			"Trịnh Thị Hà My: Cô lập trình viên xinh đẹp, đa tài bước ra từ trường Đại học FPT",
			"bởi",
			"Bài trước",
			"Bài trước:",
			"← Chàng SV có niềm đam mê đặc biệt với những “liều thuốc địa lý”",
			"Bài tiếp",
			"Bài tiếp:",
			"Đỗ Thế Hiếu: Học bổng 100% ĐH FPT là thành quả đầy tự hào ở tuổi 18 →"
		],
		"h1": [
			"Trịnh Thị Hà My: Cô lập trình viên xinh đẹp, đa tài bước ra từ trường Đại học FPT"
		],
		"time": [
			"Thứ Hai, ngày 02 tháng 08 năm 2021",
			"11/05/2022",
			"05/02/2024",
			"05/02/2024",
			"05/02/2024",
			"02/02/2024",
			"01/02/2024"
		],
		"em": [
			"Cùng lắng nghe tâm sự của cô lập trình viên xinh đẹp trường F – Trịnh Thị Hà My – Cựu sinh viên K13 Ngành Kỹ thuật phần mềm Đại học FPT sau 4 năm gắn bó tại xứ sở Hola nhé!",
			"“Năm nhất đại học, tớ có tận 2 gia đình FGC – FU Guitar Club và JS – Japanese Software Engineering. Đối với 2 gia đình của mình thì mình muốn xin lỗi và cảm ơn. Xin lỗi mọi người vì nhiều đôi khi đã bỏ quên đi những người bạn, đôi khi chưa tròn trách nhiệm của một thành viên Ban chủ nhiệm (JS Club) hay OJT (FGC)… Xin lỗi vì những khoảng thời gian cuối đại học tớ bỏ quên các cậu, rồi đến lúc muốn quay lại thì thật là khó… Nhưng mà chữ CẢM ƠN to đùng dành cho 2 gia đình nhỏ vì thực sự là cuộc sống Đại học của tớ thiếu các cậu thì sẽ buồn tẻ lắm, sẽ không có Hờ Myy của ngày hôm nay. CẢM ƠN anh chị, những người bạn, người em thật đặc biệt đã luôn đồng hành và yêu thương mình. Cũng CẢM ƠN những “thị phi”, “tai tiếng” vì giúp mình trưởng thành và học được nhiều thứ hơn. Nói đi nói lại thì ai cũng sẽ phải trải qua chuyện vui, chuyện buồn.. nhưng sau tất cả thì tớ muốn nói cảm ơn 2 CLB của tôi và cảm ơn tất cả các sự kiện mà mình đã may mắn được tham gia. Đặc biệt là UNICAMP và FCamp đặc sản của FPT và là nơi mình được là chính mình nhất!",
			"Tớ là MC Hà My – em cảm ơn anh chị Phòng Công tác sinh viên, phòng Tuyển sinh và IC-PDP vì đã tin tưởng và trao cơ hội được trở thành con người mà em mong ước. Em được đứng trên sân khấu, được lead các sự kiện là những trải nghiệm tuyệt vời và quý báu mà không phải ai cũng có được. Em được khóc, được cười, được có những kỉ niệm từ các sự kiện và việc làm MC, đó mà món quà vô giá. Anh chị ơi! Em yêu anh chị rất nhiều!",
			"Một tình yêu to lớn dành cho những người thân thiết nhất với tôi F207 – Vi Thảo Linh, Nguyễn Hoàng Trang và Đỗ Thị Thanh Thủy nhé: “Yêu chúng mày ngàn vạn lần!”. Và tập thể 15 con người JS1302 – những người bạn vô cùng quý giá và đã đồng hành cùng nhau từ tận Nhật Bản về Việt Nam: “Chúc mọi người thành công và thật nhiều tiền!”",
			"Khi lựa chọn Đại học FPT, My vấp phải rất nhiều lời hoài nghi và những ý kiến tiêu cực. Mọi người gắn mác ‘trường công là tốt, trường tư thục dành cho kẻ nhiều tiền’. Đối với My, thực tế đã chứng minh đó là quan điểm không hoàn toàn đúng và có phần lạc hậu sau thời gian My trải nghiệm môi trường học tập tại FPT. Hai điều lớn nhất My phát triển và nhận được từ FPT là kỹ năng và danh tiếng.",
			"Hơn nữa việc lựa chọn theo IT cũng là một quyết định khó khăn. Đối với mình, trai gái chỉ là giới tính, sự phân biệt giữa trai gái trong ngành IT chỉ là định kiến mà mọi người tự xây nên và chúng ta áp đặt mình vào đó. Mẹ nói một câu: “Người khác làm được thì con cũng làm được”, và vì câu đó mà mình luôn cố gắng để hoàn thiện bản thân mỗi ngày. Trai hay gái thì chúng ta đều được học tập một cách bình đẳng nhất, vậy sao con gái không làm được những việc đàn ông họ giỏi? Mình luôn tin tưởng rằng tất cả mọi việc không gì không làm được chỉ là chúng ta có thực sự muốn làm hay là không.",
			"Đến hôm nay, ngay bây giờ, ở vị trí một lập trình viên đã tốt nghiệp: Mình tự hào về bản thân và không hề hối hận về quyết định của mình.”",
			"CẢM ƠN VÀ MÃI LÀ THANH XUÂN ĐẸP NHẤT CỦA TÔI – FPT ƠI!”",
			"Trịnh Thị Hà My",
			"Cựu sinh viên K13 Kỹ thuật phần mềm – Đại học FPT Hà Nội."
		],
		"h2": [
			"Điều hướng bài viết"
		],
		"h4": [
			"HÀ NỘI",
			"TP. HỒ CHÍ MINH",
			"ĐÀ NẴNG",
			"CẦN THƠ",
			"Quy Nhơn"
		],
		"h3": [
			"Đăng ký tư vấn"
		],
		"b": [
			"Hãy để lại SĐT để cán bộ nhà trường hỗ trợ bạn sớm nhất nhé"
		],
		"option": [
			"Tỉnh / Thành phố *",
			"An Giang",
			"Bà Rịa-Vũng Tàu",
			"Bắc Giang",
			"Bắc Kạn",
			"Bạc Liêu",
			"Bắc Ninh",
			"Bến Tre",
			"Bình Dương",
			"Bình Định",
			"Bình Phước",
			"Bình Thuận",
			"Cà Mau",
			"Cần Thơ",
			"Cao Bằng",
			"Cục Cảnh sát ĐKQL cư trú và DLQG về dân cư",
			"Cục Cảnh sát quản lý hành chính về trật tự xã hội",
			"Đà Nẵng",
			"Đắk Lắk",
			"Đăk Nông",
			"Điện Biên",
			"Đồng Nai",
			"Đồng Tháp",
			"Gia Lai",
			"Hà Giang",
			"Hà Nam",
			"Hà Tĩnh",
			"Hải Dương",
			"Hải Phòng",
			"Hậu Giang",
			"Hoà Bình",
			"Hưng Yên",
			"Khánh Hoà",
			"Kiên Giang",
			"Kon Tum",
			"Lai Châu",
			"Lâm Đồng",
			"Lạng Sơn",
			"Lào Cai",
			"Long An",
			"Nam Định",
			"Nghệ An",
			"Ninh Bình",
			"Ninh Thuận",
			"Phú Thọ",
			"Phú Yên",
			"Quảng Bình",
			"Quảng Nam",
			"Quảng Ngãi",
			"Quảng Ninh",
			"Quảng Trị",
			"Sóc Trăng",
			"Sơn La",
			"Tây Ninh",
			"Thái Bình",
			"Thái Nguyên",
			"Thanh Hoá",
			"Thừa Thiên - Huế",
			"Tiền Giang",
			"Trà Vinh",
			"Tuyên Quang",
			"Vĩnh Long",
			"Vĩnh Phúc",
			"Yên Bái",
			"Hà Nội",
			"TP. Hồ Chí Minh"
		]
	},
	"url": "https://daihoc.fpt.edu.vn/trinh-thi-ha-my-co-lap-trinh-vien-xinh-dep-da-tai-buoc-ra-tu-truong-dai-hoc-fpt/"
}