{
	"data": {
		"title": [
			"Thông báo chương trình học bổng tài năng \"FPT University Talent 2017\" - Trường Đại học FPT"
		],
		"div": [
			"›\n\n›",
			"© 2024 Bản quyền thuộc về Trường Đại học FPT.",
			"Đăng ký tư vấn"
		],
		"a": [
			"Trường Đại học FPT",
			"Vietnamese",
			"English",
			"Trang chủ",
			"Giới thiệu",
			"Lịch sử thành lập",
			"Tập đoàn FPT",
			"Tổ chức giáo dục FPT",
			"Triết lý đào tạo",
			"Các giải thưởng và thành tích",
			"Ban lãnh đạo",
			"Gắn kết cộng đồng",
			"Tin tức",
			"Tin tức chung",
			"Hoạt động sinh viên",
			"Sự kiện",
			"Tuyển dụng",
			"Hướng nghiệp",
			"Ngành học",
			"Công nghệ thông tin",
			"Công nghệ ô tô số",
			"Kỹ thuật phần mềm",
			"Hệ thống thông tin",
			"Trí tuệ nhân tạo",
			"An toàn thông tin",
			"Thiết kế Mỹ thuật số",
			"Quản trị kinh doanh",
			"Tài chính",
			"Digital Marketing",
			"Kinh doanh quốc tế",
			"Quản lý Logistics & Chuỗi cung ứng toàn cầu",
			"Quản trị khách sạn",
			"Quản trị Du lịch và Lữ hành",
			"Công nghệ truyền thông",
			"Quản trị truyền thông đa phương tiện",
			"Quan hệ công chúng",
			"Ngôn ngữ Anh",
			"Ngôn ngữ Nhật",
			"Ngôn ngữ Hàn Quốc",
			"Ngôn ngữ Trung Quốc (Dự kiến)",
			"Đời sống sinh viên",
			"Một ngày tại Đại học FPT",
			"Vì sao nên học tại Đại học FPT",
			"Sự hài lòng của sinh viên",
			"Môi trường học tập",
			"Chương trình học linh hoạt",
			"Đời sống sinh viên",
			"Ký túc xá",
			"Các CLB & Cộng đồng sinh viên",
			"Các hoạt động thể thao trong trường",
			"Dịch vụ hỗ trợ",
			"Định hướng và khởi đầu",
			"Tốt nghiệp",
			"Câu chuyện sinh viên",
			"Hợp tác",
			"Ngành công nghiệp và doanh nghiệp",
			"Chương trình trao đổi sinh viên",
			"Chương trình học tập tại nước ngoài",
			"Hợp tác quốc tế",
			"Trao đổi sinh viên",
			"Học kỳ nước ngoài",
			"Các trường đại học đối tác",
			"Cựu sinh viên",
			"Cộng đồng cựu sinh viên",
			"Họ đang làm việc tại đâu",
			"Tuyển sinh",
			"Đề án tuyển sinh",
			"Tin tuyển sinh",
			"Liên hệ",
			"Đăng nhập",
			"huonght20",
			"Nữ sinh trường F trong tà áo dài ngày Xuân",
			"Gặp gỡ đội tuyển NGT’s OPEN ROBOT trước giải đấu FIRST Tech Challenge Vietnam",
			"Tỏa sáng với nghiên cứu khoa học, nữ sinh ĐH FPT khẳng định bản lĩnh và tài năng",
			"Phim ngắn “Thoi vàng chỉ ngọc” của SV ĐH FPT tại Cần Thơ được công chiếu ở Lotte Cinema",
			"SV trường ĐH FPT Hà Nội đón “tết trên bản” 2024",
			"Vietnamese",
			"English",
			"Facebook",
			"Youtube",
			"Tik Tok",
			"Hotline: (024)/(028) 73001866 - (0236)/(0292) 7301866"
		],
		"img": [
			"cropped cropped 2021 FPTU Long",
			"cropped cropped 2021 FPTU Long",
			"sinh vien dai hoc fpt 8",
			"sinh vien dai hoc fpt 8",
			"dai hoc fpt 1",
			"dai hoc fpt 1",
			"my duyen",
			"my duyen",
			"fpt 5",
			"fpt 5",
			"dai hoc fpt 1",
			"dai hoc fpt 1",
			"thông báo tuyển bổ sung",
			"thông báo tuyển bổ sung"
		],
		"p": [
			"Trang thông tin tuyển sinh chính thức của Trường Đại học FPT",
			"Khu Giáo dục và Đào tạo – Khu Công nghệ cao Hòa Lạc – Km29 Đại lộ Thăng Long, H. Thạch Thất,\nTP. Hà Nội",
			"Điện thoại: 024 7300 1866",
			"Email: daihocfpt@fpt.edu.vn",
			"Lô E2a-7, Đường D1 Khu Công nghệ cao, P. Long Thạnh Mỹ, TP. Thủ Đức, TP. Hồ Chí Minh",
			"Điện thoại: 028 7300 1866",
			"Email: daihocfpt@fpt.edu.vn",
			"Khu đô thị công nghệ FPT Đà Nẵng, P. Hoà Hải, Q. Ngũ Hành Sơn, TP. Đà Nẵng",
			"Điện thoại: 0236 730 1866",
			"Email: daihocfpt@fpt.edu.vn",
			"Số 600 Đường Nguyễn Văn Cừ (nối dài), P. An Bình, Q. Ninh Kiều, TP. Cần Thơ",
			"Điện thoại: 0292 730 1866",
			"Email: daihocfpt@fpt.edu.vn",
			"Khu đô thị mới An Phú Thịnh, Phường Nhơn Bình & Phường Đống Đa, TP. Quy\nNhơn, Bình Định",
			"Điện thoại: 0256 730 1866 /0256 7300 999",
			"Email: daihocfpt@fpt.edu.vn"
		],
		"label": [
			"Tìm kiếm",
			"Tìm kiếm"
		],
		"button": [
			"×",
			"Đăng ký",
			"Đóng"
		],
		"i": [
			"Yêu cầu đối với clip dự thi:",
			"tại đây"
		],
		"span": [
			"Trang chủ",
			"Tin tuyển sinh",
			"Thông báo chương trình học bổng tài năng “FPT University Talent 2017”",
			"bởi",
			"Tìm kiếm, thu hút và bồi dưỡng các tài năng trẻ trong các lĩnh vực văn nghệ, thể thao; từ đó giúp phong trào văn hóa văn nghệ trong đời sống sinh viên ngày càng phát triển.",
			"Thí sinh có năm sinh từ 1998 – 2001.",
			"Có năng khiếu trong các lĩnh vực văn hoá nghệ thuật và thể thao: múa, hát, khiêu vũ, thể dục, thể thao, thơ văn, …",
			"Đại học FPT trao các suất học bổng bằng tiền mặt và học bổng 4 năm học tại Đại học FPT cho các thí sinh giành chiến thắng trong cuộc thi, cụ thể:",
			"Học bổng của Đại học FPT với tổng trị giá 3 tỷ đồng tương ứng các mức học bổng từ 50%, 70%, 100%,100%+ trong suốt 4 năm học tại Đại học FPT cho các thí sinh xuất sắc giành chiến thắng trong cuộc thi.",
			"Học bổng bằng tiền mặt, cụ thể:",
			"Giải Nhất vòng chung kết toàn quốc “FPT UNIVERSITY TALENT 2017”",
			"30.000.000",
			"01",
			"Giải Nhì vòng chung kết toàn quốc “FPT UNIVERSITY TALENT 2017”",
			"20.000.000",
			"01",
			"Giải Ba vòng chung kết toàn quốc “FPT UNIVERSITY TALENT 2017”",
			"10.000.000",
			"01",
			"Giải Phụ vòng chung kết toàn quốc “FPT UNIVERSITY TALENT 2017”",
			"5.000.000",
			"05",
			"Ngoài bộ hồ sơ đăng ký dự thi Đại học FPT, thí sinh cần gửi bằng chứng thể hiện tài năng của mình trong các lĩnh vực:",
			"Thể thao:",
			"01 Bản sao chứng nhận thành tích (nếu có)",
			"01 Clip quay cảnh thực hiện tiết mục thể thao.",
			"Văn thơ và tác phẩm âm nhạc, hội hoạ:",
			"01 Bản sao tác phẩm",
			"01 Clip giới thiệu tác phẩm do thí sinh hoặc người khác trình bày.",
			"Văn nghệ (đàn, hát, nhảy, múa, kịch, dẫn chương trình, diễn xuất,…)",
			"01 Bản sao chứng nhận thành tích (nếu có)",
			"01 Clip thể hiện tài năng của thí sinh.",
			"Người mẫu",
			"01 Bản sao chứng nhận thành tích (nếu có)",
			"01 Clip thể hiện tài năng của thí sinh.",
			"Nội dung lành mạnh, phù hợp với văn hóa Việt Nam.",
			"Thời lượng không quá 5 phút",
			"Chất lượng quay full HD.",
			"Thí sinh cam kết không vi phạm tác quyền.",
			"Thời gian:",
			"02/06 – hết ngày 12/07/2017.",
			"Cách thức đăng ký:",
			"Thí sinh upload clip/tác phẩm dự thi lên trang youtube/facebook cá nhân.",
			"Điền thông tin và gửi link bài cho trường trực tiếp",
			"hoặc qua địa chỉ email của các phân hiệu của trường.",
			"Tiêu đề email: Bai du thi HB FPT UNIVERSITY TALENT 2017_<Ho ten (không dấu)>_<Số CMT>_<Nơi đăng ký học (HN/HCM/DN/CT)>",
			"Ví dụ: Bai du thi HB FPT UNIVERSITY TALENT 2017_Ledaihoang_0102100740_HN",
			"Sau khi nhận được bài dự thi của thí sinh, Ban tổ chức (BTC) sẽ chấm điểm, đồng thời đăng tải bài thi lên",
			"Fanpage FPT University",
			"để tiến hành bình chọn.",
			"Cách thức chấm điểm:",
			"Điểm vòng sơ khảo được xác định theo căn cứ bên dưới để lựa chọn 12 tiết mục xuất sắc vào Vòng chung kết:",
			"50% tổng điểm từ BTC.",
			"50% tổng điểm từ điểm bình chọn các tiết mục của thí sinh đăng ký dự thi.",
			"Ca sĩ Đông Nhi",
			"Giáo sư Cù Trọng Xoay",
			"Nghệ sĩ Trần Thái Sơn (Cựu sinh viên Đại học FPT Đà Nẵng – cán bộ Ban văn hóa đoàn thể tập đoàn FPT)",
			"Gồm 3 bước:",
			"Like (Thích)",
			"Fanpage FPT University",
			"Like (Thích) Event “Học bổng FPT UNIVERSITY TALENT 2017”",
			"Like/Comment/Share (Thích/Bình luận/Chia sẻ) video clip của thí sinh muốn bình chọn trên post trong Event“Học bổng FPT UNIVERSITY TALENT 2017” .",
			"Mỗi 1 lượt Like (Thích) trên mỗi clip được tính là",
			"Một lượt Comment (Bình luận) trên mỗi clip được tính là",
			"Mỗi lượt Share (Chia sẻ) trên mỗi clip được tính là",
			"Lượt Share (Chia sẻ) phải được để dưới dạng Public, lượt Like (Thích) không được tính nếu chưa Like (Thích)",
			"Fanpage FPT University",
			"và Event “Học bổng FPT UNIVERSITY TALENT 2017”.",
			"BTC sẽ ủy quyền cho một bên thứ 3 kiểm tra số lượt bình chọn để đảm bảo tính công bằng của cuộc thi",
			"Tất cả các thí sinh có clip hack Like (sử dụng Like ảo làm tăng số lượt bình chọn) sẽ không được công nhận kết quả hoặc sẽ bị thu hồi kết quả nếu đã BTC đã công bố trước thời điểm phát hiện.",
			"Thời gian: 17/07/2017",
			"Địa điểm: Đà Nẵng",
			"Cách thức tham gia: Công diễn trực tiếp trong đêm Gala.",
			"Mỗi thí sinh chuẩn bị 1 tiết mục dự thi để thể hiện tài năng của mình.",
			"BGK sẽ chấm điểm, chọn ra các tiết mục Nhất/Nhì/Ba chung cuộc và các Giải phụ khác để trao các mức học bổng tương ứng.",
			"Thí sinh đạt học bổng “FPT UNIVERSITY TALENT 2017” cần đủ điều kiện học Đại học theo quy định của Bộ Giáo dục & Đào tạo để nhập học Đại học FPT.",
			"Thí sinh chưa đủ tuổi học đại học theo quy định của Bộ Giáo dục & Đào tạo được bảo lưu học bổng cho tới khi đủ tuổi.",
			"Học bổng “FPT UNIVERSITY TALENT 2017” là học bổng đích danh và không có giá trị chuyển đổi cho người khác cũng như chuyển đổi thành tiền mặt;",
			"Học bổng “FPT UNIVERSITY TALENT 2017” là độc lập và không áp dụng cùng với bất cứ một hình thức ưu đãi nào khác của Trường Đại học FPT;",
			"Đối với học bổng mức 100%+ (học phí và sinh hoạt phí): Sinh hoạt phí là chi phí ăn ở, chỉ được hỗ trợ trong thời gian thực học theo chương trình (bao gồm cả học phí chương trình tiếng Anh dự bị), không áp dụng cho các giai đoạn tạm ngưng học vì bất cứ lý do gì.",
			"Bài trước",
			"Bài trước:",
			"← Nhận được từ Đại học FPT nhiều hơn những gì mong đợi",
			"Bài tiếp",
			"Bài tiếp:",
			"Đừng bỏ sót những điều này trước kỳ thi THPT Quốc gia 2017 →"
		],
		"h1": [
			"Thông báo chương trình học bổng tài năng “FPT University Talent 2017”"
		],
		"time": [
			"Thứ Sáu, ngày 02 tháng 06 năm 2017",
			"30/06/2022",
			"05/02/2024",
			"05/02/2024",
			"05/02/2024",
			"02/02/2024",
			"01/02/2024"
		],
		"b": [
			"1. Mục đích",
			"2. Đối tượng tham gia chương trình",
			"3. Số lượng, mức học bổng và tiêu chí cấp",
			"Tiêu chí cấp",
			"Trị giá học bổng (VNĐ)",
			"Số lượng",
			"4. Hồ sơ đăng ký tham gia chương trình",
			"5. Lịch trình và cách thức tham gia chương trình",
			"VÒNG SƠ KHẢO",
			"THÀNH PHẦN BAN GIÁM KHẢO",
			"PHƯƠNG THỨC BÌNH CHỌN",
			"CÁCH TÍNH ĐIỂM:",
			"1 điểm.",
			"2 điểm.",
			"5 điểm.",
			"LƯU Ý TRONG BÌNH CHỌN:",
			"VÒNG CHUNG KẾT",
			"6. Các quy định khác",
			"Hãy để lại SĐT để cán bộ nhà trường hỗ trợ bạn sớm nhất nhé"
		],
		"h2": [
			"Điều hướng bài viết"
		],
		"h4": [
			"HÀ NỘI",
			"TP. HỒ CHÍ MINH",
			"ĐÀ NẴNG",
			"CẦN THƠ",
			"Quy Nhơn"
		],
		"h3": [
			"Đăng ký tư vấn"
		],
		"option": [
			"Tỉnh / Thành phố *",
			"An Giang",
			"Bà Rịa-Vũng Tàu",
			"Bắc Giang",
			"Bắc Kạn",
			"Bạc Liêu",
			"Bắc Ninh",
			"Bến Tre",
			"Bình Dương",
			"Bình Định",
			"Bình Phước",
			"Bình Thuận",
			"Cà Mau",
			"Cần Thơ",
			"Cao Bằng",
			"Cục Cảnh sát ĐKQL cư trú và DLQG về dân cư",
			"Cục Cảnh sát quản lý hành chính về trật tự xã hội",
			"Đà Nẵng",
			"Đắk Lắk",
			"Đăk Nông",
			"Điện Biên",
			"Đồng Nai",
			"Đồng Tháp",
			"Gia Lai",
			"Hà Giang",
			"Hà Nam",
			"Hà Tĩnh",
			"Hải Dương",
			"Hải Phòng",
			"Hậu Giang",
			"Hoà Bình",
			"Hưng Yên",
			"Khánh Hoà",
			"Kiên Giang",
			"Kon Tum",
			"Lai Châu",
			"Lâm Đồng",
			"Lạng Sơn",
			"Lào Cai",
			"Long An",
			"Nam Định",
			"Nghệ An",
			"Ninh Bình",
			"Ninh Thuận",
			"Phú Thọ",
			"Phú Yên",
			"Quảng Bình",
			"Quảng Nam",
			"Quảng Ngãi",
			"Quảng Ninh",
			"Quảng Trị",
			"Sóc Trăng",
			"Sơn La",
			"Tây Ninh",
			"Thái Bình",
			"Thái Nguyên",
			"Thanh Hoá",
			"Thừa Thiên - Huế",
			"Tiền Giang",
			"Trà Vinh",
			"Tuyên Quang",
			"Vĩnh Long",
			"Vĩnh Phúc",
			"Yên Bái",
			"Hà Nội",
			"TP. Hồ Chí Minh"
		]
	},
	"url": "https://daihoc.fpt.edu.vn/thong-bao-chuong-trinh-hoc-bong-tai-nang-fpt-university-talent-2017/"
}