{
	"data": {
		"title": [
			"Tưng bừng hoạt động chào đón SV trường F Back to school - Spring 24 - Trường Đại học FPT"
		],
		"div": [
			"© 2024 Bản quyền thuộc về Trường Đại học FPT.",
			"Đăng ký tư vấn"
		],
		"a": [
			"Trường Đại học FPT",
			"Vietnamese",
			"English",
			"Trang chủ",
			"Giới thiệu",
			"Lịch sử thành lập",
			"Tập đoàn FPT",
			"Tổ chức giáo dục FPT",
			"Triết lý đào tạo",
			"Các giải thưởng và thành tích",
			"Ban lãnh đạo",
			"Gắn kết cộng đồng",
			"Tin tức",
			"Tin tức chung",
			"Hoạt động sinh viên",
			"Sự kiện",
			"Tuyển dụng",
			"Hướng nghiệp",
			"Ngành học",
			"Công nghệ thông tin",
			"Công nghệ ô tô số",
			"Kỹ thuật phần mềm",
			"Hệ thống thông tin",
			"Trí tuệ nhân tạo",
			"An toàn thông tin",
			"Thiết kế Mỹ thuật số",
			"Quản trị kinh doanh",
			"Tài chính",
			"Digital Marketing",
			"Kinh doanh quốc tế",
			"Quản lý Logistics & Chuỗi cung ứng toàn cầu",
			"Quản trị khách sạn",
			"Quản trị Du lịch và Lữ hành",
			"Công nghệ truyền thông",
			"Quản trị truyền thông đa phương tiện",
			"Quan hệ công chúng",
			"Ngôn ngữ Anh",
			"Ngôn ngữ Nhật",
			"Ngôn ngữ Hàn Quốc",
			"Ngôn ngữ Trung Quốc (Dự kiến)",
			"Đời sống sinh viên",
			"Một ngày tại Đại học FPT",
			"Vì sao nên học tại Đại học FPT",
			"Sự hài lòng của sinh viên",
			"Môi trường học tập",
			"Chương trình học linh hoạt",
			"Đời sống sinh viên",
			"Ký túc xá",
			"Các CLB & Cộng đồng sinh viên",
			"Các hoạt động thể thao trong trường",
			"Dịch vụ hỗ trợ",
			"Định hướng và khởi đầu",
			"Tốt nghiệp",
			"Câu chuyện sinh viên",
			"Hợp tác",
			"Ngành công nghiệp và doanh nghiệp",
			"Chương trình trao đổi sinh viên",
			"Chương trình học tập tại nước ngoài",
			"Hợp tác quốc tế",
			"Trao đổi sinh viên",
			"Học kỳ nước ngoài",
			"Các trường đại học đối tác",
			"Cựu sinh viên",
			"Cộng đồng cựu sinh viên",
			"Họ đang làm việc tại đâu",
			"Tuyển sinh",
			"Đề án tuyển sinh",
			"Tin tuyển sinh",
			"Liên hệ",
			"Đăng nhập",
			"Quỳnh",
			"Nữ sinh trường ĐH FPT với ước mơ làm việc trong môi trường quốc tế",
			"Trường Đại học FPT quy tụ hàng nghìn SV quốc tế tại Giải vô địch tranh biện thế giới",
			"Tập đoàn FPT mong muốn đầu tư xây dựng Tổ hợp Giáo dục – Khoa học công nghệ với quy mô từ 10 – 20 ha tại Hải Phòng",
			"Nữ sinh trường F trong tà áo dài ngày Xuân",
			"Gặp gỡ đội tuyển NGT’s OPEN ROBOT trước giải đấu FIRST Tech Challenge Vietnam",
			"Tỏa sáng với nghiên cứu khoa học, nữ sinh ĐH FPT khẳng định bản lĩnh và tài năng",
			"Phim ngắn “Thoi vàng chỉ ngọc” của SV ĐH FPT tại Cần Thơ được công chiếu ở Lotte Cinema",
			"SV trường ĐH FPT Hà Nội đón “tết trên bản” 2024",
			"Vietnamese",
			"English",
			"Facebook",
			"Youtube",
			"Tik Tok",
			"Hotline: (024)/(028) 73001866 - (0236)/(0292) 7301866"
		],
		"img": [
			"cropped cropped 2021 FPTU Long",
			"cropped cropped 2021 FPTU Long",
			"dai hoc fpt da nang 1",
			"dai hoc fpt da nang 1",
			"dai hoc fpt hcm 1",
			"dai hoc fpt hcm 1",
			"dai hoc fpt da nang 3",
			"dai hoc fpt da nang 3",
			"dai hoc fpt hcm 4",
			"dai hoc fpt hcm 4",
			"dai hoc fpt da nang 8",
			"dai hoc fpt da nang 8",
			"dai hoc fpt hcm 9",
			"dai hoc fpt hcm 9",
			"dai hoc fpt hcm 10",
			"dai hoc fpt hcm 10",
			"dai hoc fpt hcm 2",
			"dai hoc fpt hcm 2",
			"dai hoc fpt da nang 7",
			"dai hoc fpt da nang 7",
			"dai hoc fpt hcm 3",
			"dai hoc fpt hcm 3",
			"dai hoc fpt hcm 8",
			"dai hoc fpt hcm 8",
			"dai hoc fpt hcm 11",
			"dai hoc fpt hcm 11",
			"dai hoc fpt da nang 10",
			"dai hoc fpt da nang 10",
			"dai hoc fpt da nang 9",
			"dai hoc fpt da nang 9",
			"sinh vien dai hoc fpt 8",
			"sinh vien dai hoc fpt 8",
			"dai hoc fpt 1",
			"dai hoc fpt 1",
			"my duyen",
			"my duyen",
			"fpt 5",
			"fpt 5",
			"dai hoc fpt 1",
			"dai hoc fpt 1",
			"thông báo tuyển bổ sung",
			"thông báo tuyển bổ sung"
		],
		"p": [
			"Trang thông tin tuyển sinh chính thức của Trường Đại học FPT",
			"Để “mở bát” cho một học kỳ thật rực rỡ, Back to school – Spring 24 đã diễn ra vô cùng hào hứng với những thông điệp từ “từ vũ trụ” thông qua xem bài Torot, tiết mục văn nghệ mang đậm dấu ấn của Tết được thể hiện bởi bạn Hà Tuyến và Hải Đăng. Bên cạnh đó, là lời chúc đầy ý nghĩa, được “phù phép” để các Cóc có một năm thật rực rỡ.",
			"Cùng nhìn ngắm lại những hình ảnh xinh xắn của hoạt động này nhé.",
			"Hoạt động check-in và cây ước nguyện qua việc viết những mong ước tích cực cho học kỳ Spring 2024.",
			"Music Corner: Thưởng thức tiết mục âm nhạc sối động cho học kỳ mới tràn đầy năng lượng.",
			"Workshop làm hoa kẽm nhung: Rèn luyện sự khéo léo và sáng tạo ra những bông hoa tươi thắm dành tặng cho bản thân và bạn bè trong những ngày đầu học kỳ mới.",
			"Tham gia trò chơi cùng “đồng bọn” để tăng sự đoàn kết và nhận về những phần quà liền tay.",
			"Nếu như hầu hết các trường ĐH thường chia chương trình học một năm của mình thành hai kỳ và được nghỉ hè sau khi đã hoàn thành năm học. Thì ở Đại học FPT lại chia năm học thành 3 kỳ với những cái tên rất “hay ho” là: Mùa Xuân, Mùa Thu Và Mùa Đông. Chính vì điều đó, sinh viên trường F cũng có ba kỳ nghỉ cùng tên, bắt đầu ngay khi kỳ học kết thúc và kéo dài một tháng.",
			"Sinh viên trường F “thiệt thòi” là chỉ được nghỉ hè đúng 1 tuần. Nhưng bù lại, các bạn có ba kỳ nghỉ, tổng cộng là ba tháng, được trải dài trong suốt một năm. Tính ra lại không hề “thiệt” một chút nào, còn không bị sao nhãng mất kiến thức hay hao hụt tinh thần học tập do nghỉ quá lâu. Hơn nữa, tháng nghỉ này cũng như một phần thưởng sau một kỳ học vất vả, căng thẳng. Mỗi bạn sinh viên Đại học FPT lại có một cách “tận hưởng” kỳ nghỉ của mình khác nhau, một cách riêng để tạo nên kỳ nghỉ ý nghĩa của chính mình.",
			"Ảnh: Phòng CTSV ĐH FPT",
			"Được làm việc trong môi trường quốc tế, từ lâu đã là niềm mong ước của Huyền Trân – cô sinh viên ngành Kinh doanh quốc tế, trường Đại học FPT. Vì vậy khi thực sự đặt “những viên gạch đầu tiên” trong việc học tập tại...",
			"Vừa qua, gần 1000 sinh viên quốc tế thuộc 300 đội thi đến từ hơn 60 quốc gia đã tụ hội tại Đại học FPT phân hiệu TP.HCM, tham gia dự thi World University Debating Championship (WUDC) – Giải vô địch Hùng biện thế giới bậc đại học. World...",
			"Chiều 04/01, UBND thành phố Hải Phòng và Tập đoàn FPT tổ chức Hội nghị hợp tác về triển khai các nội dung chuyển đổi số và đầu tư giáo dục trên địa bàn thành phố. Dự Hội nghị có các đồng chí: Lê Tiến Châu, Ủy viên Trung ương...",
			"Khu Giáo dục và Đào tạo – Khu Công nghệ cao Hòa Lạc – Km29 Đại lộ Thăng Long, H. Thạch Thất,\nTP. Hà Nội",
			"Điện thoại: 024 7300 1866",
			"Email: daihocfpt@fpt.edu.vn",
			"Lô E2a-7, Đường D1 Khu Công nghệ cao, P. Long Thạnh Mỹ, TP. Thủ Đức, TP. Hồ Chí Minh",
			"Điện thoại: 028 7300 1866",
			"Email: daihocfpt@fpt.edu.vn",
			"Khu đô thị công nghệ FPT Đà Nẵng, P. Hoà Hải, Q. Ngũ Hành Sơn, TP. Đà Nẵng",
			"Điện thoại: 0236 730 1866",
			"Email: daihocfpt@fpt.edu.vn",
			"Số 600 Đường Nguyễn Văn Cừ (nối dài), P. An Bình, Q. Ninh Kiều, TP. Cần Thơ",
			"Điện thoại: 0292 730 1866",
			"Email: daihocfpt@fpt.edu.vn",
			"Khu đô thị mới An Phú Thịnh, Phường Nhơn Bình & Phường Đống Đa, TP. Quy\nNhơn, Bình Định",
			"Điện thoại: 0256 730 1866 /0256 7300 999",
			"Email: daihocfpt@fpt.edu.vn"
		],
		"label": [
			"Tìm kiếm",
			"Tìm kiếm"
		],
		"button": [
			"×",
			"Đăng ký",
			"Đóng"
		],
		"span": [
			"Trang chủ",
			"bởi",
			"Bài trước",
			"Bài trước:",
			"← Tập đoàn FPT mong muốn đầu tư xây dựng Tổ hợp Giáo dục – Khoa học công nghệ với quy mô từ 10 – 20 ha tại Hải Phòng",
			"Bài tiếp",
			"Bài tiếp:",
			"Trường học hạnh phúc lan toả văn hoá tử tế nhân dịp Tết →"
		],
		"h1": [
			"Tưng bừng hoạt động chào đón SV trường F Back to school – Spring 24"
		],
		"time": [
			"Thứ Sáu, ngày 05 tháng 01 năm 2024",
			"05/02/2024",
			"05/02/2024",
			"05/02/2024",
			"02/02/2024",
			"01/02/2024"
		],
		"strong": [
			"Sinh viên trường ĐH FPT trên các phân hiệu đã bắt đầu quay lại trường để bắt đầu học kỳ Spring 2024 sau 1 tháng nghỉ ngơi. Phòng Công tác sinh viên trên toàn quốc đã tổ chức nhiều hoạt động thú vị, hấp dẫn để chào đón các bạn. Một kỳ học mới lại bắt đầu, mang theo rất nhiềm niềm tin, hoài bão của các cóc nhà F."
		],
		"h2": [
			"Bài viết liên quan",
			"Điều hướng bài viết"
		],
		"h3": [
			"Đăng ký tư vấn"
		],
		"h4": [
			"HÀ NỘI",
			"TP. HỒ CHÍ MINH",
			"ĐÀ NẴNG",
			"CẦN THƠ",
			"Quy Nhơn"
		],
		"b": [
			"Hãy để lại SĐT để cán bộ nhà trường hỗ trợ bạn sớm nhất nhé"
		],
		"option": [
			"Tỉnh / Thành phố *",
			"An Giang",
			"Bà Rịa-Vũng Tàu",
			"Bắc Giang",
			"Bắc Kạn",
			"Bạc Liêu",
			"Bắc Ninh",
			"Bến Tre",
			"Bình Dương",
			"Bình Định",
			"Bình Phước",
			"Bình Thuận",
			"Cà Mau",
			"Cần Thơ",
			"Cao Bằng",
			"Cục Cảnh sát ĐKQL cư trú và DLQG về dân cư",
			"Cục Cảnh sát quản lý hành chính về trật tự xã hội",
			"Đà Nẵng",
			"Đắk Lắk",
			"Đăk Nông",
			"Điện Biên",
			"Đồng Nai",
			"Đồng Tháp",
			"Gia Lai",
			"Hà Giang",
			"Hà Nam",
			"Hà Tĩnh",
			"Hải Dương",
			"Hải Phòng",
			"Hậu Giang",
			"Hoà Bình",
			"Hưng Yên",
			"Khánh Hoà",
			"Kiên Giang",
			"Kon Tum",
			"Lai Châu",
			"Lâm Đồng",
			"Lạng Sơn",
			"Lào Cai",
			"Long An",
			"Nam Định",
			"Nghệ An",
			"Ninh Bình",
			"Ninh Thuận",
			"Phú Thọ",
			"Phú Yên",
			"Quảng Bình",
			"Quảng Nam",
			"Quảng Ngãi",
			"Quảng Ninh",
			"Quảng Trị",
			"Sóc Trăng",
			"Sơn La",
			"Tây Ninh",
			"Thái Bình",
			"Thái Nguyên",
			"Thanh Hoá",
			"Thừa Thiên - Huế",
			"Tiền Giang",
			"Trà Vinh",
			"Tuyên Quang",
			"Vĩnh Long",
			"Vĩnh Phúc",
			"Yên Bái",
			"Hà Nội",
			"TP. Hồ Chí Minh"
		]
	},
	"url": "https://daihoc.fpt.edu.vn/tung-bung-hoat-dong-chao-don-sv-truong-f-back-to-school-spring-24/"
}