{
	"data": {
		"title": [
			"Van – FPT University"
		],
		"div": [
			"© 2024 FPT University. All rights reserved."
		],
		"img": [
			"Trường đại học FPT"
		],
		"a": [
			"FPT University",
			"Vietnamese",
			"English",
			"About",
			"President’s Messages",
			"FPT University",
			"Organizational Chart",
			"Faculty & Staff",
			"Recruitment Process",
			"Faculty",
			"Faculty of Business – Hanoi campus",
			"IT-related Departments",
			"Language-related Departments",
			"General Education Departments",
			"Students",
			"Admission",
			"Admission Regulations",
			"Scholarship & Financial Aids",
			"Tuition Fee",
			"Forms and Documents",
			"FAQs",
			"Student life",
			"Course Schedule",
			"Facilities",
			"Virtual Tour",
			"Program of Study",
			"Bachelor of Information Technology",
			"Software Engineering",
			"Information System",
			"Information Assurance",
			"Internet of Things",
			"Artificial Intelligence",
			"Digital Art & Design",
			"Bachelor of Business Administration",
			"Bachelor of English Studies",
			"Bachelor of Japanese Studies",
			"Bachelor of Korean Studies",
			"Syllabi",
			"News & Events",
			"Research",
			"Policy",
			"Publications",
			"Resources and Research Tools",
			"Faculty Exchange",
			"Accreditation",
			"ACBSP",
			"AQAS",
			"CDIO",
			"ISO Standards",
			"Sustainable Development",
			"Sustainable Development Policy",
			"SDGs Report",
			"Traditional Music",
			"Vovinam",
			"Documents",
			"Employee Handbook & Policies",
			"Forms & Templates for Lecturer",
			"Forms & Templates for Students",
			"Stakeholder involvement",
			"Certificates & Recognitions",
			"Student Achievement",
			"Contact",
			"FPTU Faculty of Business’ final preparation for ACBSP on-site visit",
			"Van",
			"FPT University prepares for ACBSP on-site visit",
			"Van",
			"FPT University gains autonomy in opening new programs and joint-training activities by being accredited by the Ministry of Education and Training",
			"Van",
			"Faculty of Business Holds Round-table Discourse to Jumpstart STEM Interest Among Youth",
			"Van",
			"5 Tips for successful scholarship interviews",
			"Van",
			"FPT receives Brand Influencer Award at Brandlaureate International 2018-2019",
			"Van",
			"FPT University showcases “Dream of Innovation” at International Education Fair Myanmar 2019",
			"Van",
			"Opportunity to study in the UK for FPT University students",
			"Van",
			"Enjoy 5-Star Student Services at FPT University",
			"Van",
			"Opportunity to find a job for FPT University students at International day – Fly high jobs",
			"Van",
			"2",
			"4",
			"Online Consulting: (024)/(028) 73001866"
		],
		"span": [
			"Search for:",
			"Van",
			"by",
			"by",
			"by",
			"by",
			"by",
			"by",
			"by",
			"by",
			"by",
			"by",
			"1",
			"…"
		],
		"h2": [
			"Author:",
			"Posts navigation"
		],
		"time": [
			"October 5, 2019",
			"August 1, 2022",
			"September 16, 2019",
			"August 1, 2022",
			"August 13, 2019",
			"August 2, 2022",
			"July 13, 2019",
			"September 9, 2022",
			"July 7, 2019",
			"August 2, 2022",
			"July 3, 2019",
			"September 16, 2022",
			"June 26, 2019",
			"August 2, 2022",
			"June 3, 2019",
			"August 2, 2022",
			"May 28, 2019",
			"August 2, 2022",
			"May 22, 2019",
			"August 2, 2022"
		]
	},
	"url": "https://daihoc.fpt.edu.vn/en/author/vanvl/"
}