{
	"data": {
		"title": [
			"Giảng viên ĐH FPT áp dụng phương pháp \"học kiến tạo\" giúp sinh viên hào hứng hơn - Trường Đại học FPT"
		],
		"div": [
			"›\n\n›",
			"Cô Kiều Thị Thu Chung hỗ trợ sinh viên làm quen với phương pháp học kiến tạo",
			"Cô Ngô Hà Trang đặt ra mục tiêu giúp sinh viên quản lý thời gian và tăng độ tập trung khi học kiến tạo",
			"Cô Nguyễn Thị Thới (áo vest đen) khích lệ sinh viên thường xuyên tương tác bằng việc sử dụng các platform",
			"© 2024 Bản quyền thuộc về Trường Đại học FPT.",
			"Đăng ký tư vấn"
		],
		"a": [
			"Trường Đại học FPT",
			"Vietnamese",
			"English",
			"Trang chủ",
			"Giới thiệu",
			"Lịch sử thành lập",
			"Tập đoàn FPT",
			"Tổ chức giáo dục FPT",
			"Triết lý đào tạo",
			"Các giải thưởng và thành tích",
			"Ban lãnh đạo",
			"Gắn kết cộng đồng",
			"Tin tức",
			"Tin tức chung",
			"Hoạt động sinh viên",
			"Sự kiện",
			"Tuyển dụng",
			"Hướng nghiệp",
			"Ngành học",
			"Công nghệ thông tin",
			"Công nghệ ô tô số",
			"Kỹ thuật phần mềm",
			"Hệ thống thông tin",
			"Trí tuệ nhân tạo",
			"An toàn thông tin",
			"Thiết kế Mỹ thuật số",
			"Quản trị kinh doanh",
			"Tài chính",
			"Digital Marketing",
			"Kinh doanh quốc tế",
			"Quản lý Logistics & Chuỗi cung ứng toàn cầu",
			"Quản trị khách sạn",
			"Quản trị Du lịch và Lữ hành",
			"Công nghệ truyền thông",
			"Quản trị truyền thông đa phương tiện",
			"Quan hệ công chúng",
			"Ngôn ngữ Anh",
			"Ngôn ngữ Nhật",
			"Ngôn ngữ Hàn Quốc",
			"Ngôn ngữ Trung Quốc (Dự kiến)",
			"Đời sống sinh viên",
			"Một ngày tại Đại học FPT",
			"Vì sao nên học tại Đại học FPT",
			"Sự hài lòng của sinh viên",
			"Môi trường học tập",
			"Chương trình học linh hoạt",
			"Đời sống sinh viên",
			"Ký túc xá",
			"Các CLB & Cộng đồng sinh viên",
			"Các hoạt động thể thao trong trường",
			"Dịch vụ hỗ trợ",
			"Định hướng và khởi đầu",
			"Tốt nghiệp",
			"Câu chuyện sinh viên",
			"Hợp tác",
			"Ngành công nghiệp và doanh nghiệp",
			"Chương trình trao đổi sinh viên",
			"Chương trình học tập tại nước ngoài",
			"Hợp tác quốc tế",
			"Trao đổi sinh viên",
			"Học kỳ nước ngoài",
			"Các trường đại học đối tác",
			"Cựu sinh viên",
			"Cộng đồng cựu sinh viên",
			"Họ đang làm việc tại đâu",
			"Tuyển sinh",
			"Đề án tuyển sinh",
			"Tin tuyển sinh",
			"Liên hệ",
			"Đăng nhập",
			"Nguyễn Thị Hồng Yến",
			"https://quizizz.com/",
			"https://padlet.com/",
			"https://www.menti.com/",
			"Nữ sinh trường F trong tà áo dài ngày Xuân",
			"Gặp gỡ đội tuyển NGT’s OPEN ROBOT trước giải đấu FIRST Tech Challenge Vietnam",
			"Tỏa sáng với nghiên cứu khoa học, nữ sinh ĐH FPT khẳng định bản lĩnh và tài năng",
			"Phim ngắn “Thoi vàng chỉ ngọc” của SV ĐH FPT tại Cần Thơ được công chiếu ở Lotte Cinema",
			"SV trường ĐH FPT Hà Nội đón “tết trên bản” 2024",
			"Vietnamese",
			"English",
			"Facebook",
			"Youtube",
			"Tik Tok",
			"Hotline: (024)/(028) 73001866 - (0236)/(0292) 7301866"
		],
		"img": [
			"cropped cropped 2021 FPTU Long",
			"cropped cropped 2021 FPTU Long",
			"sinh vien dai hoc fpt 8",
			"sinh vien dai hoc fpt 8",
			"dai hoc fpt 1",
			"dai hoc fpt 1",
			"my duyen",
			"my duyen",
			"fpt 5",
			"fpt 5",
			"dai hoc fpt 1",
			"dai hoc fpt 1",
			"thông báo tuyển bổ sung",
			"thông báo tuyển bổ sung"
		],
		"p": [
			"Trang thông tin tuyển sinh chính thức của Trường Đại học FPT",
			"“Trước đây, các môn chính trị sử dụng một số phương pháp dạy học trong đó chủ yếu là thuyết giảng và thuyết trình.” Cô Kiều Thị Thu Chung (Chủ nhiệm bộ môn Soft Skill, ĐH FPT TP Hồ Chí Minh) cho biết. “Với phương pháp thuyết giảng, sinh viên dễ bị trôi kiến thức. Với thuyết trình, sinh viên thường chỉ quan tâm đến nội dung câu hỏi và phần trình bày của cá nhân hoặc nhóm mình, ít quan tâm đến các nội dung của bạn khác, nhóm khác.” Vậy nên, khi được giới thiệu, tìm hiểu và áp dụng Constructivism vào giảng dạy, cô Chung cảm thấy rất hào hứng.",
			"Cô Chung hỗ trợ sinh viên vượt qua những bỡ ngỡ ban đầu để làm quen với phương pháp học kiến tạo. “Phần quan trọng nhất là chuẩn bị bộ câu hỏi kiến tạo, chia sẻ để sinh viên hiểu rõ phương pháp và giá trị của Constructivism, làm quen với EduNext. Sau vài slot đầu tiên, sinh viên đã tích cực tham gia vào giờ học hơn nhiều.” cô Chung chia sẻ.",
			"Học kiến tạo mở ra nhiều góc nhìn thú vị và mới mẻ cho cô Chung cùng các sinh viên ĐH FPT TP Hồ Chí Minh. “Có nhiều sinh viên khiến mình bất ngờ bởi cách suy nghĩ, đặt câu hỏi của các bạn. Tư duy phản biện của các bạn cũng rất tốt. Học online nhưng slot kiến tạo nào cũng sôi nổi. Việc sử dụng EduNext cũng rất thú vị.” cô Chung cho biết.",
			"Theo cô Chung, vẫn còn một số khó khăn cần vượt qua trong việc dạy và học Constructivism là xây dựng bộ câu hỏi thật sự kiến tạo, duy trì được sự hào hứng, tích cực của sinh viên, đánh giá kết quả học tập của các bạn một cách toàn diện, chính xác.",
			"Cô Ngô Hà Trang (GV bộ môn Quản trị Doanh nghiệp, ĐH FPT Đà Nẵng) đang áp dụng Constructivism vào việc giảng dạy bộ môn Kinh tế vĩ mô ở kỳ Summer 2021. Đây là môn học cần có những lý thuyết cơ bản để áp dụng giải thích các vấn đề trong tổng thể nền kinh tế (GDP, CPI, Tỷ lệ thất nghiệp…) nên dạy theo phương pháp kiến tạo giúp sinh viên ĐH FPT Đà Nẵng có cái nhìn chi tiết hơn về nội dung bài học. “Thay vì nghe thầy cô giảng theo cách truyền thống, các bạn được thảo luận, tương tác theo nhóm về các vấn đề trọng tâm của bài học.” cô Trang cho biết.",
			"Học kiến tạo, sinh viên được thảo luận để đưa ra câu trả lời cho mỗi câu hỏi trong một khoảng thời gian nhất định. “Sinh viên lớp mình thường bảo nhau rằng, học theo phương pháp Constructivism giúp các bạn biết cách quản lý thời gian và tập trung thảo luận nhóm hơn xưa.” cô Trang chia sẻ.",
			"Vừa đảm bảo đủ nội dung kiến thức vừa đảm bảo thời gian để sinh viên tương tác tối đa với nhau là một “bài toán” đối với cô Trang. Cô chia sẻ, bản thân cũng cần có cách quản lý thời gian hiệu quả hơn trong quá trình giảng dạy theo phương pháp Constructivism.",
			"Học kỳ Summer 2021, cô Nguyễn Thị Thới là một trong những giảng viên bộ môn Quản trị Du lịch Khách sạn, ĐH FPT TP Hồ Chí Minh giảng dạy theo Constructivism.",
			"Dù đang dạy và học online do ảnh hưởng của Covid-19, lại theo một phương pháp mới, nhưng cả cô Thới và sinh viên đều hào hứng với mỗi giờ học. “Các bạn sinh viên được khuyến khích thảo luận, đưa ra quan điểm cá nhân. Ý kiến nào của các bạn đều có lý lẽ riêng được đúc kết từ những nghiên cứu, trải nghiệm của cá nhân. Giảng viên sẽ là người căn cứ vào quan điểm, cách phản biện của sinh viên đối với nội dung bài giảng, đề tài thảo luận để đưa ra kết luận, kiến thức trọng tâm cần ghi nhớ của bài học.” Cô Thới chia sẻ.",
			"Cô Thới chủ động trong việc làm quen với phương pháp Constructivism. “Việc dạy học kiến tạo cần lấy sinh viên làm trọng tâm”, cô tâm niệm. Cô Thới tìm cách tạo động lực cho học sinh thường xuyên tương tác, trao đổi khi học online bằng việc sử dụng thêm các ứng dụng, platform như , , , Google classroom. Ngoài ra, một số đề tài liên quan đến ngành khách sạn lữ hành được cô gửi vào group Zalo của lớp để sinh viên tìm hiểu thêm thông tin và ứng dụng trong nội dung bài học.",
			"Cô hy vọng rằng có thể cùng các giáo viên trong bộ môn hoặc trong trường xây dựng được “library hub” chuyên đề về ngành lữ hành và khách sạn hỗ trợ sinh viên thuận tiện trong việc nghiên cứu, cập nhật thông tin ngành và kiến tạo kiến thức khi học theo phương pháp Constructivism.",
			"Tại ĐH FPT, Constructivism đã được nghiên cứu và bắt đầu chính thức đưa vào triển khai, áp dụng cho một số môn học bắt đầu từ kỳ Summer 2021.",
			"Khu Giáo dục và Đào tạo – Khu Công nghệ cao Hòa Lạc – Km29 Đại lộ Thăng Long, H. Thạch Thất,\nTP. Hà Nội",
			"Điện thoại: 024 7300 1866",
			"Email: daihocfpt@fpt.edu.vn",
			"Lô E2a-7, Đường D1 Khu Công nghệ cao, P. Long Thạnh Mỹ, TP. Thủ Đức, TP. Hồ Chí Minh",
			"Điện thoại: 028 7300 1866",
			"Email: daihocfpt@fpt.edu.vn",
			"Khu đô thị công nghệ FPT Đà Nẵng, P. Hoà Hải, Q. Ngũ Hành Sơn, TP. Đà Nẵng",
			"Điện thoại: 0236 730 1866",
			"Email: daihocfpt@fpt.edu.vn",
			"Số 600 Đường Nguyễn Văn Cừ (nối dài), P. An Bình, Q. Ninh Kiều, TP. Cần Thơ",
			"Điện thoại: 0292 730 1866",
			"Email: daihocfpt@fpt.edu.vn",
			"Khu đô thị mới An Phú Thịnh, Phường Nhơn Bình & Phường Đống Đa, TP. Quy\nNhơn, Bình Định",
			"Điện thoại: 0256 730 1866 /0256 7300 999",
			"Email: daihocfpt@fpt.edu.vn"
		],
		"label": [
			"Tìm kiếm",
			"Tìm kiếm"
		],
		"button": [
			"×",
			"Đăng ký",
			"Đóng"
		],
		"span": [
			"Trang chủ",
			"Tin tức chung",
			"Giảng viên ĐH FPT áp dụng phương pháp “học kiến tạo” giúp sinh viên hào hứng hơn",
			"bởi",
			"Bài trước",
			"Bài trước:",
			"← Chính thức khởi động cuộc thi “Chuyện Cóc kể mùa Cô Vy 2”",
			"Bài tiếp",
			"Bài tiếp:",
			"Cuộc thi ảnh “Cô Vy xưa – Cô Vy nay” đình đám Ao làng đã khởi động →"
		],
		"h1": [
			"Giảng viên ĐH FPT áp dụng phương pháp “học kiến tạo” giúp sinh viên hào hứng hơn"
		],
		"time": [
			"Thứ Sáu, ngày 04 tháng 06 năm 2021",
			"04/06/2021",
			"05/02/2024",
			"05/02/2024",
			"05/02/2024",
			"02/02/2024",
			"01/02/2024"
		],
		"em": [
			"Làm quen với việc dạy và học Constructivism (Dạy học kiến tạo) trong bối cảnh học online phòng chống Covid-19 khiến giảng viên và sinh viên ĐH FPT có những bỡ ngỡ ban đầu. Tuy nhiên, khá nhanh chóng, các thầy cô giáo nhà F đã có nhiều cách hỗ trợ sinh viên làm quen và thêm “gia vị” hào hứng vào mỗi giờ học.",
			"Theo FPT Edu"
		],
		"b": [
			"Làm quen với EduNext",
			"Quản lý thời gian và tăng độ tập trung",
			"Lấy Sinh viên làm trọng tâm",
			"Hãy để lại SĐT để cán bộ nhà trường hỗ trợ bạn sớm nhất nhé"
		],
		"td": [
			"Constructivism là phương pháp giảng dạy và học tập cho rằng con người xây dựng kiến thức của riêng họ và thể hiện kiến thức từ trải nghiệm của mình."
		],
		"h2": [
			"Điều hướng bài viết"
		],
		"h4": [
			"HÀ NỘI",
			"TP. HỒ CHÍ MINH",
			"ĐÀ NẴNG",
			"CẦN THƠ",
			"Quy Nhơn"
		],
		"h3": [
			"Đăng ký tư vấn"
		],
		"option": [
			"Tỉnh / Thành phố *",
			"An Giang",
			"Bà Rịa-Vũng Tàu",
			"Bắc Giang",
			"Bắc Kạn",
			"Bạc Liêu",
			"Bắc Ninh",
			"Bến Tre",
			"Bình Dương",
			"Bình Định",
			"Bình Phước",
			"Bình Thuận",
			"Cà Mau",
			"Cần Thơ",
			"Cao Bằng",
			"Cục Cảnh sát ĐKQL cư trú và DLQG về dân cư",
			"Cục Cảnh sát quản lý hành chính về trật tự xã hội",
			"Đà Nẵng",
			"Đắk Lắk",
			"Đăk Nông",
			"Điện Biên",
			"Đồng Nai",
			"Đồng Tháp",
			"Gia Lai",
			"Hà Giang",
			"Hà Nam",
			"Hà Tĩnh",
			"Hải Dương",
			"Hải Phòng",
			"Hậu Giang",
			"Hoà Bình",
			"Hưng Yên",
			"Khánh Hoà",
			"Kiên Giang",
			"Kon Tum",
			"Lai Châu",
			"Lâm Đồng",
			"Lạng Sơn",
			"Lào Cai",
			"Long An",
			"Nam Định",
			"Nghệ An",
			"Ninh Bình",
			"Ninh Thuận",
			"Phú Thọ",
			"Phú Yên",
			"Quảng Bình",
			"Quảng Nam",
			"Quảng Ngãi",
			"Quảng Ninh",
			"Quảng Trị",
			"Sóc Trăng",
			"Sơn La",
			"Tây Ninh",
			"Thái Bình",
			"Thái Nguyên",
			"Thanh Hoá",
			"Thừa Thiên - Huế",
			"Tiền Giang",
			"Trà Vinh",
			"Tuyên Quang",
			"Vĩnh Long",
			"Vĩnh Phúc",
			"Yên Bái",
			"Hà Nội",
			"TP. Hồ Chí Minh"
		]
	},
	"url": "https://daihoc.fpt.edu.vn/giang-vien-dh-fpt-ap-dung-phuong-phap-hoc-kien-tao-giup-sinh-vien-hao-hung-hon/"
}