{
	"data": {
		"title": [
			"Nghị lực của nữ sinh ứng tuyển học bổng Đại học FPT - Trường Đại học FPT"
		],
		"div": [
			"›\n\n›",
			"© 2024 Bản quyền thuộc về Trường Đại học FPT.",
			"Đăng ký tư vấn"
		],
		"a": [
			"Trường Đại học FPT",
			"Vietnamese",
			"English",
			"Trang chủ",
			"Giới thiệu",
			"Lịch sử thành lập",
			"Tập đoàn FPT",
			"Tổ chức giáo dục FPT",
			"Triết lý đào tạo",
			"Các giải thưởng và thành tích",
			"Ban lãnh đạo",
			"Gắn kết cộng đồng",
			"Tin tức",
			"Tin tức chung",
			"Hoạt động sinh viên",
			"Sự kiện",
			"Tuyển dụng",
			"Hướng nghiệp",
			"Ngành học",
			"Công nghệ thông tin",
			"Công nghệ ô tô số",
			"Kỹ thuật phần mềm",
			"Hệ thống thông tin",
			"Trí tuệ nhân tạo",
			"An toàn thông tin",
			"Thiết kế Mỹ thuật số",
			"Quản trị kinh doanh",
			"Tài chính",
			"Digital Marketing",
			"Kinh doanh quốc tế",
			"Quản lý Logistics & Chuỗi cung ứng toàn cầu",
			"Quản trị khách sạn",
			"Quản trị Du lịch và Lữ hành",
			"Công nghệ truyền thông",
			"Quản trị truyền thông đa phương tiện",
			"Quan hệ công chúng",
			"Ngôn ngữ Anh",
			"Ngôn ngữ Nhật",
			"Ngôn ngữ Hàn Quốc",
			"Ngôn ngữ Trung Quốc (Dự kiến)",
			"Đời sống sinh viên",
			"Một ngày tại Đại học FPT",
			"Vì sao nên học tại Đại học FPT",
			"Sự hài lòng của sinh viên",
			"Môi trường học tập",
			"Chương trình học linh hoạt",
			"Đời sống sinh viên",
			"Ký túc xá",
			"Các CLB & Cộng đồng sinh viên",
			"Các hoạt động thể thao trong trường",
			"Dịch vụ hỗ trợ",
			"Định hướng và khởi đầu",
			"Tốt nghiệp",
			"Câu chuyện sinh viên",
			"Hợp tác",
			"Ngành công nghiệp và doanh nghiệp",
			"Chương trình trao đổi sinh viên",
			"Chương trình học tập tại nước ngoài",
			"Hợp tác quốc tế",
			"Trao đổi sinh viên",
			"Học kỳ nước ngoài",
			"Các trường đại học đối tác",
			"Cựu sinh viên",
			"Cộng đồng cựu sinh viên",
			"Họ đang làm việc tại đâu",
			"Tuyển sinh",
			"Đề án tuyển sinh",
			"Tin tuyển sinh",
			"Liên hệ",
			"Đăng nhập",
			"Quỳnh",
			"Nữ sinh trường F trong tà áo dài ngày Xuân",
			"Gặp gỡ đội tuyển NGT’s OPEN ROBOT trước giải đấu FIRST Tech Challenge Vietnam",
			"Tỏa sáng với nghiên cứu khoa học, nữ sinh ĐH FPT khẳng định bản lĩnh và tài năng",
			"Phim ngắn “Thoi vàng chỉ ngọc” của SV ĐH FPT tại Cần Thơ được công chiếu ở Lotte Cinema",
			"SV trường ĐH FPT Hà Nội đón “tết trên bản” 2024",
			"Vietnamese",
			"English",
			"Facebook",
			"Youtube",
			"Tik Tok",
			"Hotline: (024)/(028) 73001866 - (0236)/(0292) 7301866"
		],
		"img": [
			"cropped cropped 2021 FPTU Long",
			"cropped cropped 2021 FPTU Long",
			"Anh 1 Bai 49 1000 hoc bong 8337 1679649097",
			"Anh 1 Bai 49 1000 hoc bong 8337 1679649097",
			"sinh vien dai hoc fpt 8",
			"sinh vien dai hoc fpt 8",
			"dai hoc fpt 1",
			"dai hoc fpt 1",
			"my duyen",
			"my duyen",
			"fpt 5",
			"fpt 5",
			"dai hoc fpt 1",
			"dai hoc fpt 1",
			"thông báo tuyển bổ sung",
			"thông báo tuyển bổ sung"
		],
		"p": [
			"Trang thông tin tuyển sinh chính thức của Trường Đại học FPT",
			"Trái ngược với hình ảnh lạc quan, vui vẻ của Minh Thư hiện tại, em từng trải qua nhiều biến cố lớn khi mới chỉ mới bước vào lớp 1. Một tai nạn giao thông đã cướp đi người bố và cơ hội chạy nhảy như bao bạn bè đồng trang lứa của em.",
			"Minh Thư phải cắt 2/3 chân và gắn liền với bệnh viện tại TP HCM trong suốt một năm sau tai nạn. Mẹ cũng phải gác lại công việc ở Đà Nẵng để đi theo chăm sóc Thư. Em buộc phải trở thành một cô bé kiên cường để trở lại cuộc sống vui vẻ, và cũng để bước tiếp chặng đường học tập dài phía trước.",
			"“Được mẹ chăm sóc, động viên, em vững vàng hơn về tinh thần và chấp nhận sự thật mình đang đi trên một con đường khó. Nhưng, em tin có ánh sáng cuối con đường. Đó là động lực để em bước tiếp và đón nhận cơ hội tốt hơn”, nữ sinh chia sẻ.",
			"Nhờ tinh thần tích cực ấy, Minh Thư đã trải qua quãng thời gian đi học vui vẻ. Em hòa đồng cùng bạn bè, cố gắng tham gia mọi hoạt động học tập, thể thao, ngoại khóa ở trường lớp và giành nhiều thành tích. Minh thư kể lại, khi bước vào trường THPT FPT Đà Nẵng, em đã tìm thấy cho mình một môi trường học tập phù hợp, có nhiều bạn bè và thầy cô giáo ở bên.",
			"Cô Phùng Thị Loan, Giám đốc điều hành THPT FPT Đà Nẵng chia sẻ, cô từng “khóc hết nước mắt” khi đọc bức thư gửi mẹ trong dự án “Bởi vì con có mẹ” Thư tham gia năm lớp 10. “Ở Thư luôn tỏa ra năng lượng tích cực, nhiệt tình trong các họat động phong trào và có thành tích học tập tốt nhiều năm liền”, cô nói thêm.",
			"Trong quá trình học tại đây, Thư là học sinh giỏi năm lớp 10, 11 và học kỳ I năm lớp 12. Nữ sinh tham gia nhiều cuộc thi, sự kiện ngoại khóa dành cho học sinh của trường và đạt giải, vào top 45 cuộc thi thiết kế đồ họa FPT Edu Color Up, top 8 cuộc thi STEMpetition…",
			"Bên cạnh đó, Minh Thư còn là gương mặt năng nổ trong các họat động phong trào, tham gia nhiều câu lạc bộ học sinh, nhiều lần nhận danh hiệu Học sinh tiêu biểu của trường. “Những trải nghiệm đó giúp cô bé từng rụt rè như em dám bước ra khỏi vùng an toàn, dần nhận ra đam mê của mình và mục tiêu trên con đường sắp tới”, Thư nói.",
			"Do đó, sau khi xếp hạng kết quả học tập và vào top 40 học sinh có thành tích học tập cao nhất toàn quốc (theo hệ thống SchoolRank), Minh Thư đã gửi hồ sơ ứng tuyển chương trình “Một ngàn học bổng FPTU 2023 – FPTU Scholarship 1000”. Em hy vọng môi trường học tập chú trọng trải nghiệm, hiện đại tại đây có thể giúp em tiếp tục theo đuổi đam mê, phát triển bản thân.",
			"Qua cách đánh giá học sinh qua cả kết quả học tập và tài năng văn nghệ, thể thao, họat động cộng đồng của chương trình, Minh Thư cảm thấy được khích lệ, truyền cảm hứng trong việc tự trau dồi, phát triển bản thân.",
			"“Em nghĩ có nhiều học sinh tài năng trên toàn quốc nộp hồ sơ xét học bổng này nhưng em tin, nếu bản thân có một quá trình nỗ lực hết mình, em sẽ được nhận lại kết quả xứng đáng”, Thư chia sẻ.",
			"Nữ sinh cho biết, nếu giành được học bổng, trở thành sinh viên Trường Đại học FPT, em sẽ theo ngành công nghệ thông tin. Đồng thời, Minh Thư dự kiến tận dụng quãng thời gian học đại học để học hỏi từ thầy cô, anh chị và sẵn sàng làm những điều mình thích và phát triển bản thân.",
			"Khu Giáo dục và Đào tạo – Khu Công nghệ cao Hòa Lạc – Km29 Đại lộ Thăng Long, H. Thạch Thất,\nTP. Hà Nội",
			"Điện thoại: 024 7300 1866",
			"Email: daihocfpt@fpt.edu.vn",
			"Lô E2a-7, Đường D1 Khu Công nghệ cao, P. Long Thạnh Mỹ, TP. Thủ Đức, TP. Hồ Chí Minh",
			"Điện thoại: 028 7300 1866",
			"Email: daihocfpt@fpt.edu.vn",
			"Khu đô thị công nghệ FPT Đà Nẵng, P. Hoà Hải, Q. Ngũ Hành Sơn, TP. Đà Nẵng",
			"Điện thoại: 0236 730 1866",
			"Email: daihocfpt@fpt.edu.vn",
			"Số 600 Đường Nguyễn Văn Cừ (nối dài), P. An Bình, Q. Ninh Kiều, TP. Cần Thơ",
			"Điện thoại: 0292 730 1866",
			"Email: daihocfpt@fpt.edu.vn",
			"Khu đô thị mới An Phú Thịnh, Phường Nhơn Bình & Phường Đống Đa, TP. Quy\nNhơn, Bình Định",
			"Điện thoại: 0256 730 1866 /0256 7300 999",
			"Email: daihocfpt@fpt.edu.vn"
		],
		"label": [
			"Tìm kiếm",
			"Tìm kiếm"
		],
		"button": [
			"×",
			"Đăng ký",
			"Đóng"
		],
		"span": [
			"Trang chủ",
			"Tin nổi bật (Trang chủ)",
			"Nghị lực của nữ sinh ứng tuyển học bổng Đại học FPT",
			"bởi",
			"Bài trước",
			"Bài trước:",
			"← Trường ĐH FPT ký kết thoả thuận hợp tác với Tập đoàn HBR Holding",
			"Bài tiếp",
			"Bài tiếp:",
			"Cựu sinh viên ĐH FPT chinh phục học bổng toàn phần tiến sĩ giáo dục Mỹ →"
		],
		"h1": [
			"Nghị lực của nữ sinh ứng tuyển học bổng Đại học FPT"
		],
		"time": [
			"Thứ Sáu, ngày 07 tháng 04 năm 2023",
			"07/04/2023",
			"05/02/2024",
			"05/02/2024",
			"05/02/2024",
			"02/02/2024",
			"01/02/2024"
		],
		"strong": [
			"Nguyễn Trần Minh Thư (THPT FPT Đà Nẵng) ứng tuyển học bổng của Đại học FPT với hy vọng trở thành kỹ sư công nghệ, ngay cả khi đôi chân không còn lành lặn.",
			"Theo Vnexpress"
		],
		"em": [
			"Nguyễn Trần Minh Thư – học sinh lớp 12A11, trường THPT FPT Đà Nẵng. Ảnh: Nhân vật cung cấp"
		],
		"h2": [
			"Điều hướng bài viết"
		],
		"h4": [
			"HÀ NỘI",
			"TP. HỒ CHÍ MINH",
			"ĐÀ NẴNG",
			"CẦN THƠ",
			"Quy Nhơn"
		],
		"h3": [
			"Đăng ký tư vấn"
		],
		"b": [
			"Hãy để lại SĐT để cán bộ nhà trường hỗ trợ bạn sớm nhất nhé"
		],
		"option": [
			"Tỉnh / Thành phố *",
			"An Giang",
			"Bà Rịa-Vũng Tàu",
			"Bắc Giang",
			"Bắc Kạn",
			"Bạc Liêu",
			"Bắc Ninh",
			"Bến Tre",
			"Bình Dương",
			"Bình Định",
			"Bình Phước",
			"Bình Thuận",
			"Cà Mau",
			"Cần Thơ",
			"Cao Bằng",
			"Cục Cảnh sát ĐKQL cư trú và DLQG về dân cư",
			"Cục Cảnh sát quản lý hành chính về trật tự xã hội",
			"Đà Nẵng",
			"Đắk Lắk",
			"Đăk Nông",
			"Điện Biên",
			"Đồng Nai",
			"Đồng Tháp",
			"Gia Lai",
			"Hà Giang",
			"Hà Nam",
			"Hà Tĩnh",
			"Hải Dương",
			"Hải Phòng",
			"Hậu Giang",
			"Hoà Bình",
			"Hưng Yên",
			"Khánh Hoà",
			"Kiên Giang",
			"Kon Tum",
			"Lai Châu",
			"Lâm Đồng",
			"Lạng Sơn",
			"Lào Cai",
			"Long An",
			"Nam Định",
			"Nghệ An",
			"Ninh Bình",
			"Ninh Thuận",
			"Phú Thọ",
			"Phú Yên",
			"Quảng Bình",
			"Quảng Nam",
			"Quảng Ngãi",
			"Quảng Ninh",
			"Quảng Trị",
			"Sóc Trăng",
			"Sơn La",
			"Tây Ninh",
			"Thái Bình",
			"Thái Nguyên",
			"Thanh Hoá",
			"Thừa Thiên - Huế",
			"Tiền Giang",
			"Trà Vinh",
			"Tuyên Quang",
			"Vĩnh Long",
			"Vĩnh Phúc",
			"Yên Bái",
			"Hà Nội",
			"TP. Hồ Chí Minh"
		]
	},
	"url": "https://daihoc.fpt.edu.vn/nghi-luc-cua-nu-sinh-ung-tuyen-hoc-bong-dai-hoc-fpt/"
}