{
	"data": {
		"title": [
			"Top 12 Video dẫn đầu bình chọn cuộc thi FPT University Talent 2018 - Trường Đại học FPT"
		],
		"div": [
			"›\n\n›",
			"© 2024 Bản quyền thuộc về Trường Đại học FPT.",
			"Đăng ký tư vấn"
		],
		"a": [
			"Trường Đại học FPT",
			"Vietnamese",
			"English",
			"Trang chủ",
			"Giới thiệu",
			"Lịch sử thành lập",
			"Tập đoàn FPT",
			"Tổ chức giáo dục FPT",
			"Triết lý đào tạo",
			"Các giải thưởng và thành tích",
			"Ban lãnh đạo",
			"Gắn kết cộng đồng",
			"Tin tức",
			"Tin tức chung",
			"Hoạt động sinh viên",
			"Sự kiện",
			"Tuyển dụng",
			"Hướng nghiệp",
			"Ngành học",
			"Công nghệ thông tin",
			"Công nghệ ô tô số",
			"Kỹ thuật phần mềm",
			"Hệ thống thông tin",
			"Trí tuệ nhân tạo",
			"An toàn thông tin",
			"Thiết kế Mỹ thuật số",
			"Quản trị kinh doanh",
			"Tài chính",
			"Digital Marketing",
			"Kinh doanh quốc tế",
			"Quản lý Logistics & Chuỗi cung ứng toàn cầu",
			"Quản trị khách sạn",
			"Quản trị Du lịch và Lữ hành",
			"Công nghệ truyền thông",
			"Quản trị truyền thông đa phương tiện",
			"Quan hệ công chúng",
			"Ngôn ngữ Anh",
			"Ngôn ngữ Nhật",
			"Ngôn ngữ Hàn Quốc",
			"Ngôn ngữ Trung Quốc (Dự kiến)",
			"Đời sống sinh viên",
			"Một ngày tại Đại học FPT",
			"Vì sao nên học tại Đại học FPT",
			"Sự hài lòng của sinh viên",
			"Môi trường học tập",
			"Chương trình học linh hoạt",
			"Đời sống sinh viên",
			"Ký túc xá",
			"Các CLB & Cộng đồng sinh viên",
			"Các hoạt động thể thao trong trường",
			"Dịch vụ hỗ trợ",
			"Định hướng và khởi đầu",
			"Tốt nghiệp",
			"Câu chuyện sinh viên",
			"Hợp tác",
			"Ngành công nghiệp và doanh nghiệp",
			"Chương trình trao đổi sinh viên",
			"Chương trình học tập tại nước ngoài",
			"Hợp tác quốc tế",
			"Trao đổi sinh viên",
			"Học kỳ nước ngoài",
			"Các trường đại học đối tác",
			"Cựu sinh viên",
			"Cộng đồng cựu sinh viên",
			"Họ đang làm việc tại đâu",
			"Tuyển sinh",
			"Đề án tuyển sinh",
			"Tin tuyển sinh",
			"Liên hệ",
			"Đăng nhập",
			"Phạm Thị Phương",
			"Cuộc thi tài năng FPT University Talent 2018",
			"tại đây",
			"Nữ sinh trường F trong tà áo dài ngày Xuân",
			"Gặp gỡ đội tuyển NGT’s OPEN ROBOT trước giải đấu FIRST Tech Challenge Vietnam",
			"Tỏa sáng với nghiên cứu khoa học, nữ sinh ĐH FPT khẳng định bản lĩnh và tài năng",
			"Phim ngắn “Thoi vàng chỉ ngọc” của SV ĐH FPT tại Cần Thơ được công chiếu ở Lotte Cinema",
			"SV trường ĐH FPT Hà Nội đón “tết trên bản” 2024",
			"Vietnamese",
			"English",
			"Facebook",
			"Youtube",
			"Tik Tok",
			"Hotline: (024)/(028) 73001866 - (0236)/(0292) 7301866"
		],
		"img": [
			"cropped cropped 2021 FPTU Long",
			"cropped cropped 2021 FPTU Long",
			"sinh vien dai hoc fpt 8",
			"sinh vien dai hoc fpt 8",
			"dai hoc fpt 1",
			"dai hoc fpt 1",
			"my duyen",
			"my duyen",
			"fpt 5",
			"fpt 5",
			"dai hoc fpt 1",
			"dai hoc fpt 1",
			"thông báo tuyển bổ sung",
			"thông báo tuyển bổ sung"
		],
		"p": [
			"Trang thông tin tuyển sinh chính thức của Trường Đại học FPT",
			"Các tài năng ca, múa, đàn, nhảy, MC, ảo thuật ….  được các bạn thí sinh thể hiện vô cùng đa dạng và ấn tượng hứa hẹn mang đến nhiều tiết mục hấp dẫn cho đêm chung kết.",
			"Đến thời điểm hiện tại, chỉ còn vài ngày nữa nữa vòng sơ loại sẽ kết thúc. 12 video clip có điểm cao nhất (50% đến từ bình chọn của khán giả trên Fanpage, 50% đến từ điểm BGK) sẽ được bước tiếp vào Chung Kết. Ngoài ra thí sinh có lượt bình chọn nhiều nhất trên Fanpage ĐH FPT sẽ nhận được giải Sao online . Chính vì thế, cuộc chạy đua kêu gọi bình chọn của các thí sinh ngày càng trở nên gay cấn và chưa có hồi kết.",
			"Dưới đây là danh sách top 12 video clip có bình chọn cao nhất đến thời điểm hiện tại, các thí sinh lưu ý để có chiến thuật kêu gọi bình chọn hợp lý nha.",
			"No.12: Bùi Hồng Nhật Hà – Nhảy dance cover",
			"No.11: Phạm Quỳnh Chi – hát “Tìm”",
			"No.10: Nguyễn Phương Hoa – hát “Rolling in the deep cover”",
			"No.9:  Mai Thị Thu Ly – hát “Ước gì”",
			"No. 8: Nguyễn Ngọc Hoài An – Thương",
			"No.7: Nguyễn Đình Phúc – “Tháng 4 là lời nói dối của em”",
			"No.6: Hồ Mai Hoàng – Ánh nắng của anh",
			"No.5: Phan Nguyễn Khánh Nhi – ảo thuật",
			"No.4: Đỗ Hải Băng – Tình yêu màu nắng",
			"No.3: Trương Thành Long – Chưa bao giờ",
			"No.2:  Nguyễn Hồ Thanh Tường Vi  – mong ước kỉ niệm xưa",
			"No.1: Đoàn Lương Minh Anh – “tôi đã yêu Quảng Bình như thế nào?”",
			"Bạn Minh Anh  là người có video ấn tượng với lượt view cao nhất hiện nay chia sẻ:",
			"Còn bạn Hoài An thì không giấu được sự xúc động:",
			"Các thí sinh đang rất sát điểm nhau, vẫn còn hơn 2 tuần kêu gọi bình chọn trên Fanpage, liệu thí sinh nào sẽ bứt phá để lọt vào top 12 và vươn lên vị trí dẫn đầu.",
			"12 video clip có điểm số cao nhất vẫn còn là 1 ẩn số, cùng cùng đón chờ những điều bất ngờ ở phút cuối cùng và chuẩn bị tinh thần cho đêm chung kết thật bùng nổ vào tháng 7 sắp tới.",
			"Khu Giáo dục và Đào tạo – Khu Công nghệ cao Hòa Lạc – Km29 Đại lộ Thăng Long, H. Thạch Thất,\nTP. Hà Nội",
			"Điện thoại: 024 7300 1866",
			"Email: daihocfpt@fpt.edu.vn",
			"Lô E2a-7, Đường D1 Khu Công nghệ cao, P. Long Thạnh Mỹ, TP. Thủ Đức, TP. Hồ Chí Minh",
			"Điện thoại: 028 7300 1866",
			"Email: daihocfpt@fpt.edu.vn",
			"Khu đô thị công nghệ FPT Đà Nẵng, P. Hoà Hải, Q. Ngũ Hành Sơn, TP. Đà Nẵng",
			"Điện thoại: 0236 730 1866",
			"Email: daihocfpt@fpt.edu.vn",
			"Số 600 Đường Nguyễn Văn Cừ (nối dài), P. An Bình, Q. Ninh Kiều, TP. Cần Thơ",
			"Điện thoại: 0292 730 1866",
			"Email: daihocfpt@fpt.edu.vn",
			"Khu đô thị mới An Phú Thịnh, Phường Nhơn Bình & Phường Đống Đa, TP. Quy\nNhơn, Bình Định",
			"Điện thoại: 0256 730 1866 /0256 7300 999",
			"Email: daihocfpt@fpt.edu.vn"
		],
		"label": [
			"Tìm kiếm",
			"Tìm kiếm"
		],
		"button": [
			"×",
			"Đăng ký",
			"Đóng"
		],
		"span": [
			"Trang chủ",
			"Sự kiện",
			"Top 12 Video dẫn đầu bình chọn cuộc thi FPT University Talent 2018",
			"bởi",
			"Hoài Anh “bồ kết” ĐH FPT từ lâu.",
			"Bài trước",
			"Bài trước:",
			"← Bùng cháy mùa hè này với UNICAMP 2018",
			"Bài tiếp",
			"Bài tiếp:",
			"Bộ GD&ĐT không công bố đáp án sau khi thí sinh ra khỏi phòng thi →"
		],
		"h1": [
			"Top 12 Video dẫn đầu bình chọn cuộc thi FPT University Talent 2018"
		],
		"time": [
			"Thứ Sáu, ngày 22 tháng 06 năm 2018",
			"22/06/2018",
			"05/02/2024",
			"05/02/2024",
			"05/02/2024",
			"02/02/2024",
			"01/02/2024"
		],
		"strong": [
			"Vòng sơ loại cuộc thi FPT University Talent 2018 đã trải qua gần 2 tháng bình chọn trên Fanpage đại học FPT chứng kiến với sự thay đổi thứ tự vô cùng thú vị của các video tham dự.",
			".",
			"Moon"
		],
		"em": [
			"“Lúc này em cảm thấy bất ngờ và vô cùng xúc động trước lượng tương tác “khủng” mà em nhận được chỉ sau 2 ngày đăng video. Em rất biết ơn gia đình, thầy cô, bạn bè, các anh chị và những đồng hương Quảng Bình đã quan tâm và ủng hộ em.”",
			"Minh Anh bất ngờ vì được nhiều người yêu thích",
			"“Trong top dẫn đầu thật ạ? ôi em vui quá! Thú thật là em đã thích trường ĐH FPT ngay từ năm lớp 10 và đã có ý định học tập trong tương lai rồi. Tham gia cuộc thi lần này, em vừa muốn thử sức mình trước một môi trường năng động mới, vừa có tham vọng đạt được học bổng để tạo động lực cố gắng nữa.”",
			"chính thức được Đại học FPT phát động từ ngày 16/4. Đây là năm thứ 2 cuộc thi được tổ chức nhằm tìm kiếm, thu hút, bồi dưỡng các tài năng trẻ trong lĩnh vực văn hóa, nghệ thuật, thể thao từ đó phát triển phong trào học sinh sinh viên FPT. Các thí sinh chiến thắng tại vòng chung kết FPT University Talent 2018 có cơ hội nhận được giải thưởng gồm tiền mặt và học bổng, tổng trị giá 3 tỷ đồng. Các mức học bổng từ 50%, 70%, 100% và 100%+ (bao gồm cả học phí và sinh hoạt phí). Ngoài 3 giải chính, FPT University Talent 2018 còn có 5 giải phụ: giải Ấn tượng, giải Sáng tạo, giải Phong cách, giải Triển vọng, giải Sao online dành cho các phần dự thi xuất sắc.",
			"Tham gia cuộc thi tài năng FPT University Talent năm nay, các thí sinh sẽ trải qua 2 vòng thi, trong đó vòng sơ loại diễn ra từ 16/4 – 24/6/2018 và vòng chung kết dự kiến vào trung tuần tháng 7/2018. Hiện tại, các thí sinh tài năng có thể gửi clip dự thi FPT University Talent 2018"
		],
		"h2": [
			"Điều hướng bài viết"
		],
		"h4": [
			"HÀ NỘI",
			"TP. HỒ CHÍ MINH",
			"ĐÀ NẴNG",
			"CẦN THƠ",
			"Quy Nhơn"
		],
		"h3": [
			"Đăng ký tư vấn"
		],
		"b": [
			"Hãy để lại SĐT để cán bộ nhà trường hỗ trợ bạn sớm nhất nhé"
		],
		"option": [
			"Tỉnh / Thành phố *",
			"An Giang",
			"Bà Rịa-Vũng Tàu",
			"Bắc Giang",
			"Bắc Kạn",
			"Bạc Liêu",
			"Bắc Ninh",
			"Bến Tre",
			"Bình Dương",
			"Bình Định",
			"Bình Phước",
			"Bình Thuận",
			"Cà Mau",
			"Cần Thơ",
			"Cao Bằng",
			"Cục Cảnh sát ĐKQL cư trú và DLQG về dân cư",
			"Cục Cảnh sát quản lý hành chính về trật tự xã hội",
			"Đà Nẵng",
			"Đắk Lắk",
			"Đăk Nông",
			"Điện Biên",
			"Đồng Nai",
			"Đồng Tháp",
			"Gia Lai",
			"Hà Giang",
			"Hà Nam",
			"Hà Tĩnh",
			"Hải Dương",
			"Hải Phòng",
			"Hậu Giang",
			"Hoà Bình",
			"Hưng Yên",
			"Khánh Hoà",
			"Kiên Giang",
			"Kon Tum",
			"Lai Châu",
			"Lâm Đồng",
			"Lạng Sơn",
			"Lào Cai",
			"Long An",
			"Nam Định",
			"Nghệ An",
			"Ninh Bình",
			"Ninh Thuận",
			"Phú Thọ",
			"Phú Yên",
			"Quảng Bình",
			"Quảng Nam",
			"Quảng Ngãi",
			"Quảng Ninh",
			"Quảng Trị",
			"Sóc Trăng",
			"Sơn La",
			"Tây Ninh",
			"Thái Bình",
			"Thái Nguyên",
			"Thanh Hoá",
			"Thừa Thiên - Huế",
			"Tiền Giang",
			"Trà Vinh",
			"Tuyên Quang",
			"Vĩnh Long",
			"Vĩnh Phúc",
			"Yên Bái",
			"Hà Nội",
			"TP. Hồ Chí Minh"
		]
	},
	"url": "https://daihoc.fpt.edu.vn/top-12-video-dan-dau-binh-chon-cuoc-thi-fpt-university-talent-2018/"
}