{
	"data": {
		"title": [
			"V.I.P Talk “Digital Transformation” with ‘father’ of Angry Birds and expert of FPT Digital – FPT University"
		],
		"div": [
			"›\n\n›",
			"Original post: https://international.fpt.edu.vn/blog?blog=viptalk-dx",
			"© 2024 FPT University. All rights reserved."
		],
		"p": [
			"One of the most expected events this month will come on September 15, 2021 namely with the honored welcome to  – the “birth father” of Angry Birds, Founder of FinEst Bay Area Development company, Former ‘Mighty Eagle’ of Rovio Entertainment and  – Partner at FPT Digital & in charge of Foreign and International Relations of FPT Corporation.",
			"The event is an open forum to all international students and interested individuals about technology in general and digital transformation in particular. The participants will have the opportunity to interact directly with our experts in this field.",
			"Due to the Covid pandemic, the lack of ability to gather in groups required many professional organizations and schools to find new ways for people to communicate, collaborate, and complete work or school projects while working remotely from one another. For this reason, digital transformation becomes an urgent solution for every organization.",
			"“As a technology pioneer in Vietnam, FPT feels responsible for providing young people preparation and knowledge about Digital Transformation. By joining the virtual V.I.P Talk, students will have a deeper understanding about how the DX trend continually conquers every industry and from that, young people will acknowledge the advantage of studying IT,” said Ms. Hien Nguyen – Dean of FPT Education Global.",
			"The V.I.P TALK:  will be held on via Zoom and livestream on our .",
			"Interested students can  before September 13, 2021.",
			"For further information and support, kindly contact us:"
		],
		"a": [
			"FPT University",
			"Vietnamese",
			"English",
			"About",
			"President’s Messages",
			"FPT University",
			"Organizational Chart",
			"Faculty & Staff",
			"Recruitment Process",
			"Faculty",
			"Faculty of Business – Hanoi campus",
			"IT-related Departments",
			"Language-related Departments",
			"General Education Departments",
			"Students",
			"Admission",
			"Admission Regulations",
			"Scholarship & Financial Aids",
			"Tuition Fee",
			"Forms and Documents",
			"FAQs",
			"Student life",
			"Course Schedule",
			"Facilities",
			"Virtual Tour",
			"Program of Study",
			"Bachelor of Information Technology",
			"Software Engineering",
			"Information System",
			"Information Assurance",
			"Internet of Things",
			"Artificial Intelligence",
			"Digital Art & Design",
			"Bachelor of Business Administration",
			"Bachelor of English Studies",
			"Bachelor of Japanese Studies",
			"Bachelor of Korean Studies",
			"Syllabi",
			"News & Events",
			"Research",
			"Policy",
			"Publications",
			"Resources and Research Tools",
			"Faculty Exchange",
			"Accreditation",
			"ACBSP",
			"AQAS",
			"CDIO",
			"ISO Standards",
			"Sustainable Development",
			"Sustainable Development Policy",
			"SDGs Report",
			"Traditional Music",
			"Vovinam",
			"Documents",
			"Employee Handbook & Policies",
			"Forms & Templates for Lecturer",
			"Forms & Templates for Students",
			"Stakeholder involvement",
			"Certificates & Recognitions",
			"Student Achievement",
			"Contact",
			"Linh ntm22",
			"Facebook page",
			"register here",
			"Online Consulting: (024)/(028) 73001866"
		],
		"span": [
			"Search for:",
			"Home",
			"Student life",
			"V.I.P Talk “Digital Transformation” with ‘father’ of Angry Birds and expert of FPT Digital",
			"by",
			"Previous",
			"Previous post:",
			"← What do FPT’s students need to become international AI experts?",
			"Next",
			"Next post:",
			"FPT University students experience Japanese corporate culture through the seminar “Japanese corporate culture from the perspective of Vietnamese culture” →"
		],
		"i": [
			"As the world is changing vigorously every day since the Covid appeared, digital transformation has gotten more attention than ever and it has become a global technology trend and created a great impact into the global economy and business."
		],
		"li": [
			"Whatsapps: +84 354 235 298",
			"Email: exchange@fpt.edu.vn",
			"Facebook: https://www.facebook.com/FPTEducationGlobal"
		],
		"h1": [
			"V.I.P Talk “Digital Transformation” with ‘father’ of Angry Birds and expert of FPT Digital"
		],
		"time": [
			"Wednesday, September 08th, 2021",
			"November 5, 2022"
		],
		"b": [
			"“Digital Transformation’s Impacts on Innovation”",
			"Mr. Peter Vesterbacka",
			"Dr. Nguyen Huu Hung Cuong",
			"“Digital Transformation Impacts on Innovation”",
			"Wednesday, September 15, 2021 from 8 am – 10 am (GMT +7)"
		],
		"h2": [
			"Post navigation"
		]
	},
	"url": "https://daihoc.fpt.edu.vn/en/v-i-p-talk-digital-transformation-with-father-of-angry-birds-and-expert-of-fpt-digital/"
}