{
	"data": {
		"title": [
			"News & Events – FPT University"
		],
		"div": [
			"© 2024 FPT University. All rights reserved."
		],
		"img": [
			"Trường đại học FPT",
			"The image of the MV \"Thien Am\". Image: Cut from MV"
		],
		"a": [
			"FPT University",
			"Vietnamese",
			"English",
			"About",
			"President’s Messages",
			"FPT University",
			"Organizational Chart",
			"Faculty & Staff",
			"Recruitment Process",
			"Faculty",
			"Faculty of Business – Hanoi campus",
			"IT-related Departments",
			"Language-related Departments",
			"General Education Departments",
			"Students",
			"Admission",
			"Admission Regulations",
			"Scholarship & Financial Aids",
			"Tuition Fee",
			"Forms and Documents",
			"FAQs",
			"Student life",
			"Course Schedule",
			"Facilities",
			"Virtual Tour",
			"Program of Study",
			"Bachelor of Information Technology",
			"Software Engineering",
			"Information System",
			"Information Assurance",
			"Internet of Things",
			"Artificial Intelligence",
			"Digital Art & Design",
			"Bachelor of Business Administration",
			"Bachelor of English Studies",
			"Bachelor of Japanese Studies",
			"Bachelor of Korean Studies",
			"Syllabi",
			"News & Events",
			"Research",
			"Policy",
			"Publications",
			"Resources and Research Tools",
			"Faculty Exchange",
			"Accreditation",
			"ACBSP",
			"AQAS",
			"CDIO",
			"ISO Standards",
			"Sustainable Development",
			"Sustainable Development Policy",
			"SDGs Report",
			"Traditional Music",
			"Vovinam",
			"Documents",
			"Employee Handbook & Policies",
			"Forms & Templates for Lecturer",
			"Forms & Templates for Students",
			"Stakeholder involvement",
			"Certificates & Recognitions",
			"Student Achievement",
			"Contact",
			"FCBEM 2023’s official kick-off: the first opportunity to publish in an international journal under ISI/Scopus",
			"Linh ntm22",
			"FPT University students carried out a project to change the community’s perspective on people with intellectual disabilities",
			"chi nd3",
			"The FPT Edu NihongoEng Language Contest 2023 is coming back with the opportunity for FPT students to go to Japan and Malaysia",
			"chi nd3",
			"Internship-Orientation Program at enterprises for IT students of Hoa Lac FPT University Campus",
			"chi nd3",
			"LAB IA – OPEN CEREMONY 2023, Cooperation program between FPT University Hanoi and FPT Software Hoa Lac",
			"chi nd3",
			"Review from A to Z about the OJT: “Study, work, play, and take the exam – Unforgettable memories”",
			"Linh ntm22",
			"FPT University students learn about Startup in talkshow “Hacking Go-to-Market”",
			"Linh ntm22",
			"Opening Ceremony at FPT University’s campuses",
			"Linh ntm22",
			"Successful AQAS workshop at FPT University",
			"chi nd3",
			"Introduction to “Sustainable Development Goals”: Are FPT Education people aiming for “sustainable development”?",
			"chi nd3",
			"2",
			"3",
			"Online Consulting: (024)/(028) 73001866"
		],
		"span": [
			"Search for:",
			"by",
			"by",
			"by",
			"by",
			"by",
			"by",
			"by",
			"by",
			"by",
			"by",
			"1"
		],
		"h2": [
			"News & Events",
			"Posts navigation"
		],
		"time": [
			"September 15, 2023",
			"May 10, 2023",
			"May 10, 2023",
			"May 8, 2023",
			"May 8, 2023",
			"May 5, 2023",
			"May 8, 2023",
			"April 19, 2023",
			"May 8, 2023",
			"April 14, 2023",
			"April 14, 2023",
			"November 2, 2022",
			"December 12, 2022",
			"October 15, 2022",
			"November 18, 2022",
			"August 23, 2022",
			"September 8, 2022",
			"August 18, 2022",
			"August 18, 2022"
		]
	},
	"url": "https://daihoc.fpt.edu.vn/en/category/news-and-events/"
}