{
	"data": {
		"title": [
			"Chàng sinh viên năm nhất ĐH FPT tình nguyện đưa, rước F0, F1 - Trường Đại học FPT"
		],
		"div": [
			"›\n\n›\n\n›\n\n›",
			"© 2024 Bản quyền thuộc về Trường Đại học FPT.",
			"Đăng ký tư vấn"
		],
		"a": [
			"Trường Đại học FPT",
			"Vietnamese",
			"English",
			"Trang chủ",
			"Giới thiệu",
			"Lịch sử thành lập",
			"Tập đoàn FPT",
			"Tổ chức giáo dục FPT",
			"Triết lý đào tạo",
			"Các giải thưởng và thành tích",
			"Ban lãnh đạo",
			"Gắn kết cộng đồng",
			"Tin tức",
			"Tin tức chung",
			"Hoạt động sinh viên",
			"Sự kiện",
			"Tuyển dụng",
			"Hướng nghiệp",
			"Ngành học",
			"Công nghệ thông tin",
			"Công nghệ ô tô số",
			"Kỹ thuật phần mềm",
			"Hệ thống thông tin",
			"Trí tuệ nhân tạo",
			"An toàn thông tin",
			"Thiết kế Mỹ thuật số",
			"Quản trị kinh doanh",
			"Tài chính",
			"Digital Marketing",
			"Kinh doanh quốc tế",
			"Quản lý Logistics & Chuỗi cung ứng toàn cầu",
			"Quản trị khách sạn",
			"Quản trị Du lịch và Lữ hành",
			"Công nghệ truyền thông",
			"Quản trị truyền thông đa phương tiện",
			"Quan hệ công chúng",
			"Ngôn ngữ Anh",
			"Ngôn ngữ Nhật",
			"Ngôn ngữ Hàn Quốc",
			"Ngôn ngữ Trung Quốc (Dự kiến)",
			"Đời sống sinh viên",
			"Một ngày tại Đại học FPT",
			"Vì sao nên học tại Đại học FPT",
			"Sự hài lòng của sinh viên",
			"Môi trường học tập",
			"Chương trình học linh hoạt",
			"Đời sống sinh viên",
			"Ký túc xá",
			"Các CLB & Cộng đồng sinh viên",
			"Các hoạt động thể thao trong trường",
			"Dịch vụ hỗ trợ",
			"Định hướng và khởi đầu",
			"Tốt nghiệp",
			"Câu chuyện sinh viên",
			"Hợp tác",
			"Ngành công nghiệp và doanh nghiệp",
			"Chương trình trao đổi sinh viên",
			"Chương trình học tập tại nước ngoài",
			"Hợp tác quốc tế",
			"Trao đổi sinh viên",
			"Học kỳ nước ngoài",
			"Các trường đại học đối tác",
			"Cựu sinh viên",
			"Cộng đồng cựu sinh viên",
			"Họ đang làm việc tại đâu",
			"Tuyển sinh",
			"Đề án tuyển sinh",
			"Tin tuyển sinh",
			"Liên hệ",
			"Đăng nhập",
			"Nguyễn Thị Hồng Yến",
			"Nữ sinh trường F trong tà áo dài ngày Xuân",
			"Gặp gỡ đội tuyển NGT’s OPEN ROBOT trước giải đấu FIRST Tech Challenge Vietnam",
			"Tỏa sáng với nghiên cứu khoa học, nữ sinh ĐH FPT khẳng định bản lĩnh và tài năng",
			"Phim ngắn “Thoi vàng chỉ ngọc” của SV ĐH FPT tại Cần Thơ được công chiếu ở Lotte Cinema",
			"SV trường ĐH FPT Hà Nội đón “tết trên bản” 2024",
			"Vietnamese",
			"English",
			"Facebook",
			"Youtube",
			"Tik Tok",
			"Hotline: (024)/(028) 73001866 - (0236)/(0292) 7301866"
		],
		"img": [
			"cropped cropped 2021 FPTU Long",
			"cropped cropped 2021 FPTU Long",
			"sinh vien dai hoc fpt 8",
			"sinh vien dai hoc fpt 8",
			"dai hoc fpt 1",
			"dai hoc fpt 1",
			"my duyen",
			"my duyen",
			"fpt 5",
			"fpt 5",
			"dai hoc fpt 1",
			"dai hoc fpt 1",
			"thông báo tuyển bổ sung",
			"thông báo tuyển bổ sung"
		],
		"p": [
			"Trang thông tin tuyển sinh chính thức của Trường Đại học FPT",
			"Tại TP Cần Thơ, tình hình dịch Covid-19 có diễn biến phức tạp trong thời gian qua, có những ngày ghi nhận cả trăm ca mắc. Hiện địa phương cũng đang thực hiện cách ly xã hội theo Chỉ thị 16 của Chính phủ nên các bệnh nhân rất khó khăn trong việc di chuyển từ nhà đến bệnh viện và ngược lại.",
			"Với mong muốn cùng lực lượng chức năng phòng, chống dịch Covid-19, em Nguyễn Thuận Phát, hiện đang là sinh viên năm nhất của trường Đại học FPT Cần Thơ đã xung phong ghi tên vào đội lái xe chở F0, F1 của trung tâm y tế quận Ninh Kiều.",
			"“Em vừa là sinh viên vừa là tài xế taxi thời vụ. Dịch bệnh ập đến công việc làm thêm của em cũng tạm gác lại, em không đủ điều kiện để hỗ trợ về tiền bạc thì có sức khỏe và nghề lái xe. Cộng đồng cần thì em phải giúp”, Phát chia sẻ.",
			"Thuận Phát cho biết, đội tài xế của em có 4 thành viên trong đó có 3 người là tình nguyện viên như em, người còn lại kiêm đội trưởng là nhân viên của trung tâm y tế quận. Theo đó, mỗi ngày Phát nhận đến trung tâm để nhận xe và lịch trình di chuyển để đưa người các trường hợp F0, F1 đi cách ly, điều trị hoặc chở F0, F1 đã phục hồi hay hoàn thành thời gian cách ly trở về nhà.",
			"Lịch hoạt động của chàng sinh viên năm nhất không cố định, có ngày em chỉ chở hơn 20 ca nhưng có lúc cao điểm em phải chở cả trăm người mỗi ngày, thế nên giờ giấc ăn cơm không cố định, có khi đến 9,10h đêm Phát mới ăn cơm tối.",
			"Dù chỉ mới gắn bó đã hơn một tháng qua nhưng công việc này đã mang đến cho Phát rất nhiều trải nghiệm đáng nhớ và đủ loại cung bậc cảm xúc từ bỡ ngỡ đến vui mừng và cả sự hồi hộp, lo lắng.",
			"“Chở F0, F1 suốt hơn tháng qua em gặp khá nhiều trường hợp như chở người già, trẻ em bị thương đi cấp cứu hoặc chở mẹ bầu.",
			"Có lần khi đã chở xong các ca bệnh em trở về nhà đang ăn cơm thì trung tâm thông báo có ca bệnh trong khu cách ly cần đưa đi cấp cứu. Lúc đó, ca bệnh là một cụ ông 85 tuổi đi lại rất khó khăn, em phải cõng ông lên xe rồi chở đến bệnh viện. Đợi tới lúc sức khỏe ông bình ổn em mới yên tâm trở về”, Phát tâm sự.",
			"Để hoàn thành tốt công việc được giao, trước đó Phát và những tình nguyện viên còn lại đều được tập huấn kỹ thuật và lịch trình đưa rước F0, F1. Đối với trường hợp rước F0 đã hồi phục hay F1 hoàn thành cách ly, sau khi đón người tài xế sẽ đưa họ đến trạm y tế phường để khai báo y tế và chở họ về nhà.",
			"Anh Tăng Thuận Thành (24 tuổi, là giáo viên dạy âm nhạc) và là tài xế chung đội với Phát cho biết, công việc mỗi ngày của các tài xế đều khá bận rộn. Do Thuận Phát còn đi học nên hôm nào em bận các thành viên trong đội sẽ trực thay em. Trong mắt các tài xế, Phát tuy nhỏ tuổi nhưng rất giàu nhiệt huyết, sẵn sàng nhận ca thay các anh em dù bản thân có mệt mỏi.",
			"Bác sĩ Bùi Thanh Tú, Trưởng phòng tổ chức hành chánh của trung tâm y tế cho biết, trung tâm sẽ tiếp nhận danh sách F1 từ tổ truy vết sau đó sắp xếp lịch trình di chuyển cho các tài xế để đưa rước sớm nhất.",
			"“Phát là thành viên nhỏ tuổi nhất đội nhưng em hoạt động rất năng nổ và có trách nhiệm. Với sự tinh thần và cống hiến của các tình nguyện viên, trung tâm y tế quận Ninh Kiều rất hoan nghênh và cảm kích trước tấm lòng của các bạn trẻ”, Bác sĩ Bùi Thanh Tú nhận xét.",
			"Công việc dẫu có vất vả, nhiều rủi ro nhưng với Phát, được giúp đỡ cho người dân, giúp đỡ cho cộng đồng góp phần cùng với địa phương “chiến thắng” dịch bệnh là niềm hạnh phúc lớn nhất lúc này.",
			"Khu Giáo dục và Đào tạo – Khu Công nghệ cao Hòa Lạc – Km29 Đại lộ Thăng Long, H. Thạch Thất,\nTP. Hà Nội",
			"Điện thoại: 024 7300 1866",
			"Email: daihocfpt@fpt.edu.vn",
			"Lô E2a-7, Đường D1 Khu Công nghệ cao, P. Long Thạnh Mỹ, TP. Thủ Đức, TP. Hồ Chí Minh",
			"Điện thoại: 028 7300 1866",
			"Email: daihocfpt@fpt.edu.vn",
			"Khu đô thị công nghệ FPT Đà Nẵng, P. Hoà Hải, Q. Ngũ Hành Sơn, TP. Đà Nẵng",
			"Điện thoại: 0236 730 1866",
			"Email: daihocfpt@fpt.edu.vn",
			"Số 600 Đường Nguyễn Văn Cừ (nối dài), P. An Bình, Q. Ninh Kiều, TP. Cần Thơ",
			"Điện thoại: 0292 730 1866",
			"Email: daihocfpt@fpt.edu.vn",
			"Khu đô thị mới An Phú Thịnh, Phường Nhơn Bình & Phường Đống Đa, TP. Quy\nNhơn, Bình Định",
			"Điện thoại: 0256 730 1866 /0256 7300 999",
			"Email: daihocfpt@fpt.edu.vn"
		],
		"label": [
			"Tìm kiếm",
			"Tìm kiếm"
		],
		"button": [
			"×",
			"Đăng ký",
			"Đóng"
		],
		"span": [
			"Trang chủ",
			"Cuộc sống tại đại học FPT",
			"Tại sao nên học tại Đại học FPT",
			"Câu chuyện sinh viên",
			"Chàng sinh viên năm nhất ĐH FPT tình nguyện đưa, rước F0, F1",
			"bởi",
			"Bài trước",
			"Bài trước:",
			"← Thực tập tại doanh nghiệp – học kỳ đặc biệt của sinh viên ĐH FPT",
			"Bài tiếp",
			"Bài tiếp:",
			"Sinh viên Đại học FPT xây dựng hệ sinh thái hỗ trợ giáo dục 4.0 →"
		],
		"h1": [
			"Chàng sinh viên năm nhất ĐH FPT tình nguyện đưa, rước F0, F1"
		],
		"time": [
			"Thứ Năm, ngày 09 tháng 09 năm 2021",
			"08/09/2021",
			"05/02/2024",
			"05/02/2024",
			"05/02/2024",
			"02/02/2024",
			"01/02/2024"
		],
		"em": [
			"Những chuyến xe “không mỏi” của sinh viên Nguyễn Thuận Phát.",
			"Bữa tối lúc 10h đêm vội vàng của Phát.",
			"F0 được xuất viện đang chờ Phát tới đón.",
			"Bệnh nhân phục hồi được y, bác sĩ hướng dẫn điền thông tin trước khi xuất viện.",
			"Xe cấp cứu được phun khử khuẩn khi vào khu cách ly."
		],
		"strong": [
			"Trước khi trở thành một tình nguyện viên hỗ trợ F0, F1, Nguyễn Thuận Phát (20 tuổi) đang là sinh viên của Trường FPT đồng thời là tài xế lái taxi thời vụ.",
			"Theo Dân Trí"
		],
		"h2": [
			"Điều hướng bài viết"
		],
		"h4": [
			"HÀ NỘI",
			"TP. HỒ CHÍ MINH",
			"ĐÀ NẴNG",
			"CẦN THƠ",
			"Quy Nhơn"
		],
		"h3": [
			"Đăng ký tư vấn"
		],
		"b": [
			"Hãy để lại SĐT để cán bộ nhà trường hỗ trợ bạn sớm nhất nhé"
		],
		"option": [
			"Tỉnh / Thành phố *",
			"An Giang",
			"Bà Rịa-Vũng Tàu",
			"Bắc Giang",
			"Bắc Kạn",
			"Bạc Liêu",
			"Bắc Ninh",
			"Bến Tre",
			"Bình Dương",
			"Bình Định",
			"Bình Phước",
			"Bình Thuận",
			"Cà Mau",
			"Cần Thơ",
			"Cao Bằng",
			"Cục Cảnh sát ĐKQL cư trú và DLQG về dân cư",
			"Cục Cảnh sát quản lý hành chính về trật tự xã hội",
			"Đà Nẵng",
			"Đắk Lắk",
			"Đăk Nông",
			"Điện Biên",
			"Đồng Nai",
			"Đồng Tháp",
			"Gia Lai",
			"Hà Giang",
			"Hà Nam",
			"Hà Tĩnh",
			"Hải Dương",
			"Hải Phòng",
			"Hậu Giang",
			"Hoà Bình",
			"Hưng Yên",
			"Khánh Hoà",
			"Kiên Giang",
			"Kon Tum",
			"Lai Châu",
			"Lâm Đồng",
			"Lạng Sơn",
			"Lào Cai",
			"Long An",
			"Nam Định",
			"Nghệ An",
			"Ninh Bình",
			"Ninh Thuận",
			"Phú Thọ",
			"Phú Yên",
			"Quảng Bình",
			"Quảng Nam",
			"Quảng Ngãi",
			"Quảng Ninh",
			"Quảng Trị",
			"Sóc Trăng",
			"Sơn La",
			"Tây Ninh",
			"Thái Bình",
			"Thái Nguyên",
			"Thanh Hoá",
			"Thừa Thiên - Huế",
			"Tiền Giang",
			"Trà Vinh",
			"Tuyên Quang",
			"Vĩnh Long",
			"Vĩnh Phúc",
			"Yên Bái",
			"Hà Nội",
			"TP. Hồ Chí Minh"
		]
	},
	"url": "https://daihoc.fpt.edu.vn/chang-sinh-vien-nam-nhat-dh-fpt-tinh-nguyen-dua-ruoc-f0-f1/"
}