{
	"data": {
		"title": [
			"Phim ngắn “Thoi vàng chỉ ngọc” của SV ĐH FPT tại Cần Thơ được công chiếu ở Lotte Cinema - Trường Đại học FPT"
		],
		"div": [
			"© 2024 Bản quyền thuộc về Trường Đại học FPT.",
			"Đăng ký tư vấn"
		],
		"a": [
			"Trường Đại học FPT",
			"Vietnamese",
			"English",
			"Trang chủ",
			"Giới thiệu",
			"Lịch sử thành lập",
			"Tập đoàn FPT",
			"Tổ chức giáo dục FPT",
			"Triết lý đào tạo",
			"Các giải thưởng và thành tích",
			"Ban lãnh đạo",
			"Gắn kết cộng đồng",
			"Tin tức",
			"Tin tức chung",
			"Hoạt động sinh viên",
			"Sự kiện",
			"Tuyển dụng",
			"Hướng nghiệp",
			"Ngành học",
			"Công nghệ thông tin",
			"Công nghệ ô tô số",
			"Kỹ thuật phần mềm",
			"Hệ thống thông tin",
			"Trí tuệ nhân tạo",
			"An toàn thông tin",
			"Thiết kế Mỹ thuật số",
			"Quản trị kinh doanh",
			"Tài chính",
			"Digital Marketing",
			"Kinh doanh quốc tế",
			"Quản lý Logistics & Chuỗi cung ứng toàn cầu",
			"Quản trị khách sạn",
			"Quản trị Du lịch và Lữ hành",
			"Công nghệ truyền thông",
			"Quản trị truyền thông đa phương tiện",
			"Quan hệ công chúng",
			"Ngôn ngữ Anh",
			"Ngôn ngữ Nhật",
			"Ngôn ngữ Hàn Quốc",
			"Ngôn ngữ Trung Quốc (Dự kiến)",
			"Đời sống sinh viên",
			"Một ngày tại Đại học FPT",
			"Vì sao nên học tại Đại học FPT",
			"Sự hài lòng của sinh viên",
			"Môi trường học tập",
			"Chương trình học linh hoạt",
			"Đời sống sinh viên",
			"Ký túc xá",
			"Các CLB & Cộng đồng sinh viên",
			"Các hoạt động thể thao trong trường",
			"Dịch vụ hỗ trợ",
			"Định hướng và khởi đầu",
			"Tốt nghiệp",
			"Câu chuyện sinh viên",
			"Hợp tác",
			"Ngành công nghiệp và doanh nghiệp",
			"Chương trình trao đổi sinh viên",
			"Chương trình học tập tại nước ngoài",
			"Hợp tác quốc tế",
			"Trao đổi sinh viên",
			"Học kỳ nước ngoài",
			"Các trường đại học đối tác",
			"Cựu sinh viên",
			"Cộng đồng cựu sinh viên",
			"Họ đang làm việc tại đâu",
			"Tuyển sinh",
			"Đề án tuyển sinh",
			"Tin tuyển sinh",
			"Liên hệ",
			"Đăng nhập",
			"Quỳnh",
			"Môi trường khởi nghiệp năng động của sinh viên Đại học FPT tại Cần Thơ",
			"Tìm hiểu văn hoá Nhật Bản qua workshop Đạo trong kiếm",
			"SV trường ĐH FPT Hà Nội đón “tết trên bản” 2024",
			"Nữ sinh trường F trong tà áo dài ngày Xuân",
			"Gặp gỡ đội tuyển NGT’s OPEN ROBOT trước giải đấu FIRST Tech Challenge Vietnam",
			"Tỏa sáng với nghiên cứu khoa học, nữ sinh ĐH FPT khẳng định bản lĩnh và tài năng",
			"Phim ngắn “Thoi vàng chỉ ngọc” của SV ĐH FPT tại Cần Thơ được công chiếu ở Lotte Cinema",
			"SV trường ĐH FPT Hà Nội đón “tết trên bản” 2024",
			"Vietnamese",
			"English",
			"Facebook",
			"Youtube",
			"Tik Tok",
			"Hotline: (024)/(028) 73001866 - (0236)/(0292) 7301866"
		],
		"img": [
			"cropped cropped 2021 FPTU Long",
			"cropped cropped 2021 FPTU Long",
			"fpt 5",
			"fpt 5",
			"fpt 12",
			"fpt 12",
			"fpt 3",
			"fpt 3",
			"fpt 6",
			"fpt 6",
			"fpt 10",
			"fpt 10",
			"fpt 9",
			"fpt 9",
			"fpt 2",
			"fpt 2",
			"fpt 1",
			"fpt 1",
			"sinh vien dai hoc fpt 8",
			"sinh vien dai hoc fpt 8",
			"dai hoc fpt 1",
			"dai hoc fpt 1",
			"my duyen",
			"my duyen",
			"fpt 5",
			"fpt 5",
			"dai hoc fpt 1",
			"dai hoc fpt 1",
			"thông báo tuyển bổ sung",
			"thông báo tuyển bổ sung"
		],
		"p": [
			"Trang thông tin tuyển sinh chính thức của Trường Đại học FPT",
			"Dự án được sự tham gia tài trợ và cố vấn chuyên môn từ những tổ chức và cá nhân trong lĩnh vực nghệ thuật và sản xuất media như: Nhóm tác giả Lâm Gia Thái Bảo, Cơ sở Dệt choàng Kim Chiều, G5 Media, KLANG Photo, Mây Art,… đóng góp kinh phí sản xuất và cố vấn chuyên môn trong suốt quá trình sản xuất.",
			"Được biết, “Thoi vàng chỉ ngọc” cũng là dự án đầu tiên của Bụi Team, vốn là một dự án trong môn học “Sản xuất video” của chương trình đào tạo Truyền thông đa phương tiện Trường Đại học FPT Cần Thơ. Qua những lần đi tiền trạm, trải nghiệm thực tế làng nghề dệt choàng, nhóm đã vẽ ý tưởng của mình ngày một lớn dần thêm để rồi cùng nhau quyết tâm thực hiện một dự án cộng đồng đầy ý nghĩa về làng nghề truyền thống. Hầu hết các bạn trong nhóm đều là những người trẻ lần đầu biết đến máy quay, mọi thứ đều mới mẻ, nhưng với tinh thần nỗ lực, vừa học vừa làm cùng với sự hướng dẫn nhiệt tình từ cô Lý Ngọc Thiên Kim và sự hỗ trợ, cố vấn chuyên môn của các đơn vị tài trợ, dự án “Thoi vàng chỉ ngọc” cũng đã hoàn thiện và đến với khán giả.",
			"Đây là một quá trình mà cả đoàn làm phim đều tự thân vận động từ lên ý tưởng, phác thảo kịch bản, casting diễn viên, chọn bối cảnh quay, khung hình, góc máy, chỉ đạo diễn xuất, on set, dựng phim, xử lý âm thanh, hình ảnh,…Qua đó, có thể thấy rằng, công việc làm phim không hề đơn giản, nhưng bằng nỗ lực và tinh thần không ngừng học hỏi, Bụi Team đã thực sự khẳng định với tất cả mọi người như tagline: “Má ơi, mình làm được rồi!”.",
			"“Thoi vàng chỉ ngọc” với độ dài khoảng 30 phút, xoay quanh câu chuyện về chàng sinh viên Hoài Bảo – chàng trai với đam mê nhiếp ảnh đứng giữa lựa chọn theo đuổi đam mê của bản thân hay tiếp tục nối nghiệp công việc gia đình – làm làng nghề truyền thống dệt choàng. Thông qua dự án, Bụi Team mong muốn truyền tải đến thế hệ trẻ thông điệp về tình cảm gia đình và nâng cao nhận thức của cộng đồng Gen Z trong việc giữ gìn những giá trị và vẻ đẹp của làng nghề truyền thống nói chung cũng như làng nghề dệt choàng Long Khánh A, huyện Hồng Ngự, Đồng Tháp nói riêng.",
			"Sau buổi công chiếu đầu tiên, phim ngắn nhận về nhiều đánh giá tích cực từ khán giả. Đa số đều cho rằng dự án “Thoi vàng chỉ ngọc” thật sự được đầu tư chỉn chu về mặt kịch bản, nêu bật lên thông điệp về tình mẫu tử và mối quan hệ giữa người trẻ hiện đại với truyền thống, từ đó quảng bá vẻ đẹp làng nghề dệt choàng và mang đến cho thế hệ trẻ một sự thấu hiểu sâu sắc về giá trị văn hoá dân tộc.",
			"Thầy Võ Minh Sang – Chủ nhiệm Bộ môn Quản trị Kinh doanh Trường Đại học FPT Cần Thơ chia sẻ: “Sau khi xem xong dự án Thoi vàng chỉ ngọc, bản thân tôi cảm thấy rất cảm động và tự hào. Cảm động vì một câu chuyện rất nhân văn và ý nghĩa, ở những đoạn cao trào thì đã có những giọt nước mắt đã rơi. Và tôi cũng thật sự rất tự hào vì các bạn sinh viên Truyền thông đa phương tiện của Trường Đại học FPT Cần Thơ đã làm được, mang đến một tác phẩm chỉn chu về cả phần nghe, phần nhìn và phần xúc cảm trong mỗi người xem đang ngồi ở đây. Tự hào vì các bạn đã dám dấn thân biến một dự án nhỏ nhỏi trong môn học thành một điều lớn lao là mang những giá trị văn hoá làng nghề đến với cộng đồng.” Bên cạnh đó, thầy Sang cũng gửi lời cám ơn chân thành đến các cá nhân và tổ chức đã đồng hành, hỗ trợ cho Bụi Team trong quá trình thực hiện dự án.",
			"Tại buổi công chiếu, đoàn làm phim cũng có phần giao lưu cùng khán giả và những hoạt động hỏi đáp, minigame, check-in chụp ảnh cùng khăn rằn,…Trước đó, nhóm cũng bán khăn rằn – tặng vé xem phim để ủng hộ làng nghề dệt choàng và mang hình ảnh chiếc khăn rằn đến với mọi người. Điều này cho thấy Bụi Team không những đầu tư cho dự án phim mà còn chuẩn bị kỹ lưỡng cho sự kiện ra mắt phim lần này.",
			"Buổi công chiếu kết thúc thành công tốt đẹp trong sự tự hào của mọi người. Thông qua dự án phim ngắn cộng đồng “Thoi vàng chỉ ngọc”, Bụi – nhóm sinh viên Đại học FPT Cần Thơ đã mang đến một thông điệp về giữ gìn văn hoá truyền thống trong giới trẻ, đồng thời là nguồn cảm hứng để mỗi người trẻ tin vào bản thân mình, chỉ cần dám làm và không ngừng cố gắng thì chắc chắn sẽ đến ngày chúng ta tự hào nói rằng: “Mình làm được rồi!”",
			"Theo ĐH FPT Cần Thơ",
			"Trong những năm gần đây, khởi nghiệp đang trở thành xu hướng của giới trẻ. Thay vì lựa chọn công việc ổn định, nhiều bạn mong muốn được làm chủ bản thân, thay đổi xu thế xã hội. Đồng hành cùng Gen Z, Đại học FPT đã mạnh...",
			"Sinh viên ĐH FPT tại phân hiệu TP.HCM đã có buổi trải nghiệm nhiều thú vị trong buổi workshop Kendo- Đạo trong kiếm do Japan Style Club kết hợp cùng Saigon Kendo Club thực hiện. Sự kiện nhằm mang lại cho sinh viên cơ hội tìm hiểu về văn hoá...",
			"“Tết Giáp Thìn 2024: Tết trên bản” nằm trong chuỗi sự kiện Hola Fest 2024 đã mang lại không khí, trải nghiệm độc đáo của chợ phiên, hội làng, Tết bản về ngay tại Đại học FPT Hà Nội. Sân khấu hoành tráng, những màn trình...",
			"Khu Giáo dục và Đào tạo – Khu Công nghệ cao Hòa Lạc – Km29 Đại lộ Thăng Long, H. Thạch Thất,\nTP. Hà Nội",
			"Điện thoại: 024 7300 1866",
			"Email: daihocfpt@fpt.edu.vn",
			"Lô E2a-7, Đường D1 Khu Công nghệ cao, P. Long Thạnh Mỹ, TP. Thủ Đức, TP. Hồ Chí Minh",
			"Điện thoại: 028 7300 1866",
			"Email: daihocfpt@fpt.edu.vn",
			"Khu đô thị công nghệ FPT Đà Nẵng, P. Hoà Hải, Q. Ngũ Hành Sơn, TP. Đà Nẵng",
			"Điện thoại: 0236 730 1866",
			"Email: daihocfpt@fpt.edu.vn",
			"Số 600 Đường Nguyễn Văn Cừ (nối dài), P. An Bình, Q. Ninh Kiều, TP. Cần Thơ",
			"Điện thoại: 0292 730 1866",
			"Email: daihocfpt@fpt.edu.vn",
			"Khu đô thị mới An Phú Thịnh, Phường Nhơn Bình & Phường Đống Đa, TP. Quy\nNhơn, Bình Định",
			"Điện thoại: 0256 730 1866 /0256 7300 999",
			"Email: daihocfpt@fpt.edu.vn"
		],
		"label": [
			"Tìm kiếm",
			"Tìm kiếm"
		],
		"button": [
			"×",
			"Đăng ký",
			"Đóng"
		],
		"span": [
			"Trang chủ",
			"bởi",
			"Bài trước",
			"Bài trước:",
			"← SV trường ĐH FPT Hà Nội đón “tết trên bản” 2024",
			"Bài tiếp",
			"Bài tiếp:",
			"Tỏa sáng với nghiên cứu khoa học, nữ sinh ĐH FPT khẳng định bản lĩnh và tài năng →"
		],
		"h1": [
			"Phim ngắn “Thoi vàng chỉ ngọc” của SV ĐH FPT tại Cần Thơ được công chiếu ở Lotte Cinema"
		],
		"time": [
			"Thứ Sáu, ngày 02 tháng 02 năm 2024",
			"05/02/2024",
			"05/02/2024",
			"05/02/2024",
			"02/02/2024",
			"01/02/2024"
		],
		"strong": [
			"Với kịch bản chỉn chu và cách thể hiện đầy cảm xúc, phim ngắn “Thoi vàng chỉ ngọc” do các SV FPTU Cần Thơ thực hiện đã nhận được nhiều phản hồi tích cực của khán giả tham gia buổi công chiếu tại Lotte Cinema vào ngày 31/1 vừa qua."
		],
		"h2": [
			"Bài viết liên quan",
			"Điều hướng bài viết"
		],
		"h3": [
			"Đăng ký tư vấn"
		],
		"h4": [
			"HÀ NỘI",
			"TP. HỒ CHÍ MINH",
			"ĐÀ NẴNG",
			"CẦN THƠ",
			"Quy Nhơn"
		],
		"b": [
			"Hãy để lại SĐT để cán bộ nhà trường hỗ trợ bạn sớm nhất nhé"
		],
		"option": [
			"Tỉnh / Thành phố *",
			"An Giang",
			"Bà Rịa-Vũng Tàu",
			"Bắc Giang",
			"Bắc Kạn",
			"Bạc Liêu",
			"Bắc Ninh",
			"Bến Tre",
			"Bình Dương",
			"Bình Định",
			"Bình Phước",
			"Bình Thuận",
			"Cà Mau",
			"Cần Thơ",
			"Cao Bằng",
			"Cục Cảnh sát ĐKQL cư trú và DLQG về dân cư",
			"Cục Cảnh sát quản lý hành chính về trật tự xã hội",
			"Đà Nẵng",
			"Đắk Lắk",
			"Đăk Nông",
			"Điện Biên",
			"Đồng Nai",
			"Đồng Tháp",
			"Gia Lai",
			"Hà Giang",
			"Hà Nam",
			"Hà Tĩnh",
			"Hải Dương",
			"Hải Phòng",
			"Hậu Giang",
			"Hoà Bình",
			"Hưng Yên",
			"Khánh Hoà",
			"Kiên Giang",
			"Kon Tum",
			"Lai Châu",
			"Lâm Đồng",
			"Lạng Sơn",
			"Lào Cai",
			"Long An",
			"Nam Định",
			"Nghệ An",
			"Ninh Bình",
			"Ninh Thuận",
			"Phú Thọ",
			"Phú Yên",
			"Quảng Bình",
			"Quảng Nam",
			"Quảng Ngãi",
			"Quảng Ninh",
			"Quảng Trị",
			"Sóc Trăng",
			"Sơn La",
			"Tây Ninh",
			"Thái Bình",
			"Thái Nguyên",
			"Thanh Hoá",
			"Thừa Thiên - Huế",
			"Tiền Giang",
			"Trà Vinh",
			"Tuyên Quang",
			"Vĩnh Long",
			"Vĩnh Phúc",
			"Yên Bái",
			"Hà Nội",
			"TP. Hồ Chí Minh"
		]
	},
	"url": "https://daihoc.fpt.edu.vn/phim-ngan-thoi-vang-chi-ngoc-cua-sv-dh-fpt-tai-can-tho-duoc-cong-chieu-o-lotte-cinema/"
}