{
	"data": {
		"title": [
			"Lễ tốt nghiệp - Trang 2 trên 3 - Trường Đại học FPT"
		],
		"div": [
			"© 2024 Bản quyền thuộc về Trường Đại học FPT.",
			"Đăng ký tư vấn"
		],
		"a": [
			"Trường Đại học FPT",
			"Vietnamese",
			"English",
			"Trang chủ",
			"Giới thiệu",
			"Lịch sử thành lập",
			"Tập đoàn FPT",
			"Tổ chức giáo dục FPT",
			"Triết lý đào tạo",
			"Các giải thưởng và thành tích",
			"Ban lãnh đạo",
			"Gắn kết cộng đồng",
			"Tin tức",
			"Tin tức chung",
			"Hoạt động sinh viên",
			"Sự kiện",
			"Tuyển dụng",
			"Hướng nghiệp",
			"Ngành học",
			"Công nghệ thông tin",
			"Công nghệ ô tô số",
			"Kỹ thuật phần mềm",
			"Hệ thống thông tin",
			"Trí tuệ nhân tạo",
			"An toàn thông tin",
			"Thiết kế Mỹ thuật số",
			"Quản trị kinh doanh",
			"Tài chính",
			"Digital Marketing",
			"Kinh doanh quốc tế",
			"Quản lý Logistics & Chuỗi cung ứng toàn cầu",
			"Quản trị khách sạn",
			"Quản trị Du lịch và Lữ hành",
			"Công nghệ truyền thông",
			"Quản trị truyền thông đa phương tiện",
			"Quan hệ công chúng",
			"Ngôn ngữ Anh",
			"Ngôn ngữ Nhật",
			"Ngôn ngữ Hàn Quốc",
			"Ngôn ngữ Trung Quốc (Dự kiến)",
			"Đời sống sinh viên",
			"Một ngày tại Đại học FPT",
			"Vì sao nên học tại Đại học FPT",
			"Sự hài lòng của sinh viên",
			"Môi trường học tập",
			"Chương trình học linh hoạt",
			"Đời sống sinh viên",
			"Ký túc xá",
			"Các CLB & Cộng đồng sinh viên",
			"Các hoạt động thể thao trong trường",
			"Dịch vụ hỗ trợ",
			"Định hướng và khởi đầu",
			"Tốt nghiệp",
			"Câu chuyện sinh viên",
			"Hợp tác",
			"Ngành công nghiệp và doanh nghiệp",
			"Chương trình trao đổi sinh viên",
			"Chương trình học tập tại nước ngoài",
			"Hợp tác quốc tế",
			"Trao đổi sinh viên",
			"Học kỳ nước ngoài",
			"Các trường đại học đối tác",
			"Cựu sinh viên",
			"Cộng đồng cựu sinh viên",
			"Họ đang làm việc tại đâu",
			"Tuyển sinh",
			"Đề án tuyển sinh",
			"Tin tuyển sinh",
			"Liên hệ",
			"Đăng nhập",
			"Đại học FPT Cần Thơ tổ chức lễ tốt nghiệp khóa đầu tiên với 315 sinh viên",
			"Quỳnh",
			"Cựu SV FPT trải lòng trước Lễ tốt nghiệp đợt 3/2021",
			"Quỳnh",
			"Lễ tốt nghiệp đầy cảm xúc của hơn 500 tân cử nhân Đại học FPT Hà Nội",
			"Nguyễn Thị Hồng Yến",
			"Hơn 400 tân cử nhân, tân kỹ sư rạng rỡ ngày lễ tốt nghiệp ĐH FPT TP. HCM",
			"Nguyễn Thị Hồng Yến",
			"Hơn 300 tân cử nhân, tân kỹ sư Trường Đại học FPT rạng rỡ trong Lễ Tốt Nghiệp 2020",
			"Nguyễn Thị Hồng Yến",
			"Những trải lòng của sinh viên trường F trước thềm Lễ Tốt Nghiệp 2020",
			"Nguyễn Thị Hồng Yến",
			"Lễ tốt nghiệp – Sự kiện trọng đại trong cuộc đời sinh viên Đại học FPT",
			"Nguyễn Thị Mơ",
			"Năm tháng thanh xuân tại ngôi trường F của bạn có gì?",
			"Phạm Thị Phương",
			"Lễ tốt nghiệp tháng 7 – Còn gì chờ đợi ai?",
			"Nguyễn Thị Hồng Yến",
			"1",
			"3",
			"Facebook",
			"Youtube",
			"Tik Tok",
			"Hotline: (024)/(028) 73001866 - (0236)/(0292) 7301866"
		],
		"img": [
			"cropped cropped 2021 FPTU Long",
			"cropped cropped 2021 FPTU Long",
			"Đại học FPT Cần Thơ tổ chức lễ tốt nghiệp khóa đầu tiên với 315 sinh viên",
			"Đại học FPT Cần Thơ tổ chức lễ tốt nghiệp khóa đầu tiên với 315 sinh viên",
			"Cựu SV FPT trải lòng trước Lễ tốt nghiệp đợt 3/2021",
			"Cựu SV FPT trải lòng trước Lễ tốt nghiệp đợt 3/2021",
			"Lễ tốt nghiệp đầy cảm xúc của hơn 500 tân cử nhân Đại học FPT Hà Nội",
			"Lễ tốt nghiệp đầy cảm xúc của hơn 500 tân cử nhân Đại học FPT Hà Nội",
			"Hơn 400 tân cử nhân, tân kỹ sư rạng rỡ ngày lễ tốt nghiệp ĐH FPT TP. HCM",
			"Hơn 400 tân cử nhân, tân kỹ sư rạng rỡ ngày lễ tốt nghiệp ĐH FPT TP. HCM",
			"Hơn 300 tân cử nhân, tân kỹ sư Trường Đại học FPT rạng rỡ trong Lễ Tốt Nghiệp 2020",
			"Hơn 300 tân cử nhân, tân kỹ sư Trường Đại học FPT rạng rỡ trong Lễ Tốt Nghiệp 2020",
			"Những trải lòng của sinh viên trường F trước thềm Lễ Tốt Nghiệp 2020",
			"Những trải lòng của sinh viên trường F trước thềm Lễ Tốt Nghiệp 2020",
			"Lễ tốt nghiệp – Sự kiện trọng đại trong cuộc đời sinh viên Đại học FPT",
			"Lễ tốt nghiệp – Sự kiện trọng đại trong cuộc đời sinh viên Đại học FPT",
			"Năm tháng thanh xuân tại ngôi trường F của bạn có gì?",
			"Năm tháng thanh xuân tại ngôi trường F của bạn có gì?",
			"Lễ tốt nghiệp tháng 7 – Còn gì chờ đợi ai?",
			"Lễ tốt nghiệp tháng 7 – Còn gì chờ đợi ai?",
			"thông báo tuyển bổ sung",
			"thông báo tuyển bổ sung"
		],
		"p": [
			"Trang thông tin tuyển sinh chính thức của Trường Đại học FPT",
			"Khu Giáo dục và Đào tạo – Khu Công nghệ cao Hòa Lạc – Km29 Đại lộ Thăng Long, H. Thạch Thất,\nTP. Hà Nội",
			"Điện thoại: 024 7300 1866",
			"Email: daihocfpt@fpt.edu.vn",
			"Lô E2a-7, Đường D1 Khu Công nghệ cao, P. Long Thạnh Mỹ, TP. Thủ Đức, TP. Hồ Chí Minh",
			"Điện thoại: 028 7300 1866",
			"Email: daihocfpt@fpt.edu.vn",
			"Khu đô thị công nghệ FPT Đà Nẵng, P. Hoà Hải, Q. Ngũ Hành Sơn, TP. Đà Nẵng",
			"Điện thoại: 0236 730 1866",
			"Email: daihocfpt@fpt.edu.vn",
			"Số 600 Đường Nguyễn Văn Cừ (nối dài), P. An Bình, Q. Ninh Kiều, TP. Cần Thơ",
			"Điện thoại: 0292 730 1866",
			"Email: daihocfpt@fpt.edu.vn",
			"Khu đô thị mới An Phú Thịnh, Phường Nhơn Bình & Phường Đống Đa, TP. Quy\nNhơn, Bình Định",
			"Điện thoại: 0256 730 1866 /0256 7300 999",
			"Email: daihocfpt@fpt.edu.vn"
		],
		"label": [
			"Tìm kiếm"
		],
		"button": [
			"×",
			"Đăng ký",
			"Đóng"
		],
		"h1": [
			"Lễ tốt nghiệp"
		],
		"h3": [
			"Đăng ký tư vấn"
		],
		"span": [
			"bởi",
			"bởi",
			"bởi",
			"bởi",
			"bởi",
			"bởi",
			"bởi",
			"bởi",
			"bởi",
			"2"
		],
		"time": [
			"13/03/2022",
			"06/07/2022",
			"18/02/2022",
			"06/07/2022",
			"26/04/2021",
			"06/07/2022",
			"20/11/2020",
			"08/07/2022",
			"27/07/2020",
			"27/07/2020",
			"22/07/2020",
			"06/07/2022",
			"27/07/2019",
			"06/07/2022",
			"05/07/2019",
			"05/07/2019",
			"26/06/2019",
			"02/07/2019"
		],
		"h2": [
			"Điều hướng bài viết"
		],
		"h4": [
			"HÀ NỘI",
			"TP. HỒ CHÍ MINH",
			"ĐÀ NẴNG",
			"CẦN THƠ",
			"Quy Nhơn"
		],
		"b": [
			"Hãy để lại SĐT để cán bộ nhà trường hỗ trợ bạn sớm nhất nhé"
		],
		"option": [
			"Tỉnh / Thành phố *",
			"An Giang",
			"Bà Rịa-Vũng Tàu",
			"Bắc Giang",
			"Bắc Kạn",
			"Bạc Liêu",
			"Bắc Ninh",
			"Bến Tre",
			"Bình Dương",
			"Bình Định",
			"Bình Phước",
			"Bình Thuận",
			"Cà Mau",
			"Cần Thơ",
			"Cao Bằng",
			"Cục Cảnh sát ĐKQL cư trú và DLQG về dân cư",
			"Cục Cảnh sát quản lý hành chính về trật tự xã hội",
			"Đà Nẵng",
			"Đắk Lắk",
			"Đăk Nông",
			"Điện Biên",
			"Đồng Nai",
			"Đồng Tháp",
			"Gia Lai",
			"Hà Giang",
			"Hà Nam",
			"Hà Tĩnh",
			"Hải Dương",
			"Hải Phòng",
			"Hậu Giang",
			"Hoà Bình",
			"Hưng Yên",
			"Khánh Hoà",
			"Kiên Giang",
			"Kon Tum",
			"Lai Châu",
			"Lâm Đồng",
			"Lạng Sơn",
			"Lào Cai",
			"Long An",
			"Nam Định",
			"Nghệ An",
			"Ninh Bình",
			"Ninh Thuận",
			"Phú Thọ",
			"Phú Yên",
			"Quảng Bình",
			"Quảng Nam",
			"Quảng Ngãi",
			"Quảng Ninh",
			"Quảng Trị",
			"Sóc Trăng",
			"Sơn La",
			"Tây Ninh",
			"Thái Bình",
			"Thái Nguyên",
			"Thanh Hoá",
			"Thừa Thiên - Huế",
			"Tiền Giang",
			"Trà Vinh",
			"Tuyên Quang",
			"Vĩnh Long",
			"Vĩnh Phúc",
			"Yên Bái",
			"Hà Nội",
			"TP. Hồ Chí Minh"
		]
	},
	"url": "https://daihoc.fpt.edu.vn/chuyen-muc/cuoc-song-tai-dai-hoc-fpt/tot-nghiep/le-tot-nghiep/page/2/"
}