{
	"data": {
		"title": [
			"Cách nộp lệ phí xét tuyển đại học trực tuyến trên hệ thống của Bộ GD&ĐT - Trường Đại học FPT"
		],
		"div": [
			"›\n\n›",
			"© 2024 Bản quyền thuộc về Trường Đại học FPT.",
			"Đăng ký tư vấn"
		],
		"a": [
			"Trường Đại học FPT",
			"Vietnamese",
			"English",
			"Trang chủ",
			"Giới thiệu",
			"Lịch sử thành lập",
			"Tập đoàn FPT",
			"Tổ chức giáo dục FPT",
			"Triết lý đào tạo",
			"Các giải thưởng và thành tích",
			"Ban lãnh đạo",
			"Gắn kết cộng đồng",
			"Tin tức",
			"Tin tức chung",
			"Hoạt động sinh viên",
			"Sự kiện",
			"Tuyển dụng",
			"Hướng nghiệp",
			"Ngành học",
			"Công nghệ thông tin",
			"Công nghệ ô tô số",
			"Kỹ thuật phần mềm",
			"Hệ thống thông tin",
			"Trí tuệ nhân tạo",
			"An toàn thông tin",
			"Thiết kế Mỹ thuật số",
			"Quản trị kinh doanh",
			"Tài chính",
			"Digital Marketing",
			"Kinh doanh quốc tế",
			"Quản lý Logistics & Chuỗi cung ứng toàn cầu",
			"Quản trị khách sạn",
			"Quản trị Du lịch và Lữ hành",
			"Công nghệ truyền thông",
			"Quản trị truyền thông đa phương tiện",
			"Quan hệ công chúng",
			"Ngôn ngữ Anh",
			"Ngôn ngữ Nhật",
			"Ngôn ngữ Hàn Quốc",
			"Ngôn ngữ Trung Quốc (Dự kiến)",
			"Đời sống sinh viên",
			"Một ngày tại Đại học FPT",
			"Vì sao nên học tại Đại học FPT",
			"Sự hài lòng của sinh viên",
			"Môi trường học tập",
			"Chương trình học linh hoạt",
			"Đời sống sinh viên",
			"Ký túc xá",
			"Các CLB & Cộng đồng sinh viên",
			"Các hoạt động thể thao trong trường",
			"Dịch vụ hỗ trợ",
			"Định hướng và khởi đầu",
			"Tốt nghiệp",
			"Câu chuyện sinh viên",
			"Hợp tác",
			"Ngành công nghiệp và doanh nghiệp",
			"Chương trình trao đổi sinh viên",
			"Chương trình học tập tại nước ngoài",
			"Hợp tác quốc tế",
			"Trao đổi sinh viên",
			"Học kỳ nước ngoài",
			"Các trường đại học đối tác",
			"Cựu sinh viên",
			"Cộng đồng cựu sinh viên",
			"Họ đang làm việc tại đâu",
			"Tuyển sinh",
			"Đề án tuyển sinh",
			"Tin tuyển sinh",
			"Liên hệ",
			"Đăng nhập",
			"Nguyễn Thị Hồng Yến",
			"Giải đáp những thắc mắc khi đăng ký nguyện vọng ĐH FPT năm 2023",
			"Cô nàng 2k4 đa tài chọn FPT là Nguyện vọng 1 để thoả mãn đam mê",
			"GenZ an tâm chọn nguyện vọng 1 tại ĐH FPT vì những lợi thế Việc làm này",
			"Nữ sinh trường F trong tà áo dài ngày Xuân",
			"Gặp gỡ đội tuyển NGT’s OPEN ROBOT trước giải đấu FIRST Tech Challenge Vietnam",
			"Tỏa sáng với nghiên cứu khoa học, nữ sinh ĐH FPT khẳng định bản lĩnh và tài năng",
			"Phim ngắn “Thoi vàng chỉ ngọc” của SV ĐH FPT tại Cần Thơ được công chiếu ở Lotte Cinema",
			"SV trường ĐH FPT Hà Nội đón “tết trên bản” 2024",
			"Vietnamese",
			"English",
			"Facebook",
			"Youtube",
			"Tik Tok",
			"Hotline: (024)/(028) 73001866 - (0236)/(0292) 7301866"
		],
		"img": [
			"cropped cropped 2021 FPTU Long",
			"cropped cropped 2021 FPTU Long",
			"Screenshot 2023 07 31 at 16.23.25",
			"Screenshot 2023 07 31 at 16.23.25",
			"cach nop le phi xet tuyen dai hoc fpt 2",
			"cach nop le phi xet tuyen dai hoc fpt 2",
			"sinh vien dai hoc fpt 8",
			"sinh vien dai hoc fpt 8",
			"dai hoc fpt 1",
			"dai hoc fpt 1",
			"my duyen",
			"my duyen",
			"fpt 5",
			"fpt 5",
			"dai hoc fpt 1",
			"dai hoc fpt 1",
			"thông báo tuyển bổ sung",
			"thông báo tuyển bổ sung"
		],
		"p": [
			"Trang thông tin tuyển sinh chính thức của Trường Đại học FPT",
			"Trong đó, các kênh ngân hàng gồm: Vietcombank, Vietinbank, Agribank, BIDV, SHB; VPBank, TPBank.",
			"Các tổ chức trung gian thanh toán: Các ngân hàng khác qua VNPT Money, Ngân lượng, KeyPay, Payoo, Napas, OmiPay (sau mỗi đầu mối này bao gồm hầu hết các ngân hàng đang hoạt động ở Việt Nam).",
			"Các ví điện tử: VNPT Money, Momo, Viettel Money.",
			"Kênh thanh toán di động: VNPT Mobile Money.",
			"Cục Công nghệ thông tin, Bộ Giáo dục và Đào tạo lưu ý thí sinh có thể tự thanh toán bằng tài khoản ngân hàng, ví điện tử của bản thân hoặc nhờ người thân, thầy cô thanh toán hộ trên giao diện thanh toán của thí sinh.",
			"Trường hợp không nhìn thấy nút “” tại giao diện đăng ký nguyện vọng xét tuyển có nghĩa là thời điểm đó không thuộc khoảng thời gian nộp lệ phí hoặc đang được tạm ẩn đi nhằm tránh nghẽn hệ thống thanh toán.",
			"Thời gian nộp lệ phí theo tỉnh, thành như sau:",
			"Cục Công nghệ thông tin cũng khuyến nghị thí sinh truy cập bằng máy tính cá nhân, máy tính bảng hoặc điện thoại thông minh có màn hình đủ lớn (độ phân giải full HD 1920×1080), sử dụng trình duyệt Google Chrome hoặc FireFox phiên bản mới nhất.",
			"Tại một thời điểm, thí sinh chỉ đăng nhập hệ thống trên một thiết bị. Để việc thanh toán nhanh, gọn, chính xác, thí sinh nên sử dụng các kênh có hỗ trợ thanh toán nhanh bằng QR code như: Momo, Ngân lượng, Payoo, Ví VNPT Money.",
			"Quá trình thanh toán trực tuyến phụ thuộc việc kết nối nhiều hệ thống nên có thể gặp tình huống tắc nghẽn hệ thống. Trong trường hợp này, thí sinh không nên cố gắng truy cập lại ngay, chờ khoảng 30 phút sau thực hiện lại.",
			"Nếu gặp thông báo ““, thí sinh quay lại thực hiện sau 10 phút.",
			"Thí sinh không đóng trình duyệt cho đến khi nhận được thông báo cuối cùng. Trường hợp gặp khó khăn, thí sinh hay phụ huynh liên hệ số Hotline (hiển thị trên trang thanh toán) để được hướng dẫn hoặc chuyển sang lựa chọn kênh thanh toán khác.",
			"Nếu đã nhận được thông báo trừ tiền mà không nhận được thông báo thành công trên hệ thống xét tuyển, thí sinh liên hệ số Hotline của kênh thanh toán hoặc tổng đài hệ thống xét tuyển để phản ánh và nhận hỗ trợ.",
			"Khi gọi Hotline hỗ trợ, nếu được hỏi thông tin của giao dịch thất bại, thí sinh bấm nút “” để xem thông tin chi tiết của giao dịch: Mã hồ sơ, mã tham chiếu, mã giao dịch, mã ngân hàng, thời gian giao dịch, số tiền, trạng thái.",
			"Sau khi nộp lệ phí thành công, các em được xác nhận hoàn thành nghĩa vụ nộp lệ phí (biên lai có thể xem trên hệ thống xét tuyển sau ngày 6/8).",
			"“Trường hợp xảy ra thanh toán trùng, thí sinh sẽ được hoàn tiền thanh toán trùng sau khi kết thúc đợt nộp lệ phí”, Cục Công nghệ thông tin cho biết.",
			"Khi cần hỗ trợ trong lúc thực hiện trên một kênh thanh toán cụ thể, thí sinh liên hệ số Hotline hiển thị trên trang thanh toán của kênh đó hoặc liên hệ Tổng đài hỗ trợ Cổng Dịch vụ công Quốc gia: 1800 1096.",
			"Khi cần hỗ trợ chung, thí sinh liên hệ tổng đài hỗ trợ hệ thống xét tuyển: 1800 8000 nhánh số 2.",
			"Ngoài ra, thí sinh có thể liên hệ thầy cô thuộc trường phổ thông để được hỗ trợ.",
			"Dưới đây là danh sách số Hotline của các kênh thanh toán:",
			"– Các kênh “Các ngân hàng khác qua VNPT Money”, Ví VNPT Money, VNPT Mobile Money: 1800 1091 (nhánh 3)",
			"– Vietcombank: 1900 545413",
			"– Vietinbank: 1900 558868",
			"– Agribank: 1900 558818",
			"– BIDV: 1900 9247",
			"– SHB: 1800 588856",
			"– VPBank: 1900 545415",
			"– TPBank: 1900 6036",
			"– Ngân lượng: 1900 585899",
			"– KeyPay: 1900 636290",
			"– Payoo: 1900 545478",
			"– Napas: 02436375079",
			"– Momo: 1900 545441",
			"– Viettel Money: 1800 9000",
			"– OmiPay: 1900 0128",
			"Từ ngày 10/7/2023 – 30/7/2023, thí sinh 2K5 bắt đầu đăng ký và điều chỉnh nguyện vọng không giới hạn trên Hệ thống tuyển sinh của Bộ GD&ĐT. Theo đó, thí sinh cần đăng ký “FPT” là nguyện vọng xét tuyển nếu có mong muốn nhập...",
			"Đó là Nguyễn Huỳnh Diệu Như, học sinh chuyên Sinh khóa 16 trường THPT Chuyên Hà Tĩnh. Như đăng ký FPT là nguyện vọng 1 với chuyên ngành Quản trị Truyền thông Đa phương tiện tại Trường Đại học FPT. Cùng điểm qua thành tích hoạt động...",
			"Việc làm cho sinh viên sau khi tốt nghiệp luôn là vấn đề được Trường Đại học FPT đặc biệt chú trọng. Với những lợi thế này, sinh viên Đại học FPT luôn được nhà tuyển dụng đánh giá cao và săn đón ngay khi còn ngồi trên ghế...",
			"Khu Giáo dục và Đào tạo – Khu Công nghệ cao Hòa Lạc – Km29 Đại lộ Thăng Long, H. Thạch Thất,\nTP. Hà Nội",
			"Điện thoại: 024 7300 1866",
			"Email: daihocfpt@fpt.edu.vn",
			"Lô E2a-7, Đường D1 Khu Công nghệ cao, P. Long Thạnh Mỹ, TP. Thủ Đức, TP. Hồ Chí Minh",
			"Điện thoại: 028 7300 1866",
			"Email: daihocfpt@fpt.edu.vn",
			"Khu đô thị công nghệ FPT Đà Nẵng, P. Hoà Hải, Q. Ngũ Hành Sơn, TP. Đà Nẵng",
			"Điện thoại: 0236 730 1866",
			"Email: daihocfpt@fpt.edu.vn",
			"Số 600 Đường Nguyễn Văn Cừ (nối dài), P. An Bình, Q. Ninh Kiều, TP. Cần Thơ",
			"Điện thoại: 0292 730 1866",
			"Email: daihocfpt@fpt.edu.vn",
			"Khu đô thị mới An Phú Thịnh, Phường Nhơn Bình & Phường Đống Đa, TP. Quy\nNhơn, Bình Định",
			"Điện thoại: 0256 730 1866 /0256 7300 999",
			"Email: daihocfpt@fpt.edu.vn"
		],
		"label": [
			"Tìm kiếm",
			"Tìm kiếm"
		],
		"button": [
			"×",
			"Đăng ký",
			"Đóng"
		],
		"span": [
			"Trang chủ",
			"Tin tức chung",
			"Cách nộp lệ phí xét tuyển đại học trực tuyến trên hệ thống của Bộ GD&ĐT",
			"bởi",
			"Bài trước",
			"Bài trước:",
			"← Nam sinh 19 tuổi có báo cáo khoa học đăng trên tạp chí quốc tế",
			"Bài tiếp",
			"Bài tiếp:",
			"Điểm đến mới “xịn sò” trong chương trình tiếng Anh 6 tại nước ngoài của SV ĐH FPT →"
		],
		"h1": [
			"Cách nộp lệ phí xét tuyển đại học trực tuyến trên hệ thống của Bộ GD&ĐT"
		],
		"time": [
			"Thứ Hai, ngày 31 tháng 07 năm 2023",
			"01/08/2023",
			"05/02/2024",
			"05/02/2024",
			"05/02/2024",
			"02/02/2024",
			"01/02/2024"
		],
		"strong": [
			"Đại học FPT miễn lệ phí đăng ký xét tuyển nguyện vọng trên Hệ thống hỗ trợ tuyển sinh chung của Bộ GD&ĐT dành cho các sinh viên nhập học Trường Đại học FPT năm 2023. Toàn bộ lệ phí sẽ được hoàn vào tài khoản quản lý tài chính của sinh viên trên FAP tại học kỳ Fall 2023.",
			"Thời gian",
			"Tỉnh, thành",
			"Các kênh thông tin hỗ trợ nộp phí xét tuyển đại học trực tuyến:",
			"Theo VnExpress"
		],
		"em": [
			"Từ ngày 31/7 đến 6/8, hơn 660.000 thí sinh đăng ký nguyện vọng xét tuyển đại học trên hệ thống chung của Bộ Giáo dục và Đào tạo phải nộp lệ phí trực tuyến qua một trong 17 kênh thanh toán trên Cổng Dịch vụ công quốc gia.",
			"Thanh Tùng",
			"Thanh toán",
			"Đại học FPT miễn lệ phí đăng ký xét tuyển nguyện vọng.",
			"Hệ thống đang xử lý giao dịch, vui lòng không thanh toán lại nhiều lần",
			"Lịch sử giao dịch"
		],
		"figcaption": [
			"Thí sinh dự thi tốt nghiệp THPT tại TP HCM hôm 27/6. Ảnh:"
		],
		"td": [
			"Từ 31/7 đến\n17h ngày 1/8",
			"Hà Nội, Hà Giang, Cao Bằng, Bắc Kạn, Tuyên Quang, Lào Cai, Điện Biên, Lai Châu, Sơn La, Yên Bái",
			"Từ 1/8 đến\n17h ngày 2/8",
			"Hòa Bình, Thái Nguyên, Lạng Sơn, Quảng Ninh, Bắc Giang, Phú Thọ, Vĩnh Phúc, Bắc Ninh, Hải Dương, Hải Phòng.",
			"Từ 2/8 đến\n17h ngày 3/8",
			"Hưng Yên, Thái Bình, Hà Nam, Nam Định, Ninh Bình, Thanh Hóa, Nghệ An",
			"Từ 3/8 đến\n17h ngày 4/8",
			"Hà Tĩnh, Quảng Bình, Quảng Trị, Thừa Thiên Huế, Đà Nẵng, Quảng Nam, Quảng Ngãi, Bình Định, Phú Yên, Khánh Hòa, Ninh Thuận, Bình Thuận, Kon Tum.",
			"Từ 4/8 đến\n17h ngày 5/8",
			"TP HCM, Gia Lai, Đăk, Lăk, Đăk Nông, Lâm Đồng, Bình Phước, Tây Ninh.",
			"Từ 5/8 đến\n17h ngày 6/8",
			"Bình Dương, Đồng Nai, Bà Rịa – Vũng Tàu, Long An, Tiền Giang, Bến Tre, Trà Vinh, Vĩnh Long, Đồng Tháp, An Giang, Kiên Giang, Cần Thơ, Hậu Giang, Sóc Trăng, Bạc Liêu, Cà Mau."
		],
		"h2": [
			"Bài viết liên quan",
			"Điều hướng bài viết"
		],
		"h3": [
			"Đăng ký tư vấn"
		],
		"h4": [
			"HÀ NỘI",
			"TP. HỒ CHÍ MINH",
			"ĐÀ NẴNG",
			"CẦN THƠ",
			"Quy Nhơn"
		],
		"b": [
			"Hãy để lại SĐT để cán bộ nhà trường hỗ trợ bạn sớm nhất nhé"
		],
		"option": [
			"Tỉnh / Thành phố *",
			"An Giang",
			"Bà Rịa-Vũng Tàu",
			"Bắc Giang",
			"Bắc Kạn",
			"Bạc Liêu",
			"Bắc Ninh",
			"Bến Tre",
			"Bình Dương",
			"Bình Định",
			"Bình Phước",
			"Bình Thuận",
			"Cà Mau",
			"Cần Thơ",
			"Cao Bằng",
			"Cục Cảnh sát ĐKQL cư trú và DLQG về dân cư",
			"Cục Cảnh sát quản lý hành chính về trật tự xã hội",
			"Đà Nẵng",
			"Đắk Lắk",
			"Đăk Nông",
			"Điện Biên",
			"Đồng Nai",
			"Đồng Tháp",
			"Gia Lai",
			"Hà Giang",
			"Hà Nam",
			"Hà Tĩnh",
			"Hải Dương",
			"Hải Phòng",
			"Hậu Giang",
			"Hoà Bình",
			"Hưng Yên",
			"Khánh Hoà",
			"Kiên Giang",
			"Kon Tum",
			"Lai Châu",
			"Lâm Đồng",
			"Lạng Sơn",
			"Lào Cai",
			"Long An",
			"Nam Định",
			"Nghệ An",
			"Ninh Bình",
			"Ninh Thuận",
			"Phú Thọ",
			"Phú Yên",
			"Quảng Bình",
			"Quảng Nam",
			"Quảng Ngãi",
			"Quảng Ninh",
			"Quảng Trị",
			"Sóc Trăng",
			"Sơn La",
			"Tây Ninh",
			"Thái Bình",
			"Thái Nguyên",
			"Thanh Hoá",
			"Thừa Thiên - Huế",
			"Tiền Giang",
			"Trà Vinh",
			"Tuyên Quang",
			"Vĩnh Long",
			"Vĩnh Phúc",
			"Yên Bái",
			"Hà Nội",
			"TP. Hồ Chí Minh"
		]
	},
	"url": "https://daihoc.fpt.edu.vn/cach-nop-le-phi-xet-tuyen-dai-hoc-truc-tuyen-tren-he-thong-cua-bo-gddt/"
}