{
	"data": {
		"title": [
			"Cựu sinh viên ĐH FPT biến tình yêu tiếng Anh thành dự án khởi nghiệp - Trường Đại học FPT"
		],
		"div": [
			"›\n\n›\n\n›\n\n›",
			"© 2024 Bản quyền thuộc về Trường Đại học FPT.",
			"Đăng ký tư vấn"
		],
		"a": [
			"Trường Đại học FPT",
			"Vietnamese",
			"English",
			"Trang chủ",
			"Giới thiệu",
			"Lịch sử thành lập",
			"Tập đoàn FPT",
			"Tổ chức giáo dục FPT",
			"Triết lý đào tạo",
			"Các giải thưởng và thành tích",
			"Ban lãnh đạo",
			"Gắn kết cộng đồng",
			"Tin tức",
			"Tin tức chung",
			"Hoạt động sinh viên",
			"Sự kiện",
			"Tuyển dụng",
			"Hướng nghiệp",
			"Ngành học",
			"Công nghệ thông tin",
			"Công nghệ ô tô số",
			"Kỹ thuật phần mềm",
			"Hệ thống thông tin",
			"Trí tuệ nhân tạo",
			"An toàn thông tin",
			"Thiết kế Mỹ thuật số",
			"Quản trị kinh doanh",
			"Tài chính",
			"Digital Marketing",
			"Kinh doanh quốc tế",
			"Quản lý Logistics & Chuỗi cung ứng toàn cầu",
			"Quản trị khách sạn",
			"Quản trị Du lịch và Lữ hành",
			"Công nghệ truyền thông",
			"Quản trị truyền thông đa phương tiện",
			"Quan hệ công chúng",
			"Ngôn ngữ Anh",
			"Ngôn ngữ Nhật",
			"Ngôn ngữ Hàn Quốc",
			"Ngôn ngữ Trung Quốc (Dự kiến)",
			"Đời sống sinh viên",
			"Một ngày tại Đại học FPT",
			"Vì sao nên học tại Đại học FPT",
			"Sự hài lòng của sinh viên",
			"Môi trường học tập",
			"Chương trình học linh hoạt",
			"Đời sống sinh viên",
			"Ký túc xá",
			"Các CLB & Cộng đồng sinh viên",
			"Các hoạt động thể thao trong trường",
			"Dịch vụ hỗ trợ",
			"Định hướng và khởi đầu",
			"Tốt nghiệp",
			"Câu chuyện sinh viên",
			"Hợp tác",
			"Ngành công nghiệp và doanh nghiệp",
			"Chương trình trao đổi sinh viên",
			"Chương trình học tập tại nước ngoài",
			"Hợp tác quốc tế",
			"Trao đổi sinh viên",
			"Học kỳ nước ngoài",
			"Các trường đại học đối tác",
			"Cựu sinh viên",
			"Cộng đồng cựu sinh viên",
			"Họ đang làm việc tại đâu",
			"Tuyển sinh",
			"Đề án tuyển sinh",
			"Tin tuyển sinh",
			"Liên hệ",
			"Đăng nhập",
			"Phạm Thị Phương",
			"Nữ sinh trường F trong tà áo dài ngày Xuân",
			"Gặp gỡ đội tuyển NGT’s OPEN ROBOT trước giải đấu FIRST Tech Challenge Vietnam",
			"Tỏa sáng với nghiên cứu khoa học, nữ sinh ĐH FPT khẳng định bản lĩnh và tài năng",
			"Phim ngắn “Thoi vàng chỉ ngọc” của SV ĐH FPT tại Cần Thơ được công chiếu ở Lotte Cinema",
			"SV trường ĐH FPT Hà Nội đón “tết trên bản” 2024",
			"Vietnamese",
			"English",
			"Facebook",
			"Youtube",
			"Tik Tok",
			"Hotline: (024)/(028) 73001866 - (0236)/(0292) 7301866"
		],
		"img": [
			"cropped cropped 2021 FPTU Long",
			"cropped cropped 2021 FPTU Long",
			"cuu sinh vien dai hoc fpt 1",
			"cuu sinh vien dai hoc fpt 1",
			"cuu sinh vien dai hoc fpt 4",
			"cuu sinh vien dai hoc fpt 4",
			"cuu sinh vien dai hoc fpt 2",
			"cuu sinh vien dai hoc fpt 2",
			"cuu sinh vien dai hoc fpt 3",
			"cuu sinh vien dai hoc fpt 3",
			"sinh vien dai hoc fpt 8",
			"sinh vien dai hoc fpt 8",
			"dai hoc fpt 1",
			"dai hoc fpt 1",
			"my duyen",
			"my duyen",
			"fpt 5",
			"fpt 5",
			"dai hoc fpt 1",
			"dai hoc fpt 1",
			"thông báo tuyển bổ sung",
			"thông báo tuyển bổ sung"
		],
		"p": [
			"Trang thông tin tuyển sinh chính thức của Trường Đại học FPT",
			"Đối với Trần Nguyễn Phước, tiếng Anh là một ngôn ngữ thú vị và anh cũng thừa nhận rằng đã dành một tình cảm đặc biệt cho ngôn ngữ này. “Tiếng Anh chắc chắn sẽ trở thành một ngôn ngữ thứ 2 của Việt Nam, và tất cả bạn trẻ trong độ tuổi từ 18 – 30 cần nói tiếng Anh lưu loát để hội nhập, phát triển và tìm kiếm nhiều cơ hội”. Ngay từ thời sinh viên, Phước được biết tới là người năng nổ, nhiệt huyết.",
			"Anh đã từng làm Account Executive Intern (Thực tập sinh quản lí dự án) của một công ty quảng cáo nước ngoài, làm gia sư tiếng Anh cho người đi làm, làm MC, dịch thuật và làm rất nhiều những sự kiện dành cho sinh viên. Nguyễn Phước còn là chủ nhiệm English Funny Club .",
			"Từ tình yêu ấy, anh chàng đã quyết định thành lập trung tâm Anh văn với slogan “To be good, it’s not enough. You need to be the best”. “Học ngôn ngữ là vui vẻ và phải tự nguyện! và Phước muốn truyền đạt một tư duy học tập mới mẻ ấy cho các bạn trẻ.",
			"Phước cũng không phủ nhận là có rất nhiều khó khăn, đặc biệt là rủi ro khi thành lập Be The Best English. ”Nhưng vì nó là đam mê và sở thích của mình nên mình cũng thấy rất đáng để thử sức và trải nghiệm”– anh tự tin chia sẻ. Được biết là ngành học của Phước đã giúp anh rất nhiều trong việc tổ chức và quản lý dự án.",
			"Đồng thời, Phước còn áp dụng rất nhiều những kiến thức của quản trị tài chính cá nhân trong quá trình làm việc và tự học thêm với nền tảng kiến thức đã được học từ trường. Phước đã từng đạt được bằng khen Best Student của ngành Quản trị kinh doanh khi còn đang học tại Đại học FPT. “Có thể nói một cái leaflet “dụ” mình đến với Đại học FPT và thay đổi mình rất nhiều” – Phước nói thêm.",
			"Ở tương lai gần, Phước luôn muốn học tiếp, rèn luyện kĩ năng tự học cho thật “siêu”. Phước cũng muốn dành thời gian nhiều hơn để hỗ trợ các bạn trong câu lạc bộ English Funny Club và giúp câu lạc bộ có thể duy trì phát triển lâu dài. Về phần Be The Best English, Phước nói rằng sẽ tập trung cải tiến bài giảng liên tục và cập nhật những phương pháp học mới hiệu quả cho học viên.",
			"Khi được hỏi thêm về việc chia sẻ kinh nghiệm, Phước đã bật mí một số tư duy và công cụ mà anh nghĩ rằng sẽ rất phù hợp với các bạn sinh viên hiện nay: “Một là “Be all in or get all out. There’s no halfway”. Dù làm việc gì cũng phải đặt tâm huyết vào hoặc không làm, chứ tuyệt đối đừng có thái độ nữa với chân trong chân ngoài. Dù là học, làm việc hoặc chơi.",
			"Hai là quản lí tài chính cá nhân và quản lí thời gian thật tốt. Dù còn là sinh viên thì cũng nên có thói quen quản lí tiền bạc mình đang có, phân bổ chi tiêu hợp lí để dành cho những mục tiêu dài hạn. Còn quản lí thời gian sẽ giúp bạn có nhiều cơ hội hơn, vượt trội hơn về thành tích, năng lực, kĩ năng mềm vì bạn biết sử dụng thời gian hợp lí, có một tinh thần kỉ luật cao trong việc không sử dụng thời gian cho những việc vô bổ quá nhiều”.",
			"Khu Giáo dục và Đào tạo – Khu Công nghệ cao Hòa Lạc – Km29 Đại lộ Thăng Long, H. Thạch Thất,\nTP. Hà Nội",
			"Điện thoại: 024 7300 1866",
			"Email: daihocfpt@fpt.edu.vn",
			"Lô E2a-7, Đường D1 Khu Công nghệ cao, P. Long Thạnh Mỹ, TP. Thủ Đức, TP. Hồ Chí Minh",
			"Điện thoại: 028 7300 1866",
			"Email: daihocfpt@fpt.edu.vn",
			"Khu đô thị công nghệ FPT Đà Nẵng, P. Hoà Hải, Q. Ngũ Hành Sơn, TP. Đà Nẵng",
			"Điện thoại: 0236 730 1866",
			"Email: daihocfpt@fpt.edu.vn",
			"Số 600 Đường Nguyễn Văn Cừ (nối dài), P. An Bình, Q. Ninh Kiều, TP. Cần Thơ",
			"Điện thoại: 0292 730 1866",
			"Email: daihocfpt@fpt.edu.vn",
			"Khu đô thị mới An Phú Thịnh, Phường Nhơn Bình & Phường Đống Đa, TP. Quy\nNhơn, Bình Định",
			"Điện thoại: 0256 730 1866 /0256 7300 999",
			"Email: daihocfpt@fpt.edu.vn"
		],
		"label": [
			"Tìm kiếm",
			"Tìm kiếm"
		],
		"button": [
			"×",
			"Đăng ký",
			"Đóng"
		],
		"span": [
			"Trang chủ",
			"Cuộc sống tại đại học FPT",
			"Tại sao nên học tại Đại học FPT",
			"Câu chuyện sinh viên",
			"Cựu sinh viên ĐH FPT biến tình yêu tiếng Anh thành dự án khởi nghiệp",
			"bởi",
			"Bài trước",
			"Bài trước:",
			"← Ngôi trường tích cực đưa sinh viên ra nước ngoài học tập",
			"Bài tiếp",
			"Bài tiếp:",
			"Những điều nếu chưa trải nghiệm thì chưa là sinh viên →"
		],
		"h1": [
			"Cựu sinh viên ĐH FPT biến tình yêu tiếng Anh thành dự án khởi nghiệp"
		],
		"time": [
			"Thứ Sáu, ngày 03 tháng 05 năm 2019",
			"26/04/2022",
			"05/02/2024",
			"05/02/2024",
			"05/02/2024",
			"02/02/2024",
			"01/02/2024"
		],
		"strong": [
			"“Tốt thôi chưa đủ, bạn phải là phiên bản tốt nhất của chính mình” – đây chính là slogan mà Trần Nguyễn Phước, sinh viên khóa 10 ngành Quản trị kinh doanh, trường Đại học FPT hướng tới cho start-up của mình.",
			"FUHCM"
		],
		"figcaption": [
			"Trần Nguyễn Phước, sinh viên khóa 10 ngành Quản trị kinh doanh, trường Đại học FPT.",
			"Trần Nguyễn Phước, sinh viên khóa 10 ngành Quản trị kinh doanh, trường Đại học FPT"
		],
		"h2": [
			"Điều hướng bài viết"
		],
		"h4": [
			"HÀ NỘI",
			"TP. HỒ CHÍ MINH",
			"ĐÀ NẴNG",
			"CẦN THƠ",
			"Quy Nhơn"
		],
		"h3": [
			"Đăng ký tư vấn"
		],
		"b": [
			"Hãy để lại SĐT để cán bộ nhà trường hỗ trợ bạn sớm nhất nhé"
		],
		"option": [
			"Tỉnh / Thành phố *",
			"An Giang",
			"Bà Rịa-Vũng Tàu",
			"Bắc Giang",
			"Bắc Kạn",
			"Bạc Liêu",
			"Bắc Ninh",
			"Bến Tre",
			"Bình Dương",
			"Bình Định",
			"Bình Phước",
			"Bình Thuận",
			"Cà Mau",
			"Cần Thơ",
			"Cao Bằng",
			"Cục Cảnh sát ĐKQL cư trú và DLQG về dân cư",
			"Cục Cảnh sát quản lý hành chính về trật tự xã hội",
			"Đà Nẵng",
			"Đắk Lắk",
			"Đăk Nông",
			"Điện Biên",
			"Đồng Nai",
			"Đồng Tháp",
			"Gia Lai",
			"Hà Giang",
			"Hà Nam",
			"Hà Tĩnh",
			"Hải Dương",
			"Hải Phòng",
			"Hậu Giang",
			"Hoà Bình",
			"Hưng Yên",
			"Khánh Hoà",
			"Kiên Giang",
			"Kon Tum",
			"Lai Châu",
			"Lâm Đồng",
			"Lạng Sơn",
			"Lào Cai",
			"Long An",
			"Nam Định",
			"Nghệ An",
			"Ninh Bình",
			"Ninh Thuận",
			"Phú Thọ",
			"Phú Yên",
			"Quảng Bình",
			"Quảng Nam",
			"Quảng Ngãi",
			"Quảng Ninh",
			"Quảng Trị",
			"Sóc Trăng",
			"Sơn La",
			"Tây Ninh",
			"Thái Bình",
			"Thái Nguyên",
			"Thanh Hoá",
			"Thừa Thiên - Huế",
			"Tiền Giang",
			"Trà Vinh",
			"Tuyên Quang",
			"Vĩnh Long",
			"Vĩnh Phúc",
			"Yên Bái",
			"Hà Nội",
			"TP. Hồ Chí Minh"
		]
	},
	"url": "https://daihoc.fpt.edu.vn/cuu-sinh-vien-dh-fpt-bien-tinh-yeu-tieng-anh-thanh-du-an-khoi-nghiep/"
}