{
	"data": {
		"title": [
			"Một ngày ở Penang - Trường Đại học FPT"
		],
		"div": [
			"›\n\n›\n\n›\n\n›",
			"© 2024 Bản quyền thuộc về Trường Đại học FPT.",
			"Đăng ký tư vấn"
		],
		"a": [
			"Trường Đại học FPT",
			"Vietnamese",
			"English",
			"Trang chủ",
			"Giới thiệu",
			"Lịch sử thành lập",
			"Tập đoàn FPT",
			"Tổ chức giáo dục FPT",
			"Triết lý đào tạo",
			"Các giải thưởng và thành tích",
			"Ban lãnh đạo",
			"Gắn kết cộng đồng",
			"Tin tức",
			"Tin tức chung",
			"Hoạt động sinh viên",
			"Sự kiện",
			"Tuyển dụng",
			"Hướng nghiệp",
			"Ngành học",
			"Công nghệ thông tin",
			"Công nghệ ô tô số",
			"Kỹ thuật phần mềm",
			"Hệ thống thông tin",
			"Trí tuệ nhân tạo",
			"An toàn thông tin",
			"Thiết kế Mỹ thuật số",
			"Quản trị kinh doanh",
			"Tài chính",
			"Digital Marketing",
			"Kinh doanh quốc tế",
			"Quản lý Logistics & Chuỗi cung ứng toàn cầu",
			"Quản trị khách sạn",
			"Quản trị Du lịch và Lữ hành",
			"Công nghệ truyền thông",
			"Quản trị truyền thông đa phương tiện",
			"Quan hệ công chúng",
			"Ngôn ngữ Anh",
			"Ngôn ngữ Nhật",
			"Ngôn ngữ Hàn Quốc",
			"Ngôn ngữ Trung Quốc (Dự kiến)",
			"Đời sống sinh viên",
			"Một ngày tại Đại học FPT",
			"Vì sao nên học tại Đại học FPT",
			"Sự hài lòng của sinh viên",
			"Môi trường học tập",
			"Chương trình học linh hoạt",
			"Đời sống sinh viên",
			"Ký túc xá",
			"Các CLB & Cộng đồng sinh viên",
			"Các hoạt động thể thao trong trường",
			"Dịch vụ hỗ trợ",
			"Định hướng và khởi đầu",
			"Tốt nghiệp",
			"Câu chuyện sinh viên",
			"Hợp tác",
			"Ngành công nghiệp và doanh nghiệp",
			"Chương trình trao đổi sinh viên",
			"Chương trình học tập tại nước ngoài",
			"Hợp tác quốc tế",
			"Trao đổi sinh viên",
			"Học kỳ nước ngoài",
			"Các trường đại học đối tác",
			"Cựu sinh viên",
			"Cộng đồng cựu sinh viên",
			"Họ đang làm việc tại đâu",
			"Tuyển sinh",
			"Đề án tuyển sinh",
			"Tin tuyển sinh",
			"Liên hệ",
			"Đăng nhập",
			"tuananh",
			"Nữ sinh trường F trong tà áo dài ngày Xuân",
			"Gặp gỡ đội tuyển NGT’s OPEN ROBOT trước giải đấu FIRST Tech Challenge Vietnam",
			"Tỏa sáng với nghiên cứu khoa học, nữ sinh ĐH FPT khẳng định bản lĩnh và tài năng",
			"Phim ngắn “Thoi vàng chỉ ngọc” của SV ĐH FPT tại Cần Thơ được công chiếu ở Lotte Cinema",
			"SV trường ĐH FPT Hà Nội đón “tết trên bản” 2024",
			"Vietnamese",
			"English",
			"Facebook",
			"Youtube",
			"Tik Tok",
			"Hotline: (024)/(028) 73001866 - (0236)/(0292) 7301866"
		],
		"img": [
			"cropped cropped 2021 FPTU Long",
			"cropped cropped 2021 FPTU Long",
			"sinh vien dai hoc fpt 8",
			"sinh vien dai hoc fpt 8",
			"dai hoc fpt 1",
			"dai hoc fpt 1",
			"my duyen",
			"my duyen",
			"fpt 5",
			"fpt 5",
			"dai hoc fpt 1",
			"dai hoc fpt 1",
			"thông báo tuyển bổ sung",
			"thông báo tuyển bổ sung"
		],
		"p": [
			"Trang thông tin tuyển sinh chính thức của Trường Đại học FPT",
			"Lê Ngọc Minh Thái, sinh viên khóa 12 cùng nhóm sinh viên Đại học FPT đã có chuyến học tập tiếng Anh trong giai đoạn tiếng Anh dự bị tại trường KDU University College, Penang, Malaysia kéo dài 2 tháng.",
			"Dưới đây là bài viết của Minh Thái chia sẻ về một ngày học tập, sinh hoạt ở Penang. Penang là thành phố quy tụ nhiều nền văn hóa: Trung Hoa, Mã, Ấn Độ, Thái Lan… nên các bạn có cơ hội tìm hiểu lịch sử cũng như văn hóa và phong tục tập quán nơi đây.",
			"Để tiết kiệm, mình thường bắt đầu buổi sáng với bánh mì sandwich phết socola. Socola mình mua hũ lớn và chia chi phí với bạn cùng phòng để dùng chung nên rất rẻ. Mình cũng mua trà túi lọc để uống mỗi sáng.",
			"Bữa sáng cuối tuần sang chảnh với RM4,5. Khẩu vị ở Malaysia hơi hướng ẩm thực của Trung Hoa, nhiều dầu mỡ và khá ngọt.",
			"Tiết học của mình bắt đầu lúc 9 giờ và kết thúc vào lúc 13 giờ. Các giáo viên sẽ thay phiên dạy chúng mình trong tuần và như thế lặp lại vào tuần tiếp theo. Hôm nay lớp mình học Writing.",
			"Tiết học của cô Evelyn rất hấp dẫn và sôi nổi, thường chúng mình có hoạt động diễn kịch, và cả thuyết trình nữa.",
			"Đây là một trong những thành phẩm của nhóm mình giới thiệu về một di sản của Mỹ và cách quảng bá để mọi người biết đến di sản này.",
			"Thường các cô sẽ cho chúng mình nghỉ giữa tiết khoảng 20’ lúc 11 giờ để các bạn có thể đi ăn trưa hoặc uống một ly mocha như mình đây. Mình mua ở máy bán hàng tự động với giá RM1, tương đương 5000VND.",
			"Cả nhóm đi ăn trưa lúc 13 giờ vì quán chúng mình ngồi làm đồ ăn khá lâu nên không thể sử dụng giờ nghỉ giữa tiết. Cơm gà RM4 là món “ngon, bổ, rẻ” nhất mà mình có thể mua được ở khu gần trường, có miễn phí canh súp cực ngon luôn nhé. Ly milo trên hình có giá RM2 và nước uống ở đây cao nhất chỉ thế thôi. Tất nhiên nước cũng ngon!",
			"Sau ăn trưa, chúng mình sẽ đi chơi đến chiều hoặc tối. Bình thường chúng mình sẽ đi bảo tàng hay trung tâm thương mại, nhưng vì đã đi gần hết các bảo tàng và cả khu mua sắm nên chúng mình đi xem phim. Thứ 4 sẽ là movie day với giá vé là RM8,5/ người.",
			"Thỉnh thoảng đi chơi về sớm, chúng mình sẽ ghé qua quán chè chendol ngon nhất Penang. Mỗi chén là RM2,7. Chè này đặc biệt ở chỗ nước chè rất thơm và ngon, còn thành phần giống với chè bánh lọt trộn đậu đỏ.",
			"Trong 6 tuần học tại đất nước Malaysia xinh đẹp, sinh viên sẽ được trang bị các kỹ năng nghe, nói, đọc, viết với giảng viên bản địa. Bên cạnh học tập, chương trình tại Malaysia còn kết hợp tổ chức với các hoạt động tham quan dã ngoại và giao lưu văn hóa. Đối tượng tham gia chương trình là sinh viên khóa 12 thuộc ngành Ngôn ngữ Anh hoặc sinh viên đạt mức summit 2, trong giai đoạn tiếng Anh dự bị.",
			"Đại học KDU nằm ở phía Tây Bắc Malaysia – thành phố đảo Penang, được Unesco công nhận di sản văn hóa thế giới (Heritage City) với khí hậu mát mẻ cùng nhiều bãi biển, khu nghỉ mát với các khách sạn, khu nghỉ dưỡng 5, 6 sao. Penang thu hút du khách từ nhiều nơi trên thế giới, đặc biệt là châu Âu và Trung Đông.",
			"MT",
			"Khu Giáo dục và Đào tạo – Khu Công nghệ cao Hòa Lạc – Km29 Đại lộ Thăng Long, H. Thạch Thất,\nTP. Hà Nội",
			"Điện thoại: 024 7300 1866",
			"Email: daihocfpt@fpt.edu.vn",
			"Lô E2a-7, Đường D1 Khu Công nghệ cao, P. Long Thạnh Mỹ, TP. Thủ Đức, TP. Hồ Chí Minh",
			"Điện thoại: 028 7300 1866",
			"Email: daihocfpt@fpt.edu.vn",
			"Khu đô thị công nghệ FPT Đà Nẵng, P. Hoà Hải, Q. Ngũ Hành Sơn, TP. Đà Nẵng",
			"Điện thoại: 0236 730 1866",
			"Email: daihocfpt@fpt.edu.vn",
			"Số 600 Đường Nguyễn Văn Cừ (nối dài), P. An Bình, Q. Ninh Kiều, TP. Cần Thơ",
			"Điện thoại: 0292 730 1866",
			"Email: daihocfpt@fpt.edu.vn",
			"Khu đô thị mới An Phú Thịnh, Phường Nhơn Bình & Phường Đống Đa, TP. Quy\nNhơn, Bình Định",
			"Điện thoại: 0256 730 1866 /0256 7300 999",
			"Email: daihocfpt@fpt.edu.vn"
		],
		"label": [
			"Tìm kiếm",
			"Tìm kiếm"
		],
		"button": [
			"×",
			"Đăng ký",
			"Đóng"
		],
		"span": [
			"Trang chủ",
			"Cuộc sống tại đại học FPT",
			"Tại sao nên học tại Đại học FPT",
			"Chương trình học tập tại nước ngoài",
			"Một ngày ở Penang",
			"bởi",
			"Bài trước",
			"Bài trước:",
			"← “FPTU như ông tơ bà nguyệt se duyên cho mình với võ thuật”",
			"Bài tiếp",
			"Bài tiếp:",
			"TSUNAMI và phần mềm học tiếng Nhật bằng “đôi tai” →"
		],
		"h1": [
			"Một ngày ở Penang"
		],
		"time": [
			"Thứ Tư, ngày 06 tháng 01 năm 2016",
			"12/05/2022",
			"05/02/2024",
			"05/02/2024",
			"05/02/2024",
			"02/02/2024",
			"01/02/2024"
		],
		"h2": [
			"Điều hướng bài viết"
		],
		"h4": [
			"HÀ NỘI",
			"TP. HỒ CHÍ MINH",
			"ĐÀ NẴNG",
			"CẦN THƠ",
			"Quy Nhơn"
		],
		"h3": [
			"Đăng ký tư vấn"
		],
		"b": [
			"Hãy để lại SĐT để cán bộ nhà trường hỗ trợ bạn sớm nhất nhé"
		],
		"option": [
			"Tỉnh / Thành phố *",
			"An Giang",
			"Bà Rịa-Vũng Tàu",
			"Bắc Giang",
			"Bắc Kạn",
			"Bạc Liêu",
			"Bắc Ninh",
			"Bến Tre",
			"Bình Dương",
			"Bình Định",
			"Bình Phước",
			"Bình Thuận",
			"Cà Mau",
			"Cần Thơ",
			"Cao Bằng",
			"Cục Cảnh sát ĐKQL cư trú và DLQG về dân cư",
			"Cục Cảnh sát quản lý hành chính về trật tự xã hội",
			"Đà Nẵng",
			"Đắk Lắk",
			"Đăk Nông",
			"Điện Biên",
			"Đồng Nai",
			"Đồng Tháp",
			"Gia Lai",
			"Hà Giang",
			"Hà Nam",
			"Hà Tĩnh",
			"Hải Dương",
			"Hải Phòng",
			"Hậu Giang",
			"Hoà Bình",
			"Hưng Yên",
			"Khánh Hoà",
			"Kiên Giang",
			"Kon Tum",
			"Lai Châu",
			"Lâm Đồng",
			"Lạng Sơn",
			"Lào Cai",
			"Long An",
			"Nam Định",
			"Nghệ An",
			"Ninh Bình",
			"Ninh Thuận",
			"Phú Thọ",
			"Phú Yên",
			"Quảng Bình",
			"Quảng Nam",
			"Quảng Ngãi",
			"Quảng Ninh",
			"Quảng Trị",
			"Sóc Trăng",
			"Sơn La",
			"Tây Ninh",
			"Thái Bình",
			"Thái Nguyên",
			"Thanh Hoá",
			"Thừa Thiên - Huế",
			"Tiền Giang",
			"Trà Vinh",
			"Tuyên Quang",
			"Vĩnh Long",
			"Vĩnh Phúc",
			"Yên Bái",
			"Hà Nội",
			"TP. Hồ Chí Minh"
		]
	},
	"url": "https://daihoc.fpt.edu.vn/mot-ngay-o-penang/"
}