{
	"data": {
		"title": [
			"10.000 sinh viên Đại học FPT tham gia ngày hội việc làm - Trường Đại học FPT"
		],
		"div": [
			"© 2024 Bản quyền thuộc về Trường Đại học FPT.",
			"Đăng ký tư vấn"
		],
		"a": [
			"Trường Đại học FPT",
			"Vietnamese",
			"English",
			"Trang chủ",
			"Giới thiệu",
			"Lịch sử thành lập",
			"Tập đoàn FPT",
			"Tổ chức giáo dục FPT",
			"Triết lý đào tạo",
			"Các giải thưởng và thành tích",
			"Ban lãnh đạo",
			"Gắn kết cộng đồng",
			"Tin tức",
			"Tin tức chung",
			"Hoạt động sinh viên",
			"Sự kiện",
			"Tuyển dụng",
			"Hướng nghiệp",
			"Ngành học",
			"Công nghệ thông tin",
			"Công nghệ ô tô số",
			"Kỹ thuật phần mềm",
			"Hệ thống thông tin",
			"Trí tuệ nhân tạo",
			"An toàn thông tin",
			"Thiết kế Mỹ thuật số",
			"Quản trị kinh doanh",
			"Tài chính",
			"Digital Marketing",
			"Kinh doanh quốc tế",
			"Quản lý Logistics & Chuỗi cung ứng toàn cầu",
			"Quản trị khách sạn",
			"Quản trị Du lịch và Lữ hành",
			"Công nghệ truyền thông",
			"Quản trị truyền thông đa phương tiện",
			"Quan hệ công chúng",
			"Ngôn ngữ Anh",
			"Ngôn ngữ Nhật",
			"Ngôn ngữ Hàn Quốc",
			"Ngôn ngữ Trung Quốc (Dự kiến)",
			"Đời sống sinh viên",
			"Một ngày tại Đại học FPT",
			"Vì sao nên học tại Đại học FPT",
			"Sự hài lòng của sinh viên",
			"Môi trường học tập",
			"Chương trình học linh hoạt",
			"Đời sống sinh viên",
			"Ký túc xá",
			"Các CLB & Cộng đồng sinh viên",
			"Các hoạt động thể thao trong trường",
			"Dịch vụ hỗ trợ",
			"Định hướng và khởi đầu",
			"Tốt nghiệp",
			"Câu chuyện sinh viên",
			"Hợp tác",
			"Ngành công nghiệp và doanh nghiệp",
			"Chương trình trao đổi sinh viên",
			"Chương trình học tập tại nước ngoài",
			"Hợp tác quốc tế",
			"Trao đổi sinh viên",
			"Học kỳ nước ngoài",
			"Các trường đại học đối tác",
			"Cựu sinh viên",
			"Cộng đồng cựu sinh viên",
			"Họ đang làm việc tại đâu",
			"Tuyển sinh",
			"Đề án tuyển sinh",
			"Tin tuyển sinh",
			"Liên hệ",
			"Đăng nhập",
			"Nguyễn Thị Hồng Yến",
			"Hơn 70 doanh nghiệp tham gia ngày hội việc làm FPTU Career Fair 2023",
			"Những cơ hội trải nghiệm kết nối doanh nghiệp ngay trên giảng đường ĐH FPT khiến sinh viên mê tít",
			"Nữ sinh trường F trong tà áo dài ngày Xuân",
			"Gặp gỡ đội tuyển NGT’s OPEN ROBOT trước giải đấu FIRST Tech Challenge Vietnam",
			"Tỏa sáng với nghiên cứu khoa học, nữ sinh ĐH FPT khẳng định bản lĩnh và tài năng",
			"Phim ngắn “Thoi vàng chỉ ngọc” của SV ĐH FPT tại Cần Thơ được công chiếu ở Lotte Cinema",
			"SV trường ĐH FPT Hà Nội đón “tết trên bản” 2024",
			"Vietnamese",
			"English",
			"Facebook",
			"Youtube",
			"Tik Tok",
			"Hotline: (024)/(028) 73001866 - (0236)/(0292) 7301866"
		],
		"img": [
			"cropped cropped 2021 FPTU Long",
			"cropped cropped 2021 FPTU Long",
			"ngay hoi ket noi doanh nghiep fptu career fair 2023 3",
			"ngay hoi ket noi doanh nghiep fptu career fair 2023 3",
			"ngay hoi ket noi doanh nghiep fptu career fair 2023 new",
			"ngay hoi ket noi doanh nghiep fptu career fair 2023 new",
			"sinh vien dai hoc fpt 8",
			"sinh vien dai hoc fpt 8",
			"dai hoc fpt 1",
			"dai hoc fpt 1",
			"my duyen",
			"my duyen",
			"fpt 5",
			"fpt 5",
			"dai hoc fpt 1",
			"dai hoc fpt 1",
			"thông báo tuyển bổ sung",
			"thông báo tuyển bổ sung"
		],
		"p": [
			"Trang thông tin tuyển sinh chính thức của Trường Đại học FPT",
			"“Ngày hội việc làm – Career Day 2023” diễn ra đồng thời tại ba cơ sở trường vào ngày 23/5 với chủ đề “Empower your future”. Đơn vị sử dụng cầu truyền hình trực tiếp để kết nối ba địa điểm tổ chức.",
			"Sự kiện quy tụ hơn 70 gian hàng của các doanh nghiệp, trong đó có nhiều công ty trong nước và đa quốc gia, tập đoàn thuộc những lĩnh vực khác nhau như công nghệ, viễn thông, tài chính, ngân hàng, du lịch, khách sạn…",
			"Hoạt động được nhiều sinh viên quan tâm nhất là tìm hiểu thông tin tuyển dụng và tham gia phỏng vấn trực tiếp với đại diện doanh nghiệp. Năm nay, chương trình mang đến khoảng 500 – 600 cơ hội việc làm chính thức, thực tập dành cho sinh viên năm ba trở lên.",
			"Bên cạnh đó, người tham gia có cơ hội trải nghiệm nhiều hoạt động hữu ích khác như trao đổi với chuyên gia về thị trường lao động, nhu cầu tuyển dụng trong từng lĩnh vực ngành nghề; gặp gỡ cựu sinh viên thành đạt; tư vấn định hướng cách làm CV đạt chuẩn với chuyên viên tuyển dụng, hướng nghiệp.",
			"Lê Cao Thiện – sinh viên chuyên ngành Truyền thông Đa phương tiện chia sẻ, tuy mới là sinh viên năm hai nhưng bạn đã sớm quan tâm tới việc tìm kiếm cơ hội việc làm, trải nghiệm thực tế. Ngày hội việc làm là sự kiện giúp Thiện tiếp xúc với các doanh nghiệp, chuyên gia để có thêm thông tin, kiến thức.",
			"“Mình cũng đang cố gắng trải nghiệm các công việc liên quan đến lĩnh vực truyền thông ở trong và ngoài trường. Mình nghĩ đây sẽ là lợi thế để mình nắm bắt cơ hội thực tập, làm việc tốt trong tương lai”, nam sinh nói thêm.",
			"Trường Đại học FPT tổ chức sự kiện trong bối cảnh thị trường lao động có nhiều thay đổi và thách thức từ sự phát triển của công nghệ, suy thoái kinh tế, dịch bệnh… Đây vừa là thách thức, vừa là cơ hội để người trẻ nắm bắt những cơ hội việc làm mới.",
			"Đại diện trường cho biết, nhiều ngành nghề mới, cơ hội việc làm mở ra cho lực lượng lao động trẻ trong những năm trở lại đây. Tuy nhiên, thị trường lao động cũng đòi hỏi cao hơn về kiến thức, kỹ năng, trải nghiệm ở nhân sự để có thể đáp ứng nhanh và đủ yêu cầu của công việc.",
			"“Một bộ phận người trẻ chưa kịp nắm bắt và thích ứng với những yêu cầu này, tạo ra ‘làn sóng’ cử nhân, thạc sĩ thất nghiệp, gây ra những hệ lụy cho xã hội”, vị đại diện nhận định.",
			"Do đó, việc sớm tạo cơ hội cho sinh viên tiếp xúc trực tiếp với doanh nghiệp, hiểu được nhu cầu thực tế của thị trường có thể góp phần giải quyết bài toán tuyển dụng nhân sự chất lượng cho doanh nghiệp, tránh lãng phí nguồn lực.",
			"Ngày hội việc làm là hoạt động thường niên của Trường Đại học FPT với quy mô mở rộng qua các năm. Đây là dịp kết nối sinh viên với doanh nghiệp, giúp sinh viên có cái nhìn tổng quát và thực tế về bức tranh thị trường lao động, nắm bắt nhu cầu tuyển dụng của doanh nghiệp trong từng ngành nghề, lĩnh vực.",
			"“Trải nghiệm này sẽ giúp sinh viên có tư duy, ý thức hoàn thiện kiến thức, kỹ năng cá nhân từ sớm để thích ứng nhanh chóng với môi trường làm việc sau khi tốt nghiệp”, đại diện trường nhấn mạnh.",
			"100% sinh viên Trường Đại học FPT tham gia học kỳ thực tập doanh nghiệp (on the job training) trước khi bước vào học kỳ cuối cùng. Trong đó, nhiều bạn trẻ đã thực tập tại các doanh nghiệp nước ngoài là đối tác của trường. Ngoài ra, đơn vị thường xuyên duy trì kết nối với các công ty, tổ chức lớn, tổ chức nhiều hoạt động tham quan, trải nghiệm công việc tại doanh nghiệp cho các sinh viên năm 3-4.",
			"Chỉ còn vài giờ nữa, ngày hội việc làm lớn nhất năm của Đại học FPT – FPTU Career Fair 2023 sẽ chính thức khai mạc. Hãy cùng điểm qua hơn 70 doanh nghiệp tham gia trong chương trình nhé! Đây là cơ hội vàng để các bạn sinh viên ĐH FPT...",
			"Với những hoạt động kết nối doanh nghiệp ngay trên giảng đường, sinh viên Đại học FPT có vô vàn cơ hội việc làm ngay và sau khi tốt nghiệp để thể hiện năng lực và nắm bắt tương lai. Company Tour – tham quan doanh nghiệp Company tour...",
			"Khu Giáo dục và Đào tạo – Khu Công nghệ cao Hòa Lạc – Km29 Đại lộ Thăng Long, H. Thạch Thất,\nTP. Hà Nội",
			"Điện thoại: 024 7300 1866",
			"Email: daihocfpt@fpt.edu.vn",
			"Lô E2a-7, Đường D1 Khu Công nghệ cao, P. Long Thạnh Mỹ, TP. Thủ Đức, TP. Hồ Chí Minh",
			"Điện thoại: 028 7300 1866",
			"Email: daihocfpt@fpt.edu.vn",
			"Khu đô thị công nghệ FPT Đà Nẵng, P. Hoà Hải, Q. Ngũ Hành Sơn, TP. Đà Nẵng",
			"Điện thoại: 0236 730 1866",
			"Email: daihocfpt@fpt.edu.vn",
			"Số 600 Đường Nguyễn Văn Cừ (nối dài), P. An Bình, Q. Ninh Kiều, TP. Cần Thơ",
			"Điện thoại: 0292 730 1866",
			"Email: daihocfpt@fpt.edu.vn",
			"Khu đô thị mới An Phú Thịnh, Phường Nhơn Bình & Phường Đống Đa, TP. Quy\nNhơn, Bình Định",
			"Điện thoại: 0256 730 1866 /0256 7300 999",
			"Email: daihocfpt@fpt.edu.vn"
		],
		"label": [
			"Tìm kiếm",
			"Tìm kiếm"
		],
		"button": [
			"×",
			"Đăng ký",
			"Đóng"
		],
		"span": [
			"Trang chủ",
			"bởi",
			"Bài trước",
			"Bài trước:",
			"← Ngày hội việc làm ĐH FPT 2023: Sinh viên “Show” CV đẹp, được phỏng vấn ngay",
			"Bài tiếp",
			"Bài tiếp:",
			"Nữ sinh đa tài ĐH FPT: Hạnh phúc với đủ trải nghiệm producer phim ngắn, ca hát, người mẫu →"
		],
		"h1": [
			"10.000 sinh viên Đại học FPT tham gia ngày hội việc làm"
		],
		"time": [
			"Thứ Ba, ngày 23 tháng 05 năm 2023",
			"23/05/2023",
			"05/02/2024",
			"05/02/2024",
			"05/02/2024",
			"02/02/2024",
			"01/02/2024"
		],
		"em": [
			"Trường",
			"Đại học FPT",
			"Trường Đại học FPT"
		],
		"strong": [
			"Các sinh viên Trường Đại học FPT tìm hiểu việc làm và gặp gỡ nhà tuyển dụng trong ngày hội việc làm tại các khu học xá tại Hà Nội, Đà Nẵng, TP HCM.",
			"Theo VnExpress"
		],
		"figcaption": [
			"Ngày hội việc làm được tổ chức đồng thời tại ba khu học xá (campus) Hà Nội, Đà Nẵng, TP HCM và kết nối trực tiếp qua cầu truyền hình. Ảnh:",
			"Sinh viên Đại học FPT phỏng vấn trực tiếp cùng đại diện doanh nghiệp tại sự kiện. Ảnh:"
		],
		"h2": [
			"Bài viết liên quan",
			"Điều hướng bài viết"
		],
		"h3": [
			"Đăng ký tư vấn"
		],
		"h4": [
			"HÀ NỘI",
			"TP. HỒ CHÍ MINH",
			"ĐÀ NẴNG",
			"CẦN THƠ",
			"Quy Nhơn"
		],
		"b": [
			"Hãy để lại SĐT để cán bộ nhà trường hỗ trợ bạn sớm nhất nhé"
		],
		"option": [
			"Tỉnh / Thành phố *",
			"An Giang",
			"Bà Rịa-Vũng Tàu",
			"Bắc Giang",
			"Bắc Kạn",
			"Bạc Liêu",
			"Bắc Ninh",
			"Bến Tre",
			"Bình Dương",
			"Bình Định",
			"Bình Phước",
			"Bình Thuận",
			"Cà Mau",
			"Cần Thơ",
			"Cao Bằng",
			"Cục Cảnh sát ĐKQL cư trú và DLQG về dân cư",
			"Cục Cảnh sát quản lý hành chính về trật tự xã hội",
			"Đà Nẵng",
			"Đắk Lắk",
			"Đăk Nông",
			"Điện Biên",
			"Đồng Nai",
			"Đồng Tháp",
			"Gia Lai",
			"Hà Giang",
			"Hà Nam",
			"Hà Tĩnh",
			"Hải Dương",
			"Hải Phòng",
			"Hậu Giang",
			"Hoà Bình",
			"Hưng Yên",
			"Khánh Hoà",
			"Kiên Giang",
			"Kon Tum",
			"Lai Châu",
			"Lâm Đồng",
			"Lạng Sơn",
			"Lào Cai",
			"Long An",
			"Nam Định",
			"Nghệ An",
			"Ninh Bình",
			"Ninh Thuận",
			"Phú Thọ",
			"Phú Yên",
			"Quảng Bình",
			"Quảng Nam",
			"Quảng Ngãi",
			"Quảng Ninh",
			"Quảng Trị",
			"Sóc Trăng",
			"Sơn La",
			"Tây Ninh",
			"Thái Bình",
			"Thái Nguyên",
			"Thanh Hoá",
			"Thừa Thiên - Huế",
			"Tiền Giang",
			"Trà Vinh",
			"Tuyên Quang",
			"Vĩnh Long",
			"Vĩnh Phúc",
			"Yên Bái",
			"Hà Nội",
			"TP. Hồ Chí Minh"
		]
	},
	"url": "https://daihoc.fpt.edu.vn/10-000-sinh-vien-dai-hoc-fpt-tham-gia-ngay-hoi-viec-lam/"
}