{
	"data": {
		"title": [
			"Bí kíp bất bại của cựu thí sinh thi học bổng ĐH FPT - Trường Đại học FPT"
		],
		"div": [
			"›\n\n›",
			"© 2024 Bản quyền thuộc về Trường Đại học FPT.",
			"Đăng ký tư vấn"
		],
		"a": [
			"Trường Đại học FPT",
			"Vietnamese",
			"English",
			"Trang chủ",
			"Giới thiệu",
			"Lịch sử thành lập",
			"Tập đoàn FPT",
			"Tổ chức giáo dục FPT",
			"Triết lý đào tạo",
			"Các giải thưởng và thành tích",
			"Ban lãnh đạo",
			"Gắn kết cộng đồng",
			"Tin tức",
			"Tin tức chung",
			"Hoạt động sinh viên",
			"Sự kiện",
			"Tuyển dụng",
			"Hướng nghiệp",
			"Ngành học",
			"Công nghệ thông tin",
			"Công nghệ ô tô số",
			"Kỹ thuật phần mềm",
			"Hệ thống thông tin",
			"Trí tuệ nhân tạo",
			"An toàn thông tin",
			"Thiết kế Mỹ thuật số",
			"Quản trị kinh doanh",
			"Tài chính",
			"Digital Marketing",
			"Kinh doanh quốc tế",
			"Quản lý Logistics & Chuỗi cung ứng toàn cầu",
			"Quản trị khách sạn",
			"Quản trị Du lịch và Lữ hành",
			"Công nghệ truyền thông",
			"Quản trị truyền thông đa phương tiện",
			"Quan hệ công chúng",
			"Ngôn ngữ Anh",
			"Ngôn ngữ Nhật",
			"Ngôn ngữ Hàn Quốc",
			"Ngôn ngữ Trung Quốc (Dự kiến)",
			"Đời sống sinh viên",
			"Một ngày tại Đại học FPT",
			"Vì sao nên học tại Đại học FPT",
			"Sự hài lòng của sinh viên",
			"Môi trường học tập",
			"Chương trình học linh hoạt",
			"Đời sống sinh viên",
			"Ký túc xá",
			"Các CLB & Cộng đồng sinh viên",
			"Các hoạt động thể thao trong trường",
			"Dịch vụ hỗ trợ",
			"Định hướng và khởi đầu",
			"Tốt nghiệp",
			"Câu chuyện sinh viên",
			"Hợp tác",
			"Ngành công nghiệp và doanh nghiệp",
			"Chương trình trao đổi sinh viên",
			"Chương trình học tập tại nước ngoài",
			"Hợp tác quốc tế",
			"Trao đổi sinh viên",
			"Học kỳ nước ngoài",
			"Các trường đại học đối tác",
			"Cựu sinh viên",
			"Cộng đồng cựu sinh viên",
			"Họ đang làm việc tại đâu",
			"Tuyển sinh",
			"Đề án tuyển sinh",
			"Tin tuyển sinh",
			"Liên hệ",
			"Đăng nhập",
			"Nguyễn Thị Hồng Yến",
			"Nữ sinh trường F trong tà áo dài ngày Xuân",
			"Gặp gỡ đội tuyển NGT’s OPEN ROBOT trước giải đấu FIRST Tech Challenge Vietnam",
			"Tỏa sáng với nghiên cứu khoa học, nữ sinh ĐH FPT khẳng định bản lĩnh và tài năng",
			"Phim ngắn “Thoi vàng chỉ ngọc” của SV ĐH FPT tại Cần Thơ được công chiếu ở Lotte Cinema",
			"SV trường ĐH FPT Hà Nội đón “tết trên bản” 2024",
			"Vietnamese",
			"English",
			"Facebook",
			"Youtube",
			"Tik Tok",
			"Hotline: (024)/(028) 73001866 - (0236)/(0292) 7301866"
		],
		"img": [
			"cropped cropped 2021 FPTU Long",
			"cropped cropped 2021 FPTU Long",
			"sinh vien dhfpt tang hoa cho thu tuong 1 1",
			"sinh vien dhfpt tang hoa cho thu tuong 1 1",
			"Gia khiem chia se bi quyet thi hoc bong dh fpt",
			"Gia khiem chia se bi quyet thi hoc bong dh fpt",
			"kim phu chia se bi quyet thi hoc bong dh fpt",
			"kim phu chia se bi quyet thi hoc bong dh fpt",
			"sinh vien dai hoc fpt 8",
			"sinh vien dai hoc fpt 8",
			"dai hoc fpt 1",
			"dai hoc fpt 1",
			"my duyen",
			"my duyen",
			"fpt 5",
			"fpt 5",
			"dai hoc fpt 1",
			"dai hoc fpt 1",
			"thông báo tuyển bổ sung",
			"thông báo tuyển bổ sung"
		],
		"p": [
			"Trang thông tin tuyển sinh chính thức của Trường Đại học FPT",
			"Là học sinh phổ thông chuyên, Cao Thị Quỳnh Trang khá quen với những kỳ thi học sinh giỏi, thi học bổng. Cô nàng cũng cực kỳ kinh nghiệm khi vạch ra cho mình kế hoạch chinh phục suất học bổng Nguyễn Văn Đạo vào ĐH FPT với 2 giai đoạn. “”, Quỳnh Trang chia sẻ.",
			"Sau khi đã có kiến thức nền đủ rộng và đủ chắc, Trang cho rằng đây là lúc thích hợp để thí sinh luyện đề học bổng. Không chỉ luyện tập để có ky năng giải các dạng bài toán logic một cách chính xác, theo Trang, việc tính toán thời gian làm bài thi hợp lý và làm quen với áp lực giống như khi đi thật cũng rất quan trọng. “”, Trang nói.",
			"Cô nàng có chút tiếc nuối khi chưa đạt được phong độ tốt nhất ở bài luận và chỉ thành công chinh phục học bổng 70%. “”, Quỳnh Trang chia sẻ.",
			"Muốn chinh phục kỳ thi học bổng vào ĐH FPT, thí sinh cần vượt qua bài thi toán logic và bài luận xã hội. Nghe có phần “cao siêu” và “khó nhằn”? Không hề. Nhiều cựu thí sinh của kỳ thi học bổng ĐH FPT đã tiết lộ: nắm chắc kiến thức cơ bản là coi như “trúng tủ”.",
			"Phạm Gia Khiêm (sinh viên chuyên ngành Kỹ thuật phần mềm, ĐH FPT) kể, Khiêm biết tới kỳ thi học bổng ĐH FPT chỉ 1 tuần trước ngày thi chính thức. Nam sinh chọn cách ôn tập kiến thức cơ bản trước, sau đó sưu tầm đề thi học bổng vào ĐH FPT những năm trước qua các diễn đàn, hội nhóm trên mạng xã hội. Gia Khiêm cũng rủ một vài người bạn cùng chung mong muốn giành học bổng ĐH FPT tạo nhóm học tập, giúp nhau ôn luyện. Vốn là học sinh chuyên toán, có nền tảng kiến thức, Khiêm không gặp quá nhiều khó khăn trong thời gian chuẩn bị cho kỳ thi học bổng.",
			"“”. Kết quả, Khiêm trở thành sinh viên ĐH FPT với học bổng 100%.",
			"Sớm đặt mục tiêu chinh phục học bổng vào ĐH FPT, Hoàng Kim Phú (sinh viên chuyên ngành An toàn thông tin) tìm kiếm, tham gia cộng đồng thí sinh và cựu thí sinh “săn” học bổng để giao lưu, học hỏi. Theo Phú, hội săn học bổng này không chỉ là nơi các thí sinh chia sẻ mục tiêu, cách thức học tập mà còn là nơi thí sinh được học hỏi nhiều từ kinh nghiệm của các đàn anh, đàn chị đi trước. Trong đó có những “tay săn” học bổng loại xịn, đã chinh phục mức học bổng cao nhất vào ĐH FPT.",
			"“”, Phú nói.",
			"Tranh thủ thời gian, Phú lại làm đề cho quen tay, phản xạ nhanh trước các dạng bài thường gặp. Cùng với nền tảng là học sinh giỏi nhiều năm ở bậc phổ thông, Phú đã vượt qua kỳ thi học bổng với kết quả khá ưng ý. “”, anh chàng hiện đang làm việc tại một công ty công nghệ chia sẻ.",
			"Ngày 7/5 tới đây kỳ thi học bổng Nguyễn Văn Đạo vào ĐH FPT sẽ diễn ra trên toàn quốc. Nắm bắt được kinh nghiệm của các “học bá” đàn anh đàn chị đi trước rồi thì hãy nhanh tay nộp hồ sơ và đi thi giành học bổng vào ĐH FPT ngay để thanh xuân này không tiếc nuối nha 2K5.",
			"Khu Giáo dục và Đào tạo – Khu Công nghệ cao Hòa Lạc – Km29 Đại lộ Thăng Long, H. Thạch Thất,\nTP. Hà Nội",
			"Điện thoại: 024 7300 1866",
			"Email: daihocfpt@fpt.edu.vn",
			"Lô E2a-7, Đường D1 Khu Công nghệ cao, P. Long Thạnh Mỹ, TP. Thủ Đức, TP. Hồ Chí Minh",
			"Điện thoại: 028 7300 1866",
			"Email: daihocfpt@fpt.edu.vn",
			"Khu đô thị công nghệ FPT Đà Nẵng, P. Hoà Hải, Q. Ngũ Hành Sơn, TP. Đà Nẵng",
			"Điện thoại: 0236 730 1866",
			"Email: daihocfpt@fpt.edu.vn",
			"Số 600 Đường Nguyễn Văn Cừ (nối dài), P. An Bình, Q. Ninh Kiều, TP. Cần Thơ",
			"Điện thoại: 0292 730 1866",
			"Email: daihocfpt@fpt.edu.vn",
			"Khu đô thị mới An Phú Thịnh, Phường Nhơn Bình & Phường Đống Đa, TP. Quy\nNhơn, Bình Định",
			"Điện thoại: 0256 730 1866 /0256 7300 999",
			"Email: daihocfpt@fpt.edu.vn"
		],
		"label": [
			"Tìm kiếm",
			"Tìm kiếm"
		],
		"button": [
			"×",
			"Đăng ký",
			"Đóng"
		],
		"i": [
			"Mình luôn đặt mục tiêu nắm vững kiến thức cơ bản lên hàng đầu. Do đó, trước kỳ thi học bổng, mình dành ra một khoảng thời gian nhất định để ôn tập kỹ các kiến thức này",
			"Mình in đề thi toán logic của các năm trước ra, bấm giờ, tập trung làm bài giống như đang ở phòng thi thật. Nhờ đó, mình có thể căn thời gian làm xong bài, điều chỉnh cho hợp lý và làm quen với không khí phòng thi",
			"Chia giai đoạn ôn tập, làm quen với không khí phòng thi là cách để Quỳnh Trang giành suất học bổng ĐH FPT",
			"Từ kinh nghiệm của mình, mình nghĩ các bạn thí sinh nên dành thời gian đọc sách báo, theo dõi tin tức để có thêm dẫn chứng tăng độ thuyết phục cho bài luận, từ đó có cơ hội giành mức học bổng cao nhất",
			"Phạm Gia Khiêm chia sẻ bí quyết tự học, nắm chắc kiến thức cơ bản",
			"Ban đầu, mình chỉ đặt mục tiêu học bổng 70% thôi nhưng khi đọc đề, thấy có thể vận dụng tốt những kiến thức đã ôn, mình nghĩ có thể đạt được kết quả tốt hơn",
			"Kim Phú làm đề nhiều cho quen tay và có phản xạ nhanh trước các dạng bài thường gặp",
			"Mình tham gia vào hội, được chia sẻ các dạng đề toán, đề luận từ những anh chị sinh viên các khóa trước. Các anh chị còn hướng dẫn giải đề, chia sẻ nhiều bí quyết ôn tập và làm bài thi hiệu quả giúp mình tiết kiệm thời gian, công sức",
			"Mình giành được mức học bổng 50%. Học bổng này giúp mình tự tin bước vào giảng đường ĐH FPT mà không cần quá lo lắng về tài chính. Mình có thể tập trung học tập, tham gia các hoạt động ngoại khóa và đi thực tập, đi làm từ khá sớm"
		],
		"span": [
			"Trang chủ",
			"Tin tức chung",
			"Bí kíp bất bại của cựu thí sinh thi học bổng ĐH FPT",
			"bởi",
			"Bài trước",
			"Bài trước:",
			"← Đinh Hiểu Khánh – 2k5 Bình Phước IELTS 8.0, Giải Nhì HSGQG Tiếng Anh chọn ĐH FPT",
			"Bài tiếp",
			"Bài tiếp:",
			"Cựu sinh viên ĐH FPT: Trải nghiệm quốc tế hoá là bệ phóng ước mơ →"
		],
		"h1": [
			"Bí kíp bất bại của cựu thí sinh thi học bổng ĐH FPT"
		],
		"time": [
			"Thứ Năm, ngày 27 tháng 04 năm 2023",
			"05/02/2024",
			"05/02/2024",
			"05/02/2024",
			"02/02/2024",
			"01/02/2024"
		],
		"em": [
			"Theo Saostar"
		],
		"strong": [
			"“Săn” suất học bổng Nguyễn Văn Đạo đầy giá trị cũng không quá khó nếu 2K5 “học lỏm” được những bí kíp nhỏ nhưng có võ, đảm bảo bất bại của các cựu thí sinh từng chinh phục kỳ thi học bổng ĐH FPT.",
			"Chia giai đoạn ôn tập hợp lý",
			"Nắm chắc kiến thức cơ bản",
			"Tham gia hội săn học bổng"
		],
		"h2": [
			"Điều hướng bài viết"
		],
		"h4": [
			"HÀ NỘI",
			"TP. HỒ CHÍ MINH",
			"ĐÀ NẴNG",
			"CẦN THƠ",
			"Quy Nhơn"
		],
		"h3": [
			"Đăng ký tư vấn"
		],
		"b": [
			"Hãy để lại SĐT để cán bộ nhà trường hỗ trợ bạn sớm nhất nhé"
		],
		"option": [
			"Tỉnh / Thành phố *",
			"An Giang",
			"Bà Rịa-Vũng Tàu",
			"Bắc Giang",
			"Bắc Kạn",
			"Bạc Liêu",
			"Bắc Ninh",
			"Bến Tre",
			"Bình Dương",
			"Bình Định",
			"Bình Phước",
			"Bình Thuận",
			"Cà Mau",
			"Cần Thơ",
			"Cao Bằng",
			"Cục Cảnh sát ĐKQL cư trú và DLQG về dân cư",
			"Cục Cảnh sát quản lý hành chính về trật tự xã hội",
			"Đà Nẵng",
			"Đắk Lắk",
			"Đăk Nông",
			"Điện Biên",
			"Đồng Nai",
			"Đồng Tháp",
			"Gia Lai",
			"Hà Giang",
			"Hà Nam",
			"Hà Tĩnh",
			"Hải Dương",
			"Hải Phòng",
			"Hậu Giang",
			"Hoà Bình",
			"Hưng Yên",
			"Khánh Hoà",
			"Kiên Giang",
			"Kon Tum",
			"Lai Châu",
			"Lâm Đồng",
			"Lạng Sơn",
			"Lào Cai",
			"Long An",
			"Nam Định",
			"Nghệ An",
			"Ninh Bình",
			"Ninh Thuận",
			"Phú Thọ",
			"Phú Yên",
			"Quảng Bình",
			"Quảng Nam",
			"Quảng Ngãi",
			"Quảng Ninh",
			"Quảng Trị",
			"Sóc Trăng",
			"Sơn La",
			"Tây Ninh",
			"Thái Bình",
			"Thái Nguyên",
			"Thanh Hoá",
			"Thừa Thiên - Huế",
			"Tiền Giang",
			"Trà Vinh",
			"Tuyên Quang",
			"Vĩnh Long",
			"Vĩnh Phúc",
			"Yên Bái",
			"Hà Nội",
			"TP. Hồ Chí Minh"
		]
	},
	"url": "https://daihoc.fpt.edu.vn/bi-kip-bat-bai-cua-cuu-thi-sinh-thi-hoc-bong-dh-fpt/"
}