{
	"data": {
		"title": [
			"Hệ thống thông tin - Trường Đại học FPT"
		],
		"div": [
			"›\n\n›\n\n›",
			"© 2024 Bản quyền thuộc về Trường Đại học FPT.",
			"Đăng ký tư vấn"
		],
		"a": [
			"Trường Đại học FPT",
			"Vietnamese",
			"English",
			"Trang chủ",
			"Giới thiệu",
			"Lịch sử thành lập",
			"Tập đoàn FPT",
			"Tổ chức giáo dục FPT",
			"Triết lý đào tạo",
			"Các giải thưởng và thành tích",
			"Ban lãnh đạo",
			"Gắn kết cộng đồng",
			"Tin tức",
			"Tin tức chung",
			"Hoạt động sinh viên",
			"Sự kiện",
			"Tuyển dụng",
			"Hướng nghiệp",
			"Ngành học",
			"Công nghệ thông tin",
			"Công nghệ ô tô số",
			"Kỹ thuật phần mềm",
			"Hệ thống thông tin",
			"Trí tuệ nhân tạo",
			"An toàn thông tin",
			"Thiết kế Mỹ thuật số",
			"Quản trị kinh doanh",
			"Tài chính",
			"Digital Marketing",
			"Kinh doanh quốc tế",
			"Quản lý Logistics & Chuỗi cung ứng toàn cầu",
			"Quản trị khách sạn",
			"Quản trị Du lịch và Lữ hành",
			"Công nghệ truyền thông",
			"Quản trị truyền thông đa phương tiện",
			"Quan hệ công chúng",
			"Ngôn ngữ Anh",
			"Ngôn ngữ Nhật",
			"Ngôn ngữ Hàn Quốc",
			"Ngôn ngữ Trung Quốc (Dự kiến)",
			"Đời sống sinh viên",
			"Một ngày tại Đại học FPT",
			"Vì sao nên học tại Đại học FPT",
			"Sự hài lòng của sinh viên",
			"Môi trường học tập",
			"Chương trình học linh hoạt",
			"Đời sống sinh viên",
			"Ký túc xá",
			"Các CLB & Cộng đồng sinh viên",
			"Các hoạt động thể thao trong trường",
			"Dịch vụ hỗ trợ",
			"Định hướng và khởi đầu",
			"Tốt nghiệp",
			"Câu chuyện sinh viên",
			"Hợp tác",
			"Ngành công nghiệp và doanh nghiệp",
			"Chương trình trao đổi sinh viên",
			"Chương trình học tập tại nước ngoài",
			"Hợp tác quốc tế",
			"Trao đổi sinh viên",
			"Học kỳ nước ngoài",
			"Các trường đại học đối tác",
			"Cựu sinh viên",
			"Cộng đồng cựu sinh viên",
			"Họ đang làm việc tại đâu",
			"Tuyển sinh",
			"Đề án tuyển sinh",
			"Tin tuyển sinh",
			"Liên hệ",
			"Đăng nhập",
			"Gửi hồ sơ trực tuyến",
			"Facebook",
			"Youtube",
			"Tik Tok",
			"Hotline: (024)/(028) 73001866 - (0236)/(0292) 7301866"
		],
		"img": [
			"cropped cropped 2021 FPTU Long",
			"cropped cropped 2021 FPTU Long",
			"thông báo tuyển bổ sung",
			"thông báo tuyển bổ sung"
		],
		"p": [
			"Trang thông tin tuyển sinh chính thức của Trường Đại học FPT",
			"Sinh viên tốt nghiệp chuyên ngành Hệ thống thông tin có cơ hội việc làm rất đa dạng với một số vị trí công việc điển hình như:",
			"Khu Giáo dục và Đào tạo – Khu Công nghệ cao Hòa Lạc – Km29 Đại lộ Thăng Long, H. Thạch Thất,\nTP. Hà Nội",
			"Điện thoại: 024 7300 1866",
			"Email: daihocfpt@fpt.edu.vn",
			"Lô E2a-7, Đường D1 Khu Công nghệ cao, P. Long Thạnh Mỹ, TP. Thủ Đức, TP. Hồ Chí Minh",
			"Điện thoại: 028 7300 1866",
			"Email: daihocfpt@fpt.edu.vn",
			"Khu đô thị công nghệ FPT Đà Nẵng, P. Hoà Hải, Q. Ngũ Hành Sơn, TP. Đà Nẵng",
			"Điện thoại: 0236 730 1866",
			"Email: daihocfpt@fpt.edu.vn",
			"Số 600 Đường Nguyễn Văn Cừ (nối dài), P. An Bình, Q. Ninh Kiều, TP. Cần Thơ",
			"Điện thoại: 0292 730 1866",
			"Email: daihocfpt@fpt.edu.vn",
			"Khu đô thị mới An Phú Thịnh, Phường Nhơn Bình & Phường Đống Đa, TP. Quy\nNhơn, Bình Định",
			"Điện thoại: 0256 730 1866 /0256 7300 999",
			"Email: daihocfpt@fpt.edu.vn"
		],
		"label": [
			"Tìm kiếm"
		],
		"button": [
			"×",
			"Đăng ký",
			"Đóng"
		],
		"h1": [
			"Hệ thống thông tin"
		],
		"span": [
			"Trang chủ",
			"Ngành học",
			"Công nghệ thông tin",
			"Hệ thống thông tin",
			"Chuyên ngành Hệ thống Thông tin tại trường Đại học FPT chú trọng đào tạo những chuyên gia có kiến thức đa ngành và kỹ năng hàng đầu trong xây dựng và quản lý Hệ thống Thông tin. Sinh viên được trang bị kiến thức về quản lý cơ sở dữ liệu, mạng, an ninh thông tin, và cả các kiến thức về quản lý dự án, quản lý quy trình kinh doanh để linh hoạt đáp ứng đa dạng nhu cầu của doanh nghiệp trong việc khai thác tài sản quý giá nhất của thời đại: Thông tin. Ngành học không chỉ đào tạo kiến thức, kỹ năng mà còn kết nối sinh viên với xu hướng công nghệ mới nhất trong ngành, giúp sinh viên sẵn sàng cho thị trường làm việc đầy thách thức nhưng cũng đầy triển vọng.",
			"Trong thời đại hiện nay, thông tin trở thành kho báu vô giá, một loại tài sản vô hình cực kỳ giá trị của mọi doanh nghiệp, mọi tổ chức. Chuyên ngành Hệ thống Thông tin được mở ra với mục đích nghiên cứu và thực hành khai thác, phát triển hiệu quả kho báu này. Nhân lực của ngành không chỉ là những chuyên gia Công nghệ thông tin, mà còn là những nhà sáng tạo thông tin, xây dựng giải pháp độc đáo.",
			"Với sự bùng nổ của di động, trí tuệ nhân tạo và big data, ngành Hệ thống Thông tin mở ra những cơ hội nghề nghiệp chưa từng có. Từ quản trị cơ sở dữ liệu đến chuyên gia phân tích Hệ thống Thông tin, những người lựa chọn lĩnh vực này không chỉ đang đối mặt với những thách thức mà còn có cơ hội tỏa sáng trong cuộc cách mạng số. Hệ thống Thông tin không chỉ mang đến kiến thức, mà còn là chìa khóa mở cánh cửa cho sự nghiệp trong thế giới số hóa đầy hứa hẹn.",
			"+ Quản trị viên các hệ cơ sở dữ liệu;",
			"+ Chuyên viên phân tích, tư vấn, thiết kế Hệ thống Thông tin;",
			"+ Chuyên viên phát triển ứng dụng cho Hệ thống Thông tin;",
			"+ Chuyên viên triển khai, vận hành các hệ thống ERP, CRM;",
			"+ Quản trị Hệ thống Thông tin và tri thức.",
			"Chương trình giảng dạy đảm bảo sinh viên nắm vững kiến thức cơ bản của ngành Công nghệ thông tin, từ Cấu trúc dữ liệu và giải thuật, Phân tích dữ liệu, đến Thiết kế Hệ thống Thông tin, kỹ năng lập trình, phát triển ứng dụng SAP với ABAP, và nhiều môn học chất lượng khác hỗ trợ tốt cho việc phát triển sự nghiệp liên quan.",
			"Với giáo trình chuẩn quốc tế và môi trường học tập chú trọng phát triển cá nhân, đa dạng cơ hội trải nghiệm quốc tế và chương trình đào tạo trong doanh nghiệp, Đại học FPT cung cấp cho sinh viên",
			"chuyên",
			"ngành Hệ thống Thông tin kiến thức toàn diện và kỹ năng cần thiết để thành công trong thế giới công nghệ ngày nay.",
			"Đồng thời, sinh viên được rèn luyện kỹ năng mềm và ngoại ngữ thông qua hàng trăm hoạt động học thuật, văn – thể – mỹ hàng năm, các môn học kỹ năng mềm trong chương trình chính khóa và thành thạo sử dụng hai ngoại ngữ trong học tập và phát triển công việc.",
			"Đội ngũ giảng viên tận tâm với chuyên môn cao hướng dẫn sinh viên hiểu sâu và ứng dụng kiến thức vào thực tế. Chương trình Thực hành Khởi nghiệp và Học kỳ OJT mang đến cơ hội thực tế tại các doanh nghiệp hàng đầu.",
			"Tham gia vào Học kỳ OJT (On The Job Training), sinh viên được sự dẫn dắt của các mentor hàng đầu về Hệ thống Thông tin tại các doanh nghiệp  như FPT Telecom, FPT Information System, FPT Smart Cloud, FPT Software, Intel, VNG, Amazon Webs Services (Aws), HPT Vietnam CorporatioN, Cerebro, Adp Loxson Việt Nam, Penanshin Shipping, Malayan Banking Berhad, FPT Online, FPT Sendo, FPT Securities, Amazing Tech hoặc những đơn vị công nghệ khác phù hợp với sở thích và năng lực như IBM, VinAI, Viettel Solution…",
			"Chương trình học gồm 9 học kỳ, mỗi năm 3 học kỳ.",
			"Sinh viên thông thạo kỹ năng đọc hiểu giáo trình Tiếng Anh. Đồng thời, được rèn luyện thể chất, phát triển cá nhân toàn diện, có kỹ năng học tập hiệu quả bậc đại học.",
			"Kiến thức với ngôn ngữ C, lập trình cơ bản đến phức tạp và kiến ​​trúc và tổ chức máy tính.",
			"Thiết kế giao diện của một website, kiến thức về lập trình hướng đối tượng, giao tiếp cơ bản với ngôn ngữ Java, hệ cơ sở dữ liệu, thiết kế Database và các kỹ năng mềm như làm việc nhóm.",
			"Sử dụng Tiếng Nhật ở các kỹ năng: đọc, viết, giao tiếp ở môi trường làm việc, nắm vững quy trình phát triển phần mềm.",
			"Sinh viên nắm vững quy trình phát triển phần mềm, bao gồm các quy trình sử dụng trong ngành công nghệ phần mềm: Water Fall, Spiral, Interative Development, Agile và sử dụng thông thạo ngôn ngữ thiết kế phần mềm UML.",
			"Nâng cao kỹ năng Tiếng Nhật ở các kỹ năng, nắm vững các công nghệ lập trình chuyên nghiệp trên nền tảng Microsoft .NET: C#, ASP.NET, ASP .NET trên nền IIS, kết nối CSDL theo mô hình ADO .NET. và các kỹ thuật trong kiểm thử phần mềm: UnitTest, BlackBox, WhiteBox, Equivalent, Boundary. Tham gia chứng chỉ kiểm thử phần mềm ISTQB.",
			"Sinh viên làm việc trong các dự án thực tế trong nước và quốc tế tại FPT Software hoặc các công ty phần mềm trong và ngoài nước là đối tác của Đại học FPT đồng thời được trang bị kiến thức khởi nghiệp.",
			"Xây dựng ứng dụng trên các thiết bị di động và kết nối với các thiết bị ngoại vi, các dịch vụ từ bên ngoài và có khả năng chạy trên nhiều nền tảng khác nhau từ iOS, Android đến Blackberry, hiểu tâm lý người dùng và trang bị kiến thức khởi nghiệp.",
			"Nắm vững các kỹ năng Quản lý dự án cùng kiến thức khởi nghiệp.",
			"Sinh viên thực hiện đồ án từ các đợt đặt hàng của doanh nghiệp, tự tin làm việc tại hầu hết các cường quốc CNTT trên thế giới."
		],
		"h2": [
			"Hệ thống thông tin",
			"Đăng ký xét tuyển"
		],
		"strong": [
			"Tổng quan chuyên ngành Hệ thống thông tin thuộc ngành Công nghệ thông tin",
			"Triển vọng nghề nghiệp",
			"Chương trình đào tạo",
			"HỌC KỲ",
			"NĂNG LỰC ĐẦU RA"
		],
		"b": [
			"Đào tạo khác biệt",
			"Định hướng chuyên sâu, cập nhật xu hướng công nghiệp toàn cầu và yêu cầu kiểm định quốc tế",
			"Phát triển toàn diện",
			"Học cùng chuyên gia",
			"Hãy để lại SĐT để cán bộ nhà trường hỗ trợ bạn sớm nhất nhé"
		],
		"td": [
			"Nền tảng",
			"Học kỳ 1",
			"Học kỳ 2",
			"Học kỳ 3",
			"Học kỳ 4",
			"Học kỳ 5",
			"Học kỳ 6",
			"Học kỳ 7",
			"Học kỳ 8",
			"Học kỳ 9"
		],
		"h4": [
			"HÀ NỘI",
			"TP. HỒ CHÍ MINH",
			"ĐÀ NẴNG",
			"CẦN THƠ",
			"Quy Nhơn"
		],
		"h3": [
			"Đăng ký tư vấn"
		],
		"option": [
			"Tỉnh / Thành phố *",
			"An Giang",
			"Bà Rịa-Vũng Tàu",
			"Bắc Giang",
			"Bắc Kạn",
			"Bạc Liêu",
			"Bắc Ninh",
			"Bến Tre",
			"Bình Dương",
			"Bình Định",
			"Bình Phước",
			"Bình Thuận",
			"Cà Mau",
			"Cần Thơ",
			"Cao Bằng",
			"Cục Cảnh sát ĐKQL cư trú và DLQG về dân cư",
			"Cục Cảnh sát quản lý hành chính về trật tự xã hội",
			"Đà Nẵng",
			"Đắk Lắk",
			"Đăk Nông",
			"Điện Biên",
			"Đồng Nai",
			"Đồng Tháp",
			"Gia Lai",
			"Hà Giang",
			"Hà Nam",
			"Hà Tĩnh",
			"Hải Dương",
			"Hải Phòng",
			"Hậu Giang",
			"Hoà Bình",
			"Hưng Yên",
			"Khánh Hoà",
			"Kiên Giang",
			"Kon Tum",
			"Lai Châu",
			"Lâm Đồng",
			"Lạng Sơn",
			"Lào Cai",
			"Long An",
			"Nam Định",
			"Nghệ An",
			"Ninh Bình",
			"Ninh Thuận",
			"Phú Thọ",
			"Phú Yên",
			"Quảng Bình",
			"Quảng Nam",
			"Quảng Ngãi",
			"Quảng Ninh",
			"Quảng Trị",
			"Sóc Trăng",
			"Sơn La",
			"Tây Ninh",
			"Thái Bình",
			"Thái Nguyên",
			"Thanh Hoá",
			"Thừa Thiên - Huế",
			"Tiền Giang",
			"Trà Vinh",
			"Tuyên Quang",
			"Vĩnh Long",
			"Vĩnh Phúc",
			"Yên Bái",
			"Hà Nội",
			"TP. Hồ Chí Minh"
		]
	},
	"url": "https://daihoc.fpt.edu.vn/nganh-hoc/may-tinh-cntt/he-thong-thong-tin/"
}