{
	"data": {
		"title": [
			"Chính thức khai mạc cuộc thi Vietnam Robotics Challenge 2023 - Trường Đại học FPT"
		],
		"div": [
			"© 2024 Bản quyền thuộc về Trường Đại học FPT.",
			"Đăng ký tư vấn"
		],
		"a": [
			"Trường Đại học FPT",
			"Vietnamese",
			"English",
			"Trang chủ",
			"Giới thiệu",
			"Lịch sử thành lập",
			"Tập đoàn FPT",
			"Tổ chức giáo dục FPT",
			"Triết lý đào tạo",
			"Các giải thưởng và thành tích",
			"Ban lãnh đạo",
			"Gắn kết cộng đồng",
			"Tin tức",
			"Tin tức chung",
			"Hoạt động sinh viên",
			"Sự kiện",
			"Tuyển dụng",
			"Hướng nghiệp",
			"Ngành học",
			"Công nghệ thông tin",
			"Công nghệ ô tô số",
			"Kỹ thuật phần mềm",
			"Hệ thống thông tin",
			"Trí tuệ nhân tạo",
			"An toàn thông tin",
			"Thiết kế Mỹ thuật số",
			"Quản trị kinh doanh",
			"Tài chính",
			"Digital Marketing",
			"Kinh doanh quốc tế",
			"Quản lý Logistics & Chuỗi cung ứng toàn cầu",
			"Quản trị khách sạn",
			"Quản trị Du lịch và Lữ hành",
			"Công nghệ truyền thông",
			"Quản trị truyền thông đa phương tiện",
			"Quan hệ công chúng",
			"Ngôn ngữ Anh",
			"Ngôn ngữ Nhật",
			"Ngôn ngữ Hàn Quốc",
			"Ngôn ngữ Trung Quốc (Dự kiến)",
			"Đời sống sinh viên",
			"Một ngày tại Đại học FPT",
			"Vì sao nên học tại Đại học FPT",
			"Sự hài lòng của sinh viên",
			"Môi trường học tập",
			"Chương trình học linh hoạt",
			"Đời sống sinh viên",
			"Ký túc xá",
			"Các CLB & Cộng đồng sinh viên",
			"Các hoạt động thể thao trong trường",
			"Dịch vụ hỗ trợ",
			"Định hướng và khởi đầu",
			"Tốt nghiệp",
			"Câu chuyện sinh viên",
			"Hợp tác",
			"Ngành công nghiệp và doanh nghiệp",
			"Chương trình trao đổi sinh viên",
			"Chương trình học tập tại nước ngoài",
			"Hợp tác quốc tế",
			"Trao đổi sinh viên",
			"Học kỳ nước ngoài",
			"Các trường đại học đối tác",
			"Cựu sinh viên",
			"Cộng đồng cựu sinh viên",
			"Họ đang làm việc tại đâu",
			"Tuyển sinh",
			"Đề án tuyển sinh",
			"Tin tuyển sinh",
			"Liên hệ",
			"Đăng nhập",
			"Nguyễn Thị Hồng Yến",
			"Đại học FPT phát động cuộc thi Vietnam Robotics Challenge 2023 cho học sinh THPT toàn quốc",
			"Liên minh THPT Chuyên Vĩnh Phúc và THPT Nguyễn Gia Thiều vô địch cuộc thi Robot",
			"SV ĐH FPT có bao sự kiện nâng trình CNTT, lập trình nhoay nhoáy, chế robot suốt ngày",
			"Nữ sinh trường F trong tà áo dài ngày Xuân",
			"Gặp gỡ đội tuyển NGT’s OPEN ROBOT trước giải đấu FIRST Tech Challenge Vietnam",
			"Tỏa sáng với nghiên cứu khoa học, nữ sinh ĐH FPT khẳng định bản lĩnh và tài năng",
			"Phim ngắn “Thoi vàng chỉ ngọc” của SV ĐH FPT tại Cần Thơ được công chiếu ở Lotte Cinema",
			"SV trường ĐH FPT Hà Nội đón “tết trên bản” 2024",
			"Vietnamese",
			"English",
			"Facebook",
			"Youtube",
			"Tik Tok",
			"Hotline: (024)/(028) 73001866 - (0236)/(0292) 7301866"
		],
		"img": [
			"cropped cropped 2021 FPTU Long",
			"cropped cropped 2021 FPTU Long",
			"khai mac vrc 2023",
			"khai mac vrc 2023",
			"khai mac vrc 2023 3",
			"khai mac vrc 2023 3",
			"khai mac vrc 2023 2",
			"khai mac vrc 2023 2",
			"khai mac vrc 2023 5",
			"khai mac vrc 2023 5",
			"khai mac vrc 2023 7",
			"khai mac vrc 2023 7",
			"thi sinh thpt check in dh fpt hoa lac 7",
			"thi sinh thpt check in dh fpt hoa lac 7",
			"khai mac vrc 2023 6",
			"khai mac vrc 2023 6",
			"khai mac vrc 2023 4",
			"khai mac vrc 2023 4",
			"khai mac vrc 2023 1",
			"khai mac vrc 2023 1",
			"sinh vien dai hoc fpt 8",
			"sinh vien dai hoc fpt 8",
			"dai hoc fpt 1",
			"dai hoc fpt 1",
			"my duyen",
			"my duyen",
			"fpt 5",
			"fpt 5",
			"dai hoc fpt 1",
			"dai hoc fpt 1",
			"thông báo tuyển bổ sung",
			"thông báo tuyển bổ sung"
		],
		"p": [
			"Trang thông tin tuyển sinh chính thức của Trường Đại học FPT",
			"Tham dự lễ khai mạc có các đại biểu đến từ các trường THPT gồm:",
			"– Thầy Lê Trung Kiên – Hiệu trưởng trường THPT Nguyễn Gia Thiều",
			"– Thầy Đỗ Văn Khoa – Phó hiệu trưởng trường THPT Nguyễn Gia Thiều",
			"– Thầy Kiều Cao Nam – Phó Hiệu Trưởng trường THPT Phùng Khắc Khoan (Thạch Thất)",
			"– Thầy Khuất Văn Tiến – Phó hiệu trưởng trường THPT Hai Bà Trưng (Thạch Thất)",
			"– Thầy Nguyễn Lễ – Phó hiệu trưởng trường THPT Thạch Thất",
			"– Thầy Lê Anh Tuấn – Hiệu trưởng trường THPT Tùng Thiện",
			"– Cô Phạm Thị Hiền – Hiệu trưởng trường THPT Liên Hà",
			"Về phía Ban tổ chức cuộc thi có sự góp mặt của:",
			"– Thầy Nguyễn Hùng Quân – Trưởng Ban Tuyển sinh Đại học FPT Hà Nội – Trưởng BTC cuộc thi VRC 2023",
			"– Anh Lê Ngọc Tuấn – Founder Maker Việt – Trưởng Ban chuyên môn cuộc thi VRC 2023",
			"Đặc biệt là sự xuất hiện của các bạn học sinh, các thầy cô giáo đến từ 66 đội thi thuộc 66 trường THPT trên toàn quốc.",
			"Tại buổi lễ, các bạn học sinh đã được tận mắt chứng kiến màn trình diễn của đội thi đại diện cho Việt Nam tại sân chơi quốc tế FIRST Global Challenge 2022.",
			"Ngay sau lễ khai mạc, 66 đội thi lập tức bước vào Round đấu đầu tiên của vòng loại với loạt trận đấu hứa hẹn sẽ cực kỳ gay cấn, hồi hộp.",
			"Cùng chờ đợi kết quả sau vòng loại đầy gay cấn nhé!",
			"Được truyền cảm hứng từ cuộc thi quốc tế FIRST Global Challenge, cuộc thi Vietnam Robotics Challenge 2023 với chủ đề “Zero Carbon” hứa hẹn sẽ mang tới loạt trận đấu robot nảy lửa giữa các tài năng trẻ đến từ nhiều trường...",
			"Liên minh THPT Chuyên Vĩnh Phúc và THPT Nguyễn Gia Thiều (Hà Nội) đã thi đấu xuất sắc và lên ngôi quán quân cuộc thi Vietnam Robotics challenge 2022. Liên minh THPT Chuyên Vĩnh Phúc và THPT Nguyễn Gia Thiều (Hà Nội) đạt giải quán quân Vòng chung kết...",
			"Cắm cúi bên những dòng code có vẻ phức tạp, chế ra những con robot xinh xinh đi qua đi lại khắp campus suốt ngày, kiến thức và kỹ năng công nghệ của SV ĐH FPT cứ phải gọi là “ơ-mây-zing”. Một phần nhờ các bạn ấy có biết bao cuộc...",
			"Khu Giáo dục và Đào tạo – Khu Công nghệ cao Hòa Lạc – Km29 Đại lộ Thăng Long, H. Thạch Thất,\nTP. Hà Nội",
			"Điện thoại: 024 7300 1866",
			"Email: daihocfpt@fpt.edu.vn",
			"Lô E2a-7, Đường D1 Khu Công nghệ cao, P. Long Thạnh Mỹ, TP. Thủ Đức, TP. Hồ Chí Minh",
			"Điện thoại: 028 7300 1866",
			"Email: daihocfpt@fpt.edu.vn",
			"Khu đô thị công nghệ FPT Đà Nẵng, P. Hoà Hải, Q. Ngũ Hành Sơn, TP. Đà Nẵng",
			"Điện thoại: 0236 730 1866",
			"Email: daihocfpt@fpt.edu.vn",
			"Số 600 Đường Nguyễn Văn Cừ (nối dài), P. An Bình, Q. Ninh Kiều, TP. Cần Thơ",
			"Điện thoại: 0292 730 1866",
			"Email: daihocfpt@fpt.edu.vn",
			"Khu đô thị mới An Phú Thịnh, Phường Nhơn Bình & Phường Đống Đa, TP. Quy\nNhơn, Bình Định",
			"Điện thoại: 0256 730 1866 /0256 7300 999",
			"Email: daihocfpt@fpt.edu.vn"
		],
		"label": [
			"Tìm kiếm",
			"Tìm kiếm"
		],
		"button": [
			"×",
			"Đăng ký",
			"Đóng"
		],
		"span": [
			"Trang chủ",
			"bởi",
			"Vietnam Robotics Challenge",
			"Bài trước",
			"Bài trước:",
			"← 66 đội thi Vietnam Robotics Challenge 2023 đã sẵn sàng tại ĐH FPT Hà Nội",
			"Bài tiếp",
			"Bài tiếp:",
			"Lộ diện Top 24 đội thi xuất sắc nhất Vietnam Robotics Challenge 2023 →"
		],
		"h1": [
			"Chính thức khai mạc cuộc thi Vietnam Robotics Challenge 2023"
		],
		"time": [
			"Chủ Nhật, ngày 16 tháng 07 năm 2023",
			"16/07/2023",
			"05/02/2024",
			"05/02/2024",
			"05/02/2024",
			"02/02/2024",
			"01/02/2024"
		],
		"strong": [
			"Chiều ngày 15/7, cuộc thi Vietnam Robotics Challenge 2023 đã chính thức khai mạc tại Trường Đại học FPT Hà Nội với sự tham gia của 66 đội chơi đến từ các trường THPT trên toàn quốc.",
			"Theo"
		],
		"figcaption": [
			"Chính thức khai mạc cuộc thi VRC 2023 tại Hà Nội",
			"Các khách mời trong cuộc thi",
			"Đại diện BTC cuộc thi",
			"Các đại diện đến từ BTC",
			"Không khí lễ khai mạc",
			"Tiết muc văn nghệ trong lễ khai mạc",
			"Chiếc cup dành cho nhà vô địch"
		],
		"h2": [
			"Bài viết liên quan",
			"Điều hướng bài viết"
		],
		"h3": [
			"Đăng ký tư vấn"
		],
		"h4": [
			"HÀ NỘI",
			"TP. HỒ CHÍ MINH",
			"ĐÀ NẴNG",
			"CẦN THƠ",
			"Quy Nhơn"
		],
		"b": [
			"Hãy để lại SĐT để cán bộ nhà trường hỗ trợ bạn sớm nhất nhé"
		],
		"option": [
			"Tỉnh / Thành phố *",
			"An Giang",
			"Bà Rịa-Vũng Tàu",
			"Bắc Giang",
			"Bắc Kạn",
			"Bạc Liêu",
			"Bắc Ninh",
			"Bến Tre",
			"Bình Dương",
			"Bình Định",
			"Bình Phước",
			"Bình Thuận",
			"Cà Mau",
			"Cần Thơ",
			"Cao Bằng",
			"Cục Cảnh sát ĐKQL cư trú và DLQG về dân cư",
			"Cục Cảnh sát quản lý hành chính về trật tự xã hội",
			"Đà Nẵng",
			"Đắk Lắk",
			"Đăk Nông",
			"Điện Biên",
			"Đồng Nai",
			"Đồng Tháp",
			"Gia Lai",
			"Hà Giang",
			"Hà Nam",
			"Hà Tĩnh",
			"Hải Dương",
			"Hải Phòng",
			"Hậu Giang",
			"Hoà Bình",
			"Hưng Yên",
			"Khánh Hoà",
			"Kiên Giang",
			"Kon Tum",
			"Lai Châu",
			"Lâm Đồng",
			"Lạng Sơn",
			"Lào Cai",
			"Long An",
			"Nam Định",
			"Nghệ An",
			"Ninh Bình",
			"Ninh Thuận",
			"Phú Thọ",
			"Phú Yên",
			"Quảng Bình",
			"Quảng Nam",
			"Quảng Ngãi",
			"Quảng Ninh",
			"Quảng Trị",
			"Sóc Trăng",
			"Sơn La",
			"Tây Ninh",
			"Thái Bình",
			"Thái Nguyên",
			"Thanh Hoá",
			"Thừa Thiên - Huế",
			"Tiền Giang",
			"Trà Vinh",
			"Tuyên Quang",
			"Vĩnh Long",
			"Vĩnh Phúc",
			"Yên Bái",
			"Hà Nội",
			"TP. Hồ Chí Minh"
		]
	},
	"url": "https://daihoc.fpt.edu.vn/chinh-thuc-khai-mac-cuoc-thi-vietnam-robotics-challenge-2023/"
}