{
	"data": {
		"title": [
			"CLB Thể thao điện tử ĐH FPT giành giải Nhì Chung kết Quốc gia NSOC 2023 - Trường Đại học FPT"
		],
		"div": [
			"© 2024 Bản quyền thuộc về Trường Đại học FPT.",
			"Đăng ký tư vấn"
		],
		"a": [
			"Trường Đại học FPT",
			"Vietnamese",
			"English",
			"Trang chủ",
			"Giới thiệu",
			"Lịch sử thành lập",
			"Tập đoàn FPT",
			"Tổ chức giáo dục FPT",
			"Triết lý đào tạo",
			"Các giải thưởng và thành tích",
			"Ban lãnh đạo",
			"Gắn kết cộng đồng",
			"Tin tức",
			"Tin tức chung",
			"Hoạt động sinh viên",
			"Sự kiện",
			"Tuyển dụng",
			"Hướng nghiệp",
			"Ngành học",
			"Công nghệ thông tin",
			"Công nghệ ô tô số",
			"Kỹ thuật phần mềm",
			"Hệ thống thông tin",
			"Trí tuệ nhân tạo",
			"An toàn thông tin",
			"Thiết kế Mỹ thuật số",
			"Quản trị kinh doanh",
			"Tài chính",
			"Digital Marketing",
			"Kinh doanh quốc tế",
			"Quản lý Logistics & Chuỗi cung ứng toàn cầu",
			"Quản trị khách sạn",
			"Quản trị Du lịch và Lữ hành",
			"Công nghệ truyền thông",
			"Quản trị truyền thông đa phương tiện",
			"Quan hệ công chúng",
			"Ngôn ngữ Anh",
			"Ngôn ngữ Nhật",
			"Ngôn ngữ Hàn Quốc",
			"Ngôn ngữ Trung Quốc (Dự kiến)",
			"Đời sống sinh viên",
			"Một ngày tại Đại học FPT",
			"Vì sao nên học tại Đại học FPT",
			"Sự hài lòng của sinh viên",
			"Môi trường học tập",
			"Chương trình học linh hoạt",
			"Đời sống sinh viên",
			"Ký túc xá",
			"Các CLB & Cộng đồng sinh viên",
			"Các hoạt động thể thao trong trường",
			"Dịch vụ hỗ trợ",
			"Định hướng và khởi đầu",
			"Tốt nghiệp",
			"Câu chuyện sinh viên",
			"Hợp tác",
			"Ngành công nghiệp và doanh nghiệp",
			"Chương trình trao đổi sinh viên",
			"Chương trình học tập tại nước ngoài",
			"Hợp tác quốc tế",
			"Trao đổi sinh viên",
			"Học kỳ nước ngoài",
			"Các trường đại học đối tác",
			"Cựu sinh viên",
			"Cộng đồng cựu sinh viên",
			"Họ đang làm việc tại đâu",
			"Tuyển sinh",
			"Đề án tuyển sinh",
			"Tin tuyển sinh",
			"Liên hệ",
			"Đăng nhập",
			"Quỳnh",
			"Khai mạc giải đấu Vovinam Cóc Vương 2023 – Võ Việt tranh hùng",
			"Sinh Viên trường F tranh tài tại giải đấu Ma sói Werewolf Championship – The Wolf Returns",
			"SV ĐH FPT đạt giải thưởng cấp quốc gia lĩnh vực Mỹ thuật ứng dụng",
			"Nữ sinh trường F trong tà áo dài ngày Xuân",
			"Gặp gỡ đội tuyển NGT’s OPEN ROBOT trước giải đấu FIRST Tech Challenge Vietnam",
			"Tỏa sáng với nghiên cứu khoa học, nữ sinh ĐH FPT khẳng định bản lĩnh và tài năng",
			"Phim ngắn “Thoi vàng chỉ ngọc” của SV ĐH FPT tại Cần Thơ được công chiếu ở Lotte Cinema",
			"SV trường ĐH FPT Hà Nội đón “tết trên bản” 2024",
			"Vietnamese",
			"English",
			"Facebook",
			"Youtube",
			"Tik Tok",
			"Hotline: (024)/(028) 73001866 - (0236)/(0292) 7301866"
		],
		"img": [
			"cropped cropped 2021 FPTU Long",
			"cropped cropped 2021 FPTU Long",
			"Esports dai hoc fpt 2",
			"Esports dai hoc fpt 2",
			"Esports dai hoc fpt 3",
			"Esports dai hoc fpt 3",
			"sinh vien dai hoc fpt 8",
			"sinh vien dai hoc fpt 8",
			"dai hoc fpt 1",
			"dai hoc fpt 1",
			"my duyen",
			"my duyen",
			"fpt 5",
			"fpt 5",
			"dai hoc fpt 1",
			"dai hoc fpt 1",
			"thông báo tuyển bổ sung",
			"thông báo tuyển bổ sung"
		],
		"p": [
			"Trang thông tin tuyển sinh chính thức của Trường Đại học FPT",
			"Với vị trí Á quân, FPT Esports Clup Hà Nội (LMHT) chưa có cơ hội để đứng trên bục vinh quang ở NSOC 2023, nhưng họ đã chứng minh cho chúng ta rằng sự vĩ đại không chỉ dựa vào vị trí cuối cùng trên bảng xếp hạng. Cuộc hành trình của các bạn là một minh chứng cho tinh thần đồng đội và niềm tin vào bản thân.",
			"Giải đấu Thể thao điện tử Sinh viên toàn Quốc – National Student Open Cup (NSOC 2023) do Ocean Entertainment Group phối hợp cùng Hội Thể thao điện tử giải trí Việt Nam (VIRESA) đồng tổ chức, được bảo trợ chính sách bởi Ủy ban Olympic Việt Nam và sự đồng hành của các đơn vị, nhãn hàng nhà tài trợ, đối tác. Đây có thể coi là giải đấu eSports lớn nhất trong cộng đồng sinh viên từ trước tới nay với tổng giá trị giải thưởng lên tới 1 tỷ đồng.",
			"Chung kết được diễn ra tại OEG Stadium (TTTM Chợ Mơ, Hai Bà Trưng, Hà Nội). Những tiêu chuẩn được xây dựng tại hệ thống đấu trường này đều đáp ứng các yêu cầu cao nhất của quốc tế.",
			"Trước đó, CLB Thể thao điện tử ĐH FPT Hà Nội ESC – FPTU Esports Club đã giành chiến thắng tại Chung kết Miền Bắc Giải đấu Thể thao điện tử NSOC 2023 ở cả hai bộ môn: Liên Minh Huyền Thoại và Valorant.",
			"Trải qua những trận đấu căng thẳng và gay cấn, ESC – FPTU Esports Club đã xuất sắc vượt qua 2 đối thủ nặng ký đến từ ĐH Bách Khoa và Cao đẳng FPT Polytechnic để tiến thẳng tới vòng Chung kết toàn quốc.",
			"V.H",
			"Vừa qua, lễ khai mạc Giải đấu Vovinam – Võ Việt tranh hùng đoạt Cóc Vương 2023 đã chính thức diễn ra với sự góp mặt của hàng trăm vận động viên tới tranh tài. Cóc Vương là giải đấu thường niên, được tổ chức dưới sự chủ...",
			"Vừa qua, gần 80 sinh viên Đại học FPT đã có một giải đấu để tìm ra 5 gương mặt xuất sắc nhất của giải đấu Ma Sói “Werewolf Championship – The Wolf Returns” do CLB FPT Boardgame Club tổ chức trên nền tảng Discord. Với mong muốn lập...",
			"Chiều nay (13/09), tại Lễ trao giải và Khai mạc Triển lãm Mỹ thuật ứng dụng toàn quốc lần thứ 5 do Bộ Văn hóa, Thể thao và Du lịch; Cục Mỹ thuật, Nhiếp ảnh và Triển lãm tổ chức, nhóm sinh viên và giảng viên chuyên ngành Thiết kế...",
			"Khu Giáo dục và Đào tạo – Khu Công nghệ cao Hòa Lạc – Km29 Đại lộ Thăng Long, H. Thạch Thất,\nTP. Hà Nội",
			"Điện thoại: 024 7300 1866",
			"Email: daihocfpt@fpt.edu.vn",
			"Lô E2a-7, Đường D1 Khu Công nghệ cao, P. Long Thạnh Mỹ, TP. Thủ Đức, TP. Hồ Chí Minh",
			"Điện thoại: 028 7300 1866",
			"Email: daihocfpt@fpt.edu.vn",
			"Khu đô thị công nghệ FPT Đà Nẵng, P. Hoà Hải, Q. Ngũ Hành Sơn, TP. Đà Nẵng",
			"Điện thoại: 0236 730 1866",
			"Email: daihocfpt@fpt.edu.vn",
			"Số 600 Đường Nguyễn Văn Cừ (nối dài), P. An Bình, Q. Ninh Kiều, TP. Cần Thơ",
			"Điện thoại: 0292 730 1866",
			"Email: daihocfpt@fpt.edu.vn",
			"Khu đô thị mới An Phú Thịnh, Phường Nhơn Bình & Phường Đống Đa, TP. Quy\nNhơn, Bình Định",
			"Điện thoại: 0256 730 1866 /0256 7300 999",
			"Email: daihocfpt@fpt.edu.vn"
		],
		"label": [
			"Tìm kiếm",
			"Tìm kiếm"
		],
		"button": [
			"×",
			"Đăng ký",
			"Đóng"
		],
		"span": [
			"Trang chủ",
			"bởi",
			"Bài trước",
			"Bài trước:",
			"← SV trường F kể chuyện học tiếng Anh ở nước ngoài có gì vui",
			"Bài tiếp",
			"Bài tiếp:",
			"Trường Đại học FPT công bố tổ chức giải đấu robot quy mô toàn cầu tại Việt Nam →"
		],
		"h1": [
			"CLB Thể thao điện tử ĐH FPT giành giải Nhì Chung kết Quốc gia NSOC 2023"
		],
		"time": [
			"Thứ Sáu, ngày 03 tháng 11 năm 2023",
			"03/11/2023",
			"05/02/2024",
			"05/02/2024",
			"05/02/2024",
			"02/02/2024",
			"01/02/2024"
		],
		"strong": [
			"Tại Vòng Chung kết toàn quốc diễn ra vào tuần qua, ESC – FPTU Esports Club, ĐH FPT Hà Nội chạm trán với hai đối thủ đến từ ĐH Công nghệ TP.HCM và ĐH Ngoại ngữ TP HCM và dừng lại ở giải Nhì."
		],
		"figcaption": [
			"CLB Thể thao điện tử ĐH FPT giành giải Nhì Chung kết Quốc gia NSOC 2023",
			"CLB Thể thao điện tử ĐH FPT giành giải Nhì Chung kết Quốc gia NSOC 2023"
		],
		"h2": [
			"Bài viết liên quan",
			"Điều hướng bài viết"
		],
		"h3": [
			"Đăng ký tư vấn"
		],
		"h4": [
			"HÀ NỘI",
			"TP. HỒ CHÍ MINH",
			"ĐÀ NẴNG",
			"CẦN THƠ",
			"Quy Nhơn"
		],
		"b": [
			"Hãy để lại SĐT để cán bộ nhà trường hỗ trợ bạn sớm nhất nhé"
		],
		"option": [
			"Tỉnh / Thành phố *",
			"An Giang",
			"Bà Rịa-Vũng Tàu",
			"Bắc Giang",
			"Bắc Kạn",
			"Bạc Liêu",
			"Bắc Ninh",
			"Bến Tre",
			"Bình Dương",
			"Bình Định",
			"Bình Phước",
			"Bình Thuận",
			"Cà Mau",
			"Cần Thơ",
			"Cao Bằng",
			"Cục Cảnh sát ĐKQL cư trú và DLQG về dân cư",
			"Cục Cảnh sát quản lý hành chính về trật tự xã hội",
			"Đà Nẵng",
			"Đắk Lắk",
			"Đăk Nông",
			"Điện Biên",
			"Đồng Nai",
			"Đồng Tháp",
			"Gia Lai",
			"Hà Giang",
			"Hà Nam",
			"Hà Tĩnh",
			"Hải Dương",
			"Hải Phòng",
			"Hậu Giang",
			"Hoà Bình",
			"Hưng Yên",
			"Khánh Hoà",
			"Kiên Giang",
			"Kon Tum",
			"Lai Châu",
			"Lâm Đồng",
			"Lạng Sơn",
			"Lào Cai",
			"Long An",
			"Nam Định",
			"Nghệ An",
			"Ninh Bình",
			"Ninh Thuận",
			"Phú Thọ",
			"Phú Yên",
			"Quảng Bình",
			"Quảng Nam",
			"Quảng Ngãi",
			"Quảng Ninh",
			"Quảng Trị",
			"Sóc Trăng",
			"Sơn La",
			"Tây Ninh",
			"Thái Bình",
			"Thái Nguyên",
			"Thanh Hoá",
			"Thừa Thiên - Huế",
			"Tiền Giang",
			"Trà Vinh",
			"Tuyên Quang",
			"Vĩnh Long",
			"Vĩnh Phúc",
			"Yên Bái",
			"Hà Nội",
			"TP. Hồ Chí Minh"
		]
	},
	"url": "https://daihoc.fpt.edu.vn/clb-the-thao-dien-tu-dh-fpt-gianh-giai-nhi-chung-ket-quoc-gia-nsoc-2023/"
}