{
	"data": {
		"title": [
			"Log In ‹ FPT University — WordPress"
		],
		"a": [
			"Powered by WordPress",
			"Lost your password?",
			"← Go to FPT University"
		],
		"label": [
			"Username or Email Address",
			"Password",
			"Remember Me"
		],
		"span": [
			"Language"
		],
		"option": [
			"English (United States)",
			"Tiếng Việt"
		]
	},
	"url": "https://daihoc.fpt.edu.vn/en/wp-login.php?redirect_to=https%3A%2F%2Fdaihoc.fpt.edu.vn%2Fen%2Fenterprises-order-high-quality-students-at-business-push-up-workshop%2F"
}