{
	"data": {
		"title": [
			"Lộ trình đăng ký nguyện vọng và xét tuyển ĐH sau khi có điểm thi tốt nghiệp THPT - Trường Đại học FPT"
		],
		"div": [
			"›\n\n›",
			"© 2024 Bản quyền thuộc về Trường Đại học FPT.",
			"Đăng ký tư vấn"
		],
		"a": [
			"Trường Đại học FPT",
			"Vietnamese",
			"English",
			"Trang chủ",
			"Giới thiệu",
			"Lịch sử thành lập",
			"Tập đoàn FPT",
			"Tổ chức giáo dục FPT",
			"Triết lý đào tạo",
			"Các giải thưởng và thành tích",
			"Ban lãnh đạo",
			"Gắn kết cộng đồng",
			"Tin tức",
			"Tin tức chung",
			"Hoạt động sinh viên",
			"Sự kiện",
			"Tuyển dụng",
			"Hướng nghiệp",
			"Ngành học",
			"Công nghệ thông tin",
			"Công nghệ ô tô số",
			"Kỹ thuật phần mềm",
			"Hệ thống thông tin",
			"Trí tuệ nhân tạo",
			"An toàn thông tin",
			"Thiết kế Mỹ thuật số",
			"Quản trị kinh doanh",
			"Tài chính",
			"Digital Marketing",
			"Kinh doanh quốc tế",
			"Quản lý Logistics & Chuỗi cung ứng toàn cầu",
			"Quản trị khách sạn",
			"Quản trị Du lịch và Lữ hành",
			"Công nghệ truyền thông",
			"Quản trị truyền thông đa phương tiện",
			"Quan hệ công chúng",
			"Ngôn ngữ Anh",
			"Ngôn ngữ Nhật",
			"Ngôn ngữ Hàn Quốc",
			"Ngôn ngữ Trung Quốc (Dự kiến)",
			"Đời sống sinh viên",
			"Một ngày tại Đại học FPT",
			"Vì sao nên học tại Đại học FPT",
			"Sự hài lòng của sinh viên",
			"Môi trường học tập",
			"Chương trình học linh hoạt",
			"Đời sống sinh viên",
			"Ký túc xá",
			"Các CLB & Cộng đồng sinh viên",
			"Các hoạt động thể thao trong trường",
			"Dịch vụ hỗ trợ",
			"Định hướng và khởi đầu",
			"Tốt nghiệp",
			"Câu chuyện sinh viên",
			"Hợp tác",
			"Ngành công nghiệp và doanh nghiệp",
			"Chương trình trao đổi sinh viên",
			"Chương trình học tập tại nước ngoài",
			"Hợp tác quốc tế",
			"Trao đổi sinh viên",
			"Học kỳ nước ngoài",
			"Các trường đại học đối tác",
			"Cựu sinh viên",
			"Cộng đồng cựu sinh viên",
			"Họ đang làm việc tại đâu",
			"Tuyển sinh",
			"Đề án tuyển sinh",
			"Tin tuyển sinh",
			"Liên hệ",
			"Đăng nhập",
			"Nguyễn Thị Hồng Yến",
			"Đại học FPT thông báo về phương thức trúng tuyển đợt 1 năm 2022 theo diện lọc tuyển",
			"Nữ sinh trường F trong tà áo dài ngày Xuân",
			"Gặp gỡ đội tuyển NGT’s OPEN ROBOT trước giải đấu FIRST Tech Challenge Vietnam",
			"Tỏa sáng với nghiên cứu khoa học, nữ sinh ĐH FPT khẳng định bản lĩnh và tài năng",
			"Phim ngắn “Thoi vàng chỉ ngọc” của SV ĐH FPT tại Cần Thơ được công chiếu ở Lotte Cinema",
			"SV trường ĐH FPT Hà Nội đón “tết trên bản” 2024",
			"Vietnamese",
			"English",
			"Facebook",
			"Youtube",
			"Tik Tok",
			"Hotline: (024)/(028) 73001866 - (0236)/(0292) 7301866"
		],
		"img": [
			"cropped cropped 2021 FPTU Long",
			"cropped cropped 2021 FPTU Long",
			"hot girl binh phuoc chon dai hoc fpt la nguyen vong 1 3 1658223709",
			"hot girl binh phuoc chon dai hoc fpt la nguyen vong 1 3 1658223709",
			"ma nganh hoc dhfpt 2022",
			"ma nganh hoc dhfpt 2022",
			"lo trinh dang ky nguyen vong va tuyen sinh 2022 dh fpt",
			"lo trinh dang ky nguyen vong va tuyen sinh 2022 dh fpt",
			"sinh vien dai hoc fpt 8",
			"sinh vien dai hoc fpt 8",
			"dai hoc fpt 1",
			"dai hoc fpt 1",
			"my duyen",
			"my duyen",
			"fpt 5",
			"fpt 5",
			"dai hoc fpt 1",
			"dai hoc fpt 1",
			"thông báo tuyển bổ sung",
			"thông báo tuyển bổ sung"
		],
		"p": [
			"Trang thông tin tuyển sinh chính thức của Trường Đại học FPT",
			"Nội dung bài viết",
			"Đây cũng là thời gian thí sinh trúng tuyển thẳng có thể xác nhận nhập học trên hệ thống tuyển sinh của Bộ GD&ĐT và nhập học sớm tại các trường đại học.",
			"Thí sinh cần lưu ý các mốc thời gian quan trọng trong giai đoạn đăng ký xét tuyển, giúp thí sinh có thêm cơ sở đăng ký, gồm:",
			"Cấp Giấy chứng nhận tốt nghiệp tạm thời; trả học bạ và các loại\nGiấy chứng nhận liên quan (bản chính) cho thí sinh",
			"Thời gian để các trường đại học tổ chức xét tuyển từ dữ liệu thí sinh đăng ký nguyện vọng trên hệ thống tuyển sinh của Bộ GD&ĐT là từ 01/9 – 15/9.",
			",",
			"Quy định tuyển sinh năm 2022 của Bộ GD&ĐT theo định hướng tăng cường hỗ trợ lọc ảo cho thí sinh và các trường đại học, do đó, khi xét tuyển chung tất cả các phương thức tuyển sinh trên hệ thống tuyển sinh quốc gia, thí sinh có thể đăng ký không giới hạn số lượng nguyện vọng; nhưng khi các trường đại học tổ chức xét tuyển, hệ thống lọc ảo chỉ cho phép thí sinh trúng tuyển nguyện vọng ưu tiên nhất.",
			"Điều đó có nghĩa là,",
			"Ví dụ, các em xác định nhập học Trường Đại học FPT với nguyện vọng ngành đã được thông báo đủ điều kiện trúng tuyển (hoặc kể cả với các nguyện vọng ngành khác), các em cần đăng ký nguyện vọng “FPT” ở vị trí số 1 khi đăng ký xét tuyển trên hệ thống tuyển sinh của Bộ GD&ĐT.",
			"Hướng dẫn xác nhận nhập học sẽ được Bộ GD&ĐT công bố hỗ trợ thí sinh.",
			"Theo quy định của Bộ GD&ĐT, trước ngày 21/7, các trường đại học phải công bố kết quả xét tuyển thẳng đến thí sinh, đồng thời cập nhật danh sách thí sinh đủ điều kiện trúng tuyển (xét tuyển sớm và xét tuyển thẳng) lên hệ thống tuyển sinh của Bộ GD&ĐT.",
			"Trong thời gian các thí sinh khác đăng ký xét tuyển (22/7 – 20/8) thì thí sinh trúng tuyển thẳng chỉ cần chờ kết quả tốt nghiệp THPT để xác nhận nhập học trên hệ thống tuyển sinh quốc gia và nhập học chính thức.",
			"Sau khi công bố kết quả trúng tuyển đợt 1 và thí sinh hoàn thành xác nhận nhập học, các trường còn thiếu chỉ tiêu sẽ tiếp tục xét tuyển đợt bổ sung từ ngày 1/10/2022. Các em nhớ theo dõi trên các kênh thông tin của trường để cập nhật những tin tức mới nhất về tuyển sinh năm 2022 nhé.",
			"Đại học FPT áp dụng lộ trình tuyển sinh theo lộ trình tuyển sinh chung của Bộ GD&ĐT. Đặc biệt, với 4 yêu cầu về điều  kiện cần phải đáp ứng trong thông báo về phương thức trúng tuyển đợt 1 năm 2022 theo diện lọc tuyển của ĐH FPT, các em lưu ý mốc thời gian nộp hồ sơ đăng ký vào trường ĐH FPT trước ngày 31/8/2022.",
			"Khu Giáo dục và Đào tạo – Khu Công nghệ cao Hòa Lạc – Km29 Đại lộ Thăng Long, H. Thạch Thất,\nTP. Hà Nội",
			"Điện thoại: 024 7300 1866",
			"Email: daihocfpt@fpt.edu.vn",
			"Lô E2a-7, Đường D1 Khu Công nghệ cao, P. Long Thạnh Mỹ, TP. Thủ Đức, TP. Hồ Chí Minh",
			"Điện thoại: 028 7300 1866",
			"Email: daihocfpt@fpt.edu.vn",
			"Khu đô thị công nghệ FPT Đà Nẵng, P. Hoà Hải, Q. Ngũ Hành Sơn, TP. Đà Nẵng",
			"Điện thoại: 0236 730 1866",
			"Email: daihocfpt@fpt.edu.vn",
			"Số 600 Đường Nguyễn Văn Cừ (nối dài), P. An Bình, Q. Ninh Kiều, TP. Cần Thơ",
			"Điện thoại: 0292 730 1866",
			"Email: daihocfpt@fpt.edu.vn",
			"Khu đô thị mới An Phú Thịnh, Phường Nhơn Bình & Phường Đống Đa, TP. Quy\nNhơn, Bình Định",
			"Điện thoại: 0256 730 1866 /0256 7300 999",
			"Email: daihocfpt@fpt.edu.vn"
		],
		"label": [
			"Tìm kiếm",
			"Tìm kiếm"
		],
		"button": [
			"×",
			"Đăng ký",
			"Đóng"
		],
		"span": [
			"Trang chủ",
			"Tin tức chung",
			"Lộ trình đăng ký nguyện vọng và xét tuyển ĐH sau khi có điểm thi tốt nghiệp THPT",
			"bởi",
			"–",
			"–",
			"Bài trước",
			"Bài trước:",
			"← Phổ điểm thi tốt nghiệp biến động, điểm chuẩn đại học sẽ ra sao?",
			"Bài tiếp",
			"Bài tiếp:",
			"Sinh viên ĐH FPT gây quỹ cho các em nhỏ tại trường Hy Vọng →"
		],
		"h1": [
			"Lộ trình đăng ký nguyện vọng và xét tuyển ĐH sau khi có điểm thi tốt nghiệp THPT"
		],
		"time": [
			"Thứ Hai, ngày 25 tháng 07 năm 2022",
			"25/07/2022",
			"05/02/2024",
			"05/02/2024",
			"05/02/2024",
			"02/02/2024",
			"01/02/2024"
		],
		"strong": [
			"TỪ NGÀY",
			"22/7 –",
			"17h NGÀY",
			"20/8/2022",
			"Từ 22/7 – 20/8, thí sinh chính thức đăng ký xét tuyển và điều chỉnh nguyện vọng (không giới hạn số lần) trên hệ thống tuyển sinh của Bộ GD&ĐT.",
			"TRƯỚC 17H NGÀY 17/9",
			"Trước 17g ngày 17/9",
			"các trường đại học công bố kết quả trúng tuyển chính thức (đợt 1) đối với thí sinh đăng ký xét tuyển trên hệ thống tuyển sinh của Bộ GD&ĐT. Thí sinh có thể đăng ký không giới hạn nguyện vọng nhưng chỉ có thể trúng tuyển một nguyện vọng duy nhất.",
			"thí sinh cần phải BẮT BUỘC ĐẶT NGUYỆN VỌNG MÌNH ƯU TIÊN MUỐN TRÚNG TUYỂN NHẤT LÊN VỊ TRÍ THỨ TỰ NGUYỆN VỌNG 1. Các nguyện vọng khác sẽ đặt ở các vị trí xét tuyển tiếp theo.",
			"TRƯỚC 17H NGÀY 30/9/2022",
			"Trước 17 giờ ngày 30/9/2022, thí sinh xác nhận nhập học bằng hình thức trực tuyến trên hệ thống tuyển sinh của Bộ GD&ĐT, sau đó nhập học chính thức tại các trường đại học."
		],
		"em": [
			"Sau khi biết điểm thi THPT năm 2022, thí sinh đừng quên các mốc thời gian quan trọng trong lộ trình đăng ký nguyện vọng và xét tuyển Đại học này nhé:",
			"THÍ SINH CHÍNH THỨC ĐĂNG KÝ",
			"NGUYỆN VỌNG",
			"XÉT TUYỂN TRÊN HỆ THỐNG TUYỂN SINH CỦA BỘ GD&ĐT",
			"–",
			"TRƯỜNG ĐẠI HỌC CÔNG BỐ KẾT QUẢ TRÚNG TUYỂN",
			"THÍ SINH HOÀN THÀNH XÁC NHẬN NHẬP HỌC",
			"TỪ NGÀY 1/10/2022 – XÉT TUYỂN BỔ SUNG",
			"THAM KHẢO LỘ TRÌNH TUYỂN SINH TRƯỜNG ĐH FPT NĂM 2022",
			"Xem thêm:",
			"Annie tổng hợp"
		],
		"h3": [
			"Đăng ký tư vấn"
		],
		"td": [
			"Ngày 24/7- 03/8/2022",
			"Các đơn vị ĐKDT và các sở GD-ĐT thu nhận đơn phúc khảo và lập danh sách phúc khảo",
			"Chậm nhất 26/7/2022",
			"Sở GD-ĐT xét công nhận tốt nghiệp THPT",
			"Chậm nhất 28/7/2022",
			"Sở GD-ĐT công bố kết quả xét tốt nghiệp THPT",
			"Chậm nhất ngày 30/7/2022",
			"Thí sinh nhận Giấy chứng nhận kết quả thi tốt nghiệp",
			"Trước ngày 30/7",
			"Bộ GD&ĐT công bố ngưỡng đảm bảo chất lượng đầu vào khối ngành đào tạo giáo viên, khối ngành sức khỏe có cấp chứng chỉ hành nghề",
			"Trước 17h ngày 2/8",
			"Các cơ sở đào tạo điều chỉnh, công bố mức điểm nhận hồ sơ xét tuyển trên Hệ thống và trang thông tin điện tử của cơ sở đào tạo",
			"Chậm nhất ngày 18/8/2022",
			"Các sở GD-ĐT công nhận xét tốt nghiệp THPT sau phúc khảo.",
			"Từ ngày 21/8 – 17h ngày 28/8/2022",
			"Thí sinh nộp kinh phí xét tuyển trực tuyến"
		],
		"figcaption": [
			"Mã trường và mã ngành ĐH FPT năm 2022"
		],
		"h2": [
			"Điều hướng bài viết"
		],
		"h4": [
			"HÀ NỘI",
			"TP. HỒ CHÍ MINH",
			"ĐÀ NẴNG",
			"CẦN THƠ",
			"Quy Nhơn"
		],
		"b": [
			"Hãy để lại SĐT để cán bộ nhà trường hỗ trợ bạn sớm nhất nhé"
		],
		"option": [
			"Tỉnh / Thành phố *",
			"An Giang",
			"Bà Rịa-Vũng Tàu",
			"Bắc Giang",
			"Bắc Kạn",
			"Bạc Liêu",
			"Bắc Ninh",
			"Bến Tre",
			"Bình Dương",
			"Bình Định",
			"Bình Phước",
			"Bình Thuận",
			"Cà Mau",
			"Cần Thơ",
			"Cao Bằng",
			"Cục Cảnh sát ĐKQL cư trú và DLQG về dân cư",
			"Cục Cảnh sát quản lý hành chính về trật tự xã hội",
			"Đà Nẵng",
			"Đắk Lắk",
			"Đăk Nông",
			"Điện Biên",
			"Đồng Nai",
			"Đồng Tháp",
			"Gia Lai",
			"Hà Giang",
			"Hà Nam",
			"Hà Tĩnh",
			"Hải Dương",
			"Hải Phòng",
			"Hậu Giang",
			"Hoà Bình",
			"Hưng Yên",
			"Khánh Hoà",
			"Kiên Giang",
			"Kon Tum",
			"Lai Châu",
			"Lâm Đồng",
			"Lạng Sơn",
			"Lào Cai",
			"Long An",
			"Nam Định",
			"Nghệ An",
			"Ninh Bình",
			"Ninh Thuận",
			"Phú Thọ",
			"Phú Yên",
			"Quảng Bình",
			"Quảng Nam",
			"Quảng Ngãi",
			"Quảng Ninh",
			"Quảng Trị",
			"Sóc Trăng",
			"Sơn La",
			"Tây Ninh",
			"Thái Bình",
			"Thái Nguyên",
			"Thanh Hoá",
			"Thừa Thiên - Huế",
			"Tiền Giang",
			"Trà Vinh",
			"Tuyên Quang",
			"Vĩnh Long",
			"Vĩnh Phúc",
			"Yên Bái",
			"Hà Nội",
			"TP. Hồ Chí Minh"
		]
	},
	"url": "https://daihoc.fpt.edu.vn/lo-trinh-dang-ky-nguyen-vong-va-xet-tuyen-dh-sau-khi-co-diem-thi-tot-nghiep-thpt/"
}