{
	"data": {
		"title": [
			"Đại học FPT Quận Nine thực tế đẹp đến mức nào? - Trường Đại học FPT"
		],
		"div": [
			"›\n\n›\n\n›\n\n›",
			"© 2024 Bản quyền thuộc về Trường Đại học FPT.",
			"Đăng ký tư vấn"
		],
		"a": [
			"Trường Đại học FPT",
			"Vietnamese",
			"English",
			"Trang chủ",
			"Giới thiệu",
			"Lịch sử thành lập",
			"Tập đoàn FPT",
			"Tổ chức giáo dục FPT",
			"Triết lý đào tạo",
			"Các giải thưởng và thành tích",
			"Ban lãnh đạo",
			"Gắn kết cộng đồng",
			"Tin tức",
			"Tin tức chung",
			"Hoạt động sinh viên",
			"Sự kiện",
			"Tuyển dụng",
			"Hướng nghiệp",
			"Ngành học",
			"Công nghệ thông tin",
			"Công nghệ ô tô số",
			"Kỹ thuật phần mềm",
			"Hệ thống thông tin",
			"Trí tuệ nhân tạo",
			"An toàn thông tin",
			"Thiết kế Mỹ thuật số",
			"Quản trị kinh doanh",
			"Tài chính",
			"Digital Marketing",
			"Kinh doanh quốc tế",
			"Quản lý Logistics & Chuỗi cung ứng toàn cầu",
			"Quản trị khách sạn",
			"Quản trị Du lịch và Lữ hành",
			"Công nghệ truyền thông",
			"Quản trị truyền thông đa phương tiện",
			"Quan hệ công chúng",
			"Ngôn ngữ Anh",
			"Ngôn ngữ Nhật",
			"Ngôn ngữ Hàn Quốc",
			"Ngôn ngữ Trung Quốc (Dự kiến)",
			"Đời sống sinh viên",
			"Một ngày tại Đại học FPT",
			"Vì sao nên học tại Đại học FPT",
			"Sự hài lòng của sinh viên",
			"Môi trường học tập",
			"Chương trình học linh hoạt",
			"Đời sống sinh viên",
			"Ký túc xá",
			"Các CLB & Cộng đồng sinh viên",
			"Các hoạt động thể thao trong trường",
			"Dịch vụ hỗ trợ",
			"Định hướng và khởi đầu",
			"Tốt nghiệp",
			"Câu chuyện sinh viên",
			"Hợp tác",
			"Ngành công nghiệp và doanh nghiệp",
			"Chương trình trao đổi sinh viên",
			"Chương trình học tập tại nước ngoài",
			"Hợp tác quốc tế",
			"Trao đổi sinh viên",
			"Học kỳ nước ngoài",
			"Các trường đại học đối tác",
			"Cựu sinh viên",
			"Cộng đồng cựu sinh viên",
			"Họ đang làm việc tại đâu",
			"Tuyển sinh",
			"Đề án tuyển sinh",
			"Tin tuyển sinh",
			"Liên hệ",
			"Đăng nhập",
			"Nguyễn Thị Hồng Yến",
			"website ĐH FPT",
			"Nữ sinh trường F trong tà áo dài ngày Xuân",
			"Gặp gỡ đội tuyển NGT’s OPEN ROBOT trước giải đấu FIRST Tech Challenge Vietnam",
			"Tỏa sáng với nghiên cứu khoa học, nữ sinh ĐH FPT khẳng định bản lĩnh và tài năng",
			"Phim ngắn “Thoi vàng chỉ ngọc” của SV ĐH FPT tại Cần Thơ được công chiếu ở Lotte Cinema",
			"SV trường ĐH FPT Hà Nội đón “tết trên bản” 2024",
			"Vietnamese",
			"English",
			"Facebook",
			"Youtube",
			"Tik Tok",
			"Hotline: (024)/(028) 73001866 - (0236)/(0292) 7301866"
		],
		"img": [
			"cropped cropped 2021 FPTU Long",
			"cropped cropped 2021 FPTU Long",
			"sinh vien dai hoc fpt 8",
			"sinh vien dai hoc fpt 8",
			"dai hoc fpt 1",
			"dai hoc fpt 1",
			"my duyen",
			"my duyen",
			"fpt 5",
			"fpt 5",
			"dai hoc fpt 1",
			"dai hoc fpt 1",
			"thông báo tuyển bổ sung",
			"thông báo tuyển bổ sung"
		],
		"p": [
			"Trang thông tin tuyển sinh chính thức của Trường Đại học FPT",
			"Từ ngoài nhìn vào, trường F lấp ló sau hàng cây với dòng chữ FPT UNIVERSIRY huyền thoại. Đây cũng là nơi check in quen thuộc của các Cóc nhà F đấy nhé.",
			"Sân trường rộng thêm thang là nơi tụ tập, sự kiện ngoài trời những khi lễ hội. Những hàng cây xanh đang lớn từng ngày. Các bạn đừng nóng vội nào, chẳng mấy chốc bóng mát lại rợp cả sân trường ấy mà.",
			"Hôm nào có về muộn đừng quên check in ở sân trường đã rồi hãy về nhé. Sân trường F về đêm cũng mờ ảo lắm đấy.",
			"Hồ Sen huyền thoại, nhìn góc nào cũng đẹp. Bình tĩnh nào, các bạn Sen có chút bỡ ngỡ khi về nhà mới nên có hơi xơ xác, nhưng rồi lại xanh lung linh ấy mà. Đến mùa Sen nở thì tha hồ mà sống ảo nhé!",
			"Bãi cỏ xanh um cứ như ở Đà Lạt thế này, lẽ nào lại bỏ qua.",
			"Còn các dãy nhà thì cứ như chú Rồng con uốn lượn, vừa mạnh mẽ vừa uy nghi và chanh sả.",
			"Chúng mình lên sân thượng 1 tý để sống ảo nhé. Ở đây vừa là nơi tụ tập nhảy múa, hát hò, sinh hoạt nhóm và cả sống ảo cực chất nữa nè.",
			"Chỉ ngồi tạm bậc thang nghỉ chân thôi cũng đã có một bức ảnh “chanh sả” rồi.",
			"Vào lớp nhé. Vắng các bạn sinh viên buồn lắm. Lớp rộng rãi lại ít sinh viên nên tụi mình tha hồ tương tác trao đổi.",
			"Ở trên nhìn xuống thì sao, xem này",
			"Vào Little UK tý nào. Nhớ là ở Mô hình nước Anh thu nhỏ này, chúng mình chỉ nói tiếng Anh thôi nhé!",
			"Tại Đại học FPT Quận Nine, góc chụp nào cũng có thể “Chanh Sả” được nhé!",
			"Trống đồng nè, biểu tượng và là niềm tự hào của nhà F đấy nhé!",
			"Ngồi hành lang ôn bài cũng phải ảo  thế này!",
			"Các bạn 2k2 ơi! Các bạn muốn đây là ngôi nhà thứ 2 của mình khi lên Đại học không nè? Đừng ngần ngại để lại thông tin ở  để các chị cán bộ xinh đẹp trường F tư vấn cho các bạn nhé. Hay là mình gọi hotline: 024/028. 7300 1866 – 0982 292 066 để được tư vấn luôn nè!",
			"Khu Giáo dục và Đào tạo – Khu Công nghệ cao Hòa Lạc – Km29 Đại lộ Thăng Long, H. Thạch Thất,\nTP. Hà Nội",
			"Điện thoại: 024 7300 1866",
			"Email: daihocfpt@fpt.edu.vn",
			"Lô E2a-7, Đường D1 Khu Công nghệ cao, P. Long Thạnh Mỹ, TP. Thủ Đức, TP. Hồ Chí Minh",
			"Điện thoại: 028 7300 1866",
			"Email: daihocfpt@fpt.edu.vn",
			"Khu đô thị công nghệ FPT Đà Nẵng, P. Hoà Hải, Q. Ngũ Hành Sơn, TP. Đà Nẵng",
			"Điện thoại: 0236 730 1866",
			"Email: daihocfpt@fpt.edu.vn",
			"Số 600 Đường Nguyễn Văn Cừ (nối dài), P. An Bình, Q. Ninh Kiều, TP. Cần Thơ",
			"Điện thoại: 0292 730 1866",
			"Email: daihocfpt@fpt.edu.vn",
			"Khu đô thị mới An Phú Thịnh, Phường Nhơn Bình & Phường Đống Đa, TP. Quy\nNhơn, Bình Định",
			"Điện thoại: 0256 730 1866 /0256 7300 999",
			"Email: daihocfpt@fpt.edu.vn"
		],
		"label": [
			"Tìm kiếm",
			"Tìm kiếm"
		],
		"button": [
			"×",
			"Đăng ký",
			"Đóng"
		],
		"span": [
			"Trang chủ",
			"Cuộc sống tại đại học FPT",
			"Tại sao nên học tại Đại học FPT",
			"Môi trường học tập",
			"Đại học FPT Quận Nine thực tế đẹp đến mức nào?",
			"bởi",
			"Bài trước",
			"Bài trước:",
			"← Cựu sinh viên ĐH FPT chinh phục sự nghiệp tại xứ sở Mặt trời mọc",
			"Bài tiếp",
			"Bài tiếp:",
			"Lộ trình chuyến xe F-Bus đưa rước miễn phí dành cho Sinh viên Đại học FPT →"
		],
		"h1": [
			"Đại học FPT Quận Nine thực tế đẹp đến mức nào?"
		],
		"time": [
			"Thứ Ba, ngày 11 tháng 02 năm 2020",
			"08/07/2022",
			"05/02/2024",
			"05/02/2024",
			"05/02/2024",
			"02/02/2024",
			"01/02/2024"
		],
		"em": [
			"Được mệnh danh là một trong những công trình Đại học xanh bậc nhất Việt Nam, khuôn viên rộng và thiết kế hiện đại, Đại học FPT Quận Nine đã “đốn tim” không biết bao nhiêu học sinh sinh viên ngay từ khi mới còn trong ảnh phối cảnh. Trong thiết kế đẹp là vậy, còn ảnh thực tế của trường F thì như thế nào? Mời các bạn cùng lượn 1 vòng để ngắm nhìn các góc chụp đẹp không tì vết của ngôi trường màu Cam này nhé!"
		],
		"strong": [
			"Annie N"
		],
		"h2": [
			"Điều hướng bài viết"
		],
		"h4": [
			"HÀ NỘI",
			"TP. HỒ CHÍ MINH",
			"ĐÀ NẴNG",
			"CẦN THƠ",
			"Quy Nhơn"
		],
		"h3": [
			"Đăng ký tư vấn"
		],
		"b": [
			"Hãy để lại SĐT để cán bộ nhà trường hỗ trợ bạn sớm nhất nhé"
		],
		"option": [
			"Tỉnh / Thành phố *",
			"An Giang",
			"Bà Rịa-Vũng Tàu",
			"Bắc Giang",
			"Bắc Kạn",
			"Bạc Liêu",
			"Bắc Ninh",
			"Bến Tre",
			"Bình Dương",
			"Bình Định",
			"Bình Phước",
			"Bình Thuận",
			"Cà Mau",
			"Cần Thơ",
			"Cao Bằng",
			"Cục Cảnh sát ĐKQL cư trú và DLQG về dân cư",
			"Cục Cảnh sát quản lý hành chính về trật tự xã hội",
			"Đà Nẵng",
			"Đắk Lắk",
			"Đăk Nông",
			"Điện Biên",
			"Đồng Nai",
			"Đồng Tháp",
			"Gia Lai",
			"Hà Giang",
			"Hà Nam",
			"Hà Tĩnh",
			"Hải Dương",
			"Hải Phòng",
			"Hậu Giang",
			"Hoà Bình",
			"Hưng Yên",
			"Khánh Hoà",
			"Kiên Giang",
			"Kon Tum",
			"Lai Châu",
			"Lâm Đồng",
			"Lạng Sơn",
			"Lào Cai",
			"Long An",
			"Nam Định",
			"Nghệ An",
			"Ninh Bình",
			"Ninh Thuận",
			"Phú Thọ",
			"Phú Yên",
			"Quảng Bình",
			"Quảng Nam",
			"Quảng Ngãi",
			"Quảng Ninh",
			"Quảng Trị",
			"Sóc Trăng",
			"Sơn La",
			"Tây Ninh",
			"Thái Bình",
			"Thái Nguyên",
			"Thanh Hoá",
			"Thừa Thiên - Huế",
			"Tiền Giang",
			"Trà Vinh",
			"Tuyên Quang",
			"Vĩnh Long",
			"Vĩnh Phúc",
			"Yên Bái",
			"Hà Nội",
			"TP. Hồ Chí Minh"
		]
	},
	"url": "https://daihoc.fpt.edu.vn/dai-hoc-fpt-quan-nine-thuc-te-dep-den-muc-nao/"
}