{
	"data": {
		"title": [
			"1001 lý do teen 2K1 chọn Đại học FPT - Trường Đại học FPT"
		],
		"div": [
			"›\n\n›\n\n›\n\n›",
			"© 2024 Bản quyền thuộc về Trường Đại học FPT.",
			"Đăng ký tư vấn"
		],
		"a": [
			"Trường Đại học FPT",
			"Vietnamese",
			"English",
			"Trang chủ",
			"Giới thiệu",
			"Lịch sử thành lập",
			"Tập đoàn FPT",
			"Tổ chức giáo dục FPT",
			"Triết lý đào tạo",
			"Các giải thưởng và thành tích",
			"Ban lãnh đạo",
			"Gắn kết cộng đồng",
			"Tin tức",
			"Tin tức chung",
			"Hoạt động sinh viên",
			"Sự kiện",
			"Tuyển dụng",
			"Hướng nghiệp",
			"Ngành học",
			"Công nghệ thông tin",
			"Công nghệ ô tô số",
			"Kỹ thuật phần mềm",
			"Hệ thống thông tin",
			"Trí tuệ nhân tạo",
			"An toàn thông tin",
			"Thiết kế Mỹ thuật số",
			"Quản trị kinh doanh",
			"Tài chính",
			"Digital Marketing",
			"Kinh doanh quốc tế",
			"Quản lý Logistics & Chuỗi cung ứng toàn cầu",
			"Quản trị khách sạn",
			"Quản trị Du lịch và Lữ hành",
			"Công nghệ truyền thông",
			"Quản trị truyền thông đa phương tiện",
			"Quan hệ công chúng",
			"Ngôn ngữ Anh",
			"Ngôn ngữ Nhật",
			"Ngôn ngữ Hàn Quốc",
			"Ngôn ngữ Trung Quốc (Dự kiến)",
			"Đời sống sinh viên",
			"Một ngày tại Đại học FPT",
			"Vì sao nên học tại Đại học FPT",
			"Sự hài lòng của sinh viên",
			"Môi trường học tập",
			"Chương trình học linh hoạt",
			"Đời sống sinh viên",
			"Ký túc xá",
			"Các CLB & Cộng đồng sinh viên",
			"Các hoạt động thể thao trong trường",
			"Dịch vụ hỗ trợ",
			"Định hướng và khởi đầu",
			"Tốt nghiệp",
			"Câu chuyện sinh viên",
			"Hợp tác",
			"Ngành công nghiệp và doanh nghiệp",
			"Chương trình trao đổi sinh viên",
			"Chương trình học tập tại nước ngoài",
			"Hợp tác quốc tế",
			"Trao đổi sinh viên",
			"Học kỳ nước ngoài",
			"Các trường đại học đối tác",
			"Cựu sinh viên",
			"Cộng đồng cựu sinh viên",
			"Họ đang làm việc tại đâu",
			"Tuyển sinh",
			"Đề án tuyển sinh",
			"Tin tuyển sinh",
			"Liên hệ",
			"Đăng nhập",
			"Nguyễn Thị Hồng Yến",
			"Nữ sinh trường F trong tà áo dài ngày Xuân",
			"Gặp gỡ đội tuyển NGT’s OPEN ROBOT trước giải đấu FIRST Tech Challenge Vietnam",
			"Tỏa sáng với nghiên cứu khoa học, nữ sinh ĐH FPT khẳng định bản lĩnh và tài năng",
			"Phim ngắn “Thoi vàng chỉ ngọc” của SV ĐH FPT tại Cần Thơ được công chiếu ở Lotte Cinema",
			"SV trường ĐH FPT Hà Nội đón “tết trên bản” 2024",
			"Vietnamese",
			"English",
			"Facebook",
			"Youtube",
			"Tik Tok",
			"Hotline: (024)/(028) 73001866 - (0236)/(0292) 7301866"
		],
		"img": [
			"cropped cropped 2021 FPTU Long",
			"cropped cropped 2021 FPTU Long",
			"sinh vien dai hoc fpt 8",
			"sinh vien dai hoc fpt 8",
			"dai hoc fpt 1",
			"dai hoc fpt 1",
			"my duyen",
			"my duyen",
			"fpt 5",
			"fpt 5",
			"dai hoc fpt 1",
			"dai hoc fpt 1",
			"thông báo tuyển bổ sung",
			"thông báo tuyển bổ sung"
		],
		"p": [
			"Trang thông tin tuyển sinh chính thức của Trường Đại học FPT",
			"Trường F luôn mở ra những hoạt động làm cho sinh viên kết với nhau hơn, môi trường mở giúp khả năng làm việc nhóm của các bạn được tăng cao.Vừa được vui chơi, vừa phát huy được điểm mạnh cũng như khắc phục được điểm yếu của bản thân thì còn gì bằng nữa.",
			"Bạn Lê Mạnh Cường sinh viên K14 ngành quản trị kinh doanh cựu sinh viên trường THPT Ngô Gia Tự cho biết:",
			"Lê Mạnh Cường đạt giải trong chương trình ENGLISH CONTEST-SUMMER COLOUR.",
			"Theo chia sẻ của bạn Phạm Quang Kiệt sinh viên K14 ngành kinh doanh quốc tế đạt học bổng 70%:",
			"Bạn Phạm Quang Kiệt trong kì đi field trip thứ 2 tại Malaysia",
			"Bạn Lê Nguyễn Hải Thương sinh viên K14 ngành thiết kế đồ họa cựu học sinh trường THPT thực hành Cao Nguyên cũng chia sẻ rằng :",
			"Lớp học Fire của bạn Lê Nguyễn Hải Thương tại Malaysia.",
			"Như bạn Đỗ Ngọc Quang sinh viên K14 ngành chia sẻ rằng: “Mỗi lần bạn đi học đều phải mặc đến mấy lớp áo vì nhà trường đầu tư quá đến thang bộ hay hành lang gì cũng đều mát, bước vô trường là như được sống lại sau những buổi trưa hè nóng nực. ”",
			"Lớp học của bạn Nguyễn Đỗ Ngọc Quang tại tòa Gen.",
			"Bạn Nguyễn Văn Đức sinh viên K15 đạt học bổng 50% ở xứ núi này cho hay là cũng đang mong chờ và háo hức để chuẩn bị bước và học cơ sở mới ở quận 9 . Bạn ấy sẽ dùng cả thanh xuân để khám phá ngôi trường xinh đẹp mà mình sắp được học.",
			"Bạn Nguyễn Văn Đức sinh viên K15 chia sẻ.",
			"Bạn Từ Trọng Đức sinh viên K15 cựu học sinh trường THPT chuyên Nguyễn Du cũng chia sẻ rằng: “Mình đạt được học bổng của Đại học FPT nên không còn lo lắng về kinh tế nữa. Đây là ngôi trường mà mình yêu thích từ lâu và khao khát được học vì danh tiếng và chất lượng đào tạo đã được các anh chị khoá trên kiểm chứng.”",
			"Từ Trọng Đức và các bạn tại trường THPT chuyên Nguyễn Du",
			"Bạn Nguyễn Sỹ Hoan sinh viên K15 cựu sinh viên trường THPT chuyên Nguyễn Du cũng bị thu hút bởi chương trình đào tạo của trường F. Bạn ấy chia sẻ : “Với mình thì, Đại học FPT như một bước đệm lớn vậy. Trường có chương trình đào tạo rất tốt, chất lượng và mang tính thực tiễn, không bị đè nặng bởi các môn đại cương. Bên cạnh đó là cơ sở vật chất của trường rất tốt, hơn hẳn nhiều trường đại học khác, trường lại có nhiều hoạt động tốt cho sinh viên, rất phù hợp để mình có thể cải thiện những kỹ năng bản thân. Và đặc biệt là mình bị thu hút bởi những cơ hội việc làm và thực tập cho sinh viên của trường.”",
			"Bạn Nguyễn Sỹ Hoan trong lễ khai giảng cùng thầy và các bạn.",
			"Với chất lượng đào tạo 5 sao, thuộc top 2 trường đào tạo Quản trị kinh doanh tốt nhất Việt Nam, là trường chuyên đào tạo các khối ngành liên quan đến công nghệ hàng đầu việt Nam, 96% sinh viên tốt nghiệp có việc làm ngay, trong đó 19% sinh viên có việc làm tại nước ngoài và 8,3 triệu VNĐ/tháng là mức lương khởi điểm trung bình, Đại học FPT thu hút được đông đảo sinh viên khắp các nơi trong đó có hàng trăm sinh viên Đăk Lăk.",
			"Chúc các bạn có được 4 năm học tại Đại học FPT thật hữu ích và đáng nhớ nhé.",
			"Khu Giáo dục và Đào tạo – Khu Công nghệ cao Hòa Lạc – Km29 Đại lộ Thăng Long, H. Thạch Thất,\nTP. Hà Nội",
			"Điện thoại: 024 7300 1866",
			"Email: daihocfpt@fpt.edu.vn",
			"Lô E2a-7, Đường D1 Khu Công nghệ cao, P. Long Thạnh Mỹ, TP. Thủ Đức, TP. Hồ Chí Minh",
			"Điện thoại: 028 7300 1866",
			"Email: daihocfpt@fpt.edu.vn",
			"Khu đô thị công nghệ FPT Đà Nẵng, P. Hoà Hải, Q. Ngũ Hành Sơn, TP. Đà Nẵng",
			"Điện thoại: 0236 730 1866",
			"Email: daihocfpt@fpt.edu.vn",
			"Số 600 Đường Nguyễn Văn Cừ (nối dài), P. An Bình, Q. Ninh Kiều, TP. Cần Thơ",
			"Điện thoại: 0292 730 1866",
			"Email: daihocfpt@fpt.edu.vn",
			"Khu đô thị mới An Phú Thịnh, Phường Nhơn Bình & Phường Đống Đa, TP. Quy\nNhơn, Bình Định",
			"Điện thoại: 0256 730 1866 /0256 7300 999",
			"Email: daihocfpt@fpt.edu.vn"
		],
		"label": [
			"Tìm kiếm",
			"Tìm kiếm"
		],
		"button": [
			"×",
			"Đăng ký",
			"Đóng"
		],
		"span": [
			"Trang chủ",
			"Cuộc sống tại đại học FPT",
			"Tại sao nên học tại Đại học FPT",
			"Câu chuyện sinh viên",
			"1001 lý do teen 2K1 chọn Đại học FPT",
			"bởi",
			"Bài trước",
			"Bài trước:",
			"← 3 MC hàng đầu VTV truyền nghề cho sinh viên Đại học FPT",
			"Bài tiếp",
			"Bài tiếp:",
			"Công bố điểm thi THPT quốc gia 2019 vào ngày 14/7 →"
		],
		"h1": [
			"1001 lý do teen 2K1 chọn Đại học FPT"
		],
		"time": [
			"Thứ Ba, ngày 09 tháng 07 năm 2019",
			"05/02/2024",
			"05/02/2024",
			"05/02/2024",
			"02/02/2024",
			"01/02/2024"
		],
		"strong": [
			"Môi trường năng động giúp sinh viên kết nối với nhau hơn",
			"Chương trình đào tạo bằng tiếng anh giúp cho sinh viên ngày càng phát triển đã vậy còn được đi học ở môi trường nước ngoài vô cùng dễ dàng",
			"Cơ sở vật chất đầy đủ đến nỗi các bạn còn kêu Đại học FPT như “hầm băng nhân tạo”",
			"Sinh viên yên tâm hơn phần nào về học phí vì đã được giải quyết bằng kì thi học bổng",
			"Đào tạo theo chương trình chuẩn quốc tế , đảm bảo được đầu ra giúp sinh viên cảm thấy yên tâm hơn",
			"Mai Yến"
		],
		"em": [
			"Dù chưa biết kết quả thi THPT, nhưng nhiều thí sinh 2k1 đã đầu quân Đại học FPT. Còn những bạn đã trải nghiệm 1 năm tại ĐH FPT nhân xét thế nào? Vậy đâu là lý do khiến các bạn bị thuyết phục ngay từ lúc tìm hiểu cho đến khi bước vào ngôi trường màu Cam này? Chúng ta hãy cùng lắng nghe các bạn ấy nói về trường F nhé.",
			"“Mình thấy trường có nhiều câu lạc bộ rất là hữu ích và hoạt động rất hiệu quả. Câu lạc bộ là nơi các bạn có thể gắn bó với nhau hơn, hòa đồng và hiểu rõ về nhau hơn. Không những thế câu lạc bộ còn là nơi mà chúng ta có thể giải tỏa căng thẳng và áp lực sau những giờ học, quên đi deadline để được tận hưởng những phút giây vui vẻ bên nhau. Còn một điều quan trọng nữa là câu lạc bộ là nơi bản có thể hiện tài năng và bản thân của mình, qua đó để hoàn thiện con người mình hơn. Mình còn mới tham gia chương trình ENGLISH CONTEST-SUMMER COLOUR của trường dành cho các bạn SUMMIT 1 và còn đạt giải nữa.”",
			"Bạn Nguyễn Đỗ Ngọc Quang còn nói rằng là môi trường F giúp cho bạn tỏa sáng hơn với vòng eo con kiến của mình.",
			"“Chuyến đi summit 2 ở Malaysia vừa rồi thực sự là một trải nghiệm khó quên của mình, mình vừa được học trong môi trường quốc tế, còn được khám phá đất nước Malaysia xinh đẹp. Mình cảm nhận được trình độ ngoại ngữ của mình được lưu loát hơn, tự tin hơn rất nhiều nữa. Hơn nữa các thầy cô còn tổ chức nhiều hoạt động ngoại khóa giúp cho mình có thêm nhiều bạn mới hơn.”",
			"“Mình cũng mới đi Summit 2 ở Malaysia về và đây thực sự là một chuyến đi rất khó quên đối với mình trong kì summer vừa rồi. Nếu có cơ hội sau mình vẫn sẽ tiếp tục đi và học tập.”"
		],
		"h2": [
			"Điều hướng bài viết"
		],
		"h4": [
			"HÀ NỘI",
			"TP. HỒ CHÍ MINH",
			"ĐÀ NẴNG",
			"CẦN THƠ",
			"Quy Nhơn"
		],
		"h3": [
			"Đăng ký tư vấn"
		],
		"b": [
			"Hãy để lại SĐT để cán bộ nhà trường hỗ trợ bạn sớm nhất nhé"
		],
		"option": [
			"Tỉnh / Thành phố *",
			"An Giang",
			"Bà Rịa-Vũng Tàu",
			"Bắc Giang",
			"Bắc Kạn",
			"Bạc Liêu",
			"Bắc Ninh",
			"Bến Tre",
			"Bình Dương",
			"Bình Định",
			"Bình Phước",
			"Bình Thuận",
			"Cà Mau",
			"Cần Thơ",
			"Cao Bằng",
			"Cục Cảnh sát ĐKQL cư trú và DLQG về dân cư",
			"Cục Cảnh sát quản lý hành chính về trật tự xã hội",
			"Đà Nẵng",
			"Đắk Lắk",
			"Đăk Nông",
			"Điện Biên",
			"Đồng Nai",
			"Đồng Tháp",
			"Gia Lai",
			"Hà Giang",
			"Hà Nam",
			"Hà Tĩnh",
			"Hải Dương",
			"Hải Phòng",
			"Hậu Giang",
			"Hoà Bình",
			"Hưng Yên",
			"Khánh Hoà",
			"Kiên Giang",
			"Kon Tum",
			"Lai Châu",
			"Lâm Đồng",
			"Lạng Sơn",
			"Lào Cai",
			"Long An",
			"Nam Định",
			"Nghệ An",
			"Ninh Bình",
			"Ninh Thuận",
			"Phú Thọ",
			"Phú Yên",
			"Quảng Bình",
			"Quảng Nam",
			"Quảng Ngãi",
			"Quảng Ninh",
			"Quảng Trị",
			"Sóc Trăng",
			"Sơn La",
			"Tây Ninh",
			"Thái Bình",
			"Thái Nguyên",
			"Thanh Hoá",
			"Thừa Thiên - Huế",
			"Tiền Giang",
			"Trà Vinh",
			"Tuyên Quang",
			"Vĩnh Long",
			"Vĩnh Phúc",
			"Yên Bái",
			"Hà Nội",
			"TP. Hồ Chí Minh"
		]
	},
	"url": "https://daihoc.fpt.edu.vn/1001-ly-do-teen-2k1-chon-dai-hoc-fpt/"
}