{
	"data": {
		"title": [
			"Cô gái 9x tư vấn giải pháp quản trị cho hàng trăm doanh nghiệp quốc tế - Trường Đại học FPT"
		],
		"div": [
			"© 2024 Bản quyền thuộc về Trường Đại học FPT.",
			"Đăng ký tư vấn"
		],
		"a": [
			"Trường Đại học FPT",
			"Vietnamese",
			"English",
			"Trang chủ",
			"Giới thiệu",
			"Lịch sử thành lập",
			"Tập đoàn FPT",
			"Tổ chức giáo dục FPT",
			"Triết lý đào tạo",
			"Các giải thưởng và thành tích",
			"Ban lãnh đạo",
			"Gắn kết cộng đồng",
			"Tin tức",
			"Tin tức chung",
			"Hoạt động sinh viên",
			"Sự kiện",
			"Tuyển dụng",
			"Hướng nghiệp",
			"Ngành học",
			"Công nghệ thông tin",
			"Công nghệ ô tô số",
			"Kỹ thuật phần mềm",
			"Hệ thống thông tin",
			"Trí tuệ nhân tạo",
			"An toàn thông tin",
			"Thiết kế Mỹ thuật số",
			"Quản trị kinh doanh",
			"Tài chính",
			"Digital Marketing",
			"Kinh doanh quốc tế",
			"Quản lý Logistics & Chuỗi cung ứng toàn cầu",
			"Quản trị khách sạn",
			"Quản trị Du lịch và Lữ hành",
			"Công nghệ truyền thông",
			"Quản trị truyền thông đa phương tiện",
			"Quan hệ công chúng",
			"Ngôn ngữ Anh",
			"Ngôn ngữ Nhật",
			"Ngôn ngữ Hàn Quốc",
			"Ngôn ngữ Trung Quốc (Dự kiến)",
			"Đời sống sinh viên",
			"Một ngày tại Đại học FPT",
			"Vì sao nên học tại Đại học FPT",
			"Sự hài lòng của sinh viên",
			"Môi trường học tập",
			"Chương trình học linh hoạt",
			"Đời sống sinh viên",
			"Ký túc xá",
			"Các CLB & Cộng đồng sinh viên",
			"Các hoạt động thể thao trong trường",
			"Dịch vụ hỗ trợ",
			"Định hướng và khởi đầu",
			"Tốt nghiệp",
			"Câu chuyện sinh viên",
			"Hợp tác",
			"Ngành công nghiệp và doanh nghiệp",
			"Chương trình trao đổi sinh viên",
			"Chương trình học tập tại nước ngoài",
			"Hợp tác quốc tế",
			"Trao đổi sinh viên",
			"Học kỳ nước ngoài",
			"Các trường đại học đối tác",
			"Cựu sinh viên",
			"Cộng đồng cựu sinh viên",
			"Họ đang làm việc tại đâu",
			"Tuyển sinh",
			"Đề án tuyển sinh",
			"Tin tuyển sinh",
			"Liên hệ",
			"Đăng nhập",
			"Nguyễn Thị Hồng Yến",
			"Cựu sinh viên trường ĐH FPT “chọn đường cùng” để thêm động lực startup ngành game",
			"Cựu sinh viên 9x ĐH FPT nắm trong tay loạt dự án công nghệ triệu USD",
			"Cựu sinh viên ĐH FPT giành loạt hợp đồng triệu USD cho FPT Software",
			"Nữ sinh trường F trong tà áo dài ngày Xuân",
			"Gặp gỡ đội tuyển NGT’s OPEN ROBOT trước giải đấu FIRST Tech Challenge Vietnam",
			"Tỏa sáng với nghiên cứu khoa học, nữ sinh ĐH FPT khẳng định bản lĩnh và tài năng",
			"Phim ngắn “Thoi vàng chỉ ngọc” của SV ĐH FPT tại Cần Thơ được công chiếu ở Lotte Cinema",
			"SV trường ĐH FPT Hà Nội đón “tết trên bản” 2024",
			"Vietnamese",
			"English",
			"Facebook",
			"Youtube",
			"Tik Tok",
			"Hotline: (024)/(028) 73001866 - (0236)/(0292) 7301866"
		],
		"img": [
			"cropped cropped 2021 FPTU Long",
			"cropped cropped 2021 FPTU Long",
			"cuu sinh vien dh fpt tren dat my",
			"cuu sinh vien dh fpt tren dat my",
			"cuu sinh vien dh fpt tren dat my 1",
			"cuu sinh vien dh fpt tren dat my 1",
			"sinh vien dai hoc fpt 8",
			"sinh vien dai hoc fpt 8",
			"dai hoc fpt 1",
			"dai hoc fpt 1",
			"my duyen",
			"my duyen",
			"fpt 5",
			"fpt 5",
			"dai hoc fpt 1",
			"dai hoc fpt 1",
			"thông báo tuyển bổ sung",
			"thông báo tuyển bổ sung"
		],
		"p": [
			"Trang thông tin tuyển sinh chính thức của Trường Đại học FPT",
			"Mai Ánh Ly – cựu sinh viên chuyên ngành Tài chính – Ngân hàng, Trường ĐH FPT hiện là chuyên viên tư vấn giải pháp quản trị doanh nghiệp tại FPT Software, làm việc với khách hàng thị trường Nhật Bản, Mỹ, châu Âu.",
			"Tốt nghiệp đại học không lâu, Ly sang Nhật Bản làm việc. Dù đã có khoảng gần một năm tham gia chương trình học tập kỹ sư cầu nối Nhật Bản, thời gian đầu, cô cho biết vẫn gặp khó khăn trong việc hòa nhập với môi trường, công việc.",
			"“Tôi chưa thạo tiếng, đồng nghiệp toàn người Nhật, không sử dụng nhiều tiếng Anh trong giao tiếp”, Ly nhớ lại. “Hơn nữa, từ chuyên ngành Tài chính – Ngân hàng lấn sân sang mảng CNTT lại làm về hệ thống doanh nghiệp nên tôi phải học thêm nhiều, công việc khá vất vả, áp lực”.",
			"Suốt một năm từ khi đặt chân sang xứ sở anh đào, Ly tập trung học tiếng, trau dồi kỹ năng giao tiếp, học hỏi từ đồng nghiệp để bắt nhịp cường độ công việc và làm quen với văn hóa, con người Nhật Bản. “Thời gian sau tôi đã tự tin hơn nhiều và thấy không gì có thể làm khó mình nữa”, Ly chia sẻ.",
			"Làm công việc về tư vấn giải pháp quản trị doanh nghiệp trong ngành phần mềm đòi hỏi cô gái 9x có kiến thức về cả quản trị, tài chính và công nghệ thông tin. Mỗi khách hàng có một yêu cầu khác nhau về các giải pháp quản trị. Hệ thống kiến thức trong ngành này rất lớn nên đòi hỏi người làm luôn phải tự học, tự cập nhật kiến thức.",
			"Tuy nhiên, Ly nhận định, bản thân khá thuận lợi trong việc theo đuổi nghề này vì cô đã được rèn luyện năng lực tự học, tự trau dồi kỹ năng cá nhân ngay từ thời còn là sinh viên. Không chỉ được dạy cách tự học, cô nữ sinh Trường ĐH FPT khi đó còn được làm quen với hàng loạt hoạt động câu lạc bộ, bắt đầu học cách quản lý đội nhóm, tổ chức sự kiện… Những kỹ năng được trường trang bị có chủ đích giúp cô sinh viên thích ứng với môi trường làm việc nổi tiếng khắt khe như Nhật Bản và gắn bó suốt 5 năm.",
			"Trở về Việt Nam, Ly có cơ hội làm việc với nhiều đối tượng khách hàng doanh nghiệp khác đến từ châu Âu, Mỹ… Mỗi doanh nghiệp, với đặc trưng sản phẩm và văn hóa quốc gia lại có nhu cầu và bài toán quản trị riêng. Sự phát triển nhanh chóng của kinh tế số, các xu hướng công nghệ cũng ảnh hưởng không nhỏ tới nghề làm tư vấn giải pháp quản trị doanh nghiệp. Một lần nữa, Ly phải học cách nắm bắt kiến thức, xu thế mới kết hợp với sự hiểu biết tường tận về từng khách hàng để làm tốt công việc của mình.",
			"Dấn thân trong mảng công việc phức tạp với đa số đồng nghiệp là nam, Ly cảm thấy không quá vất vả hay khó khăn. Ở Trường ĐH FPT, được học đồng thời hai ngoại ngữ, được tiếp xúc với kiến thức về công nghệ thông tin bên cạnh chuyên môn tài chính ngân hàng là nền tảng để cô làm tốt công việc.",
			"Điều khiến cô ưng ý nhất là trong gần 10 năm làm việc với hàng trăm khách hàng khác nhau, cô luôn được đối tác tin tưởng, đánh giá cao. Sự hài lòng của khách hàng cũng là món quà cho những nỗ lực của cô gái 9x này.",
			"“Môi trường giàu trải nghiệm ở ĐH FPT khiến tôi dám đặt ra mục tiêu ‘vượt qua giới hạn bản thân’ và tìm cách thực hiện nó”, Ly do biết. “Sau mỗi lần như thế, tôi cảm nhận bản thân vượt qua được những giới hạn vốn có, dám khám phá, dám thử cái mới. Tôi vẫn giữ tinh thần này trong công việc hiện tại”.",
			"Chia sẻ kinh nghiệm thành công dù trái ngành, nữ chuyên viên cho rằng cứ mạnh dạn quyết định và theo đuổi những giá trị mà bản thân tin tưởng, như có thể “nhảy” từ ngành mình sang một lĩnh vực mới khiến bản thân hứng thú, hay phái nữ cũng có thể giỏi và gắn bó với ngành công nghệ thông tin…",
			"“Riêng với tôi, quyết định trở thành sinh viên Trường ĐH FPT có thể là một lựa chọn táo bạo khi vừa tốt nghiệp THPT, nhưng ở thời điểm hiện tại, tôi cho rằng đây là quyết định quan trọng đã ‘trải đường’ giúp tôi có được những kiến thức, trải nghiệm và thành công như hiện tại”, nữ chuyên viên nhận định.",
			"Năm 2019, Nguyễn Đức Giang – cựu sinh viên trường ĐH FPT đã từ bỏ một công việc ổn định, đặt cược toàn bộ tài sản vào start-up Gamee Studio với mong muốn thay đổi định kiến về game và ngành game tại Việt Nam, cũng như nâng cao vị...",
			"Sau khi tốt nghiệp hơn 7 năm, Hoàng Anh (sinh năm 1993), cựu sinh viên ngành Công nghệ thông tin trường ĐH FPT đã trở thành Solution Architect cho loạt dự án triệu USD của các ông lớn công nghệ thế giới. Hoàng Anh kể lại, khi anh chuẩn bị thi...",
			"Hành trình cực đỉnh của “chàng trai triệu đô” từ người ít nói, sợ giao tiếp và không nói được tiếng Anh đến tự tin chinh phục thị trường khốc liệt nhất toàn cầu. Nguyễn Duy Đức (sinh năm 1994) mang về loạt hợp đồng tổng...",
			"Khu Giáo dục và Đào tạo – Khu Công nghệ cao Hòa Lạc – Km29 Đại lộ Thăng Long, H. Thạch Thất,\nTP. Hà Nội",
			"Điện thoại: 024 7300 1866",
			"Email: daihocfpt@fpt.edu.vn",
			"Lô E2a-7, Đường D1 Khu Công nghệ cao, P. Long Thạnh Mỹ, TP. Thủ Đức, TP. Hồ Chí Minh",
			"Điện thoại: 028 7300 1866",
			"Email: daihocfpt@fpt.edu.vn",
			"Khu đô thị công nghệ FPT Đà Nẵng, P. Hoà Hải, Q. Ngũ Hành Sơn, TP. Đà Nẵng",
			"Điện thoại: 0236 730 1866",
			"Email: daihocfpt@fpt.edu.vn",
			"Số 600 Đường Nguyễn Văn Cừ (nối dài), P. An Bình, Q. Ninh Kiều, TP. Cần Thơ",
			"Điện thoại: 0292 730 1866",
			"Email: daihocfpt@fpt.edu.vn",
			"Khu đô thị mới An Phú Thịnh, Phường Nhơn Bình & Phường Đống Đa, TP. Quy\nNhơn, Bình Định",
			"Điện thoại: 0256 730 1866 /0256 7300 999",
			"Email: daihocfpt@fpt.edu.vn"
		],
		"label": [
			"Tìm kiếm",
			"Tìm kiếm"
		],
		"button": [
			"×",
			"Đăng ký",
			"Đóng"
		],
		"span": [
			"Trang chủ",
			"bởi",
			"Bài trước",
			"Bài trước:",
			"← Nữ kỹ sư phần mềm Việt quản lý dự án triệu đôla trên đất Mỹ",
			"Bài tiếp",
			"Bài tiếp:",
			"Tuần lễ công chiếu phim của SV Truyền thông đa phương tiện →"
		],
		"h1": [
			"Cô gái 9x tư vấn giải pháp quản trị cho hàng trăm doanh nghiệp quốc tế"
		],
		"time": [
			"Thứ Năm, ngày 20 tháng 07 năm 2023",
			"05/02/2024",
			"05/02/2024",
			"05/02/2024",
			"02/02/2024",
			"01/02/2024"
		],
		"em": [
			"Nhân vật cung cấp",
			"Nhân vật cung cấp"
		],
		"strong": [
			"Tinh thần tự học từ thời sinh viên giúp Mai Ánh Ly chuyển từ ngành ngân hàng sang CNTT, tư vấn giải pháp quản trị cho hàng trăm doanh nghiệp Mỹ, châu Âu…",
			"Theo VnExpress"
		],
		"figcaption": [
			"Mai Ánh Ly trong chuyến công tác tại Pháp. Ảnh:",
			"Mai Ánh Ly trong chuyến công tác tại Anh, tham quan một địa điểm nổi tiếng là sân vận động Emirates. Ảnh:"
		],
		"h2": [
			"Bài viết liên quan",
			"Điều hướng bài viết"
		],
		"h3": [
			"Đăng ký tư vấn"
		],
		"h4": [
			"HÀ NỘI",
			"TP. HỒ CHÍ MINH",
			"ĐÀ NẴNG",
			"CẦN THƠ",
			"Quy Nhơn"
		],
		"b": [
			"Hãy để lại SĐT để cán bộ nhà trường hỗ trợ bạn sớm nhất nhé"
		],
		"option": [
			"Tỉnh / Thành phố *",
			"An Giang",
			"Bà Rịa-Vũng Tàu",
			"Bắc Giang",
			"Bắc Kạn",
			"Bạc Liêu",
			"Bắc Ninh",
			"Bến Tre",
			"Bình Dương",
			"Bình Định",
			"Bình Phước",
			"Bình Thuận",
			"Cà Mau",
			"Cần Thơ",
			"Cao Bằng",
			"Cục Cảnh sát ĐKQL cư trú và DLQG về dân cư",
			"Cục Cảnh sát quản lý hành chính về trật tự xã hội",
			"Đà Nẵng",
			"Đắk Lắk",
			"Đăk Nông",
			"Điện Biên",
			"Đồng Nai",
			"Đồng Tháp",
			"Gia Lai",
			"Hà Giang",
			"Hà Nam",
			"Hà Tĩnh",
			"Hải Dương",
			"Hải Phòng",
			"Hậu Giang",
			"Hoà Bình",
			"Hưng Yên",
			"Khánh Hoà",
			"Kiên Giang",
			"Kon Tum",
			"Lai Châu",
			"Lâm Đồng",
			"Lạng Sơn",
			"Lào Cai",
			"Long An",
			"Nam Định",
			"Nghệ An",
			"Ninh Bình",
			"Ninh Thuận",
			"Phú Thọ",
			"Phú Yên",
			"Quảng Bình",
			"Quảng Nam",
			"Quảng Ngãi",
			"Quảng Ninh",
			"Quảng Trị",
			"Sóc Trăng",
			"Sơn La",
			"Tây Ninh",
			"Thái Bình",
			"Thái Nguyên",
			"Thanh Hoá",
			"Thừa Thiên - Huế",
			"Tiền Giang",
			"Trà Vinh",
			"Tuyên Quang",
			"Vĩnh Long",
			"Vĩnh Phúc",
			"Yên Bái",
			"Hà Nội",
			"TP. Hồ Chí Minh"
		]
	},
	"url": "https://daihoc.fpt.edu.vn/co-gai-9x-tu-van-giai-phap-quan-tri-cho-hang-tram-doanh-nghiep-quoc-te/"
}