{
	"data": {
		"title": [
			"Hữu ích hội thảo Japan internship program dành cho những bạn yêu nước Nhật - Trường Đại học FPT"
		],
		"div": [
			"›\n\n›\n\n›\n\n›",
			"© 2024 Bản quyền thuộc về Trường Đại học FPT.",
			"Đăng ký tư vấn"
		],
		"a": [
			"Trường Đại học FPT",
			"Vietnamese",
			"English",
			"Trang chủ",
			"Giới thiệu",
			"Lịch sử thành lập",
			"Tập đoàn FPT",
			"Tổ chức giáo dục FPT",
			"Triết lý đào tạo",
			"Các giải thưởng và thành tích",
			"Ban lãnh đạo",
			"Gắn kết cộng đồng",
			"Tin tức",
			"Tin tức chung",
			"Hoạt động sinh viên",
			"Sự kiện",
			"Tuyển dụng",
			"Hướng nghiệp",
			"Ngành học",
			"Công nghệ thông tin",
			"Công nghệ ô tô số",
			"Kỹ thuật phần mềm",
			"Hệ thống thông tin",
			"Trí tuệ nhân tạo",
			"An toàn thông tin",
			"Thiết kế Mỹ thuật số",
			"Quản trị kinh doanh",
			"Tài chính",
			"Digital Marketing",
			"Kinh doanh quốc tế",
			"Quản lý Logistics & Chuỗi cung ứng toàn cầu",
			"Quản trị khách sạn",
			"Quản trị Du lịch và Lữ hành",
			"Công nghệ truyền thông",
			"Quản trị truyền thông đa phương tiện",
			"Quan hệ công chúng",
			"Ngôn ngữ Anh",
			"Ngôn ngữ Nhật",
			"Ngôn ngữ Hàn Quốc",
			"Ngôn ngữ Trung Quốc (Dự kiến)",
			"Đời sống sinh viên",
			"Một ngày tại Đại học FPT",
			"Vì sao nên học tại Đại học FPT",
			"Sự hài lòng của sinh viên",
			"Môi trường học tập",
			"Chương trình học linh hoạt",
			"Đời sống sinh viên",
			"Ký túc xá",
			"Các CLB & Cộng đồng sinh viên",
			"Các hoạt động thể thao trong trường",
			"Dịch vụ hỗ trợ",
			"Định hướng và khởi đầu",
			"Tốt nghiệp",
			"Câu chuyện sinh viên",
			"Hợp tác",
			"Ngành công nghiệp và doanh nghiệp",
			"Chương trình trao đổi sinh viên",
			"Chương trình học tập tại nước ngoài",
			"Hợp tác quốc tế",
			"Trao đổi sinh viên",
			"Học kỳ nước ngoài",
			"Các trường đại học đối tác",
			"Cựu sinh viên",
			"Cộng đồng cựu sinh viên",
			"Họ đang làm việc tại đâu",
			"Tuyển sinh",
			"Đề án tuyển sinh",
			"Tin tuyển sinh",
			"Liên hệ",
			"Đăng nhập",
			"Phạm Thị Phương",
			"https://forms.gle/MrF5cHF6LmGRosgP9",
			"Nữ sinh trường F trong tà áo dài ngày Xuân",
			"Gặp gỡ đội tuyển NGT’s OPEN ROBOT trước giải đấu FIRST Tech Challenge Vietnam",
			"Tỏa sáng với nghiên cứu khoa học, nữ sinh ĐH FPT khẳng định bản lĩnh và tài năng",
			"Phim ngắn “Thoi vàng chỉ ngọc” của SV ĐH FPT tại Cần Thơ được công chiếu ở Lotte Cinema",
			"SV trường ĐH FPT Hà Nội đón “tết trên bản” 2024",
			"Vietnamese",
			"English",
			"Facebook",
			"Youtube",
			"Tik Tok",
			"Hotline: (024)/(028) 73001866 - (0236)/(0292) 7301866"
		],
		"img": [
			"cropped cropped 2021 FPTU Long",
			"cropped cropped 2021 FPTU Long",
			"sinh vien dai hoc fpt 8",
			"sinh vien dai hoc fpt 8",
			"dai hoc fpt 1",
			"dai hoc fpt 1",
			"my duyen",
			"my duyen",
			"fpt 5",
			"fpt 5",
			"dai hoc fpt 1",
			"dai hoc fpt 1",
			"thông báo tuyển bổ sung",
			"thông báo tuyển bổ sung"
		],
		"p": [
			"Trang thông tin tuyển sinh chính thức của Trường Đại học FPT",
			"Sự kiện do phòng Công tác sinh viên tổ chức nhằm giới thiệu tới đông đảo các bạn sinh viên Đại học FPT về chương trình JAPAN INTERNSHIP PROGRAM.",
			"Tham dự chương trình có sự góp mặt của Bà Inagaki Narumi – Trưởng phòng công ty PasonaTech; Phía Đại học FPT có thầy Nguyễn Cường – Chủ nhiệm bộ môn tiếng Nhật, cô Lại Xuân Thu, thầy Fukuda Yasuo cùng các sinh viên yêu thích đất nước mặt trời mọc, quan tâm tới sự kiện.",
			"Tại Hội thảo Bà Inagaki Narumi đã giới thiệu cho sinh viên Đại học FPT về chương trình. JAPAN INTERNSHIP PROGRAM là chương trình thực tập ngắn hạn từ 2 đến 3 tháng tại Nhật Bản do Bộ Kinh tế và Công thương Nhật Bản (gọi tắt là METI) ủy thác cho tập đoàn Pasona tổ chức. Chương trình hướng tới đối tượng là các bạn sinh viên đến từ các quốc gia đang phát triển, qua đó giúp sinh viên có cơ hội học tập về các chiến lược kinh doanh quốc tế tại Nhật Bản cùng cơ hội học hỏi, trải nghiệm phong cách làm việc tại nhiều công ty Nhật Bản…",
			"Hỗ trợ dành cho thực tập sinh tham gia chương trình này gồm:",
			"Sinh viên Đại học FPT tỏ ra rất hứng thú với những thông tin được đưa ra trong hội thảo. Các bạn cũng không ngần ngại đưa ra những câu hỏi, thắc mắc thiết thực liên quan đến điều kiện ứng tuyển, môi trường làm việc tại Nhật hay những cơ hội khác mà chương trình này đem lại. Đặc biệt nhiều bạn đặt câu hỏi bằng tiếng Nhật khiến cho buổi Hội thảo thêm hiệu quả, chất lượng.",
			"Trần Lê Trang, sinh viên năm 2 ngành Ngôn ngữ Nhật chia sẻ: “Em tham gia hội thảo này vì muốn tìm hiểu thêm nhiều thông tin thực tập tại Nhật. Với em, những buổi hội thảo như thế này cung cấp rất nhiều thông tin hữu ích mà mình không thể tìm được trên mạng. Sau khi tìm hiểu thông tin, em sẽ ứng tuyển chương trình này, hi vọng sẽ được trải nghiệm môi trường học tập và  làm việc tại Nhật Bản”.",
			"Không chỉ trực tiếp giải đáp thắc mắc của sinh viên, đại diện của PasonaTech cũng chia sẻ cũng như đưa ra một số lưu ý khi phỏng vấn; cơ hội tham gia dành cho sinh viên ngành CNTT có trình độ tiếng Anh tốt thay vì cần đạt tiếng Nhật N3 trở lên; các lưu ý dành cho sinh viên ngành ngôn ngữ Nhật…",
			"Từ nay đến 14/06/2019, để tham gia chương trình bạn điền vào đơn ứng tuyển online tại link:",
			"Khu Giáo dục và Đào tạo – Khu Công nghệ cao Hòa Lạc – Km29 Đại lộ Thăng Long, H. Thạch Thất,\nTP. Hà Nội",
			"Điện thoại: 024 7300 1866",
			"Email: daihocfpt@fpt.edu.vn",
			"Lô E2a-7, Đường D1 Khu Công nghệ cao, P. Long Thạnh Mỹ, TP. Thủ Đức, TP. Hồ Chí Minh",
			"Điện thoại: 028 7300 1866",
			"Email: daihocfpt@fpt.edu.vn",
			"Khu đô thị công nghệ FPT Đà Nẵng, P. Hoà Hải, Q. Ngũ Hành Sơn, TP. Đà Nẵng",
			"Điện thoại: 0236 730 1866",
			"Email: daihocfpt@fpt.edu.vn",
			"Số 600 Đường Nguyễn Văn Cừ (nối dài), P. An Bình, Q. Ninh Kiều, TP. Cần Thơ",
			"Điện thoại: 0292 730 1866",
			"Email: daihocfpt@fpt.edu.vn",
			"Khu đô thị mới An Phú Thịnh, Phường Nhơn Bình & Phường Đống Đa, TP. Quy\nNhơn, Bình Định",
			"Điện thoại: 0256 730 1866 /0256 7300 999",
			"Email: daihocfpt@fpt.edu.vn"
		],
		"label": [
			"Tìm kiếm",
			"Tìm kiếm"
		],
		"button": [
			"×",
			"Đăng ký",
			"Đóng"
		],
		"li": [
			"Trợ cấp: 4.000 yên mỗi ngày cho chi phí sinh hoạt cho toàn bộ thời gian thực tập",
			"Vé máy bay 2 chiều hạng phổ thông",
			"Bảo hiểm du lịch và bảo hiểm thực tập",
			"Chi phí vận chuyển và ăn ở trong suốt chương trình đào tạo."
		],
		"span": [
			"Trang chủ",
			"Cuộc sống tại đại học FPT",
			"Tại sao nên học tại Đại học FPT",
			"Chương trình học tập tại nước ngoài",
			"Hữu ích hội thảo Japan internship program dành cho những bạn yêu nước Nhật",
			"bởi",
			"Bài trước",
			"Bài trước:",
			"← Công ty VALUE SHIFT VÀ PMC mong muốn hợp tác cùng Đại học FPT",
			"Bài tiếp",
			"Bài tiếp:",
			"Tập đoàn FPT tài trợ 10 suất học bổng đại học và tiến sĩ ngành công nghệ thông tin →"
		],
		"h1": [
			"Hữu ích hội thảo Japan internship program dành cho những bạn yêu nước Nhật"
		],
		"time": [
			"Thứ Ba, ngày 28 tháng 05 năm 2019",
			"08/07/2022",
			"05/02/2024",
			"05/02/2024",
			"05/02/2024",
			"02/02/2024",
			"01/02/2024"
		],
		"strong": [
			"Sáng 28/05 nhiều sinh viên Đại học FPT đã háo hức tham gia hội thảo JAPAN INTERNSHIP PROGRAM với hi vọng nắm bắt được nhiều thông tin để “săn” cho mình một suất thực tập và trải nghiệm tại Nhật Bản hoàn toàn miễn phí.",
			"Mộc Trà"
		],
		"figcaption": [
			"Bà Inagaki Narumi mang tới nhiều thông tin bổ ích cho sinh viên Đại học FPT.",
			"Các bạn trẻ thích thú với thông tin doanh nghiệp chia sẻ",
			"Trần Lê Trang đặt câu hỏi cho doanh nghiệp",
			"Nhiều bạn nán lại để hỏi doanh nghiệp dù chương trình đã kết thúc."
		],
		"h2": [
			"Điều hướng bài viết"
		],
		"h4": [
			"HÀ NỘI",
			"TP. HỒ CHÍ MINH",
			"ĐÀ NẴNG",
			"CẦN THƠ",
			"Quy Nhơn"
		],
		"h3": [
			"Đăng ký tư vấn"
		],
		"b": [
			"Hãy để lại SĐT để cán bộ nhà trường hỗ trợ bạn sớm nhất nhé"
		],
		"option": [
			"Tỉnh / Thành phố *",
			"An Giang",
			"Bà Rịa-Vũng Tàu",
			"Bắc Giang",
			"Bắc Kạn",
			"Bạc Liêu",
			"Bắc Ninh",
			"Bến Tre",
			"Bình Dương",
			"Bình Định",
			"Bình Phước",
			"Bình Thuận",
			"Cà Mau",
			"Cần Thơ",
			"Cao Bằng",
			"Cục Cảnh sát ĐKQL cư trú và DLQG về dân cư",
			"Cục Cảnh sát quản lý hành chính về trật tự xã hội",
			"Đà Nẵng",
			"Đắk Lắk",
			"Đăk Nông",
			"Điện Biên",
			"Đồng Nai",
			"Đồng Tháp",
			"Gia Lai",
			"Hà Giang",
			"Hà Nam",
			"Hà Tĩnh",
			"Hải Dương",
			"Hải Phòng",
			"Hậu Giang",
			"Hoà Bình",
			"Hưng Yên",
			"Khánh Hoà",
			"Kiên Giang",
			"Kon Tum",
			"Lai Châu",
			"Lâm Đồng",
			"Lạng Sơn",
			"Lào Cai",
			"Long An",
			"Nam Định",
			"Nghệ An",
			"Ninh Bình",
			"Ninh Thuận",
			"Phú Thọ",
			"Phú Yên",
			"Quảng Bình",
			"Quảng Nam",
			"Quảng Ngãi",
			"Quảng Ninh",
			"Quảng Trị",
			"Sóc Trăng",
			"Sơn La",
			"Tây Ninh",
			"Thái Bình",
			"Thái Nguyên",
			"Thanh Hoá",
			"Thừa Thiên - Huế",
			"Tiền Giang",
			"Trà Vinh",
			"Tuyên Quang",
			"Vĩnh Long",
			"Vĩnh Phúc",
			"Yên Bái",
			"Hà Nội",
			"TP. Hồ Chí Minh"
		]
	},
	"url": "https://daihoc.fpt.edu.vn/huu-ich-hoi-thao-japan-internship-program-danh-cho-nhung-ban-yeu-nuoc-nhat/"
}