{
	"data": {
		"title": [
			"Trường Đại học FPT quy tụ hàng nghìn SV quốc tế tại Giải vô địch tranh biện thế giới - Trường Đại học FPT"
		],
		"div": [
			"© 2024 Bản quyền thuộc về Trường Đại học FPT.",
			"Đăng ký tư vấn"
		],
		"a": [
			"Trường Đại học FPT",
			"Vietnamese",
			"English",
			"Trang chủ",
			"Giới thiệu",
			"Lịch sử thành lập",
			"Tập đoàn FPT",
			"Tổ chức giáo dục FPT",
			"Triết lý đào tạo",
			"Các giải thưởng và thành tích",
			"Ban lãnh đạo",
			"Gắn kết cộng đồng",
			"Tin tức",
			"Tin tức chung",
			"Hoạt động sinh viên",
			"Sự kiện",
			"Tuyển dụng",
			"Hướng nghiệp",
			"Ngành học",
			"Công nghệ thông tin",
			"Công nghệ ô tô số",
			"Kỹ thuật phần mềm",
			"Hệ thống thông tin",
			"Trí tuệ nhân tạo",
			"An toàn thông tin",
			"Thiết kế Mỹ thuật số",
			"Quản trị kinh doanh",
			"Tài chính",
			"Digital Marketing",
			"Kinh doanh quốc tế",
			"Quản lý Logistics & Chuỗi cung ứng toàn cầu",
			"Quản trị khách sạn",
			"Quản trị Du lịch và Lữ hành",
			"Công nghệ truyền thông",
			"Quản trị truyền thông đa phương tiện",
			"Quan hệ công chúng",
			"Ngôn ngữ Anh",
			"Ngôn ngữ Nhật",
			"Ngôn ngữ Hàn Quốc",
			"Ngôn ngữ Trung Quốc (Dự kiến)",
			"Đời sống sinh viên",
			"Một ngày tại Đại học FPT",
			"Vì sao nên học tại Đại học FPT",
			"Sự hài lòng của sinh viên",
			"Môi trường học tập",
			"Chương trình học linh hoạt",
			"Đời sống sinh viên",
			"Ký túc xá",
			"Các CLB & Cộng đồng sinh viên",
			"Các hoạt động thể thao trong trường",
			"Dịch vụ hỗ trợ",
			"Định hướng và khởi đầu",
			"Tốt nghiệp",
			"Câu chuyện sinh viên",
			"Hợp tác",
			"Ngành công nghiệp và doanh nghiệp",
			"Chương trình trao đổi sinh viên",
			"Chương trình học tập tại nước ngoài",
			"Hợp tác quốc tế",
			"Trao đổi sinh viên",
			"Học kỳ nước ngoài",
			"Các trường đại học đối tác",
			"Cựu sinh viên",
			"Cộng đồng cựu sinh viên",
			"Họ đang làm việc tại đâu",
			"Tuyển sinh",
			"Đề án tuyển sinh",
			"Tin tuyển sinh",
			"Liên hệ",
			"Đăng nhập",
			"Quỳnh",
			"SV ngành CNTT báo cáo nghiên cứu tại Hội nghị quốc tế CISIM2023, Nhật Bản",
			"Nam sinh 19 tuổi có báo cáo khoa học đăng trên tạp chí quốc tế",
			"Nghiên cứu về phát triển du lịch, SV Trường ĐH FPT được tham gia trình bày tại Hội nghị quốc tế ICESS",
			"Nữ sinh trường F trong tà áo dài ngày Xuân",
			"Gặp gỡ đội tuyển NGT’s OPEN ROBOT trước giải đấu FIRST Tech Challenge Vietnam",
			"Tỏa sáng với nghiên cứu khoa học, nữ sinh ĐH FPT khẳng định bản lĩnh và tài năng",
			"Phim ngắn “Thoi vàng chỉ ngọc” của SV ĐH FPT tại Cần Thơ được công chiếu ở Lotte Cinema",
			"SV trường ĐH FPT Hà Nội đón “tết trên bản” 2024",
			"Vietnamese",
			"English",
			"Facebook",
			"Youtube",
			"Tik Tok",
			"Hotline: (024)/(028) 73001866 - (0236)/(0292) 7301866"
		],
		"img": [
			"cropped cropped 2021 FPTU Long",
			"cropped cropped 2021 FPTU Long",
			"dai hoc fpt 910",
			"dai hoc fpt 910",
			"dai hoc fpt 1",
			"dai hoc fpt 1",
			"dai hoc fpt 3",
			"dai hoc fpt 3",
			"dai hoc fpt 13",
			"dai hoc fpt 13",
			"dai hoc fpt 4",
			"dai hoc fpt 4",
			"dai hoc fpt 14",
			"dai hoc fpt 14",
			"dai hoc fpt13",
			"dai hoc fpt13",
			"dai hoc fpt 11",
			"dai hoc fpt 11",
			"dai hoc fpt 8",
			"dai hoc fpt 8",
			"dai hoc fpt 9",
			"dai hoc fpt 9",
			"dai hoc fpt 12",
			"dai hoc fpt 12",
			"dai hoc fpt 7",
			"dai hoc fpt 7",
			"dai hoc fpt 5",
			"dai hoc fpt 5",
			"dai hoc fpt 6",
			"dai hoc fpt 6",
			"sinh vien dai hoc fpt 8",
			"sinh vien dai hoc fpt 8",
			"dai hoc fpt 1",
			"dai hoc fpt 1",
			"my duyen",
			"my duyen",
			"fpt 5",
			"fpt 5",
			"dai hoc fpt 1",
			"dai hoc fpt 1",
			"thông báo tuyển bổ sung",
			"thông báo tuyển bổ sung"
		],
		"p": [
			"Trang thông tin tuyển sinh chính thức của Trường Đại học FPT",
			"World University Debating Championship (WUDC) – Giải vô địch Tranh biện thế giới là giải đấu tranh luận uy tín và có ảnh hưởng nhất thế giới, đã được tổ chức 42 lần ở cả 5 châu lục và tiếp cận hàng nghìn sinh viên đại học trên toàn thế giới. Giải đấu WUDC được tổ chức thường niên bởi Liên đoàn tranh biện thế giới (World Universities Debating Council – WUDA) và thường được tổ chức ở các thành phố lớn của các quốc gia phát triển như Anh, Mỹ, Úc, Canada…",
			"Lần đầu tiên trong lịch sử, Việt Nam vinh dự tổ chức WUDC. Đặc biệt, Đại học FPT – Campus TP. HCM hân hạnh trở thành trường đại học đăng cai tổ chức và diễn ra sự kiện WUDC năm 2024 cùng Tổ chức Giáo dục Úc (QTS Australia).",
			"WUDC 2024 được tổ chức từ ngày 27/12/2023 đến 04/01/2024 với sự tham gia của gần 1000 sinh viên quốc tế, giám khảo và quan sát viên đến từ khoảng 60 trường đại học khắp toàn cầu. Đây là một sự kiện lớn đối với nền tranh biện Việt Nam và sẽ là cơ hội để các bạn sinh viên nước ta giao lưu, học hỏi với các bạn sinh viên trên toàn thế giới.",
			"Với việc đăng cai tổ chức WUDC, Việt Nam sẽ có cơ hội nâng cao vị thế của mình trên bản đồ tranh biện thế giới. Giải đấu cũng sẽ góp phần thúc đẩy sự phát triển của bộ môn hùng biện trong nước, giúp các bạn sinh viên Việt Nam có cơ hội tiếp cận với những kiến thức và kỹ năng hùng biện mới nhất.",
			"Những ngày đầu tiên diễn ra cuộc tranh biện, gần 300 đội thi được tập trung tại sảnh thư viện, hội trường tại Campus Đại học FPT để hướng dẫn viên phổ cập nội quy và luật lệ cuộc thi. Tiếp đó, thí sinh được hướng dẫn ghi chép lại nội dung cho phần dự thi của mình và các đội được chia đều ra các phòng khác nhau để chuẩn bị hiệu quả cho phần thi.",
			"Hào hứng bước vào Giải vô địch Tranh biện thế giới, các bạn sinh viên quốc tế đến từ hơn 60 quốc gia cùng nhau trò chuyện, giao lưu nhằm xua đi không khí căng thẳng. Tận dụng thời gian trống trước khi bước vào các vòng thi tranh tài “nảy lửa”, các bạn sinh viên quốc tế cũng nhân dịp tham quan Đại học FPT và chụp hình lưu lại kỷ niệm tại WUDC 2024.",
			"Trong suốt cuộc thi, các đội tham gia tiếp xúc với một loạt các vấn đề đa dạng và thách thức trong xã hội thông qua những vòng cạnh tranh cam go. Thí sinh duy trì phong thái tự tin và tâm trạng thoải mái, bình tĩnh khi tranh biện với đối thủ để thuyết phục bằng ý kiến của mình. Đây là một thử thách khó khăn yêu cầu các bạn sinh viên tham gia phải thể hiện khả năng phản biện tài tình và phân tích sắc bén trong các cuộc đối thoại và tranh luận.",
			"Giải đấu tranh biện quốc tế được tổ chức với mục đích khuyến khích và tạo cơ hội cho những tài năng trình bày quan điểm và khả năng lập luận chặt chẽ kết hợp tư duy phản biện nhạy bén. WUDC 2024 là sân chơi thú vị để các bạn trẻ trên toàn thế giới tương tác, trao đổi ý kiến và tìm hiểu về văn hóa đa dạng của nhau. Sự kiện không chỉ mang đến những phần dự thi sôi nổi, mà còn là cơ hội để sinh viên Đại học FPT, sinh viên cả nước nói riêng cũng như sinh viên toàn cầu nói chung, thể hiện khả năng phân tích sắc bén, tư duy logic, khả năng thuyết phục trong tranh luận. Đồng thời, cũng là một nền tảng để chia sẻ ý tưởng, quan điểm và giải pháp với mục tiêu xây dựng một thế giới tốt đẹp, đa sắc màu hơn.",
			"WUDC cũng là cơ hội để các bạn trẻ khám phá đa dạng góc nhìn, quan điểm mới, kích thích sự sáng tạo và phát triển bản thân trong tương lai. Qua đó, cho thấy vai trò của cuộc thi tranh biện trong việc phát triển trí tuệ và nâng cao kỹ năng xã hội ngày nay là những giá trị vô cùng quan trọng đối với giới trẻ Gen Z.",
			"FPT Around",
			"Vừa qua, sinh viên ngành CNTT Đại học FPT Cần Thơ đã có buổi báo cáo đề tài nghiên cứu trong Hội nghị quốc tế CISIM2023 (22nd International Conference on Computer Information Systems and Industrial Management Applications) tại Đại học Tokyo Metropolitan,...",
			"19 tuổi, Phạm Vũ Thái Minh đã có bài báo cáo khoa học được công bố trên tạp chí xếp hạng Q1 trong danh mục ISI. Với nam sinh này, Trường Đại học FPT là môi trường dành cho gen Z theo đuổi nghiên cứu khoa học. 19 tuổi, nghiên cứu khoa...",
			"Nhiều đề tài nghiên cứu giải pháp phát triển du lịch đã được sinh viên Trường ĐH FPT trình bày trong đợt bảo vệ tốt nghiệp kỳ Summer 2023. Một trong số đó được chấp thuận tham gia trình bày tại Hội nghị quốc tế ICESS. “Ảnh...",
			"Khu Giáo dục và Đào tạo – Khu Công nghệ cao Hòa Lạc – Km29 Đại lộ Thăng Long, H. Thạch Thất,\nTP. Hà Nội",
			"Điện thoại: 024 7300 1866",
			"Email: daihocfpt@fpt.edu.vn",
			"Lô E2a-7, Đường D1 Khu Công nghệ cao, P. Long Thạnh Mỹ, TP. Thủ Đức, TP. Hồ Chí Minh",
			"Điện thoại: 028 7300 1866",
			"Email: daihocfpt@fpt.edu.vn",
			"Khu đô thị công nghệ FPT Đà Nẵng, P. Hoà Hải, Q. Ngũ Hành Sơn, TP. Đà Nẵng",
			"Điện thoại: 0236 730 1866",
			"Email: daihocfpt@fpt.edu.vn",
			"Số 600 Đường Nguyễn Văn Cừ (nối dài), P. An Bình, Q. Ninh Kiều, TP. Cần Thơ",
			"Điện thoại: 0292 730 1866",
			"Email: daihocfpt@fpt.edu.vn",
			"Khu đô thị mới An Phú Thịnh, Phường Nhơn Bình & Phường Đống Đa, TP. Quy\nNhơn, Bình Định",
			"Điện thoại: 0256 730 1866 /0256 7300 999",
			"Email: daihocfpt@fpt.edu.vn"
		],
		"label": [
			"Tìm kiếm",
			"Tìm kiếm"
		],
		"button": [
			"×",
			"Đăng ký",
			"Đóng"
		],
		"span": [
			"Trang chủ",
			"bởi",
			"Bài trước",
			"Bài trước:",
			"← Trường ĐH FPT cấp học bổng toàn phần cho toàn bộ trường THPT toàn quốc",
			"Bài tiếp",
			"Bài tiếp:",
			"Phổ thông FPT khởi công xây trường liên tiếp ở Hậu Giang, Thanh Hoá, Huế →"
		],
		"h1": [
			"Trường Đại học FPT quy tụ hàng nghìn SV quốc tế tại Giải vô địch tranh biện thế giới"
		],
		"time": [
			"Thứ Bảy, ngày 30 tháng 12 năm 2023",
			"03/01/2024",
			"05/02/2024",
			"05/02/2024",
			"05/02/2024",
			"02/02/2024",
			"01/02/2024"
		],
		"strong": [
			"Vừa qua, gần 1000 sinh viên quốc tế thuộc 300 đội thi đến từ hơn 60 quốc gia đã tụ hội tại Đại học FPT phân hiệu TP.HCM, tham gia dự thi World University Debating Championship (WUDC) – Giải vô địch Hùng biện thế giới bậc đại học."
		],
		"figcaption": [
			"Đại học FPT quy tụ hàng nghìn SV quốc tế đến từ 60 quốc gia tại Giải vô địch tranh biện thế giới WUDC 2024.",
			"Đại học FPT quy tụ hàng nghìn SV quốc tế đến từ 60 quốc gia tại Giải vô địch tranh biện thế giới WUDC 2024.",
			"Đại học FPT quy tụ hàng nghìn SV quốc tế đến từ 60 quốc gia tại Giải vô địch tranh biện thế giới WUDC 2024.",
			"Đại học FPT quy tụ hàng nghìn SV quốc tế đến từ 60 quốc gia tại Giải vô địch tranh biện thế giới WUDC 2024.",
			"Đại học FPT quy tụ hàng nghìn SV quốc tế đến từ 60 quốc gia tại Giải vô địch tranh biện thế giới WUDC 2024.",
			"Đại học FPT quy tụ hàng nghìn SV quốc tế đến từ 60 quốc gia tại Giải vô địch tranh biện thế giới WUDC 2024.",
			"Đại học FPT quy tụ hàng nghìn SV quốc tế đến từ 60 quốc gia tại Giải vô địch tranh biện thế giới WUDC 2024.",
			"Đại học FPT quy tụ hàng nghìn SV quốc tế đến từ 60 quốc gia tại Giải vô địch tranh biện thế giới WUDC 2024.",
			"Đại học FPT quy tụ hàng nghìn SV quốc tế đến từ 60 quốc gia tại Giải vô địch tranh biện thế giới WUDC 2024.",
			"Đại học FPT quy tụ hàng nghìn SV quốc tế đến từ 60 quốc gia tại Giải vô địch tranh biện thế giới WUDC 2024.",
			"Đại học FPT quy tụ hàng nghìn SV quốc tế đến từ 60 quốc gia tại Giải vô địch tranh biện thế giới WUDC 2024.",
			"Đại học FPT quy tụ hàng nghìn SV quốc tế đến từ 60 quốc gia tại Giải vô địch tranh biện thế giới WUDC 2024.",
			"Đại học FPT quy tụ hàng nghìn SV quốc tế đến từ 60 quốc gia tại Giải vô địch tranh biện thế giới WUDC 2024.",
			"Đại học FPT quy tụ hàng nghìn SV quốc tế đến từ 60 quốc gia tại Giải vô địch tranh biện thế giới WUDC 2024."
		],
		"h2": [
			"Bài viết liên quan",
			"Điều hướng bài viết"
		],
		"h3": [
			"Đăng ký tư vấn"
		],
		"h4": [
			"HÀ NỘI",
			"TP. HỒ CHÍ MINH",
			"ĐÀ NẴNG",
			"CẦN THƠ",
			"Quy Nhơn"
		],
		"b": [
			"Hãy để lại SĐT để cán bộ nhà trường hỗ trợ bạn sớm nhất nhé"
		],
		"option": [
			"Tỉnh / Thành phố *",
			"An Giang",
			"Bà Rịa-Vũng Tàu",
			"Bắc Giang",
			"Bắc Kạn",
			"Bạc Liêu",
			"Bắc Ninh",
			"Bến Tre",
			"Bình Dương",
			"Bình Định",
			"Bình Phước",
			"Bình Thuận",
			"Cà Mau",
			"Cần Thơ",
			"Cao Bằng",
			"Cục Cảnh sát ĐKQL cư trú và DLQG về dân cư",
			"Cục Cảnh sát quản lý hành chính về trật tự xã hội",
			"Đà Nẵng",
			"Đắk Lắk",
			"Đăk Nông",
			"Điện Biên",
			"Đồng Nai",
			"Đồng Tháp",
			"Gia Lai",
			"Hà Giang",
			"Hà Nam",
			"Hà Tĩnh",
			"Hải Dương",
			"Hải Phòng",
			"Hậu Giang",
			"Hoà Bình",
			"Hưng Yên",
			"Khánh Hoà",
			"Kiên Giang",
			"Kon Tum",
			"Lai Châu",
			"Lâm Đồng",
			"Lạng Sơn",
			"Lào Cai",
			"Long An",
			"Nam Định",
			"Nghệ An",
			"Ninh Bình",
			"Ninh Thuận",
			"Phú Thọ",
			"Phú Yên",
			"Quảng Bình",
			"Quảng Nam",
			"Quảng Ngãi",
			"Quảng Ninh",
			"Quảng Trị",
			"Sóc Trăng",
			"Sơn La",
			"Tây Ninh",
			"Thái Bình",
			"Thái Nguyên",
			"Thanh Hoá",
			"Thừa Thiên - Huế",
			"Tiền Giang",
			"Trà Vinh",
			"Tuyên Quang",
			"Vĩnh Long",
			"Vĩnh Phúc",
			"Yên Bái",
			"Hà Nội",
			"TP. Hồ Chí Minh"
		]
	},
	"url": "https://daihoc.fpt.edu.vn/truong-dai-hoc-fpt-quy-tu-hang-nghin-sv-quoc-te-tai-giai-vo-dich-tranh-bien-the-gioi/"
}