{
	"data": {
		"title": [
			"Top 5 điều bạn cần chuẩn bị khi xin Visa du học Pháp - Trường Đại học FPT"
		],
		"div": [
			"© 2024 Bản quyền thuộc về Trường Đại học FPT.",
			"Đăng ký tư vấn"
		],
		"a": [
			"Trường Đại học FPT",
			"Vietnamese",
			"English",
			"Trang chủ",
			"Giới thiệu",
			"Lịch sử thành lập",
			"Tập đoàn FPT",
			"Tổ chức giáo dục FPT",
			"Triết lý đào tạo",
			"Các giải thưởng và thành tích",
			"Ban lãnh đạo",
			"Gắn kết cộng đồng",
			"Tin tức",
			"Tin tức chung",
			"Hoạt động sinh viên",
			"Sự kiện",
			"Tuyển dụng",
			"Hướng nghiệp",
			"Ngành học",
			"Công nghệ thông tin",
			"Công nghệ ô tô số",
			"Kỹ thuật phần mềm",
			"Hệ thống thông tin",
			"Trí tuệ nhân tạo",
			"An toàn thông tin",
			"Thiết kế Mỹ thuật số",
			"Quản trị kinh doanh",
			"Tài chính",
			"Digital Marketing",
			"Kinh doanh quốc tế",
			"Quản lý Logistics & Chuỗi cung ứng toàn cầu",
			"Quản trị khách sạn",
			"Quản trị Du lịch và Lữ hành",
			"Công nghệ truyền thông",
			"Quản trị truyền thông đa phương tiện",
			"Quan hệ công chúng",
			"Ngôn ngữ Anh",
			"Ngôn ngữ Nhật",
			"Ngôn ngữ Hàn Quốc",
			"Ngôn ngữ Trung Quốc (Dự kiến)",
			"Đời sống sinh viên",
			"Một ngày tại Đại học FPT",
			"Vì sao nên học tại Đại học FPT",
			"Sự hài lòng của sinh viên",
			"Môi trường học tập",
			"Chương trình học linh hoạt",
			"Đời sống sinh viên",
			"Ký túc xá",
			"Các CLB & Cộng đồng sinh viên",
			"Các hoạt động thể thao trong trường",
			"Dịch vụ hỗ trợ",
			"Định hướng và khởi đầu",
			"Tốt nghiệp",
			"Câu chuyện sinh viên",
			"Hợp tác",
			"Ngành công nghiệp và doanh nghiệp",
			"Chương trình trao đổi sinh viên",
			"Chương trình học tập tại nước ngoài",
			"Hợp tác quốc tế",
			"Trao đổi sinh viên",
			"Học kỳ nước ngoài",
			"Các trường đại học đối tác",
			"Cựu sinh viên",
			"Cộng đồng cựu sinh viên",
			"Họ đang làm việc tại đâu",
			"Tuyển sinh",
			"Đề án tuyển sinh",
			"Tin tuyển sinh",
			"Liên hệ",
			"Đăng nhập",
			"Cần Thơ Duong",
			"Du học tại Pháp",
			"xin Visa du học Pháp",
			"Nữ sinh trường F trong tà áo dài ngày Xuân",
			"Gặp gỡ đội tuyển NGT’s OPEN ROBOT trước giải đấu FIRST Tech Challenge Vietnam",
			"Tỏa sáng với nghiên cứu khoa học, nữ sinh ĐH FPT khẳng định bản lĩnh và tài năng",
			"Phim ngắn “Thoi vàng chỉ ngọc” của SV ĐH FPT tại Cần Thơ được công chiếu ở Lotte Cinema",
			"SV trường ĐH FPT Hà Nội đón “tết trên bản” 2024",
			"Vietnamese",
			"English",
			"Facebook",
			"Youtube",
			"Tik Tok",
			"Hotline: (024)/(028) 73001866 - (0236)/(0292) 7301866"
		],
		"img": [
			"cropped cropped 2021 FPTU Long",
			"cropped cropped 2021 FPTU Long",
			"Du học FPT",
			"Du học FPT",
			"sinh vien dai hoc fpt 8",
			"sinh vien dai hoc fpt 8",
			"dai hoc fpt 1",
			"dai hoc fpt 1",
			"my duyen",
			"my duyen",
			"fpt 5",
			"fpt 5",
			"dai hoc fpt 1",
			"dai hoc fpt 1",
			"thông báo tuyển bổ sung",
			"thông báo tuyển bổ sung"
		],
		"p": [
			"Trang thông tin tuyển sinh chính thức của Trường Đại học FPT",
			"là một trải nghiệm tuyệt vời và mang lại nhiều cơ hội học tập và mở rộng kiến thức về văn hóa. Tuy nhiên, quá trình xin Visa du học có thể gây căng thẳng và đầy rắn rối. Để giúp bạn chuẩn bị tốt nhất cho quá trình này, dưới đây là “Top 5 điều bạn cần chuẩn bị khi xin Visa du học Pháp”",
			"Nội dung bài viết",
			"Chuẩn bị tài liệu đầy đủ và hợp lệ là bước quan trọng đầu tiên trong quá trình . Dưới đây là danh sách các tài liệu quan trọng mà bạn cần chuẩn bị:",
			"Lãnh sự quán sẽ quan tâm đến hồ sơ học tập của bạn để đánh giá khả năng học tập và mục đích du học của bạn. Đảm bảo rằng bạn đã chuẩn bị đầy đủ bằng cấp, bảng điểm và các giấy tờ liên quan khác. Nếu tài liệu của bạn không bằng tiếng Pháp hoặc tiếng Anh, hãy dịch chúng thành một trong hai ngôn ngữ này hoặc có một bản dịch chính thức đi kèm.",
			"Pháp là một quốc gia nói tiếng Pháp, nhưng trong một số trường hợp, lãnh sự quán có thể yêu cầu bạn đạt được một chứng chỉ tiếng Anh nhất định. Điều này đặc biệt áp dụng cho những người học tiếng Pháp thông qua chương trình tiếng Anh. Hãy kiểm tra yêu cầu của trường và lãnh sự quán để biết liệu bạn cần chứng chỉ tiếng Anh hay không.",
			"Lãnh sự quán sẽ kiểm tra khả năng của bạn để duy trì mình tại Pháp trong suốt thời gian học. Hãy chuẩn bị tài liệu chứng minh khả năng tài chính của bạn, bao gồm bằng chứng về nguồn thu nhập, tiền tiêu dùng hàng tháng và tài liệu về hỗ trợ tài chính (nếu có). Nếu bạn có sự hỗ trợ từ gia đình hoặc người thân, hãy chuẩn bị thư xác nhận hỗ trợ tài chính từ họ.",
			"Thư mời từ trường học là một phần quan trọng để chứng minh rằng bạn đã được chấp nhận vào chương trình học tại Pháp. Dưới đây là một số lưu ý khi chuẩn bị thư mời này:",
			"Thư mời nên cung cấp thông tin đầy đủ về khóa học mà bạn đã đăng ký, bao gồm tên khóa học, thời gian học, mô tả chi tiết và các môn học cụ thể. Điều này giúp lãnh sự quán hiểu rõ mục đích du học của bạn và đảm bảo rằng bạn đã chọn một chương trình học phù hợp với kế hoạch của mình.",
			"Thư mời cũng nên cung cấp thông tin chi tiết về học phí vàchi tiêu hàng tháng tại Pháp. Điều này giúp lãnh sự quán đánh giá khả năng tài chính của bạn và xác định rằng bạn có đủ tài chính để duy trì mình trong thời gian học tập tại Pháp.",
			"Nếu trường học cung cấp các dịch vụ hỗ trợ sinh viên, như chỗ ở, việc làm bán thời gian hoặc hỗ trợ học phí, hãy yêu cầu thư mời cung cấp thông tin chi tiết về các dịch vụ này. Điều này có thể giúp bạn chứng minh rằng bạn sẽ có điều kiện tốt để học tập và sinh sống tại Pháp.",
			"Lãnh sự quán muốn biết rõ về kế hoạch học tập và nghiên cứu của bạn tại Pháp. Dưới đây là một số yếu tố quan trọng mà bạn nên đề cập trong hồ sơ xin Visa:",
			"Hãy mô tả mục tiêu học tập của bạn tại Pháp và lý do vì sao bạn đã chọn chương trình học cụ thể này. Bạn có thể đề cập đến lợi ích cụ thể mà bạn hy vọng đạt được từ việc du học tại Pháp và ảnh hưởng của nó đối với sự phát triển cá nhân và sự nghiệp của bạn.",
			"Nếu bạn có kế hoạch nghiên cứu cụ thể trong suốt thời gian học tại Pháp, hãy đề cập đến nó. Đặc biệt, nêu rõ về lĩnh vực nghiên cứu mà bạn quan tâm và những đóng góp mà bạn hy vọng đạt được thông qua việc nghiên cứu tại Pháp.",
			"Trình bày kế hoạch của bạn để thanh toán học phí và các chi phí sinh hoạt khác tại Pháp. Đảm bảo rằng bạn đã xem xét tất cả các nguồn tài chính có sẵn cho bạn, bao gồm học bổng, vay vốn hoặc hỗ trợ tài chính từ gia đình hoặc người thân.",
			"Lãnh sự quán muốn đảm bảo rằng bạn có kế hoạch rõ ràng cho việc học tập và trở về sau khi hoàn thành chương trình du học tại Pháp. Dưới đây là một số yếu tố quan trọng mà bạn nên đề cập:",
			"Cung cấp lịch trình chi tiết về thời gian bạn dự định sẽ học tại Pháp. Bao gồm các học kỳ, kỳ nghỉ và thời gian dự kiến để hoàn thành chương trình học. Điều này giúp lãnh sự quán hiểu rõ về thời gian mà bạn dự định ở lại Pháp và tuân thủ luật lệ nhập cảnh và lưu trú.",
			"Trình bày kế hoạch của bạn sau khi hoàn thành chương trình du học tại Pháp. Giải thích rõ ràng về ý định trở về quê hương sau khi hoàn thành chương trình và những kế hoạch sự nghiệp hoặc học tập mà bạn đã đề ra. Điều này giúp lãnh sự quán hiểu rằng bạn có ý định trở về và áp dụng những kỹ năng và kiến thức đã học được ở Pháp.",
			"Nếu bạn có kế hoạch xây dựng mối liên kết mạnh mẽ với quê hương sau khi hoàn thành chương trình, hãy đề cập đến điều đó trong hồ sơ xin Visa. Bạn có thể nêu rõ về ý định sử dụng kiến thức và kỹ năng đã học để đóng góp cho sự phát triển của quê hương và cộng đồng.",
			"Phỏng vấn Visa là một bước quan trọng trong quá trình xin Visa du học Pháp. Dưới đây là một số điều bạn cần chuẩn bị để đạt được thành công trong buổi phỏng vấn:",
			"Nắm vững quy trình xin Visa và yêu cầu của lãnh sự quán. Đọc kỹ thông tin trên trang web của Lãnh sự quán Pháp để hiểu rõ về các bước và tài liệu cần thiết. Điều này giúp bạn tự tin và chuẩn bị trước các câu hỏi có thể được đặt trong buổi phỏng vấn.",
			"Nghiên cứu và chuẩn bị câu trả lời cho các câu hỏi phỏng vấn phổ biến, bao gồm lý do chọn Pháp làm điểm đến du học, mục tiêu học tập và kế hoạch trở về sau khi hoàn thành chương trình. Chuẩn bị các câu trả lời mạch lạc, rõ ràng và xuất sắc để thể hiện sự đam mê và sự chuẩn bị cẩn thận của bạn.",
			"Thực hành phỏng vấn với người thân, bạn bè hoặc người có kinh nghiệm để nâng cao kỹ năng phỏng vấn của bạn. Điều này giúp bạn làm quen với quá trình phỏng vấn và cải thiện khả năng trả lời câu hỏi một cách tự tin và mạch lạc.",
			"Đảm bảo bạn đã chuẩn bị đầy đủ tài liệu và giấy tờ cần thiết cho buổi phỏng vấn. Bạn nên kiểm tra lại danh sách yêu cầu từ Lãnh sự quán và đảm bảo rằng bạn đã chuẩn bị đủ và chính xác.",
			"Hy vọng rằng các phần trên sẽ giúp bạn có một hồ sơ xin Visa du học Pháp rõ ràng và chi tiết hơn, đồng thời chuẩn bị tốt cho buổi phỏng vấn Visa thành công. Đừng quên thực hiện các bước chuẩn bị sớm để có đủ thời gian để nghiên cứu và chuẩn bị tốt nhất. Chúc bạn thành công trong việc xin Visa du học Pháp! Nếu bạn có bất kỳ câu hỏi hoặc cần thêm thông tin, hãy để tôi biết.",
			"Khu Giáo dục và Đào tạo – Khu Công nghệ cao Hòa Lạc – Km29 Đại lộ Thăng Long, H. Thạch Thất,\nTP. Hà Nội",
			"Điện thoại: 024 7300 1866",
			"Email: daihocfpt@fpt.edu.vn",
			"Lô E2a-7, Đường D1 Khu Công nghệ cao, P. Long Thạnh Mỹ, TP. Thủ Đức, TP. Hồ Chí Minh",
			"Điện thoại: 028 7300 1866",
			"Email: daihocfpt@fpt.edu.vn",
			"Khu đô thị công nghệ FPT Đà Nẵng, P. Hoà Hải, Q. Ngũ Hành Sơn, TP. Đà Nẵng",
			"Điện thoại: 0236 730 1866",
			"Email: daihocfpt@fpt.edu.vn",
			"Số 600 Đường Nguyễn Văn Cừ (nối dài), P. An Bình, Q. Ninh Kiều, TP. Cần Thơ",
			"Điện thoại: 0292 730 1866",
			"Email: daihocfpt@fpt.edu.vn",
			"Khu đô thị mới An Phú Thịnh, Phường Nhơn Bình & Phường Đống Đa, TP. Quy\nNhơn, Bình Định",
			"Điện thoại: 0256 730 1866 /0256 7300 999",
			"Email: daihocfpt@fpt.edu.vn"
		],
		"label": [
			"Tìm kiếm",
			"Tìm kiếm"
		],
		"button": [
			"×",
			"Đăng ký",
			"Đóng"
		],
		"span": [
			"Trang chủ",
			"bởi",
			"Tài liệu cần chuẩn bị",
			"1.1 Hồ sơ học tập:",
			"1.2 Chứng chỉ tiếng Anh (nếu cần):",
			"1.3 Thông tin về tài chính:",
			"Thư mời từ trường học",
			"2.1 Thông tin đầy đủ về khóa học:",
			"2.2 Thông tin về học phí và chi tiêu:",
			"2.3 Thông tin về hỗ trợ sinh viên (nếu có):",
			"Kế hoạch học tập và nghiên cứu",
			"3.1 Mục tiêu học tập:",
			"3.2 Kế hoạch nghiên cứu:",
			"3.3 Kế hoạch học phí và tài chính:",
			"Lịch trình và kế hoạch trở về",
			"4.1 Lịch trình học tập:",
			"4.2 Kế hoạch trở về:",
			"4.3 Liên kết với quê hương:",
			"Chuẩn bị phỏng vấn Visa",
			"5.1 Hiểu về Visa du học Pháp:",
			"5.2 Chuẩn bị câu trả lời cho các câu hỏi phỏng vấn:",
			"5.3 Thực hành phỏng vấn:",
			"5.4 Chuẩn bị tài liệu và giấy tờ:",
			"Bài trước",
			"Bài trước:",
			"← CƠM NHÀ – Sản phẩm giàu cảm xúc của sinh viên ngành thiết kế mỹ thuật số ĐH FPT",
			"Bài tiếp",
			"Bài tiếp:",
			"Cựu sinh viên FPT chia sẻ bí quyết ‘săn’ học bổng toàn phần →"
		],
		"h1": [
			"Top 5 điều bạn cần chuẩn bị khi xin Visa du học Pháp"
		],
		"time": [
			"Chủ Nhật, ngày 05 tháng 03 năm 2023",
			"09/11/2023",
			"05/02/2024",
			"05/02/2024",
			"05/02/2024",
			"02/02/2024",
			"01/02/2024"
		],
		"em": [
			"Hình 1. Du học Pháp"
		],
		"h2": [
			"Điều hướng bài viết"
		],
		"h3": [
			"Đăng ký tư vấn"
		],
		"h4": [
			"HÀ NỘI",
			"TP. HỒ CHÍ MINH",
			"ĐÀ NẴNG",
			"CẦN THƠ",
			"Quy Nhơn"
		],
		"b": [
			"Hãy để lại SĐT để cán bộ nhà trường hỗ trợ bạn sớm nhất nhé"
		],
		"option": [
			"Tỉnh / Thành phố *",
			"An Giang",
			"Bà Rịa-Vũng Tàu",
			"Bắc Giang",
			"Bắc Kạn",
			"Bạc Liêu",
			"Bắc Ninh",
			"Bến Tre",
			"Bình Dương",
			"Bình Định",
			"Bình Phước",
			"Bình Thuận",
			"Cà Mau",
			"Cần Thơ",
			"Cao Bằng",
			"Cục Cảnh sát ĐKQL cư trú và DLQG về dân cư",
			"Cục Cảnh sát quản lý hành chính về trật tự xã hội",
			"Đà Nẵng",
			"Đắk Lắk",
			"Đăk Nông",
			"Điện Biên",
			"Đồng Nai",
			"Đồng Tháp",
			"Gia Lai",
			"Hà Giang",
			"Hà Nam",
			"Hà Tĩnh",
			"Hải Dương",
			"Hải Phòng",
			"Hậu Giang",
			"Hoà Bình",
			"Hưng Yên",
			"Khánh Hoà",
			"Kiên Giang",
			"Kon Tum",
			"Lai Châu",
			"Lâm Đồng",
			"Lạng Sơn",
			"Lào Cai",
			"Long An",
			"Nam Định",
			"Nghệ An",
			"Ninh Bình",
			"Ninh Thuận",
			"Phú Thọ",
			"Phú Yên",
			"Quảng Bình",
			"Quảng Nam",
			"Quảng Ngãi",
			"Quảng Ninh",
			"Quảng Trị",
			"Sóc Trăng",
			"Sơn La",
			"Tây Ninh",
			"Thái Bình",
			"Thái Nguyên",
			"Thanh Hoá",
			"Thừa Thiên - Huế",
			"Tiền Giang",
			"Trà Vinh",
			"Tuyên Quang",
			"Vĩnh Long",
			"Vĩnh Phúc",
			"Yên Bái",
			"Hà Nội",
			"TP. Hồ Chí Minh"
		]
	},
	"url": "https://daihoc.fpt.edu.vn/top-5-dieu-ban-can-chuan-bi-khi-xin-visa-du-hoc-phap/"
}