{
	"data": {
		"title": [
			"Ngắm các khu thực hành cực 'xịn' của sinh viên ngành du lịch - khách sạn trường F - Trường Đại học FPT"
		],
		"div": [
			"© 2024 Bản quyền thuộc về Trường Đại học FPT.",
			"Đăng ký tư vấn"
		],
		"a": [
			"Trường Đại học FPT",
			"Vietnamese",
			"English",
			"Trang chủ",
			"Giới thiệu",
			"Lịch sử thành lập",
			"Tập đoàn FPT",
			"Tổ chức giáo dục FPT",
			"Triết lý đào tạo",
			"Các giải thưởng và thành tích",
			"Ban lãnh đạo",
			"Gắn kết cộng đồng",
			"Tin tức",
			"Tin tức chung",
			"Hoạt động sinh viên",
			"Sự kiện",
			"Tuyển dụng",
			"Hướng nghiệp",
			"Ngành học",
			"Công nghệ thông tin",
			"Công nghệ ô tô số",
			"Kỹ thuật phần mềm",
			"Hệ thống thông tin",
			"Trí tuệ nhân tạo",
			"An toàn thông tin",
			"Thiết kế Mỹ thuật số",
			"Quản trị kinh doanh",
			"Tài chính",
			"Digital Marketing",
			"Kinh doanh quốc tế",
			"Quản lý Logistics & Chuỗi cung ứng toàn cầu",
			"Quản trị khách sạn",
			"Quản trị Du lịch và Lữ hành",
			"Công nghệ truyền thông",
			"Quản trị truyền thông đa phương tiện",
			"Quan hệ công chúng",
			"Ngôn ngữ Anh",
			"Ngôn ngữ Nhật",
			"Ngôn ngữ Hàn Quốc",
			"Ngôn ngữ Trung Quốc (Dự kiến)",
			"Đời sống sinh viên",
			"Một ngày tại Đại học FPT",
			"Vì sao nên học tại Đại học FPT",
			"Sự hài lòng của sinh viên",
			"Môi trường học tập",
			"Chương trình học linh hoạt",
			"Đời sống sinh viên",
			"Ký túc xá",
			"Các CLB & Cộng đồng sinh viên",
			"Các hoạt động thể thao trong trường",
			"Dịch vụ hỗ trợ",
			"Định hướng và khởi đầu",
			"Tốt nghiệp",
			"Câu chuyện sinh viên",
			"Hợp tác",
			"Ngành công nghiệp và doanh nghiệp",
			"Chương trình trao đổi sinh viên",
			"Chương trình học tập tại nước ngoài",
			"Hợp tác quốc tế",
			"Trao đổi sinh viên",
			"Học kỳ nước ngoài",
			"Các trường đại học đối tác",
			"Cựu sinh viên",
			"Cộng đồng cựu sinh viên",
			"Họ đang làm việc tại đâu",
			"Tuyển sinh",
			"Đề án tuyển sinh",
			"Tin tuyển sinh",
			"Liên hệ",
			"Đăng nhập",
			"Quỳnh",
			"Nữ sinh trường F trong tà áo dài ngày Xuân",
			"Gặp gỡ đội tuyển NGT’s OPEN ROBOT trước giải đấu FIRST Tech Challenge Vietnam",
			"Tỏa sáng với nghiên cứu khoa học, nữ sinh ĐH FPT khẳng định bản lĩnh và tài năng",
			"Phim ngắn “Thoi vàng chỉ ngọc” của SV ĐH FPT tại Cần Thơ được công chiếu ở Lotte Cinema",
			"SV trường ĐH FPT Hà Nội đón “tết trên bản” 2024",
			"Vietnamese",
			"English",
			"Facebook",
			"Youtube",
			"Tik Tok",
			"Hotline: (024)/(028) 73001866 - (0236)/(0292) 7301866"
		],
		"img": [
			"cropped cropped 2021 FPTU Long",
			"cropped cropped 2021 FPTU Long",
			"Dai hoc FPT HN Du lich khach san 1 1677136810 1200x0",
			"Dai hoc FPT HN Du lich khach san 1 1677136810 1200x0",
			"Dai hoc FPT HN Du lich khach san 2 1677136810 1200x0",
			"Dai hoc FPT HN Du lich khach san 2 1677136810 1200x0",
			"Dai hoc FPT HN Du lich khach san 3 1677136810 1200x0",
			"Dai hoc FPT HN Du lich khach san 3 1677136810 1200x0",
			"Dai hoc FPT HCM lich khach san 1 1677136826 1200x0",
			"Dai hoc FPT HCM lich khach san 1 1677136826 1200x0",
			"Dai hoc FPT HCM lich khach san 2 1677136827 1200x0",
			"Dai hoc FPT HCM lich khach san 2 1677136827 1200x0",
			"Dai hoc FPT HCM lich khach san 3 1677136830 1200x0",
			"Dai hoc FPT HCM lich khach san 3 1677136830 1200x0",
			"DH FPT HCM Quan tri khach san 1677136870 1200x0",
			"DH FPT HCM Quan tri khach san 1677136870 1200x0",
			"Dai hoc FPT Can Tho Du lich khach san 2 1677136883 1200x0",
			"Dai hoc FPT Can Tho Du lich khach san 2 1677136883 1200x0",
			"Dai hoc FPT Can Tho Du lich khach san 3 1677136884 1200x0",
			"Dai hoc FPT Can Tho Du lich khach san 3 1677136884 1200x0",
			"Dai hoc FPT Can Tho Du lich khach san 4 1677136885 1200x0",
			"Dai hoc FPT Can Tho Du lich khach san 4 1677136885 1200x0",
			"Dai hoc FPT Can Tho Du lich khach san 1677136885 1200x0",
			"Dai hoc FPT Can Tho Du lich khach san 1677136885 1200x0",
			"sinh vien dai hoc fpt 8",
			"sinh vien dai hoc fpt 8",
			"dai hoc fpt 1",
			"dai hoc fpt 1",
			"my duyen",
			"my duyen",
			"fpt 5",
			"fpt 5",
			"dai hoc fpt 1",
			"dai hoc fpt 1",
			"thông báo tuyển bổ sung",
			"thông báo tuyển bổ sung"
		],
		"p": [
			"Trang thông tin tuyển sinh chính thức của Trường Đại học FPT",
			"Các khu vực khách sạn và quầy bar mô phỏng là nơi diễn ra các bài tập thực hành, tăng hiệu quả học tập cho các nhóm ngành quản trị du lịch, nhà hàng, khách sạn của ĐH FPT.",
			"Vừa qua, trường Đại học FPT HN đã ra mắt quầy bar và phòng thực hành theo tiêu chuẩn khách sạn cao cấp. Khu vực được đầu tư xây dựng dành riêng cho sinh viên ngành Quản trị Khách sạn.",
			"Phòng thực hành khách sạn được trang bị đầy đủ các thiết bị tiện nghi như: tủ quần áo, bàn làm việc, minibar… mô phỏng giúp sinh viên dễ dàng hình dung cho công việc tương lai sau này.",
			"Nhiều sinh viên tỏ ra thích thú với khu thực hành xịn xò, một số sinh viên ngành khác tỏ ra tiếc nuối khi chọn ngành học khác.",
			"Trước đó, Đại học FPT HCM và Cần Thơ cũng có khu vực lab thực hành, đặc biệt Đại học FPT Cần Thơ tự tin là nơi đầu tiên đầu tư triển khai để mô phỏng khách sạn 5 sao cho sinh viên thực hành.",
			"Theo thầy Hồ Trung Chánh, Chủ nhiệm khối ngành Du lịch – Khách sạn, Đại học FPT HCM, khu vực khách sạn – bar mô phỏng có 2 mục đích chính. Mục đích đầu tiên là phục vụ cho các buổi học mang tính thực hành (trong khi các buổi học lý thuyết diễn ra tại phòng học thường). Tuỳ môn học, giảng viên sẽ quyết định buổi nào học tại quầy bar hay khách sạn.",
			"Mục đích thứ 2 là tổ chức hoạt động ngoại khoá, chuyên môn, như tổ chức các buổi ăn theo chủ đề như ăn kiểu Pháp, Nga, Italia… hay tiệc đứng…",
			"“Trước khi có khu lap thực hành này, các bài học thực hành như phục vụ món ăn, pha chế cocktail đều diễn ra trong lớp, rất ‘chán’” – thầy Chánh cười.",
			"Cạnh đó, đây cũng là nơi trường có thể dùng cho hoạt động tuyển sinh, giới thiệu cho các học sinh quan tâm tham quan để có thêm cảm hứng với ngành học.",
			"Thầy giáo khối Giáo dục FPT gửi gắm: “Các sinh viên muốn theo đuổi ngành du lịch – khách sạn cần có sự tò mò, đam mê. Dù chưa có kiến thức nhưng có sự đam mê, tò mò thì sẽ dễ được các giảng viên hướng dẫn, trao kiến thức mới”.",
			"“Các sinh viên muốn theo đuổi ngành du lịch – khách sạn cần có sự tò mò, đam mê. Dù chưa có kiến thức nhưng có sự đam mê, tò mò thì sẽ dễ được các giảng viên hướng dẫn, trao kiến thức mới”.",
			"Nhiều trường đại học khác có ngành học tương tự cũng thường trang bị khu vực thực hành nhưng việc tận dụng và tổ chức hoạt động như thế nào khác nhau tuỳ sự sáng tạo, năng động của mỗi trường. “Có thể có trường đầu tư hoành tráng hơn nhưng về hoạt động sự kiện, sáng tạo mới mẻ chưa chắc đã hơn. Vì ý tưởng đến từ sáng tạo và đam mê” – thầy Chánh nói thêm.",
			"Chúng ta",
			"Khu Giáo dục và Đào tạo – Khu Công nghệ cao Hòa Lạc – Km29 Đại lộ Thăng Long, H. Thạch Thất,\nTP. Hà Nội",
			"Điện thoại: 024 7300 1866",
			"Email: daihocfpt@fpt.edu.vn",
			"Lô E2a-7, Đường D1 Khu Công nghệ cao, P. Long Thạnh Mỹ, TP. Thủ Đức, TP. Hồ Chí Minh",
			"Điện thoại: 028 7300 1866",
			"Email: daihocfpt@fpt.edu.vn",
			"Khu đô thị công nghệ FPT Đà Nẵng, P. Hoà Hải, Q. Ngũ Hành Sơn, TP. Đà Nẵng",
			"Điện thoại: 0236 730 1866",
			"Email: daihocfpt@fpt.edu.vn",
			"Số 600 Đường Nguyễn Văn Cừ (nối dài), P. An Bình, Q. Ninh Kiều, TP. Cần Thơ",
			"Điện thoại: 0292 730 1866",
			"Email: daihocfpt@fpt.edu.vn",
			"Khu đô thị mới An Phú Thịnh, Phường Nhơn Bình & Phường Đống Đa, TP. Quy\nNhơn, Bình Định",
			"Điện thoại: 0256 730 1866 /0256 7300 999",
			"Email: daihocfpt@fpt.edu.vn"
		],
		"label": [
			"Tìm kiếm",
			"Tìm kiếm"
		],
		"button": [
			"×",
			"Đăng ký",
			"Đóng"
		],
		"span": [
			"Trang chủ",
			"bởi",
			"Bài trước",
			"Bài trước:",
			"← Quang Đăng, Maitinhvi ngồi “ghế nóng” cuộc thi nhảy Hola Showcase 2023 tại ĐH FPT",
			"Bài tiếp",
			"Bài tiếp:",
			"Bí quyết giành học bổng tiến sĩ tại Australia của cựu thủ khoa ĐH FPT →"
		],
		"h1": [
			"Ngắm các khu thực hành cực ‘xịn’ của sinh viên ngành du lịch – khách sạn trường F"
		],
		"time": [
			"Thứ Năm, ngày 23 tháng 02 năm 2023",
			"05/02/2024",
			"05/02/2024",
			"05/02/2024",
			"02/02/2024",
			"01/02/2024"
		],
		"h2": [
			"Điều hướng bài viết"
		],
		"h4": [
			"HÀ NỘI",
			"TP. HỒ CHÍ MINH",
			"ĐÀ NẴNG",
			"CẦN THƠ",
			"Quy Nhơn"
		],
		"h3": [
			"Đăng ký tư vấn"
		],
		"b": [
			"Hãy để lại SĐT để cán bộ nhà trường hỗ trợ bạn sớm nhất nhé"
		],
		"option": [
			"Tỉnh / Thành phố *",
			"An Giang",
			"Bà Rịa-Vũng Tàu",
			"Bắc Giang",
			"Bắc Kạn",
			"Bạc Liêu",
			"Bắc Ninh",
			"Bến Tre",
			"Bình Dương",
			"Bình Định",
			"Bình Phước",
			"Bình Thuận",
			"Cà Mau",
			"Cần Thơ",
			"Cao Bằng",
			"Cục Cảnh sát ĐKQL cư trú và DLQG về dân cư",
			"Cục Cảnh sát quản lý hành chính về trật tự xã hội",
			"Đà Nẵng",
			"Đắk Lắk",
			"Đăk Nông",
			"Điện Biên",
			"Đồng Nai",
			"Đồng Tháp",
			"Gia Lai",
			"Hà Giang",
			"Hà Nam",
			"Hà Tĩnh",
			"Hải Dương",
			"Hải Phòng",
			"Hậu Giang",
			"Hoà Bình",
			"Hưng Yên",
			"Khánh Hoà",
			"Kiên Giang",
			"Kon Tum",
			"Lai Châu",
			"Lâm Đồng",
			"Lạng Sơn",
			"Lào Cai",
			"Long An",
			"Nam Định",
			"Nghệ An",
			"Ninh Bình",
			"Ninh Thuận",
			"Phú Thọ",
			"Phú Yên",
			"Quảng Bình",
			"Quảng Nam",
			"Quảng Ngãi",
			"Quảng Ninh",
			"Quảng Trị",
			"Sóc Trăng",
			"Sơn La",
			"Tây Ninh",
			"Thái Bình",
			"Thái Nguyên",
			"Thanh Hoá",
			"Thừa Thiên - Huế",
			"Tiền Giang",
			"Trà Vinh",
			"Tuyên Quang",
			"Vĩnh Long",
			"Vĩnh Phúc",
			"Yên Bái",
			"Hà Nội",
			"TP. Hồ Chí Minh"
		]
	},
	"url": "https://daihoc.fpt.edu.vn/ngam-cac-khu-thuc-hanh-cuc-xin-cua-sinh-vien-nganh-du-lich-khach-san-truong-f/"
}