{
	"data": {
		"title": [
			"Sinh viên ĐH FPT được tuyển dụng ngay sau khi thực tập với mức lương \"bất ngờ\" - Trường Đại học FPT"
		],
		"div": [
			"›\n\n›\n\n›\n\n›",
			"© 2024 Bản quyền thuộc về Trường Đại học FPT.",
			"Đăng ký tư vấn"
		],
		"a": [
			"Trường Đại học FPT",
			"Vietnamese",
			"English",
			"Trang chủ",
			"Giới thiệu",
			"Lịch sử thành lập",
			"Tập đoàn FPT",
			"Tổ chức giáo dục FPT",
			"Triết lý đào tạo",
			"Các giải thưởng và thành tích",
			"Ban lãnh đạo",
			"Gắn kết cộng đồng",
			"Tin tức",
			"Tin tức chung",
			"Hoạt động sinh viên",
			"Sự kiện",
			"Tuyển dụng",
			"Hướng nghiệp",
			"Ngành học",
			"Công nghệ thông tin",
			"Công nghệ ô tô số",
			"Kỹ thuật phần mềm",
			"Hệ thống thông tin",
			"Trí tuệ nhân tạo",
			"An toàn thông tin",
			"Thiết kế Mỹ thuật số",
			"Quản trị kinh doanh",
			"Tài chính",
			"Digital Marketing",
			"Kinh doanh quốc tế",
			"Quản lý Logistics & Chuỗi cung ứng toàn cầu",
			"Quản trị khách sạn",
			"Quản trị Du lịch và Lữ hành",
			"Công nghệ truyền thông",
			"Quản trị truyền thông đa phương tiện",
			"Quan hệ công chúng",
			"Ngôn ngữ Anh",
			"Ngôn ngữ Nhật",
			"Ngôn ngữ Hàn Quốc",
			"Ngôn ngữ Trung Quốc (Dự kiến)",
			"Đời sống sinh viên",
			"Một ngày tại Đại học FPT",
			"Vì sao nên học tại Đại học FPT",
			"Sự hài lòng của sinh viên",
			"Môi trường học tập",
			"Chương trình học linh hoạt",
			"Đời sống sinh viên",
			"Ký túc xá",
			"Các CLB & Cộng đồng sinh viên",
			"Các hoạt động thể thao trong trường",
			"Dịch vụ hỗ trợ",
			"Định hướng và khởi đầu",
			"Tốt nghiệp",
			"Câu chuyện sinh viên",
			"Hợp tác",
			"Ngành công nghiệp và doanh nghiệp",
			"Chương trình trao đổi sinh viên",
			"Chương trình học tập tại nước ngoài",
			"Hợp tác quốc tế",
			"Trao đổi sinh viên",
			"Học kỳ nước ngoài",
			"Các trường đại học đối tác",
			"Cựu sinh viên",
			"Cộng đồng cựu sinh viên",
			"Họ đang làm việc tại đâu",
			"Tuyển sinh",
			"Đề án tuyển sinh",
			"Tin tuyển sinh",
			"Liên hệ",
			"Đăng nhập",
			"Nguyễn Thị Hồng Yến",
			"Nữ sinh trường F trong tà áo dài ngày Xuân",
			"Gặp gỡ đội tuyển NGT’s OPEN ROBOT trước giải đấu FIRST Tech Challenge Vietnam",
			"Tỏa sáng với nghiên cứu khoa học, nữ sinh ĐH FPT khẳng định bản lĩnh và tài năng",
			"Phim ngắn “Thoi vàng chỉ ngọc” của SV ĐH FPT tại Cần Thơ được công chiếu ở Lotte Cinema",
			"SV trường ĐH FPT Hà Nội đón “tết trên bản” 2024",
			"Vietnamese",
			"English",
			"Facebook",
			"Youtube",
			"Tik Tok",
			"Hotline: (024)/(028) 73001866 - (0236)/(0292) 7301866"
		],
		"img": [
			"cropped cropped 2021 FPTU Long",
			"cropped cropped 2021 FPTU Long",
			"sinh vien dai hoc fpt 8",
			"sinh vien dai hoc fpt 8",
			"dai hoc fpt 1",
			"dai hoc fpt 1",
			"my duyen",
			"my duyen",
			"fpt 5",
			"fpt 5",
			"dai hoc fpt 1",
			"dai hoc fpt 1",
			"thông báo tuyển bổ sung",
			"thông báo tuyển bổ sung"
		],
		"p": [
			"Trang thông tin tuyển sinh chính thức của Trường Đại học FPT",
			"Bước sang năm thứ hai đại học, Lê Thị Lý – Cựu SV chuyên ngành Kỹ thuật phần mềm, ĐH FPT đã tham gia vào các dự án lập trình phần mềm bán thời gian và tạm biệt khoản trợ cấp của gia đình. Chỉ một năm sau đó, cô bạn xuất sắc trở thành một trong những gương mặt hiếm hoi được mời sang Nhật Bản làm việc nhờ nền tảng kiến thức vững chắc cùng sự thể hiện xuất sắc trong kỳ thực tập doanh nghiệp.",
			"Trong 3 tháng làm việc tại Nhật Bản, mỗi tháng Lý nhận được một khoản phụ cấp tương đương với 20 triệu đồng. Đây là một con số đáng mơ ước ở thời điểm lúc bấy giờ, nhất là với một sinh viên đại học. Ngoài ra, Lê Thị Lý còn có một khoản thu nhập riêng khi cô nàng chính thức bắt tay vào công việc lập trình sản phẩm.",
			"Tuy nhiên, điều thực sự khiến cô nàng mê IT này quan tâm lại là những trải nghiệm trong quá trình thực tập. Sinh sống và làm việc tại một quốc gia phát triển như Nhật Bản là cơ hội tốt để Lê Thị Lý phát triển bản thân. Từng là một người rất nhút nhát nhưng khi bước vào ĐH FPT, tham gia các hoạt động trải nghiệm của trường đã giúp cô nữ sinh xé bỏ vỏ bọc và trở thành một người năng động, tự chủ.",
			"Ngay từ khi còn đi học, Doãn Thu Hà – Cựu SV chuyên ngành Tài chính Ngân hàng, ĐH FPT đã có một công việc ổn định với mức lương 8 con số. Cho tới thời điểm hiện tại, đây vẫn là mong ước của đông đảo các bạn sinh viên.",
			"Với nền tảng là học sinh chuyên Anh, Thu Hà quyết định sẽ gắn bó 4 năm đại học tại một môi trường mà tất cả giáo trình, bài giảng đều sử dụng ngôn ngữ này. Hà cho rằng, ngoại ngữ là yếu tố quyết định tới 70% cơ hội xin việc nên trong thời gian học tập tại ĐH FPT, cô đã tranh thủ học thêm tiếng Trung để tăng sức cạnh tranh trong thị trường lao động toàn cầu.",
			"Liên tục đạt danh hiệu sinh viên xuất sắc trong các kỳ học, Thu Hà còn là gương mặt thân quen trong hoạt động phong trào của trường. Đến khi bước vào kỳ thực tập doanh nghiệp, năng lực chuyên môn tốt cùng những trải nghiệm phong phú đã trở thành điểm cộng lớn của Thu Hà. Nhà tuyển dụng rất hài lòng với khả năng ngoại ngữ và thái độ tích cực mà cô thể hiện trong buổi phỏng vấn. Kết quả là, Thu Hà được nhận ngay vào làm tại ngân hàng, dù hơn 1 năm sau mới tốt nghiệp đại học.",
			"Điểm chung của Lê Thị Lý, Doãn Thu Hà và các sinh viên ĐH FPT là đều được trang bị đầy đủ kiến thức chuyên môn kỹ năng làm việc, mục tiêu phấn đấu và vốn ngoại ngữ tốt ngay từ những năm tháng học đại học. Không chỉ tích cực tham gia các hoạt động ngoại khóa, những 9x tài năng này còn sớm được tiếp xúc với môi trường doanh nghiệp từ sớm thông qua việc đào tạo dựa trên các dự án thực tế. Nhờ vậy, sinh viên được huấn luyện thực tế về nghề nghiệp tương lai, tham gia vào các dự án thật và tự tin khi bước ra thế giới.",
			"Trong triết lý đào tạo của mình, ĐH FPT luôn đảm bảo gắn liền đào tạo với thực tiễn cuộc sống và nhu cầu nhân lực của đất nước. Thông qua thời gian thực tập, sinh viên được làm quen với môi trường mới, mở rộng mối quan hệ và khẳng định năng lực của bản thân qua vị trí công việc của mình. Sau thời gian thực tập tại doanh nghiệp, không ít sinh viên đã được giữ lại làm việc ngay tại doanh nghiệp đó và trở thành nhân viên chính thức với mức lương hấp dẫn.",
			"Khu Giáo dục và Đào tạo – Khu Công nghệ cao Hòa Lạc – Km29 Đại lộ Thăng Long, H. Thạch Thất,\nTP. Hà Nội",
			"Điện thoại: 024 7300 1866",
			"Email: daihocfpt@fpt.edu.vn",
			"Lô E2a-7, Đường D1 Khu Công nghệ cao, P. Long Thạnh Mỹ, TP. Thủ Đức, TP. Hồ Chí Minh",
			"Điện thoại: 028 7300 1866",
			"Email: daihocfpt@fpt.edu.vn",
			"Khu đô thị công nghệ FPT Đà Nẵng, P. Hoà Hải, Q. Ngũ Hành Sơn, TP. Đà Nẵng",
			"Điện thoại: 0236 730 1866",
			"Email: daihocfpt@fpt.edu.vn",
			"Số 600 Đường Nguyễn Văn Cừ (nối dài), P. An Bình, Q. Ninh Kiều, TP. Cần Thơ",
			"Điện thoại: 0292 730 1866",
			"Email: daihocfpt@fpt.edu.vn",
			"Khu đô thị mới An Phú Thịnh, Phường Nhơn Bình & Phường Đống Đa, TP. Quy\nNhơn, Bình Định",
			"Điện thoại: 0256 730 1866 /0256 7300 999",
			"Email: daihocfpt@fpt.edu.vn"
		],
		"label": [
			"Tìm kiếm",
			"Tìm kiếm"
		],
		"button": [
			"×",
			"Đăng ký",
			"Đóng"
		],
		"span": [
			"Trang chủ",
			"Cuộc sống tại đại học FPT",
			"Tại sao nên học tại Đại học FPT",
			"Câu chuyện sinh viên",
			"Sinh viên ĐH FPT được tuyển dụng ngay sau khi thực tập với mức lương “bất ngờ”",
			"bởi",
			"Bài trước",
			"Bài trước:",
			"← CTO 8X biến start-up thành trang thương mại nông sản điện tử hàng đầu Việt Nam",
			"Bài tiếp",
			"Bài tiếp:",
			"F-Home hỗ trợ tân sinh viên ĐH FPT tìm chỗ ở ưng ý →"
		],
		"h1": [
			"Sinh viên ĐH FPT được tuyển dụng ngay sau khi thực tập với mức lương “bất ngờ”"
		],
		"time": [
			"Thứ Tư, ngày 11 tháng 08 năm 2021",
			"05/02/2024",
			"05/02/2024",
			"05/02/2024",
			"02/02/2024",
			"01/02/2024"
		],
		"em": [
			"Sớm được trang bị đầy đủ kiến thức chuyên môn kỹ năng làm việc, mục tiêu phấn đấu và vốn ngoại ngữ tốt ngay từ những năm tháng học đại học, sinh viên của ngôi trường này dễ dàng chinh phục được nhà tuyển dụng và sở hữu mức lương đáng ngưỡng mộ dù chưa tốt nghiệp đại học.",
			"Cô gái mê IT tham gia những câu lạc bộ cần giao tiếp nhiều như CLB tiếng Anh, CLB JS để cải thiện khả năng ngôn ngữ và giúp mình bạo dạn hơn",
			"Xuất ngoại là điều cô gái này luôn ao ước, khi có cơ hội Lý tận dụng thời gian để học hỏi cách làm việc chuyên nghiệp và tìm hiểu những nét đặc sắc trong văn hóa nước bạn",
			"Cùng 1 lúc đỗ ĐH Ngoại Thương, ĐH FPT và là thủ khoa đầu vào Học viên Ngân Hàng, cô gái trẻ Doãn Thu Hà đã lựa chọn bước chân vào giảng đường ĐH FPT với học bổng danh giá Nguyễn Văn Đạo.",
			"Sinh viên muốn tìm được một công việc khá ổn thì trước khi ra trường, không thể “thờ ơ” với ngoại ngữ và tích cực trau dồi các kỹ năng cần thiết",
			"Sinh viên ĐH FPT thường xuyên được tham gia các hoạt động tham quan doanh nghiệp để xác định mục tiêu, định hướng công việc"
		],
		"strong": [
			"Theo Yeah1"
		],
		"h2": [
			"Điều hướng bài viết"
		],
		"h4": [
			"HÀ NỘI",
			"TP. HỒ CHÍ MINH",
			"ĐÀ NẴNG",
			"CẦN THƠ",
			"Quy Nhơn"
		],
		"h3": [
			"Đăng ký tư vấn"
		],
		"b": [
			"Hãy để lại SĐT để cán bộ nhà trường hỗ trợ bạn sớm nhất nhé"
		],
		"option": [
			"Tỉnh / Thành phố *",
			"An Giang",
			"Bà Rịa-Vũng Tàu",
			"Bắc Giang",
			"Bắc Kạn",
			"Bạc Liêu",
			"Bắc Ninh",
			"Bến Tre",
			"Bình Dương",
			"Bình Định",
			"Bình Phước",
			"Bình Thuận",
			"Cà Mau",
			"Cần Thơ",
			"Cao Bằng",
			"Cục Cảnh sát ĐKQL cư trú và DLQG về dân cư",
			"Cục Cảnh sát quản lý hành chính về trật tự xã hội",
			"Đà Nẵng",
			"Đắk Lắk",
			"Đăk Nông",
			"Điện Biên",
			"Đồng Nai",
			"Đồng Tháp",
			"Gia Lai",
			"Hà Giang",
			"Hà Nam",
			"Hà Tĩnh",
			"Hải Dương",
			"Hải Phòng",
			"Hậu Giang",
			"Hoà Bình",
			"Hưng Yên",
			"Khánh Hoà",
			"Kiên Giang",
			"Kon Tum",
			"Lai Châu",
			"Lâm Đồng",
			"Lạng Sơn",
			"Lào Cai",
			"Long An",
			"Nam Định",
			"Nghệ An",
			"Ninh Bình",
			"Ninh Thuận",
			"Phú Thọ",
			"Phú Yên",
			"Quảng Bình",
			"Quảng Nam",
			"Quảng Ngãi",
			"Quảng Ninh",
			"Quảng Trị",
			"Sóc Trăng",
			"Sơn La",
			"Tây Ninh",
			"Thái Bình",
			"Thái Nguyên",
			"Thanh Hoá",
			"Thừa Thiên - Huế",
			"Tiền Giang",
			"Trà Vinh",
			"Tuyên Quang",
			"Vĩnh Long",
			"Vĩnh Phúc",
			"Yên Bái",
			"Hà Nội",
			"TP. Hồ Chí Minh"
		]
	},
	"url": "https://daihoc.fpt.edu.vn/sinh-vien-dh-fpt-duoc-tuyen-dung-ngay-sau-khi-thuc-tap-voi-muc-luong-bat-ngo/"
}