{
	"data": {
		"title": [
			"Gen Z tự tin \"cháy hết mình\" với đại nhạc hội FUDA Music Show 2023 - Trường Đại học FPT"
		],
		"div": [
			"›\n\n›",
			"© 2024 Bản quyền thuộc về Trường Đại học FPT.",
			"Đăng ký tư vấn"
		],
		"a": [
			"Trường Đại học FPT",
			"Vietnamese",
			"English",
			"Trang chủ",
			"Giới thiệu",
			"Lịch sử thành lập",
			"Tập đoàn FPT",
			"Tổ chức giáo dục FPT",
			"Triết lý đào tạo",
			"Các giải thưởng và thành tích",
			"Ban lãnh đạo",
			"Gắn kết cộng đồng",
			"Tin tức",
			"Tin tức chung",
			"Hoạt động sinh viên",
			"Sự kiện",
			"Tuyển dụng",
			"Hướng nghiệp",
			"Ngành học",
			"Công nghệ thông tin",
			"Công nghệ ô tô số",
			"Kỹ thuật phần mềm",
			"Hệ thống thông tin",
			"Trí tuệ nhân tạo",
			"An toàn thông tin",
			"Thiết kế Mỹ thuật số",
			"Quản trị kinh doanh",
			"Tài chính",
			"Digital Marketing",
			"Kinh doanh quốc tế",
			"Quản lý Logistics & Chuỗi cung ứng toàn cầu",
			"Quản trị khách sạn",
			"Quản trị Du lịch và Lữ hành",
			"Công nghệ truyền thông",
			"Quản trị truyền thông đa phương tiện",
			"Quan hệ công chúng",
			"Ngôn ngữ Anh",
			"Ngôn ngữ Nhật",
			"Ngôn ngữ Hàn Quốc",
			"Ngôn ngữ Trung Quốc (Dự kiến)",
			"Đời sống sinh viên",
			"Một ngày tại Đại học FPT",
			"Vì sao nên học tại Đại học FPT",
			"Sự hài lòng của sinh viên",
			"Môi trường học tập",
			"Chương trình học linh hoạt",
			"Đời sống sinh viên",
			"Ký túc xá",
			"Các CLB & Cộng đồng sinh viên",
			"Các hoạt động thể thao trong trường",
			"Dịch vụ hỗ trợ",
			"Định hướng và khởi đầu",
			"Tốt nghiệp",
			"Câu chuyện sinh viên",
			"Hợp tác",
			"Ngành công nghiệp và doanh nghiệp",
			"Chương trình trao đổi sinh viên",
			"Chương trình học tập tại nước ngoài",
			"Hợp tác quốc tế",
			"Trao đổi sinh viên",
			"Học kỳ nước ngoài",
			"Các trường đại học đối tác",
			"Cựu sinh viên",
			"Cộng đồng cựu sinh viên",
			"Họ đang làm việc tại đâu",
			"Tuyển sinh",
			"Đề án tuyển sinh",
			"Tin tuyển sinh",
			"Liên hệ",
			"Đăng nhập",
			"Nguyễn Thị Hồng Yến",
			"Nữ sinh trường F trong tà áo dài ngày Xuân",
			"Gặp gỡ đội tuyển NGT’s OPEN ROBOT trước giải đấu FIRST Tech Challenge Vietnam",
			"Tỏa sáng với nghiên cứu khoa học, nữ sinh ĐH FPT khẳng định bản lĩnh và tài năng",
			"Phim ngắn “Thoi vàng chỉ ngọc” của SV ĐH FPT tại Cần Thơ được công chiếu ở Lotte Cinema",
			"SV trường ĐH FPT Hà Nội đón “tết trên bản” 2024",
			"Vietnamese",
			"English",
			"Facebook",
			"Youtube",
			"Tik Tok",
			"Hotline: (024)/(028) 73001866 - (0236)/(0292) 7301866"
		],
		"img": [
			"cropped cropped 2021 FPTU Long",
			"cropped cropped 2021 FPTU Long",
			"GenZ chay het minh tai dh fpt",
			"GenZ chay het minh tai dh fpt",
			"GenZ chay het minh tai dh fpt 1",
			"GenZ chay het minh tai dh fpt 1",
			"GenZ chay het minh tai dh fpt 2",
			"GenZ chay het minh tai dh fpt 2",
			"GenZ chay het minh tai dh fpt 3",
			"GenZ chay het minh tai dh fpt 3",
			"GenZ chay het minh tai dh fpt 4",
			"GenZ chay het minh tai dh fpt 4",
			"GenZ chay het minh tai dh fpt 6",
			"GenZ chay het minh tai dh fpt 6",
			"sinh vien dai hoc fpt 8",
			"sinh vien dai hoc fpt 8",
			"dai hoc fpt 1",
			"dai hoc fpt 1",
			"my duyen",
			"my duyen",
			"fpt 5",
			"fpt 5",
			"dai hoc fpt 1",
			"dai hoc fpt 1",
			"thông báo tuyển bổ sung",
			"thông báo tuyển bổ sung"
		],
		"p": [
			"Trang thông tin tuyển sinh chính thức của Trường Đại học FPT",
			"Tối 23.4, sự kiện âm nhạc “FUDA Music Show 2023” diễn ra tại Trường đại học FPT Đà Nẵng với sự tham gia của nhiều nghệ sĩ trong nước và quốc tế, thu hút hơn 10.000 khán giả trẻ đến từ tham gia.",
			"“FUDA Music Show 2023” với chủ đề “Gen Z Go Global” (Gen Z bước ra thế giới) đã bùng nổ với các bản “hit” đình đám của các ca sĩ nổi tiếng gen Z như: Hoàng Dũng, Pháo Northside… Cùng với những tiết mục của các bạn sinh viên, đêm đại nhạc hội thật sự sôi động, màu sắc, trẻ trung, độc đáo và đầy năng lượng.",
			"Nắm bắt thị hiếu nghe nhạc của gen Z gần như không có giới hạn, không bị bó hẹp trong khuôn khổ nhất định, sự kiện âm nhạc sinh viên với quy mô lớn nhất miền Trung “FUDA Music Show 2023” đã tạo nên một không gian âm nhạc sôi động, cuồng nhiệt.",
			"Với sự đầu tư sân khấu hoành tráng, sự kiện âm nhạc “FUDA Music Show 2023” do Trường đại học FPT Đà Nẵng tổ chức thường niên, hoàn toàn miễn phí đã mang đến cho các bạn trẻ một chương trình giải trí đỉnh cao mang đậm chất sinh viên.",
			"Không chỉ vậy, sinh viên miền Trung còn được gặp gỡ, giao lưu với thần tượng và lắng nghe những câu chuyện về tuổi trẻ đầy nhiệt huyết, truyền tải năng lượng dồi dào để các gen Z để các bạn trẻ tự tin “bước ra thế giới”.",
			"Khu Giáo dục và Đào tạo – Khu Công nghệ cao Hòa Lạc – Km29 Đại lộ Thăng Long, H. Thạch Thất,\nTP. Hà Nội",
			"Điện thoại: 024 7300 1866",
			"Email: daihocfpt@fpt.edu.vn",
			"Lô E2a-7, Đường D1 Khu Công nghệ cao, P. Long Thạnh Mỹ, TP. Thủ Đức, TP. Hồ Chí Minh",
			"Điện thoại: 028 7300 1866",
			"Email: daihocfpt@fpt.edu.vn",
			"Khu đô thị công nghệ FPT Đà Nẵng, P. Hoà Hải, Q. Ngũ Hành Sơn, TP. Đà Nẵng",
			"Điện thoại: 0236 730 1866",
			"Email: daihocfpt@fpt.edu.vn",
			"Số 600 Đường Nguyễn Văn Cừ (nối dài), P. An Bình, Q. Ninh Kiều, TP. Cần Thơ",
			"Điện thoại: 0292 730 1866",
			"Email: daihocfpt@fpt.edu.vn",
			"Khu đô thị mới An Phú Thịnh, Phường Nhơn Bình & Phường Đống Đa, TP. Quy\nNhơn, Bình Định",
			"Điện thoại: 0256 730 1866 /0256 7300 999",
			"Email: daihocfpt@fpt.edu.vn"
		],
		"label": [
			"Tìm kiếm",
			"Tìm kiếm"
		],
		"button": [
			"×",
			"Đăng ký",
			"Đóng"
		],
		"span": [
			"Trang chủ",
			"Tin tức chung",
			"Gen Z tự tin “cháy hết mình” với đại nhạc hội FUDA Music Show 2023",
			"bởi",
			"Bài trước",
			"Bài trước:",
			"← Xuất thân nông thôn, tiếng Anh bập bẹ vẫn đi nước ngoài “khỏe re”",
			"Bài tiếp",
			"Bài tiếp:",
			"Nam sinh đạt 28.05 điểm thi ĐH, thi Olympia, giành học bổng toàn phần ĐH FPT →"
		],
		"h1": [
			"Gen Z tự tin “cháy hết mình” với đại nhạc hội FUDA Music Show 2023"
		],
		"time": [
			"Thứ Hai, ngày 24 tháng 04 năm 2023",
			"05/02/2024",
			"05/02/2024",
			"05/02/2024",
			"02/02/2024",
			"01/02/2024"
		],
		"strong": [
			"Vừa qua, Đại học FPT tổ chức sự kiện âm nhạc “FUDA Music Show 2023” quy tụ nhiều nghệ sĩ gen Z mang màu sắc âm nhạc trẻ trung, độc đáo đã thu hút hơn 10.000 bạn trẻ GenZ tham gia “cháy hết mình”.",
			"Theo Thanh Niên"
		],
		"figcaption": [
			"Sự kiện âm nhạc “FUDA Music Show 2023” thu hút hơn 10.000 khán giả tham gia",
			"Sinh viên đến từ Đà Nẵng – Huế – Quảng Nam “cháy” tại đêm đại nhạc hội",
			"Sinh viên tự tin trình diễn âm nhạc tạo nên không khí sôi động",
			"Sinh viên miền Trung vui mừng khi gặp gỡ, giao lưu với thần tượng",
			"Đêm nhạc khuấy động hàng nghìn gen Z tại miền Trung",
			"Các bạn trẻ “cháy hết mình” cùng với loạt bản “hit” đình đám của các ca sĩ khách mời"
		],
		"h2": [
			"Điều hướng bài viết"
		],
		"h4": [
			"HÀ NỘI",
			"TP. HỒ CHÍ MINH",
			"ĐÀ NẴNG",
			"CẦN THƠ",
			"Quy Nhơn"
		],
		"h3": [
			"Đăng ký tư vấn"
		],
		"b": [
			"Hãy để lại SĐT để cán bộ nhà trường hỗ trợ bạn sớm nhất nhé"
		],
		"option": [
			"Tỉnh / Thành phố *",
			"An Giang",
			"Bà Rịa-Vũng Tàu",
			"Bắc Giang",
			"Bắc Kạn",
			"Bạc Liêu",
			"Bắc Ninh",
			"Bến Tre",
			"Bình Dương",
			"Bình Định",
			"Bình Phước",
			"Bình Thuận",
			"Cà Mau",
			"Cần Thơ",
			"Cao Bằng",
			"Cục Cảnh sát ĐKQL cư trú và DLQG về dân cư",
			"Cục Cảnh sát quản lý hành chính về trật tự xã hội",
			"Đà Nẵng",
			"Đắk Lắk",
			"Đăk Nông",
			"Điện Biên",
			"Đồng Nai",
			"Đồng Tháp",
			"Gia Lai",
			"Hà Giang",
			"Hà Nam",
			"Hà Tĩnh",
			"Hải Dương",
			"Hải Phòng",
			"Hậu Giang",
			"Hoà Bình",
			"Hưng Yên",
			"Khánh Hoà",
			"Kiên Giang",
			"Kon Tum",
			"Lai Châu",
			"Lâm Đồng",
			"Lạng Sơn",
			"Lào Cai",
			"Long An",
			"Nam Định",
			"Nghệ An",
			"Ninh Bình",
			"Ninh Thuận",
			"Phú Thọ",
			"Phú Yên",
			"Quảng Bình",
			"Quảng Nam",
			"Quảng Ngãi",
			"Quảng Ninh",
			"Quảng Trị",
			"Sóc Trăng",
			"Sơn La",
			"Tây Ninh",
			"Thái Bình",
			"Thái Nguyên",
			"Thanh Hoá",
			"Thừa Thiên - Huế",
			"Tiền Giang",
			"Trà Vinh",
			"Tuyên Quang",
			"Vĩnh Long",
			"Vĩnh Phúc",
			"Yên Bái",
			"Hà Nội",
			"TP. Hồ Chí Minh"
		]
	},
	"url": "https://daihoc.fpt.edu.vn/gen-z-tu-tin-chay-het-minh-voi-dai-nhac-hoi-fuda-music-show-2023/"
}