{
	"data": {
		"title": [
			"Sinh viên ĐH FPT tham gia Lễ hội thanh niên Youth Fest 2023 - Trường Đại học FPT"
		],
		"div": [
			"›\n\n›",
			"© 2024 Bản quyền thuộc về Trường Đại học FPT.",
			"Đăng ký tư vấn"
		],
		"a": [
			"Trường Đại học FPT",
			"Vietnamese",
			"English",
			"Trang chủ",
			"Giới thiệu",
			"Lịch sử thành lập",
			"Tập đoàn FPT",
			"Tổ chức giáo dục FPT",
			"Triết lý đào tạo",
			"Các giải thưởng và thành tích",
			"Ban lãnh đạo",
			"Gắn kết cộng đồng",
			"Tin tức",
			"Tin tức chung",
			"Hoạt động sinh viên",
			"Sự kiện",
			"Tuyển dụng",
			"Hướng nghiệp",
			"Ngành học",
			"Công nghệ thông tin",
			"Công nghệ ô tô số",
			"Kỹ thuật phần mềm",
			"Hệ thống thông tin",
			"Trí tuệ nhân tạo",
			"An toàn thông tin",
			"Thiết kế Mỹ thuật số",
			"Quản trị kinh doanh",
			"Tài chính",
			"Digital Marketing",
			"Kinh doanh quốc tế",
			"Quản lý Logistics & Chuỗi cung ứng toàn cầu",
			"Quản trị khách sạn",
			"Quản trị Du lịch và Lữ hành",
			"Công nghệ truyền thông",
			"Quản trị truyền thông đa phương tiện",
			"Quan hệ công chúng",
			"Ngôn ngữ Anh",
			"Ngôn ngữ Nhật",
			"Ngôn ngữ Hàn Quốc",
			"Ngôn ngữ Trung Quốc (Dự kiến)",
			"Đời sống sinh viên",
			"Một ngày tại Đại học FPT",
			"Vì sao nên học tại Đại học FPT",
			"Sự hài lòng của sinh viên",
			"Môi trường học tập",
			"Chương trình học linh hoạt",
			"Đời sống sinh viên",
			"Ký túc xá",
			"Các CLB & Cộng đồng sinh viên",
			"Các hoạt động thể thao trong trường",
			"Dịch vụ hỗ trợ",
			"Định hướng và khởi đầu",
			"Tốt nghiệp",
			"Câu chuyện sinh viên",
			"Hợp tác",
			"Ngành công nghiệp và doanh nghiệp",
			"Chương trình trao đổi sinh viên",
			"Chương trình học tập tại nước ngoài",
			"Hợp tác quốc tế",
			"Trao đổi sinh viên",
			"Học kỳ nước ngoài",
			"Các trường đại học đối tác",
			"Cựu sinh viên",
			"Cộng đồng cựu sinh viên",
			"Họ đang làm việc tại đâu",
			"Tuyển sinh",
			"Đề án tuyển sinh",
			"Tin tuyển sinh",
			"Liên hệ",
			"Đăng nhập",
			"Quỳnh",
			"Nữ sinh trường F trong tà áo dài ngày Xuân",
			"Gặp gỡ đội tuyển NGT’s OPEN ROBOT trước giải đấu FIRST Tech Challenge Vietnam",
			"Tỏa sáng với nghiên cứu khoa học, nữ sinh ĐH FPT khẳng định bản lĩnh và tài năng",
			"Phim ngắn “Thoi vàng chỉ ngọc” của SV ĐH FPT tại Cần Thơ được công chiếu ở Lotte Cinema",
			"SV trường ĐH FPT Hà Nội đón “tết trên bản” 2024",
			"Vietnamese",
			"English",
			"Facebook",
			"Youtube",
			"Tik Tok",
			"Hotline: (024)/(028) 73001866 - (0236)/(0292) 7301866"
		],
		"img": [
			"cropped cropped 2021 FPTU Long",
			"cropped cropped 2021 FPTU Long",
			"Youth Fest 6",
			"Youth Fest 6",
			"Youth Fest 4",
			"Youth Fest 4",
			"Youth Fest 12",
			"Youth Fest 12",
			"Youth Fest 9",
			"Youth Fest 9",
			"Youth Fest 8",
			"Youth Fest 8",
			"Youth Fest 11",
			"Youth Fest 11",
			"Youth Fest 1",
			"Youth Fest 1",
			"Youth Fest 7",
			"Youth Fest 7",
			"Youth Fest 10",
			"Youth Fest 10",
			"sinh vien dai hoc fpt 8",
			"sinh vien dai hoc fpt 8",
			"dai hoc fpt 1",
			"dai hoc fpt 1",
			"my duyen",
			"my duyen",
			"fpt 5",
			"fpt 5",
			"dai hoc fpt 1",
			"dai hoc fpt 1",
			"thông báo tuyển bổ sung",
			"thông báo tuyển bổ sung"
		],
		"p": [
			"Trang thông tin tuyển sinh chính thức của Trường Đại học FPT",
			"Sinh viên Đại học FPT tham gia Lễ hội với vai trò triễn lãm và hướng dẫn du khách sử dụng nhạc cụ dân tộc. Gian hàng nhạc cụ dân tộc nhận sự hưởng ứng của rất nhiều các bạn trẻ, du khách nước ngoài và đặc biệt là các bạn học sinh, sinh viên trên khắp thành phố Hồ Chí Minh. Sau 3 ngày triễn lãm với nhiều hoạt động sôi nổi, sự kiện đã chính thức bế mạc vào tối ngày hôm qua 26/3.",
			"Tuy không phải trường ĐH nghệ thuật nhưng nhạc cụ dân tộc lại là môn học chính khóa của tất cả sinh viên ĐH FPT. Từ năm nhất, sinh viên ĐH FPT đã học bộ môn nhạc cụ dân tộc. Với các loại nhạc cụ: sáo trúc, đàn tỳ bà, đàn nhị, đàn nguyệt, đàn tranh, đàn bầu, trống, mỗi bạn có thể lựa chọn loại mình yêu thích để theo học. Sau 1 năm “biết ít nhất 1 nhạc cụ dân tộc”, các bạn tiếp tục lan toả nhạc cụ truyền thống đến các bạn trẻ sau này để cùng nhau giữ gìn văn hoá dân tộc. Bên cạnh những người trẻ thì các em nhỏ cũng hào hứng tìm hiểu và được các anh chị SV trường F hướng dẫn những bước cơ bản để có thể bước đầu làm quen với nhạc cụ này.",
			"Tham gia Youth Fest 2023 có ý nghĩa hơn khi các bạn sinh viên là những người chủ động tổ chức và quyết định nội dung chương trình. Sinh viên ĐH FPT không chỉ tạo ra một không gian văn hóa vô cùng sôi nổi mà còn thể hiện sự trưởng thành của mình qua sự kiện này.",
			"“Lễ hội thanh niên Youth Fest 2023” có nhiều sân chơi với các hoạt động kết nối, giao lưu văn hóa, chia sẻ kiến thức, kỹ năng nhiều lĩnh vực: văn hóa nghệ thuật, công nghệ ứng dụng, dự án cộng đồng, hội thảo đa dạng chủ đề lan tỏa năng lượng tích cực trong giới trẻ.",
			"Lễ hội thanh niên là sự kiện văn hóa đa sắc màu được Thành Đoàn TP.HCM tổ chức trong Tháng thanh niên, mừng sinh nhật Đoàn 26-3 hằng năm. Thành Đoàn cũng đề xuất xem xét đưa Lễ hội thanh niên vào danh mục các lễ hội lớn của TP.HCM trong năm.",
			"Khu Giáo dục và Đào tạo – Khu Công nghệ cao Hòa Lạc – Km29 Đại lộ Thăng Long, H. Thạch Thất,\nTP. Hà Nội",
			"Điện thoại: 024 7300 1866",
			"Email: daihocfpt@fpt.edu.vn",
			"Lô E2a-7, Đường D1 Khu Công nghệ cao, P. Long Thạnh Mỹ, TP. Thủ Đức, TP. Hồ Chí Minh",
			"Điện thoại: 028 7300 1866",
			"Email: daihocfpt@fpt.edu.vn",
			"Khu đô thị công nghệ FPT Đà Nẵng, P. Hoà Hải, Q. Ngũ Hành Sơn, TP. Đà Nẵng",
			"Điện thoại: 0236 730 1866",
			"Email: daihocfpt@fpt.edu.vn",
			"Số 600 Đường Nguyễn Văn Cừ (nối dài), P. An Bình, Q. Ninh Kiều, TP. Cần Thơ",
			"Điện thoại: 0292 730 1866",
			"Email: daihocfpt@fpt.edu.vn",
			"Khu đô thị mới An Phú Thịnh, Phường Nhơn Bình & Phường Đống Đa, TP. Quy\nNhơn, Bình Định",
			"Điện thoại: 0256 730 1866 /0256 7300 999",
			"Email: daihocfpt@fpt.edu.vn"
		],
		"label": [
			"Tìm kiếm",
			"Tìm kiếm"
		],
		"button": [
			"×",
			"Đăng ký",
			"Đóng"
		],
		"span": [
			"Trang chủ",
			"Tin nổi bật (Trang chủ)",
			"Sinh viên ĐH FPT tham gia Lễ hội thanh niên Youth Fest 2023",
			"bởi",
			"Bài trước",
			"Bài trước:",
			"← Lễ tôn vinh sinh viên, CLB xuất sắc Đại học FPT TP. HCM chủ đề “Vượt qua giới hạn”",
			"Bài tiếp",
			"Bài tiếp:",
			"Khởi nghiệp sinh viên: Đừng để thất bại chôn vùi ý chí →"
		],
		"h1": [
			"Sinh viên ĐH FPT tham gia Lễ hội thanh niên Youth Fest 2023"
		],
		"time": [
			"Thứ Hai, ngày 27 tháng 03 năm 2023",
			"27/03/2023",
			"05/02/2024",
			"05/02/2024",
			"05/02/2024",
			"02/02/2024",
			"01/02/2024"
		],
		"strong": [
			"Lễ hội Thanh niên Youth Fest năm 2023 với thông điệp “Thế hệ mới – Thích ứng – Kết nối và chia sẻ” diễn ra từ ngày 24 đến 26-3 đã thu hút hơn 30.000 lượt đoàn viên, thanh niên, du khách tham dự."
		],
		"h2": [
			"Điều hướng bài viết"
		],
		"h4": [
			"HÀ NỘI",
			"TP. HỒ CHÍ MINH",
			"ĐÀ NẴNG",
			"CẦN THƠ",
			"Quy Nhơn"
		],
		"h3": [
			"Đăng ký tư vấn"
		],
		"b": [
			"Hãy để lại SĐT để cán bộ nhà trường hỗ trợ bạn sớm nhất nhé"
		],
		"option": [
			"Tỉnh / Thành phố *",
			"An Giang",
			"Bà Rịa-Vũng Tàu",
			"Bắc Giang",
			"Bắc Kạn",
			"Bạc Liêu",
			"Bắc Ninh",
			"Bến Tre",
			"Bình Dương",
			"Bình Định",
			"Bình Phước",
			"Bình Thuận",
			"Cà Mau",
			"Cần Thơ",
			"Cao Bằng",
			"Cục Cảnh sát ĐKQL cư trú và DLQG về dân cư",
			"Cục Cảnh sát quản lý hành chính về trật tự xã hội",
			"Đà Nẵng",
			"Đắk Lắk",
			"Đăk Nông",
			"Điện Biên",
			"Đồng Nai",
			"Đồng Tháp",
			"Gia Lai",
			"Hà Giang",
			"Hà Nam",
			"Hà Tĩnh",
			"Hải Dương",
			"Hải Phòng",
			"Hậu Giang",
			"Hoà Bình",
			"Hưng Yên",
			"Khánh Hoà",
			"Kiên Giang",
			"Kon Tum",
			"Lai Châu",
			"Lâm Đồng",
			"Lạng Sơn",
			"Lào Cai",
			"Long An",
			"Nam Định",
			"Nghệ An",
			"Ninh Bình",
			"Ninh Thuận",
			"Phú Thọ",
			"Phú Yên",
			"Quảng Bình",
			"Quảng Nam",
			"Quảng Ngãi",
			"Quảng Ninh",
			"Quảng Trị",
			"Sóc Trăng",
			"Sơn La",
			"Tây Ninh",
			"Thái Bình",
			"Thái Nguyên",
			"Thanh Hoá",
			"Thừa Thiên - Huế",
			"Tiền Giang",
			"Trà Vinh",
			"Tuyên Quang",
			"Vĩnh Long",
			"Vĩnh Phúc",
			"Yên Bái",
			"Hà Nội",
			"TP. Hồ Chí Minh"
		]
	},
	"url": "https://daihoc.fpt.edu.vn/sinh-vien-dh-fpt-tham-gia-le-hoi-thanh-nien-youth-fest-2023/"
}