{
	"data": {
		"title": [
			"Những điều khác biệt trong Lễ Tôn Vinh sinh viên FPTU Student Award 2020 - Trường Đại học FPT"
		],
		"div": [
			"›\n\n›",
			"𝐂𝐨𝐧𝐜𝐞𝐩𝐭 𝐨𝐟 𝐒𝐭𝐮𝐝𝐞𝐧𝐭 𝐀𝐰𝐚𝐫𝐝 𝟐𝟎𝟐𝟎",
			"Với một concept khác hẳn với mọi năm, Lễ tôn vinh Student Award 2020 lần này sẽ đưa mọi người đến với không khí của những lễ trao giải đầy sang trọng và quý phái.",
			"Với tông màu chủ đạo là đen-vàng, Student Award 2020 toát lên mình một vẻ đẹp “luxury” mà chưa từng có. Để có thể có một Lễ tôn vinh đầy sang trọng thì không chỉ có sự set-up sân khấu, ghế ngồi mà chính những người tham gia hãy điểm thêm sự “sang-xịn-mịn” này bằng những chiếc đầm dự tiệc quý phái hay những bộ vest đầy lịch lãm. Đó sẽ khiến Lễ tôn vin Student Award 2020 của chúng ta trở nên thật hoàn hảo.",
			"𝐒𝐢𝐧𝐠𝐞𝐫𝐬 𝐨𝐟 𝐒𝐭𝐮𝐝𝐞𝐧𝐭 𝐀𝐰𝐚𝐫𝐝 𝟐𝟎𝟐𝟎",
			"Lễ tôn vinh lần này có sự góp mặt rất đặc biệt bởi 2 ca sĩ Thịnh Suy và Pay.",
			"Thịnh Suy, chàng ca sĩ indie với rất nhiều các bản hits như “Một đêm say”, “Thắc mắc”,… Đặc biệt là chàng ca sĩ này đã có hẳn một MV quay tại FPTU Hoà Lạc của chúng ta, chính là bài hát “Tình Yêu Xanh Lá” với 2tr6 views trên Youtube.",
			"Ca sĩ Pay – người bạn luôn đồng hành cùng Thịnh Suy, mang một cá tính đầy độc đáo. Mang một chất giọng ma mị cùng phong cách hát riêng biệt, Pay sẽ cùng Thịnh Suy mang đến một không khí đầy lãng mạn, ngọt ngào nhưng cũng đầy cá tính cho sinh viên FPTU, biến FPTU Student Award 2020 thành một đêm đầy",
			"𝐓𝐢𝐜𝐤𝐞𝐭 𝐨𝐟 𝐒𝐭𝐮𝐝𝐞𝐧𝐭 𝐀𝐰𝐚𝐫𝐝 𝟐𝟎𝟐𝟎",
			"Trên tay tấm vé của FSA 2020 các bạn sẽ có cơ hội được trải nghiệm không gian đầy sang trọng và thanh lịch của buổi Lễ tôn vinh mà tất cả các Cóc nhà ta đều mong chờ lần này.",
			"Lễ Tôn Vinh lần này không chỉ dành cho các bạn được tôn vinh mà còn là dành cho tất cả mọi sinh viên của FPTU nữa. Những tấm vé đã được chuẩn bị sẵn sàng cho bất kỳ sinh viên FU nào muốn được hoà mình vào không khí của buổi lễ.",
			"𝐏𝐥𝐚𝐜𝐞 𝐨𝐟 𝐒𝐭𝐮𝐝𝐞𝐧𝐭 𝐀𝐰𝐚𝐫𝐝 𝟐𝟎𝟐𝟎",
			"Với một concept khác hẳn với mọi năm, Lễ tôn vinh Student Award 2020 lần này cũng sẽ đưa chúng ta đến với một địa điểm chưa từng được tổ chức Lễ tôn vinh trước đây.",
			"Sân 30m trước tòa nhà Gamma, Đại học FPT Hà Nội chính là địa điểm mà Ban tổ chức đã nghiên cứu rất kĩ để đem đến cho các bạn sinh viên một không gian đầy sang trọng và quý phái.",
			"Những bộ cánh với tone màu đen và vàng ánh kim được lấy làm chủ đạo cùng với sự xuất hiện của các bạn sinh viên sẽ là một đêm trao giải thật hoàn hảo.",
			"© 2024 Bản quyền thuộc về Trường Đại học FPT.",
			"Đăng ký tư vấn"
		],
		"a": [
			"Trường Đại học FPT",
			"Vietnamese",
			"English",
			"Trang chủ",
			"Giới thiệu",
			"Lịch sử thành lập",
			"Tập đoàn FPT",
			"Tổ chức giáo dục FPT",
			"Triết lý đào tạo",
			"Các giải thưởng và thành tích",
			"Ban lãnh đạo",
			"Gắn kết cộng đồng",
			"Tin tức",
			"Tin tức chung",
			"Hoạt động sinh viên",
			"Sự kiện",
			"Tuyển dụng",
			"Hướng nghiệp",
			"Ngành học",
			"Công nghệ thông tin",
			"Công nghệ ô tô số",
			"Kỹ thuật phần mềm",
			"Hệ thống thông tin",
			"Trí tuệ nhân tạo",
			"An toàn thông tin",
			"Thiết kế Mỹ thuật số",
			"Quản trị kinh doanh",
			"Tài chính",
			"Digital Marketing",
			"Kinh doanh quốc tế",
			"Quản lý Logistics & Chuỗi cung ứng toàn cầu",
			"Quản trị khách sạn",
			"Quản trị Du lịch và Lữ hành",
			"Công nghệ truyền thông",
			"Quản trị truyền thông đa phương tiện",
			"Quan hệ công chúng",
			"Ngôn ngữ Anh",
			"Ngôn ngữ Nhật",
			"Ngôn ngữ Hàn Quốc",
			"Ngôn ngữ Trung Quốc (Dự kiến)",
			"Đời sống sinh viên",
			"Một ngày tại Đại học FPT",
			"Vì sao nên học tại Đại học FPT",
			"Sự hài lòng của sinh viên",
			"Môi trường học tập",
			"Chương trình học linh hoạt",
			"Đời sống sinh viên",
			"Ký túc xá",
			"Các CLB & Cộng đồng sinh viên",
			"Các hoạt động thể thao trong trường",
			"Dịch vụ hỗ trợ",
			"Định hướng và khởi đầu",
			"Tốt nghiệp",
			"Câu chuyện sinh viên",
			"Hợp tác",
			"Ngành công nghiệp và doanh nghiệp",
			"Chương trình trao đổi sinh viên",
			"Chương trình học tập tại nước ngoài",
			"Hợp tác quốc tế",
			"Trao đổi sinh viên",
			"Học kỳ nước ngoài",
			"Các trường đại học đối tác",
			"Cựu sinh viên",
			"Cộng đồng cựu sinh viên",
			"Họ đang làm việc tại đâu",
			"Tuyển sinh",
			"Đề án tuyển sinh",
			"Tin tuyển sinh",
			"Liên hệ",
			"Đăng nhập",
			"Nguyễn Thị Hồng Yến",
			"Nữ sinh trường F trong tà áo dài ngày Xuân",
			"Gặp gỡ đội tuyển NGT’s OPEN ROBOT trước giải đấu FIRST Tech Challenge Vietnam",
			"Tỏa sáng với nghiên cứu khoa học, nữ sinh ĐH FPT khẳng định bản lĩnh và tài năng",
			"Phim ngắn “Thoi vàng chỉ ngọc” của SV ĐH FPT tại Cần Thơ được công chiếu ở Lotte Cinema",
			"SV trường ĐH FPT Hà Nội đón “tết trên bản” 2024",
			"Vietnamese",
			"English",
			"Facebook",
			"Youtube",
			"Tik Tok",
			"Hotline: (024)/(028) 73001866 - (0236)/(0292) 7301866"
		],
		"img": [
			"cropped cropped 2021 FPTU Long",
			"cropped cropped 2021 FPTU Long",
			"sinh vien dai hoc fpt 8",
			"sinh vien dai hoc fpt 8",
			"dai hoc fpt 1",
			"dai hoc fpt 1",
			"my duyen",
			"my duyen",
			"fpt 5",
			"fpt 5",
			"dai hoc fpt 1",
			"dai hoc fpt 1",
			"thông báo tuyển bổ sung",
			"thông báo tuyển bổ sung"
		],
		"p": [
			"Trang thông tin tuyển sinh chính thức của Trường Đại học FPT",
			"Khu Giáo dục và Đào tạo – Khu Công nghệ cao Hòa Lạc – Km29 Đại lộ Thăng Long, H. Thạch Thất,\nTP. Hà Nội",
			"Điện thoại: 024 7300 1866",
			"Email: daihocfpt@fpt.edu.vn",
			"Lô E2a-7, Đường D1 Khu Công nghệ cao, P. Long Thạnh Mỹ, TP. Thủ Đức, TP. Hồ Chí Minh",
			"Điện thoại: 028 7300 1866",
			"Email: daihocfpt@fpt.edu.vn",
			"Khu đô thị công nghệ FPT Đà Nẵng, P. Hoà Hải, Q. Ngũ Hành Sơn, TP. Đà Nẵng",
			"Điện thoại: 0236 730 1866",
			"Email: daihocfpt@fpt.edu.vn",
			"Số 600 Đường Nguyễn Văn Cừ (nối dài), P. An Bình, Q. Ninh Kiều, TP. Cần Thơ",
			"Điện thoại: 0292 730 1866",
			"Email: daihocfpt@fpt.edu.vn",
			"Khu đô thị mới An Phú Thịnh, Phường Nhơn Bình & Phường Đống Đa, TP. Quy\nNhơn, Bình Định",
			"Điện thoại: 0256 730 1866 /0256 7300 999",
			"Email: daihocfpt@fpt.edu.vn"
		],
		"label": [
			"Tìm kiếm",
			"Tìm kiếm"
		],
		"button": [
			"×",
			"Đăng ký",
			"Đóng"
		],
		"span": [
			"Trang chủ",
			"Tin tức chung",
			"Những điều khác biệt trong Lễ Tôn Vinh sinh viên FPTU Student Award 2020",
			"bởi",
			"Bài trước",
			"Bài trước:",
			"← Nam sinh Đại học FPT chiến thắng “mắt thần” Tuấn Phi ở Siêu trí tuệ Việt Nam",
			"Bài tiếp",
			"Bài tiếp:",
			"Sinh viên ĐH FPT trải nghiệm “Kỹ thuật quay phim One Shot và giao lưu đoàn phim Kiều@ →"
		],
		"h1": [
			"Những điều khác biệt trong Lễ Tôn Vinh sinh viên FPTU Student Award 2020"
		],
		"time": [
			"Thứ Ba, ngày 26 tháng 01 năm 2021",
			"26/01/2021",
			"05/02/2024",
			"05/02/2024",
			"05/02/2024",
			"02/02/2024",
			"01/02/2024"
		],
		"strong": [
			"Theo Phòng CTSV"
		],
		"em": [
			"Cùng điểm qua 4 điều đặc biệt trong Lễ Tôn Vinh Học kỳ Summer và Học kỳ Fall 2020 diễn ra ngày 27.1.2021 tại trường Đại học FPT Hà Nội nhé!"
		],
		"h2": [
			"Điều hướng bài viết"
		],
		"h4": [
			"HÀ NỘI",
			"TP. HỒ CHÍ MINH",
			"ĐÀ NẴNG",
			"CẦN THƠ",
			"Quy Nhơn"
		],
		"h3": [
			"Đăng ký tư vấn"
		],
		"b": [
			"Hãy để lại SĐT để cán bộ nhà trường hỗ trợ bạn sớm nhất nhé"
		],
		"option": [
			"Tỉnh / Thành phố *",
			"An Giang",
			"Bà Rịa-Vũng Tàu",
			"Bắc Giang",
			"Bắc Kạn",
			"Bạc Liêu",
			"Bắc Ninh",
			"Bến Tre",
			"Bình Dương",
			"Bình Định",
			"Bình Phước",
			"Bình Thuận",
			"Cà Mau",
			"Cần Thơ",
			"Cao Bằng",
			"Cục Cảnh sát ĐKQL cư trú và DLQG về dân cư",
			"Cục Cảnh sát quản lý hành chính về trật tự xã hội",
			"Đà Nẵng",
			"Đắk Lắk",
			"Đăk Nông",
			"Điện Biên",
			"Đồng Nai",
			"Đồng Tháp",
			"Gia Lai",
			"Hà Giang",
			"Hà Nam",
			"Hà Tĩnh",
			"Hải Dương",
			"Hải Phòng",
			"Hậu Giang",
			"Hoà Bình",
			"Hưng Yên",
			"Khánh Hoà",
			"Kiên Giang",
			"Kon Tum",
			"Lai Châu",
			"Lâm Đồng",
			"Lạng Sơn",
			"Lào Cai",
			"Long An",
			"Nam Định",
			"Nghệ An",
			"Ninh Bình",
			"Ninh Thuận",
			"Phú Thọ",
			"Phú Yên",
			"Quảng Bình",
			"Quảng Nam",
			"Quảng Ngãi",
			"Quảng Ninh",
			"Quảng Trị",
			"Sóc Trăng",
			"Sơn La",
			"Tây Ninh",
			"Thái Bình",
			"Thái Nguyên",
			"Thanh Hoá",
			"Thừa Thiên - Huế",
			"Tiền Giang",
			"Trà Vinh",
			"Tuyên Quang",
			"Vĩnh Long",
			"Vĩnh Phúc",
			"Yên Bái",
			"Hà Nội",
			"TP. Hồ Chí Minh"
		]
	},
	"url": "https://daihoc.fpt.edu.vn/nhung-dieu-khac-biet-trong-le-ton-vinh-sinh-vien-fptu-student-award-2020/"
}