{
	"data": {
		"title": [
			"Đại học FPT hợp tác với ANZ VN đào tạo MoneyMinded - Trường Đại học FPT"
		],
		"div": [
			"›\n\n›",
			"© 2024 Bản quyền thuộc về Trường Đại học FPT.",
			"Đăng ký tư vấn"
		],
		"a": [
			"Trường Đại học FPT",
			"Vietnamese",
			"English",
			"Trang chủ",
			"Giới thiệu",
			"Lịch sử thành lập",
			"Tập đoàn FPT",
			"Tổ chức giáo dục FPT",
			"Triết lý đào tạo",
			"Các giải thưởng và thành tích",
			"Ban lãnh đạo",
			"Gắn kết cộng đồng",
			"Tin tức",
			"Tin tức chung",
			"Hoạt động sinh viên",
			"Sự kiện",
			"Tuyển dụng",
			"Hướng nghiệp",
			"Ngành học",
			"Công nghệ thông tin",
			"Công nghệ ô tô số",
			"Kỹ thuật phần mềm",
			"Hệ thống thông tin",
			"Trí tuệ nhân tạo",
			"An toàn thông tin",
			"Thiết kế Mỹ thuật số",
			"Quản trị kinh doanh",
			"Tài chính",
			"Digital Marketing",
			"Kinh doanh quốc tế",
			"Quản lý Logistics & Chuỗi cung ứng toàn cầu",
			"Quản trị khách sạn",
			"Quản trị Du lịch và Lữ hành",
			"Công nghệ truyền thông",
			"Quản trị truyền thông đa phương tiện",
			"Quan hệ công chúng",
			"Ngôn ngữ Anh",
			"Ngôn ngữ Nhật",
			"Ngôn ngữ Hàn Quốc",
			"Ngôn ngữ Trung Quốc (Dự kiến)",
			"Đời sống sinh viên",
			"Một ngày tại Đại học FPT",
			"Vì sao nên học tại Đại học FPT",
			"Sự hài lòng của sinh viên",
			"Môi trường học tập",
			"Chương trình học linh hoạt",
			"Đời sống sinh viên",
			"Ký túc xá",
			"Các CLB & Cộng đồng sinh viên",
			"Các hoạt động thể thao trong trường",
			"Dịch vụ hỗ trợ",
			"Định hướng và khởi đầu",
			"Tốt nghiệp",
			"Câu chuyện sinh viên",
			"Hợp tác",
			"Ngành công nghiệp và doanh nghiệp",
			"Chương trình trao đổi sinh viên",
			"Chương trình học tập tại nước ngoài",
			"Hợp tác quốc tế",
			"Trao đổi sinh viên",
			"Học kỳ nước ngoài",
			"Các trường đại học đối tác",
			"Cựu sinh viên",
			"Cộng đồng cựu sinh viên",
			"Họ đang làm việc tại đâu",
			"Tuyển sinh",
			"Đề án tuyển sinh",
			"Tin tuyển sinh",
			"Liên hệ",
			"Đăng nhập",
			"Quỳnh",
			"Nữ sinh trường F trong tà áo dài ngày Xuân",
			"Gặp gỡ đội tuyển NGT’s OPEN ROBOT trước giải đấu FIRST Tech Challenge Vietnam",
			"Tỏa sáng với nghiên cứu khoa học, nữ sinh ĐH FPT khẳng định bản lĩnh và tài năng",
			"Phim ngắn “Thoi vàng chỉ ngọc” của SV ĐH FPT tại Cần Thơ được công chiếu ở Lotte Cinema",
			"SV trường ĐH FPT Hà Nội đón “tết trên bản” 2024",
			"Vietnamese",
			"English",
			"Facebook",
			"Youtube",
			"Tik Tok",
			"Hotline: (024)/(028) 73001866 - (0236)/(0292) 7301866"
		],
		"img": [
			"cropped cropped 2021 FPTU Long",
			"cropped cropped 2021 FPTU Long",
			"sinh vien dai hoc fpt 8",
			"sinh vien dai hoc fpt 8",
			"dai hoc fpt 1",
			"dai hoc fpt 1",
			"my duyen",
			"my duyen",
			"fpt 5",
			"fpt 5",
			"dai hoc fpt 1",
			"dai hoc fpt 1",
			"thông báo tuyển bổ sung",
			"thông báo tuyển bổ sung"
		],
		"p": [
			"Trang thông tin tuyển sinh chính thức của Trường Đại học FPT",
			"Đào tạo cán bộ nguồn về Quản lý tài chính cá nhân MoneyMinded là nội dung chính của Lễ ký kết hợp tác giữa ĐH FPT và ngân hàng ANZ Việt Nam ngày 1/12, tại Hà Nội. Mục tiêu của hợp tác này nhằm nhân rộng khả năng quản lý tài chính trong cộng đồng sinh viên FPT.",
			"MoneyMinded là khóa học nhằm giúp người học nắm được cách cải thiện kiến thức tài chính và quản lý tài chính, từ đó đạt được các mục tiêu trong cuộc sống và góp phần xây dựng một xã hội phát triển mạnh mẽ.",
			"Theo biên bản ký kết, 11 cán bộ, giảng viên của Đại học FPT sẽ tham gia chương trình đào tạo giảng viên trong thời gian 5 ngày liên tục từ 3-7/12 tại Hà Nội. Sau giai đoạn này, Đại học FPT có thể thay ANZ trực tiếp đào tạo sinh viên của mình về các nội dung MoneyMinded. Giáo trình của MoneyMinded Việt Nam sẽ sử dụng những tình huống có thật trong cuộc sống như làm cách nào đủ chi tiêu với khoản tiền eo hẹp do bố mẹ chu cấp hay cách thức lên kế hoạch cho tương lai… Chương trình sẽ hỗ trợ sinh viên, đặc biệt là các bạn chuẩn bị đi làm có được những đánh giá và quyết định về việc sử dụng, quản l‎ý tài chính một cách hiệu quả.",
			"Ký kết với ANZ Việt Nam ngày 1/12/2014, ngoài Trường Đại học FPT còn có hai đơn vị nữa, gồm Tổ chức Trẻ em Rồng Xanh, và Viện Kinh tế và Thương mại Quốc tế (Trường Đại học Ngoại Thương). Trước đó, năm 2012, Đại học FPT đã từng ký kết hợp tác với ngân hàng ANZ và trở thành trường Đại học đầu tiên tại Việt Nam thí điểm triển khai chương trình MoneyMinded.",
			"MoneyMinded là một chương trình chiến lược lâu dài nhằm cải thiện giáo dục tài chính cá nhân cho cộng đồng. Chương trình đã được triển khai tới hơn 240.000 người kể từ khi bắt đầu vào năm 2004.",
			"MoneyMinded được giới thiệu tại Việt Nam lần đầu tiên vào năm 2012 và đã mang lại được nhiều lợi ích cho hơn 400 người tham gia trong vòng 3 năm. Báo cáo tác động chương trình được công bố tháng 9/2013 đã cho thấy những tác động tích cực lên 200 người tham gia đầu tiên vào năm 2012.",
			"Khu Giáo dục và Đào tạo – Khu Công nghệ cao Hòa Lạc – Km29 Đại lộ Thăng Long, H. Thạch Thất,\nTP. Hà Nội",
			"Điện thoại: 024 7300 1866",
			"Email: daihocfpt@fpt.edu.vn",
			"Lô E2a-7, Đường D1 Khu Công nghệ cao, P. Long Thạnh Mỹ, TP. Thủ Đức, TP. Hồ Chí Minh",
			"Điện thoại: 028 7300 1866",
			"Email: daihocfpt@fpt.edu.vn",
			"Khu đô thị công nghệ FPT Đà Nẵng, P. Hoà Hải, Q. Ngũ Hành Sơn, TP. Đà Nẵng",
			"Điện thoại: 0236 730 1866",
			"Email: daihocfpt@fpt.edu.vn",
			"Số 600 Đường Nguyễn Văn Cừ (nối dài), P. An Bình, Q. Ninh Kiều, TP. Cần Thơ",
			"Điện thoại: 0292 730 1866",
			"Email: daihocfpt@fpt.edu.vn",
			"Khu đô thị mới An Phú Thịnh, Phường Nhơn Bình & Phường Đống Đa, TP. Quy\nNhơn, Bình Định",
			"Điện thoại: 0256 730 1866 /0256 7300 999",
			"Email: daihocfpt@fpt.edu.vn"
		],
		"label": [
			"Tìm kiếm",
			"Tìm kiếm"
		],
		"button": [
			"×",
			"Đăng ký",
			"Đóng"
		],
		"span": [
			"Trang chủ",
			"Tin tức chung",
			"Đại học FPT hợp tác với ANZ VN đào tạo MoneyMinded",
			"bởi",
			"Bài trước",
			"Bài trước:",
			"← Sinh viên khối ngành Kinh tế tự tin bảo vệ đồ án tốt nghiệp",
			"Bài tiếp",
			"Bài tiếp:",
			"Sinh viên Đại học FPT đạt giải cao tại Cuộc thi sáng tạo ứng dụng di động →"
		],
		"h1": [
			"Đại học FPT hợp tác với ANZ VN đào tạo MoneyMinded"
		],
		"time": [
			"Thứ Ba, ngày 16 tháng 12 năm 2014",
			"16/01/2017",
			"05/02/2024",
			"05/02/2024",
			"05/02/2024",
			"02/02/2024",
			"01/02/2024"
		],
		"em": [
			"Chị Nguyễn Hồng Nga – Trưởng phòng Phát triển cá nhân PDP, Đại học FPT (người đứng ngoài cùng bên phải) tại Lễ ký kết với ngân hàng ANZ Việt Nam."
		],
		"h2": [
			"Điều hướng bài viết"
		],
		"h4": [
			"HÀ NỘI",
			"TP. HỒ CHÍ MINH",
			"ĐÀ NẴNG",
			"CẦN THƠ",
			"Quy Nhơn"
		],
		"h3": [
			"Đăng ký tư vấn"
		],
		"b": [
			"Hãy để lại SĐT để cán bộ nhà trường hỗ trợ bạn sớm nhất nhé"
		],
		"option": [
			"Tỉnh / Thành phố *",
			"An Giang",
			"Bà Rịa-Vũng Tàu",
			"Bắc Giang",
			"Bắc Kạn",
			"Bạc Liêu",
			"Bắc Ninh",
			"Bến Tre",
			"Bình Dương",
			"Bình Định",
			"Bình Phước",
			"Bình Thuận",
			"Cà Mau",
			"Cần Thơ",
			"Cao Bằng",
			"Cục Cảnh sát ĐKQL cư trú và DLQG về dân cư",
			"Cục Cảnh sát quản lý hành chính về trật tự xã hội",
			"Đà Nẵng",
			"Đắk Lắk",
			"Đăk Nông",
			"Điện Biên",
			"Đồng Nai",
			"Đồng Tháp",
			"Gia Lai",
			"Hà Giang",
			"Hà Nam",
			"Hà Tĩnh",
			"Hải Dương",
			"Hải Phòng",
			"Hậu Giang",
			"Hoà Bình",
			"Hưng Yên",
			"Khánh Hoà",
			"Kiên Giang",
			"Kon Tum",
			"Lai Châu",
			"Lâm Đồng",
			"Lạng Sơn",
			"Lào Cai",
			"Long An",
			"Nam Định",
			"Nghệ An",
			"Ninh Bình",
			"Ninh Thuận",
			"Phú Thọ",
			"Phú Yên",
			"Quảng Bình",
			"Quảng Nam",
			"Quảng Ngãi",
			"Quảng Ninh",
			"Quảng Trị",
			"Sóc Trăng",
			"Sơn La",
			"Tây Ninh",
			"Thái Bình",
			"Thái Nguyên",
			"Thanh Hoá",
			"Thừa Thiên - Huế",
			"Tiền Giang",
			"Trà Vinh",
			"Tuyên Quang",
			"Vĩnh Long",
			"Vĩnh Phúc",
			"Yên Bái",
			"Hà Nội",
			"TP. Hồ Chí Minh"
		]
	},
	"url": "https://daihoc.fpt.edu.vn/dai-hoc-fpt-hop-tac-voi-anz-vn-dao-tao-moneyminded/"
}